application_id,client_id,branch_id,age,segment,employment_type,account_age_months,requested_amount,status,rejection_reason,recommended_action
APP_000002,CLI_00772,BR_037,73,Mass,Gig-worker,92,10235.7,Denied,Score - Disabled Positive Credit Registry,Credit Recovery - BACEN Education Journey
APP_000005,CLI_01371,BR_038,39,Mass-Affluent,Salaried,59,14730.79,Denied,Policy - Debt-to-Income (DTI) > 30%,Restructuring - Add Co-signer or Increase Term
APP_000006,CLI_03133,BR_026,49,Mass,Unemployed,74,27556.27,Denied,Score - Forgotten Micro-Debt,Credit Recovery - Micro-settlement
APP_000007,CLI_00672,BR_009,67,Mass,Salaried,97,35681.8,Denied,Policy - Debt-to-Income (DTI) > 30%,Restructuring - Add Co-signer or Increase Term
APP_000008,CLI_01175,BR_019,31,Mass,Salaried,53,36985.4,Denied,Score - Forgotten Micro-Debt,Credit Recovery - Micro-settlement
APP_000011,CLI_01027,BR_045,58,Mass,Self-employed,61,33961.72,Denied,Income - Gig Worker with Inconsistent Cash Flow,Income Proof - Open Finance Connect
APP_000012,CLI_03555,BR_022,39,Mass,Salaried,22,1588.25,Denied,Policy - Debt-to-Income (DTI) > 30%,Restructuring - Add Co-signer or Increase Term
APP_000016,CLI_02380,BR_036,43,Mass,Unemployed,35,8159.1,Denied,Document Error - Expired or Illegible ID,Fast Update - Request New ID
APP_000017,CLI_04873,BR_005,30,Private,Gig-worker,71,3175.43,Denied,Score - Disabled Positive Credit Registry,Credit Recovery - BACEN Education Journey
APP_000021,CLI_04754,BR_036,43,Mass,Self-employed,34,26857.57,Denied,Policy - Debt-to-Income (DTI) > 30%,Restructuring - Add Co-signer or Increase Term
APP_000022,CLI_01834,BR_033,66,Mass,Self-employed,32,47135.48,Denied,Policy - Debt-to-Income (DTI) > 30%,Restructuring - Add Co-signer or Increase Term
APP_000024,CLI_00741,BR_041,54,Mass,Gig-worker,105,36556.61,Denied,Income - Missing Tax Return,Income Proof - Request Tax Return
APP_000027,CLI_01444,BR_043,45,Mass-Affluent,Self-employed,81,8030.38,Denied,Policy - Debt-to-Income (DTI) > 30%,Restructuring - Add Co-signer or Increase Term
APP_000030,CLI_02402,BR_013,67,Mass,Self-employed,111,11614.78,Denied,Income - Gig Worker with Inconsistent Cash Flow,Income Proof - Open Finance Connect
APP_000032,CLI_03172,BR_032,64,Mass,Gig-worker,51,20001.16,Denied,Policy - Debt-to-Income (DTI) > 30%,Restructuring - Add Co-signer or Increase Term
APP_000035,CLI_01787,BR_029,66,Mass,Salaried,23,41750.34,Denied,Registry Error - Data Mismatch with Tax Authority,Fast Update - ID Verification
APP_000036,CLI_01410,BR_025,25,Mass,Salaried,8,33168.42,Denied,Document Error - Expired or Illegible ID,Fast Update - Request New ID
APP_000039,CLI_00761,BR_027,22,Mass-Affluent,Self-employed,66,46185.65,Denied,Income - Gig Worker with Inconsistent Cash Flow,Income Proof - Open Finance Connect
APP_000040,CLI_03241,BR_044,60,Premium,Salaried,63,3655.84,Denied,Document Error - Expired or Illegible ID,Fast Update - Request New ID
APP_000042,CLI_00531,BR_020,43,Private,Gig-worker,92,31440.75,Denied,Policy - Debt-to-Income (DTI) > 30%,Restructuring - Add Co-signer or Increase Term
APP_000045,CLI_02028,BR_024,28,Mass,Unemployed,27,22104.1,Denied,Policy - Debt-to-Income (DTI) > 30%,Restructuring - Add Co-signer or Increase Term
APP_000047,CLI_02178,BR_047,23,Mass-Affluent,Self-employed,1,42001.54,Denied,Income - Gig Worker with Inconsistent Cash Flow,Income Proof - Open Finance Connect
APP_000049,CLI_01274,BR_014,35,Mass,Salaried,13,16081.87,Denied,Registry Error - Data Mismatch with Tax Authority,Fast Update - ID Verification
APP_000050,CLI_02782,BR_039,20,Mass,Self-employed,77,19968.1,Denied,Income - Gig Worker with Inconsistent Cash Flow,Income Proof - Open Finance Connect
APP_000054,CLI_02189,BR_021,25,Mass-Affluent,Gig-worker,81,20804.03,Denied,Income - Gig Worker with Inconsistent Cash Flow,Income Proof - Open Finance Connect
APP_000055,CLI_00882,BR_015,27,Mass,Gig-worker,79,45482.43,Denied,Score - Disabled Positive Credit Registry,Credit Recovery - BACEN Education Journey
APP_000056,CLI_01848,BR_036,42,Mass,Gig-worker,92,26803.32,Denied,Score - Disabled Positive Credit Registry,Credit Recovery - BACEN Education Journey
APP_000060,CLI_02965,BR_001,54,Private,Business Owner,25,45992.22,Denied,Policy - Debt-to-Income (DTI) > 30%,Restructuring - Add Co-signer or Increase Term
APP_000063,CLI_00498,BR_018,44,Mass-Affluent,Self-employed,82,2527.86,Denied,Income - Gig Worker with Inconsistent Cash Flow,Income Proof - Open Finance Connect
APP_000064,CLI_02217,BR_010,72,Mass-Affluent,Salaried,27,17478.79,Denied,Document Error - Expired or Illegible ID,Fast Update - Request New ID
APP_000065,CLI_00989,BR_023,52,Mass-Affluent,Salaried,59,29056.95,Denied,Score - Forgotten Micro-Debt,Credit Recovery - Micro-settlement
APP_000070,CLI_03589,BR_030,22,Mass-Affluent,Gig-worker,85,2415.52,Denied,Income - Gig Worker with Inconsistent Cash Flow,Income Proof - Open Finance Connect
APP_000072,CLI_04810,BR_031,39,Mass-Affluent,Gig-worker,48,26522.98,Denied,Income - Gig Worker with Inconsistent Cash Flow,Income Proof - Open Finance Connect
APP_000073,CLI_00179,BR_046,36,Mass,Salaried,43,19155.94,Denied,Registry Error - Data Mismatch with Tax Authority,Fast Update - ID Verification
APP_000076,CLI_04835,BR_032,45,Mass,Salaried,66,27524.93,Denied,Policy - Debt-to-Income (DTI) > 30%,Restructuring - Add Co-signer or Increase Term
APP_000079,CLI_00715,BR_001,70,Mass,Gig-worker,62,28061.5,Denied,Income - Missing Tax Return,Income Proof - Request Tax Return
APP_000080,CLI_01402,BR_005,45,Mass,Unemployed,58,5382.96,Denied,Policy - Debt-to-Income (DTI) > 30%,Restructuring - Add Co-signer or Increase Term
APP_000081,CLI_02925,BR_032,68,Premium,Salaried,82,33395.62,Denied,Policy - Debt-to-Income (DTI) > 30%,Restructuring - Add Co-signer or Increase Term
APP_000082,CLI_01382,BR_025,73,Mass,Salaried,103,32089.59,Denied,Document Error - Expired or Illegible ID,Fast Update - Request New ID
APP_000085,CLI_03012,BR_037,21,Mass,Salaried,40,15565.67,Denied,Policy - Debt-to-Income (DTI) > 30%,Restructuring - Add Co-signer or Increase Term
APP_000087,CLI_03126,BR_012,29,Mass,Salaried,111,7699.81,Denied,Document Error - Expired or Illegible ID,Fast Update - Request New ID
APP_000089,CLI_01829,BR_023,40,Mass,Gig-worker,71,3892.31,Denied,Policy - Debt-to-Income (DTI) > 30%,Restructuring - Add Co-signer or Increase Term
APP_000090,CLI_03061,BR_016,40,Mass-Affluent,Self-employed,98,17411.65,Denied,Income - Gig Worker with Inconsistent Cash Flow,Income Proof - Open Finance Connect
APP_000091,CLI_03342,BR_049,50,Mass,Self-employed,116,42488.84,Denied,Income - Gig Worker with Inconsistent Cash Flow,Income Proof - Open Finance Connect
APP_000094,CLI_03073,BR_047,52,Mass,Gig-worker,73,43652.46,Denied,Income - Gig Worker with Inconsistent Cash Flow,Income Proof - Open Finance Connect
APP_000096,CLI_01527,BR_006,63,Mass-Affluent,Self-employed,17,26449.38,Denied,Income - Missing Tax Return,Income Proof - Request Tax Return
APP_000097,CLI_03520,BR_013,23,Mass,Self-employed,107,49006.16,Denied,Income - Gig Worker with Inconsistent Cash Flow,Income Proof - Open Finance Connect
APP_000098,CLI_04892,BR_043,26,Mass,Salaried,20,35047.95,Denied,Registry Error - Data Mismatch with Tax Authority,Fast Update - ID Verification
APP_000099,CLI_00496,BR_030,45,Mass,Gig-worker,37,30466.99,Denied,Income - Gig Worker with Inconsistent Cash Flow,Income Proof - Open Finance Connect
APP_000100,CLI_04996,BR_026,38,Mass,Salaried,64,21034.66,Denied,Score - Forgotten Micro-Debt,Credit Recovery - Micro-settlement
APP_000103,CLI_02066,BR_016,33,Mass,Salaried,37,1451.76,Denied,Document Error - Expired or Illegible ID,Fast Update - Request New ID
APP_000107,CLI_01234,BR_029,62,Private,Salaried,64,41468.06,Denied,Registry Error - Data Mismatch with Tax Authority,Fast Update - ID Verification
APP_000110,CLI_03020,BR_024,46,Mass,Self-employed,118,39652.26,Denied,Policy - Debt-to-Income (DTI) > 30%,Restructuring - Add Co-signer or Increase Term
APP_000111,CLI_01305,BR_045,54,Mass-Affluent,Salaried,38,25706.77,Denied,Policy - Debt-to-Income (DTI) > 30%,Restructuring - Add Co-signer or Increase Term
APP_000112,CLI_00133,BR_044,54,Mass-Affluent,Salaried,105,26123.02,Denied,Score - Forgotten Micro-Debt,Credit Recovery - Micro-settlement
APP_000114,CLI_01831,BR_013,26,Mass,Self-employed,50,43366.2,Denied,Income - Gig Worker with Inconsistent Cash Flow,Income Proof - Open Finance Connect
APP_000115,CLI_02159,BR_025,69,Mass,Gig-worker,32,16598.04,Denied,Income - Gig Worker with Inconsistent Cash Flow,Income Proof - Open Finance Connect
APP_000119,CLI_01481,BR_009,64,Mass-Affluent,Self-employed,62,33221.51,Denied,Income - Gig Worker with Inconsistent Cash Flow,Income Proof - Open Finance Connect
APP_000122,CLI_01540,BR_012,53,Mass-Affluent,Salaried,86,33382.42,Denied,Registry Error - Data Mismatch with Tax Authority,Fast Update - ID Verification
APP_000124,CLI_02945,BR_046,63,Mass,Unemployed,77,18941.33,Denied,Policy - Debt-to-Income (DTI) > 30%,Restructuring - Add Co-signer or Increase Term
APP_000126,CLI_03245,BR_035,63,Mass,Self-employed,27,48932.05,Denied,Policy - Debt-to-Income (DTI) > 30%,Restructuring - Add Co-signer or Increase Term
APP_000127,CLI_00515,BR_038,60,Mass,Salaried,18,11076.62,Denied,Score - Forgotten Micro-Debt,Credit Recovery - Micro-settlement
APP_000128,CLI_01592,BR_035,71,Mass,Salaried,24,29276.37,Denied,Registry Error - Data Mismatch with Tax Authority,Fast Update - ID Verification
APP_000132,CLI_02128,BR_020,25,Mass,Unemployed,82,10470.19,Denied,Policy - Debt-to-Income (DTI) > 30%,Restructuring - Add Co-signer or Increase Term
APP_000133,CLI_01602,BR_002,53,Mass,Salaried,67,37858.87,Denied,Score - Forgotten Micro-Debt,Credit Recovery - Micro-settlement
APP_000134,CLI_04618,BR_044,20,Mass,Salaried,102,40721.79,Denied,Policy - Debt-to-Income (DTI) > 30%,Restructuring - Add Co-signer or Increase Term
APP_000135,CLI_01223,BR_026,19,Mass-Affluent,Unemployed,49,6447.16,Denied,Registry Error - Data Mismatch with Tax Authority,Fast Update - ID Verification
APP_000138,CLI_02292,BR_030,65,Mass,Gig-worker,21,31673.53,Denied,Score - Disabled Positive Credit Registry,Credit Recovery - BACEN Education Journey
APP_000139,CLI_01590,BR_032,57,Mass,Gig-worker,34,39877.56,Denied,Score - Disabled Positive Credit Registry,Credit Recovery - BACEN Education Journey
APP_000143,CLI_04709,BR_001,53,Mass,Gig-worker,28,26913.33,Denied,Policy - Debt-to-Income (DTI) > 30%,Restructuring - Add Co-signer or Increase Term
APP_000145,CLI_01928,BR_026,48,Mass,Salaried,5,26294.65,Denied,Registry Error - Data Mismatch with Tax Authority,Fast Update - ID Verification
APP_000148,CLI_00266,BR_019,34,Mass,Salaried,19,13935.69,Denied,Policy - Debt-to-Income (DTI) > 30%,Restructuring - Add Co-signer or Increase Term
APP_000149,CLI_03224,BR_012,54,Mass-Affluent,Salaried,30,7270.11,Denied,Score - Forgotten Micro-Debt,Credit Recovery - Micro-settlement
APP_000152,CLI_01575,BR_049,60,Mass,Self-employed,4,18046.8,Denied,Score - Disabled Positive Credit Registry,Credit Recovery - BACEN Education Journey
APP_000154,CLI_03832,BR_048,58,Mass-Affluent,Gig-worker,49,46413.36,Denied,Policy - Debt-to-Income (DTI) > 30%,Restructuring - Add Co-signer or Increase Term
APP_000160,CLI_02520,BR_012,61,Mass-Affluent,Gig-worker,110,20173.62,Denied,Score - Disabled Positive Credit Registry,Credit Recovery - BACEN Education Journey
APP_000167,CLI_03515,BR_049,66,Mass,Self-employed,68,17601.71,Denied,Income - Missing Tax Return,Income Proof - Request Tax Return
APP_000169,CLI_02680,BR_009,54,Mass,Self-employed,19,3389.15,Denied,Policy - Debt-to-Income (DTI) > 30%,Restructuring - Add Co-signer or Increase Term
APP_000170,CLI_00176,BR_005,20,Mass-Affluent,Gig-worker,18,22808.73,Denied,Score - Disabled Positive Credit Registry,Credit Recovery - BACEN Education Journey
APP_000180,CLI_01621,BR_039,18,Premium,Gig-worker,50,47744.81,Denied,Policy - Debt-to-Income (DTI) > 30%,Restructuring - Add Co-signer or Increase Term
APP_000183,CLI_03192,BR_030,46,Mass,Salaried,67,22254.9,Denied,Registry Error - Data Mismatch with Tax Authority,Fast Update - ID Verification
APP_000184,CLI_03208,BR_033,30,Mass,Salaried,16,17771.85,Denied,Score - Forgotten Micro-Debt,Credit Recovery - Micro-settlement
APP_000185,CLI_02577,BR_044,30,Mass,Gig-worker,89,11421.15,Denied,Policy - Debt-to-Income (DTI) > 30%,Restructuring - Add Co-signer or Increase Term
APP_000187,CLI_01232,BR_001,64,Mass,Business Owner,95,47773.53,Denied,Policy - Debt-to-Income (DTI) > 30%,Restructuring - Add Co-signer or Increase Term
APP_000189,CLI_01698,BR_006,56,Mass,Gig-worker,112,44274.69,Denied,Policy - Debt-to-Income (DTI) > 30%,Restructuring - Add Co-signer or Increase Term
APP_000190,CLI_03371,BR_037,69,Mass,Self-employed,116,8290.04,Denied,Policy - Debt-to-Income (DTI) > 30%,Restructuring - Add Co-signer or Increase Term
APP_000199,CLI_04180,BR_042,47,Premium,Self-employed,12,2470.51,Denied,Score - Disabled Positive Credit Registry,Credit Recovery - BACEN Education Journey
APP_000205,CLI_00394,BR_044,61,Mass-Affluent,Salaried,36,36134.34,Denied,Registry Error - Data Mismatch with Tax Authority,Fast Update - ID Verification
APP_000208,CLI_01930,BR_024,59,Premium,Salaried,86,1960.57,Denied,Policy - Debt-to-Income (DTI) > 30%,Restructuring - Add Co-signer or Increase Term
APP_000210,CLI_04658,BR_040,64,Private,Unemployed,76,6000.99,Denied,Score - Forgotten Micro-Debt,Credit Recovery - Micro-settlement
APP_000211,CLI_02880,BR_032,71,Mass-Affluent,Gig-worker,94,36752.76,Denied,Income - Gig Worker with Inconsistent Cash Flow,Income Proof - Open Finance Connect
APP_000213,CLI_03423,BR_014,38,Mass,Self-employed,94,22425.47,Denied,Income - Missing Tax Return,Income Proof - Request Tax Return
APP_000217,CLI_01892,BR_027,49,Mass,Business Owner,23,31205.57,Denied,Policy - Debt-to-Income (DTI) > 30%,Restructuring - Add Co-signer or Increase Term
APP_000219,CLI_01640,BR_022,54,Premium,Salaried,116,19674.27,Denied,Registry Error - Data Mismatch with Tax Authority,Fast Update - ID Verification
APP_000223,CLI_02324,BR_048,18,Mass,Gig-worker,96,21585.05,Denied,Income - Missing Tax Return,Income Proof - Request Tax Return
APP_000224,CLI_02275,BR_021,56,Mass,Gig-worker,36,43958.82,Denied,Income - Missing Tax Return,Income Proof - Request Tax Return
APP_000226,CLI_02639,BR_009,43,Mass,Gig-worker,16,2755.36,Denied,Income - Gig Worker with Inconsistent Cash Flow,Income Proof - Open Finance Connect
APP_000228,CLI_02481,BR_010,48,Mass,Self-employed,12,23081.7,Denied,Income - Missing Tax Return,Income Proof - Request Tax Return
APP_000229,CLI_02617,BR_049,59,Mass,Salaried,90,35188.55,Denied,Policy - Debt-to-Income (DTI) > 30%,Restructuring - Add Co-signer or Increase Term
APP_000230,CLI_00356,BR_021,41,Private,Gig-worker,73,11767.86,Denied,Policy - Debt-to-Income (DTI) > 30%,Restructuring - Add Co-signer or Increase Term
APP_000232,CLI_04675,BR_042,33,Premium,Salaried,32,16609.35,Denied,Registry Error - Data Mismatch with Tax Authority,Fast Update - ID Verification
APP_000235,CLI_02468,BR_046,45,Mass,Self-employed,115,44359.65,Denied,Income - Gig Worker with Inconsistent Cash Flow,Income Proof - Open Finance Connect
APP_000236,CLI_00164,BR_022,69,Private,Salaried,109,39652.9,Denied,Score - Forgotten Micro-Debt,Credit Recovery - Micro-settlement
APP_000240,CLI_03255,BR_014,53,Mass-Affluent,Salaried,29,34917.13,Denied,Registry Error - Data Mismatch with Tax Authority,Fast Update - ID Verification
APP_000245,CLI_03888,BR_013,36,Mass,Gig-worker,26,49735.96,Denied,Income - Missing Tax Return,Income Proof - Request Tax Return
APP_000246,CLI_00340,BR_017,43,Mass,Unemployed,20,9947.96,Denied,Score - Forgotten Micro-Debt,Credit Recovery - Micro-settlement
APP_000249,CLI_03591,BR_016,28,Mass-Affluent,Self-employed,70,36919.31,Denied,Policy - Debt-to-Income (DTI) > 30%,Restructuring - Add Co-signer or Increase Term
APP_000250,CLI_01934,BR_024,70,Mass,Business Owner,65,27195.65,Denied,Registry Error - Data Mismatch with Tax Authority,Fast Update - ID Verification
APP_000251,CLI_01646,BR_031,72,Mass,Unemployed,38,4622.49,Denied,Policy - Debt-to-Income (DTI) > 30%,Restructuring - Add Co-signer or Increase Term
APP_000254,CLI_04919,BR_041,27,Mass,Salaried,49,20870.33,Denied,Document Error - Expired or Illegible ID,Fast Update - Request New ID
APP_000256,CLI_04442,BR_022,58,Mass,Unemployed,84,1946.37,Denied,Document Error - Expired or Illegible ID,Fast Update - Request New ID
APP_000257,CLI_04705,BR_033,70,Mass,Self-employed,39,12627.65,Denied,Income - Gig Worker with Inconsistent Cash Flow,Income Proof - Open Finance Connect
APP_000261,CLI_03911,BR_018,39,Mass,Gig-worker,13,28109.7,Denied,Policy - Debt-to-Income (DTI) > 30%,Restructuring - Add Co-signer or Increase Term
APP_000266,CLI_04431,BR_036,31,Mass,Salaried,55,42048.24,Denied,Score - Forgotten Micro-Debt,Credit Recovery - Micro-settlement
APP_000267,CLI_01376,BR_019,18,Mass,Gig-worker,52,23172.49,Denied,Income - Gig Worker with Inconsistent Cash Flow,Income Proof - Open Finance Connect
APP_000268,CLI_00668,BR_013,56,Mass-Affluent,Gig-worker,9,37645.0,Denied,Income - Missing Tax Return,Income Proof - Request Tax Return
APP_000269,CLI_02375,BR_033,31,Premium,Salaried,87,15787.37,Denied,Policy - Debt-to-Income (DTI) > 30%,Restructuring - Add Co-signer or Increase Term
APP_000270,CLI_04091,BR_019,35,Mass,Salaried,38,11439.29,Denied,Score - Forgotten Micro-Debt,Credit Recovery - Micro-settlement
APP_000271,CLI_01016,BR_047,53,Mass,Self-employed,85,10178.37,Denied,Policy - Debt-to-Income (DTI) > 30%,Restructuring - Add Co-signer or Increase Term
APP_000273,CLI_04762,BR_015,62,Mass,Self-employed,44,2758.1,Denied,Score - Disabled Positive Credit Registry,Credit Recovery - BACEN Education Journey
APP_000274,CLI_00081,BR_011,19,Mass-Affluent,Business Owner,30,14866.6,Denied,Policy - Debt-to-Income (DTI) > 30%,Restructuring - Add Co-signer or Increase Term
APP_000276,CLI_01800,BR_005,28,Mass,Self-employed,18,32748.03,Denied,Income - Missing Tax Return,Income Proof - Request Tax Return
APP_000277,CLI_00258,BR_022,31,Mass,Gig-worker,69,4604.14,Denied,Score - Disabled Positive Credit Registry,Credit Recovery - BACEN Education Journey
APP_000288,CLI_01942,BR_022,30,Mass,Salaried,3,19451.46,Denied,Registry Error - Data Mismatch with Tax Authority,Fast Update - ID Verification
APP_000289,CLI_00491,BR_048,41,Mass,Salaried,113,26827.34,Denied,Policy - Debt-to-Income (DTI) > 30%,Restructuring - Add Co-signer or Increase Term
APP_000290,CLI_01055,BR_044,20,Mass,Salaried,14,36957.27,Denied,Policy - Debt-to-Income (DTI) > 30%,Restructuring - Add Co-signer or Increase Term
APP_000294,CLI_01135,BR_019,66,Mass,Salaried,90,43237.54,Denied,Registry Error - Data Mismatch with Tax Authority,Fast Update - ID Verification
APP_000299,CLI_03681,BR_010,36,Mass,Gig-worker,29,6737.61,Denied,Score - Disabled Positive Credit Registry,Credit Recovery - BACEN Education Journey
APP_000300,CLI_03867,BR_035,26,Mass,Salaried,62,13619.24,Denied,Policy - Debt-to-Income (DTI) > 30%,Restructuring - Add Co-signer or Increase Term
APP_000301,CLI_00746,BR_013,34,Mass-Affluent,Unemployed,19,19979.89,Denied,Document Error - Expired or Illegible ID,Fast Update - Request New ID
APP_000306,CLI_00856,BR_016,56,Mass-Affluent,Unemployed,101,4522.87,Denied,Score - Forgotten Micro-Debt,Credit Recovery - Micro-settlement
APP_000310,CLI_04516,BR_005,28,Mass,Salaried,13,3932.51,Denied,Document Error - Expired or Illegible ID,Fast Update - Request New ID
APP_000312,CLI_02599,BR_031,66,Mass,Unemployed,57,10553.23,Denied,Score - Forgotten Micro-Debt,Credit Recovery - Micro-settlement
APP_000316,CLI_00680,BR_037,20,Mass,Gig-worker,29,35534.06,Denied,Income - Missing Tax Return,Income Proof - Request Tax Return
APP_000317,CLI_00487,BR_020,22,Mass,Salaried,6,19371.52,Denied,Score - Forgotten Micro-Debt,Credit Recovery - Micro-settlement
APP_000318,CLI_03621,BR_002,44,Mass-Affluent,Business Owner,34,7473.67,Denied,Score - Forgotten Micro-Debt,Credit Recovery - Micro-settlement
APP_000319,CLI_03651,BR_007,72,Mass,Salaried,45,12624.38,Denied,Document Error - Expired or Illegible ID,Fast Update - Request New ID
APP_000322,CLI_04315,BR_042,24,Mass,Gig-worker,43,14361.76,Denied,Score - Disabled Positive Credit Registry,Credit Recovery - BACEN Education Journey
APP_000324,CLI_00691,BR_007,61,Mass,Salaried,77,10855.62,Denied,Score - Forgotten Micro-Debt,Credit Recovery - Micro-settlement
APP_000327,CLI_02348,BR_043,25,Mass,Gig-worker,15,36077.46,Denied,Policy - Debt-to-Income (DTI) > 30%,Restructuring - Add Co-signer or Increase Term
APP_000328,CLI_03709,BR_029,58,Mass-Affluent,Salaried,10,32640.66,Denied,Document Error - Expired or Illegible ID,Fast Update - Request New ID
APP_000330,CLI_01923,BR_025,22,Mass-Affluent,Business Owner,63,3861.23,Denied,Registry Error - Data Mismatch with Tax Authority,Fast Update - ID Verification
APP_000337,CLI_03175,BR_009,30,Mass-Affluent,Salaried,95,25950.47,Denied,Policy - Debt-to-Income (DTI) > 30%,Restructuring - Add Co-signer or Increase Term
APP_000339,CLI_01400,BR_021,19,Mass-Affluent,Gig-worker,17,20206.5,Denied,Score - Disabled Positive Credit Registry,Credit Recovery - BACEN Education Journey
APP_000349,CLI_04136,BR_035,45,Mass,Salaried,2,16213.43,Denied,Document Error - Expired or Illegible ID,Fast Update - Request New ID
APP_000353,CLI_03388,BR_009,52,Mass,Self-employed,64,2321.76,Denied,Income - Missing Tax Return,Income Proof - Request Tax Return
APP_000357,CLI_01248,BR_024,44,Mass,Self-employed,64,41134.37,Denied,Policy - Debt-to-Income (DTI) > 30%,Restructuring - Add Co-signer or Increase Term
APP_000359,CLI_03323,BR_049,63,Mass,Gig-worker,99,36285.44,Denied,Income - Gig Worker with Inconsistent Cash Flow,Income Proof - Open Finance Connect
APP_000361,CLI_00126,BR_050,66,Mass,Unemployed,113,10165.21,Denied,Document Error - Expired or Illegible ID,Fast Update - Request New ID
APP_000362,CLI_01230,BR_020,30,Mass,Salaried,86,35238.26,Denied,Document Error - Expired or Illegible ID,Fast Update - Request New ID
APP_000363,CLI_03212,BR_017,50,Mass,Salaried,15,27821.99,Denied,Registry Error - Data Mismatch with Tax Authority,Fast Update - ID Verification
APP_000364,CLI_03134,BR_028,48,Mass,Gig-worker,61,2488.32,Denied,Policy - Debt-to-Income (DTI) > 30%,Restructuring - Add Co-signer or Increase Term
APP_000365,CLI_01307,BR_006,43,Mass,Self-employed,60,32682.81,Denied,Income - Missing Tax Return,Income Proof - Request Tax Return
APP_000368,CLI_02378,BR_028,54,Mass-Affluent,Salaried,13,18100.4,Denied,Document Error - Expired or Illegible ID,Fast Update - Request New ID
APP_000369,CLI_01460,BR_001,71,Mass,Gig-worker,52,29709.05,Denied,Policy - Debt-to-Income (DTI) > 30%,Restructuring - Add Co-signer or Increase Term
APP_000371,CLI_00813,BR_035,38,Mass-Affluent,Unemployed,31,42783.45,Denied,Policy - Debt-to-Income (DTI) > 30%,Restructuring - Add Co-signer or Increase Term
APP_000372,CLI_00852,BR_024,31,Mass,Self-employed,64,2346.82,Denied,Income - Gig Worker with Inconsistent Cash Flow,Income Proof - Open Finance Connect
APP_000376,CLI_00635,BR_037,57,Mass,Gig-worker,18,31385.59,Denied,Score - Disabled Positive Credit Registry,Credit Recovery - BACEN Education Journey
APP_000377,CLI_00669,BR_016,20,Mass,Salaried,47,20783.3,Denied,Registry Error - Data Mismatch with Tax Authority,Fast Update - ID Verification
APP_000380,CLI_00269,BR_035,29,Mass,Salaried,66,4346.01,Denied,Score - Forgotten Micro-Debt,Credit Recovery - Micro-settlement
APP_000383,CLI_03291,BR_042,57,Mass,Business Owner,29,1680.62,Denied,Score - Forgotten Micro-Debt,Credit Recovery - Micro-settlement
APP_000385,CLI_01262,BR_047,55,Mass,Gig-worker,119,10546.36,Denied,Income - Missing Tax Return,Income Proof - Request Tax Return
APP_000389,CLI_04888,BR_010,39,Mass,Unemployed,70,39231.43,Denied,Document Error - Expired or Illegible ID,Fast Update - Request New ID
APP_000392,CLI_03672,BR_040,22,Mass,Gig-worker,2,27781.25,Denied,Income - Missing Tax Return,Income Proof - Request Tax Return
APP_000394,CLI_02236,BR_040,73,Mass,Self-employed,97,7291.37,Denied,Income - Gig Worker with Inconsistent Cash Flow,Income Proof - Open Finance Connect
APP_000398,CLI_02578,BR_023,39,Private,Salaried,51,41367.5,Denied,Policy - Debt-to-Income (DTI) > 30%,Restructuring - Add Co-signer or Increase Term
APP_000399,CLI_00676,BR_015,25,Mass,Salaried,40,4909.02,Denied,Score - Forgotten Micro-Debt,Credit Recovery - Micro-settlement
APP_000401,CLI_01682,BR_038,24,Mass,Gig-worker,75,8117.79,Denied,Income - Missing Tax Return,Income Proof - Request Tax Return
APP_000402,CLI_01277,BR_005,64,Mass,Self-employed,18,41708.2,Denied,Income - Missing Tax Return,Income Proof - Request Tax Return
APP_000403,CLI_04768,BR_040,57,Premium,Salaried,114,43259.88,Denied,Policy - Debt-to-Income (DTI) > 30%,Restructuring - Add Co-signer or Increase Term
APP_000405,CLI_04935,BR_021,37,Premium,Self-employed,64,6104.73,Denied,Policy - Debt-to-Income (DTI) > 30%,Restructuring - Add Co-signer or Increase Term
APP_000407,CLI_01313,BR_003,18,Mass,Gig-worker,55,40863.89,Denied,Policy - Debt-to-Income (DTI) > 30%,Restructuring - Add Co-signer or Increase Term
APP_000412,CLI_04089,BR_020,71,Premium,Self-employed,51,2494.47,Denied,Score - Disabled Positive Credit Registry,Credit Recovery - BACEN Education Journey
APP_000414,CLI_01286,BR_026,73,Mass,Gig-worker,63,25084.1,Denied,Income - Gig Worker with Inconsistent Cash Flow,Income Proof - Open Finance Connect
APP_000415,CLI_00535,BR_041,68,Private,Salaried,3,32451.18,Denied,Policy - Debt-to-Income (DTI) > 30%,Restructuring - Add Co-signer or Increase Term
APP_000420,CLI_04653,BR_010,31,Mass,Salaried,35,35081.83,Denied,Document Error - Expired or Illegible ID,Fast Update - Request New ID
APP_000421,CLI_04452,BR_022,39,Mass-Affluent,Gig-worker,37,18675.72,Denied,Policy - Debt-to-Income (DTI) > 30%,Restructuring - Add Co-signer or Increase Term
APP_000425,CLI_00365,BR_009,63,Mass,Salaried,2,31539.52,Denied,Policy - Debt-to-Income (DTI) > 30%,Restructuring - Add Co-signer or Increase Term
APP_000426,CLI_02656,BR_029,36,Mass,Self-employed,30,26215.76,Denied,Income - Missing Tax Return,Income Proof - Request Tax Return
APP_000427,CLI_00409,BR_037,30,Premium,Salaried,74,22305.36,Denied,Policy - Debt-to-Income (DTI) > 30%,Restructuring - Add Co-signer or Increase Term
APP_000428,CLI_01315,BR_046,72,Mass,Salaried,68,41547.61,Denied,Registry Error - Data Mismatch with Tax Authority,Fast Update - ID Verification
APP_000430,CLI_04704,BR_038,60,Mass-Affluent,Salaried,4,19840.19,Denied,Policy - Debt-to-Income (DTI) > 30%,Restructuring - Add Co-signer or Increase Term
APP_000431,CLI_01540,BR_024,53,Mass-Affluent,Salaried,86,8901.56,Denied,Policy - Debt-to-Income (DTI) > 30%,Restructuring - Add Co-signer or Increase Term
APP_000436,CLI_03649,BR_028,18,Premium,Gig-worker,18,21828.47,Denied,Income - Gig Worker with Inconsistent Cash Flow,Income Proof - Open Finance Connect
APP_000437,CLI_01106,BR_046,60,Premium,Gig-worker,118,40757.92,Denied,Score - Disabled Positive Credit Registry,Credit Recovery - BACEN Education Journey
APP_000438,CLI_03412,BR_007,23,Mass-Affluent,Gig-worker,113,46026.82,Denied,Income - Gig Worker with Inconsistent Cash Flow,Income Proof - Open Finance Connect
APP_000439,CLI_02489,BR_003,55,Mass,Self-employed,27,30422.82,Denied,Score - Disabled Positive Credit Registry,Credit Recovery - BACEN Education Journey
APP_000440,CLI_00617,BR_022,48,Mass-Affluent,Gig-worker,37,36849.03,Denied,Policy - Debt-to-Income (DTI) > 30%,Restructuring - Add Co-signer or Increase Term
APP_000441,CLI_04322,BR_038,62,Premium,Salaried,54,3772.95,Denied,Policy - Debt-to-Income (DTI) > 30%,Restructuring - Add Co-signer or Increase Term
APP_000443,CLI_00028,BR_044,50,Mass-Affluent,Salaried,61,38011.66,Denied,Policy - Debt-to-Income (DTI) > 30%,Restructuring - Add Co-signer or Increase Term
APP_000447,CLI_00333,BR_039,64,Mass,Gig-worker,29,10706.88,Denied,Policy - Debt-to-Income (DTI) > 30%,Restructuring - Add Co-signer or Increase Term
APP_000449,CLI_04662,BR_044,71,Premium,Self-employed,49,34841.54,Denied,Policy - Debt-to-Income (DTI) > 30%,Restructuring - Add Co-signer or Increase Term
APP_000451,CLI_02086,BR_029,20,Mass,Salaried,70,42674.02,Denied,Registry Error - Data Mismatch with Tax Authority,Fast Update - ID Verification
APP_000454,CLI_02790,BR_014,71,Mass,Self-employed,47,35332.55,Denied,Income - Missing Tax Return,Income Proof - Request Tax Return
APP_000456,CLI_02253,BR_018,41,Mass,Self-employed,80,38340.13,Denied,Income - Missing Tax Return,Income Proof - Request Tax Return
APP_000457,CLI_04974,BR_007,62,Private,Gig-worker,53,9788.62,Denied,Income - Missing Tax Return,Income Proof - Request Tax Return
APP_000458,CLI_00245,BR_023,46,Mass-Affluent,Self-employed,12,12593.86,Denied,Income - Gig Worker with Inconsistent Cash Flow,Income Proof - Open Finance Connect
APP_000462,CLI_03468,BR_037,37,Mass,Gig-worker,33,9293.72,Denied,Income - Gig Worker with Inconsistent Cash Flow,Income Proof - Open Finance Connect
APP_000463,CLI_03193,BR_025,30,Mass,Self-employed,58,15399.68,Denied,Income - Gig Worker with Inconsistent Cash Flow,Income Proof - Open Finance Connect
APP_000468,CLI_03778,BR_018,53,Mass-Affluent,Gig-worker,81,41201.0,Denied,Income - Gig Worker with Inconsistent Cash Flow,Income Proof - Open Finance Connect
APP_000469,CLI_02116,BR_027,35,Mass,Salaried,19,21406.43,Denied,Registry Error - Data Mismatch with Tax Authority,Fast Update - ID Verification
APP_000471,CLI_02268,BR_026,51,Mass-Affluent,Salaried,48,15106.65,Denied,Score - Forgotten Micro-Debt,Credit Recovery - Micro-settlement
APP_000472,CLI_01497,BR_010,51,Mass,Salaried,85,3722.56,Denied,Score - Forgotten Micro-Debt,Credit Recovery - Micro-settlement
APP_000473,CLI_02797,BR_017,74,Mass,Salaried,87,34122.6,Denied,Score - Forgotten Micro-Debt,Credit Recovery - Micro-settlement
APP_000474,CLI_04482,BR_032,29,Mass,Salaried,10,32791.01,Denied,Document Error - Expired or Illegible ID,Fast Update - Request New ID
APP_000475,CLI_00930,BR_024,38,Mass,Gig-worker,76,40279.84,Denied,Income - Gig Worker with Inconsistent Cash Flow,Income Proof - Open Finance Connect
APP_000476,CLI_03325,BR_043,39,Mass,Salaried,5,31189.2,Denied,Registry Error - Data Mismatch with Tax Authority,Fast Update - ID Verification
APP_000478,CLI_04588,BR_008,24,Mass,Gig-worker,83,42804.96,Denied,Policy - Debt-to-Income (DTI) > 30%,Restructuring - Add Co-signer or Increase Term
APP_000483,CLI_03931,BR_015,44,Mass-Affluent,Gig-worker,2,4653.1,Denied,Income - Gig Worker with Inconsistent Cash Flow,Income Proof - Open Finance Connect
APP_000485,CLI_00827,BR_011,45,Mass,Self-employed,39,5550.25,Denied,Income - Missing Tax Return,Income Proof - Request Tax Return
APP_000488,CLI_03692,BR_009,51,Mass-Affluent,Salaried,23,45433.72,Denied,Registry Error - Data Mismatch with Tax Authority,Fast Update - ID Verification
APP_000489,CLI_02583,BR_050,65,Mass,Self-employed,64,43728.92,Denied,Score - Disabled Positive Credit Registry,Credit Recovery - BACEN Education Journey
APP_000492,CLI_01189,BR_033,31,Mass,Salaried,71,17728.07,Denied,Document Error - Expired or Illegible ID,Fast Update - Request New ID
APP_000494,CLI_04753,BR_013,34,Mass,Salaried,119,7322.42,Denied,Document Error - Expired or Illegible ID,Fast Update - Request New ID
APP_000495,CLI_02854,BR_014,41,Mass,Self-employed,63,40253.3,Denied,Income - Gig Worker with Inconsistent Cash Flow,Income Proof - Open Finance Connect
APP_000497,CLI_04389,BR_049,40,Mass,Self-employed,71,18351.12,Denied,Score - Disabled Positive Credit Registry,Credit Recovery - BACEN Education Journey
APP_000498,CLI_02737,BR_022,38,Mass-Affluent,Gig-worker,42,35586.31,Denied,Score - Disabled Positive Credit Registry,Credit Recovery - BACEN Education Journey
APP_000500,CLI_03249,BR_033,19,Mass-Affluent,Gig-worker,25,34850.01,Denied,Income - Gig Worker with Inconsistent Cash Flow,Income Proof - Open Finance Connect
APP_000501,CLI_00416,BR_005,36,Mass-Affluent,Salaried,85,2051.32,Denied,Score - Forgotten Micro-Debt,Credit Recovery - Micro-settlement
APP_000504,CLI_03775,BR_027,63,Premium,Salaried,88,35880.66,Denied,Policy - Debt-to-Income (DTI) > 30%,Restructuring - Add Co-signer or Increase Term
APP_000505,CLI_00085,BR_026,70,Mass,Self-employed,112,32416.97,Denied,Income - Gig Worker with Inconsistent Cash Flow,Income Proof - Open Finance Connect
APP_000508,CLI_01071,BR_027,71,Premium,Gig-worker,41,38916.24,Denied,Income - Gig Worker with Inconsistent Cash Flow,Income Proof - Open Finance Connect
APP_000512,CLI_04092,BR_023,53,Mass,Unemployed,24,35043.12,Denied,Policy - Debt-to-Income (DTI) > 30%,Restructuring - Add Co-signer or Increase Term
APP_000513,CLI_02474,BR_044,58,Mass,Gig-worker,9,29133.62,Denied,Income - Missing Tax Return,Income Proof - Request Tax Return
APP_000514,CLI_00736,BR_047,43,Mass,Self-employed,41,6909.83,Denied,Income - Gig Worker with Inconsistent Cash Flow,Income Proof - Open Finance Connect
APP_000517,CLI_03907,BR_041,39,Mass,Salaried,12,40362.33,Denied,Policy - Debt-to-Income (DTI) > 30%,Restructuring - Add Co-signer or Increase Term
APP_000519,CLI_04837,BR_043,23,Mass,Gig-worker,92,22503.17,Denied,Income - Missing Tax Return,Income Proof - Request Tax Return
APP_000520,CLI_01863,BR_030,51,Mass,Salaried,15,2275.6,Denied,Document Error - Expired or Illegible ID,Fast Update - Request New ID
APP_000526,CLI_02766,BR_041,48,Mass-Affluent,Salaried,39,26424.48,Denied,Score - Forgotten Micro-Debt,Credit Recovery - Micro-settlement
APP_000528,CLI_00885,BR_049,27,Mass-Affluent,Gig-worker,90,49514.81,Denied,Score - Disabled Positive Credit Registry,Credit Recovery - BACEN Education Journey
APP_000529,CLI_04287,BR_013,61,Mass-Affluent,Gig-worker,54,43231.34,Denied,Policy - Debt-to-Income (DTI) > 30%,Restructuring - Add Co-signer or Increase Term
APP_000532,CLI_03572,BR_029,42,Mass,Gig-worker,87,26189.1,Denied,Income - Missing Tax Return,Income Proof - Request Tax Return
APP_000535,CLI_01722,BR_019,66,Mass-Affluent,Unemployed,58,12084.08,Denied,Policy - Debt-to-Income (DTI) > 30%,Restructuring - Add Co-signer or Increase Term
APP_000536,CLI_00375,BR_023,49,Mass,Salaried,59,32179.33,Denied,Policy - Debt-to-Income (DTI) > 30%,Restructuring - Add Co-signer or Increase Term
APP_000543,CLI_01101,BR_035,55,Mass,Salaried,59,5538.62,Denied,Policy - Debt-to-Income (DTI) > 30%,Restructuring - Add Co-signer or Increase Term
APP_000545,CLI_02626,BR_003,61,Mass,Salaried,8,35709.01,Denied,Registry Error - Data Mismatch with Tax Authority,Fast Update - ID Verification
APP_000548,CLI_00058,BR_020,30,Mass,Salaried,7,17657.84,Denied,Document Error - Expired or Illegible ID,Fast Update - Request New ID
APP_000549,CLI_01128,BR_012,32,Premium,Salaried,40,15120.42,Denied,Policy - Debt-to-Income (DTI) > 30%,Restructuring - Add Co-signer or Increase Term
APP_000550,CLI_00312,BR_038,70,Mass-Affluent,Salaried,49,6110.72,Denied,Policy - Debt-to-Income (DTI) > 30%,Restructuring - Add Co-signer or Increase Term
APP_000551,CLI_03718,BR_016,34,Mass,Self-employed,97,18761.09,Denied,Policy - Debt-to-Income (DTI) > 30%,Restructuring - Add Co-signer or Increase Term
APP_000553,CLI_02738,BR_038,25,Premium,Salaried,25,32090.46,Denied,Registry Error - Data Mismatch with Tax Authority,Fast Update - ID Verification
APP_000557,CLI_01432,BR_035,72,Private,Gig-worker,114,8154.51,Denied,Income - Gig Worker with Inconsistent Cash Flow,Income Proof - Open Finance Connect
APP_000558,CLI_03126,BR_049,29,Mass,Salaried,111,44853.35,Denied,Document Error - Expired or Illegible ID,Fast Update - Request New ID
APP_000559,CLI_04898,BR_037,45,Premium,Salaried,12,8477.14,Denied,Score - Forgotten Micro-Debt,Credit Recovery - Micro-settlement
APP_000562,CLI_01319,BR_028,38,Mass,Unemployed,62,16174.3,Denied,Document Error - Expired or Illegible ID,Fast Update - Request New ID
APP_000563,CLI_04208,BR_006,51,Mass,Salaried,76,28068.11,Denied,Policy - Debt-to-Income (DTI) > 30%,Restructuring - Add Co-signer or Increase Term
APP_000565,CLI_01329,BR_036,58,Mass-Affluent,Self-employed,60,39875.03,Denied,Income - Missing Tax Return,Income Proof - Request Tax Return
APP_000566,CLI_04386,BR_013,52,Mass,Unemployed,59,19641.35,Denied,Score - Forgotten Micro-Debt,Credit Recovery - Micro-settlement
APP_000567,CLI_03975,BR_040,68,Premium,Salaried,11,29216.46,Denied,Score - Forgotten Micro-Debt,Credit Recovery - Micro-settlement
APP_000568,CLI_04678,BR_011,57,Premium,Salaried,18,31542.09,Denied,Policy - Debt-to-Income (DTI) > 30%,Restructuring - Add Co-signer or Increase Term
APP_000569,CLI_04466,BR_024,67,Mass,Gig-worker,44,41313.63,Denied,Income - Missing Tax Return,Income Proof - Request Tax Return
APP_000572,CLI_02867,BR_031,52,Premium,Salaried,97,33789.97,Denied,Score - Forgotten Micro-Debt,Credit Recovery - Micro-settlement
APP_000574,CLI_04445,BR_037,30,Mass-Affluent,Self-employed,28,7524.06,Denied,Income - Missing Tax Return,Income Proof - Request Tax Return
APP_000575,CLI_02303,BR_003,55,Mass,Business Owner,22,10822.32,Denied,Policy - Debt-to-Income (DTI) > 30%,Restructuring - Add Co-signer or Increase Term
APP_000577,CLI_04185,BR_029,54,Mass,Self-employed,18,42670.85,Denied,Income - Gig Worker with Inconsistent Cash Flow,Income Proof - Open Finance Connect
APP_000580,CLI_02043,BR_007,46,Premium,Unemployed,63,11587.51,Denied,Document Error - Expired or Illegible ID,Fast Update - Request New ID
APP_000582,CLI_02708,BR_047,36,Mass,Salaried,103,19547.63,Denied,Registry Error - Data Mismatch with Tax Authority,Fast Update - ID Verification
APP_000585,CLI_00910,BR_045,21,Mass,Gig-worker,110,24068.75,Denied,Income - Gig Worker with Inconsistent Cash Flow,Income Proof - Open Finance Connect
APP_000586,CLI_04538,BR_034,54,Mass,Gig-worker,87,10174.46,Denied,Score - Disabled Positive Credit Registry,Credit Recovery - BACEN Education Journey
APP_000588,CLI_01881,BR_044,23,Mass,Self-employed,102,43012.8,Denied,Policy - Debt-to-Income (DTI) > 30%,Restructuring - Add Co-signer or Increase Term
APP_000593,CLI_03827,BR_035,42,Mass,Self-employed,89,38064.8,Denied,Income - Gig Worker with Inconsistent Cash Flow,Income Proof - Open Finance Connect
APP_000595,CLI_02876,BR_020,27,Mass-Affluent,Self-employed,80,9591.06,Denied,Income - Gig Worker with Inconsistent Cash Flow,Income Proof - Open Finance Connect
APP_000596,CLI_02907,BR_030,29,Private,Salaried,53,30455.0,Denied,Policy - Debt-to-Income (DTI) > 30%,Restructuring - Add Co-signer or Increase Term
APP_000597,CLI_04490,BR_028,28,Mass,Salaried,65,35574.53,Denied,Document Error - Expired or Illegible ID,Fast Update - Request New ID
APP_000602,CLI_03506,BR_047,50,Mass,Salaried,67,14311.67,Denied,Registry Error - Data Mismatch with Tax Authority,Fast Update - ID Verification
APP_000607,CLI_02246,BR_042,50,Mass-Affluent,Gig-worker,22,26343.96,Denied,Score - Disabled Positive Credit Registry,Credit Recovery - BACEN Education Journey
APP_000608,CLI_01687,BR_024,26,Mass,Self-employed,53,11201.06,Denied,Income - Gig Worker with Inconsistent Cash Flow,Income Proof - Open Finance Connect
APP_000614,CLI_03968,BR_044,41,Mass-Affluent,Salaried,53,11168.22,Denied,Document Error - Expired or Illegible ID,Fast Update - Request New ID
APP_000616,CLI_00806,BR_005,54,Mass,Gig-worker,30,21853.63,Denied,Income - Gig Worker with Inconsistent Cash Flow,Income Proof - Open Finance Connect
APP_000625,CLI_02149,BR_013,67,Mass,Gig-worker,94,26908.07,Denied,Income - Missing Tax Return,Income Proof - Request Tax Return
APP_000626,CLI_01509,BR_025,63,Mass,Salaried,115,39581.55,Denied,Registry Error - Data Mismatch with Tax Authority,Fast Update - ID Verification
APP_000627,CLI_00914,BR_002,42,Mass,Self-employed,7,37899.01,Denied,Income - Gig Worker with Inconsistent Cash Flow,Income Proof - Open Finance Connect
APP_000628,CLI_02781,BR_024,37,Mass,Salaried,38,46167.76,Denied,Score - Forgotten Micro-Debt,Credit Recovery - Micro-settlement
APP_000630,CLI_04050,BR_025,71,Mass,Unemployed,10,41539.02,Denied,Score - Forgotten Micro-Debt,Credit Recovery - Micro-settlement
APP_000632,CLI_04988,BR_012,62,Premium,Salaried,9,20245.39,Denied,Score - Forgotten Micro-Debt,Credit Recovery - Micro-settlement
APP_000635,CLI_04792,BR_042,37,Mass,Self-employed,69,31754.01,Denied,Score - Disabled Positive Credit Registry,Credit Recovery - BACEN Education Journey
APP_000640,CLI_00339,BR_003,19,Mass,Salaried,54,27654.51,Denied,Policy - Debt-to-Income (DTI) > 30%,Restructuring - Add Co-signer or Increase Term
APP_000644,CLI_01723,BR_046,21,Mass,Unemployed,85,40914.74,Denied,Score - Forgotten Micro-Debt,Credit Recovery - Micro-settlement
APP_000645,CLI_03220,BR_047,56,Mass,Gig-worker,83,16254.81,Denied,Income - Gig Worker with Inconsistent Cash Flow,Income Proof - Open Finance Connect
APP_000646,CLI_00899,BR_048,68,Mass,Gig-worker,67,29193.04,Denied,Policy - Debt-to-Income (DTI) > 30%,Restructuring - Add Co-signer or Increase Term
APP_000649,CLI_04189,BR_019,21,Mass,Gig-worker,26,43019.45,Denied,Income - Gig Worker with Inconsistent Cash Flow,Income Proof - Open Finance Connect
APP_000653,CLI_04033,BR_016,29,Mass,Salaried,12,2690.0,Denied,Score - Forgotten Micro-Debt,Credit Recovery - Micro-settlement
APP_000654,CLI_03061,BR_032,40,Mass-Affluent,Self-employed,98,6386.79,Denied,Income - Gig Worker with Inconsistent Cash Flow,Income Proof - Open Finance Connect
APP_000656,CLI_02848,BR_035,59,Mass-Affluent,Self-employed,43,13841.48,Denied,Policy - Debt-to-Income (DTI) > 30%,Restructuring - Add Co-signer or Increase Term
APP_000659,CLI_03464,BR_037,35,Mass-Affluent,Salaried,27,17910.8,Denied,Registry Error - Data Mismatch with Tax Authority,Fast Update - ID Verification
APP_000662,CLI_00055,BR_033,32,Mass,Salaried,57,47420.1,Denied,Score - Forgotten Micro-Debt,Credit Recovery - Micro-settlement
APP_000663,CLI_00931,BR_039,23,Private,Unemployed,33,16677.49,Denied,Policy - Debt-to-Income (DTI) > 30%,Restructuring - Add Co-signer or Increase Term
APP_000668,CLI_04853,BR_040,72,Mass,Salaried,39,46278.81,Denied,Registry Error - Data Mismatch with Tax Authority,Fast Update - ID Verification
APP_000671,CLI_02748,BR_023,19,Mass,Unemployed,96,23303.0,Denied,Document Error - Expired or Illegible ID,Fast Update - Request New ID
APP_000674,CLI_02787,BR_011,45,Premium,Self-employed,8,17521.09,Denied,Income - Gig Worker with Inconsistent Cash Flow,Income Proof - Open Finance Connect
APP_000677,CLI_04036,BR_048,58,Mass,Gig-worker,98,18565.71,Denied,Score - Disabled Positive Credit Registry,Credit Recovery - BACEN Education Journey
APP_000678,CLI_04840,BR_039,21,Mass,Salaried,22,24545.14,Denied,Policy - Debt-to-Income (DTI) > 30%,Restructuring - Add Co-signer or Increase Term
APP_000679,CLI_02324,BR_013,18,Mass,Gig-worker,96,45320.7,Denied,Income - Gig Worker with Inconsistent Cash Flow,Income Proof - Open Finance Connect
APP_000680,CLI_00233,BR_042,28,Mass,Salaried,67,40309.92,Denied,Document Error - Expired or Illegible ID,Fast Update - Request New ID
APP_000681,CLI_02102,BR_049,39,Premium,Self-employed,13,12928.12,Denied,Income - Gig Worker with Inconsistent Cash Flow,Income Proof - Open Finance Connect
APP_000682,CLI_04353,BR_003,58,Mass,Salaried,41,16914.96,Denied,Policy - Debt-to-Income (DTI) > 30%,Restructuring - Add Co-signer or Increase Term
APP_000686,CLI_01649,BR_037,29,Premium,Unemployed,52,38926.21,Denied,Registry Error - Data Mismatch with Tax Authority,Fast Update - ID Verification
APP_000691,CLI_04938,BR_005,47,Mass,Gig-worker,42,32016.34,Denied,Income - Gig Worker with Inconsistent Cash Flow,Income Proof - Open Finance Connect
APP_000694,CLI_01379,BR_031,47,Mass-Affluent,Salaried,31,47274.98,Denied,Registry Error - Data Mismatch with Tax Authority,Fast Update - ID Verification
APP_000698,CLI_04488,BR_023,73,Mass,Gig-worker,21,35975.73,Denied,Income - Gig Worker with Inconsistent Cash Flow,Income Proof - Open Finance Connect
APP_000700,CLI_02854,BR_010,41,Mass,Self-employed,63,1501.66,Denied,Income - Gig Worker with Inconsistent Cash Flow,Income Proof - Open Finance Connect
APP_000702,CLI_04672,BR_027,37,Private,Salaried,18,10265.48,Denied,Document Error - Expired or Illegible ID,Fast Update - Request New ID
APP_000703,CLI_04619,BR_008,45,Mass,Unemployed,25,9182.33,Denied,Policy - Debt-to-Income (DTI) > 30%,Restructuring - Add Co-signer or Increase Term
APP_000709,CLI_04100,BR_048,61,Mass,Salaried,39,36308.11,Denied,Score - Forgotten Micro-Debt,Credit Recovery - Micro-settlement
APP_000710,CLI_02543,BR_010,42,Mass-Affluent,Salaried,11,17222.66,Denied,Score - Forgotten Micro-Debt,Credit Recovery - Micro-settlement
APP_000712,CLI_03995,BR_037,70,Mass,Unemployed,72,41417.88,Denied,Score - Forgotten Micro-Debt,Credit Recovery - Micro-settlement
APP_000714,CLI_03206,BR_003,41,Mass,Self-employed,111,35822.86,Denied,Income - Gig Worker with Inconsistent Cash Flow,Income Proof - Open Finance Connect
APP_000718,CLI_01092,BR_036,37,Mass,Salaried,93,12086.85,Denied,Document Error - Expired or Illegible ID,Fast Update - Request New ID
APP_000722,CLI_02827,BR_038,18,Mass,Business Owner,50,26528.81,Denied,Registry Error - Data Mismatch with Tax Authority,Fast Update - ID Verification
APP_000724,CLI_03053,BR_003,40,Mass,Gig-worker,35,36764.45,Denied,Income - Gig Worker with Inconsistent Cash Flow,Income Proof - Open Finance Connect
APP_000725,CLI_00314,BR_027,52,Private,Salaried,49,13703.78,Denied,Policy - Debt-to-Income (DTI) > 30%,Restructuring - Add Co-signer or Increase Term
APP_000726,CLI_00730,BR_002,41,Mass,Self-employed,73,42246.26,Denied,Income - Gig Worker with Inconsistent Cash Flow,Income Proof - Open Finance Connect
APP_000727,CLI_04040,BR_003,58,Mass,Salaried,11,47703.97,Denied,Registry Error - Data Mismatch with Tax Authority,Fast Update - ID Verification
APP_000731,CLI_03430,BR_038,45,Mass,Salaried,20,4403.88,Denied,Registry Error - Data Mismatch with Tax Authority,Fast Update - ID Verification
APP_000732,CLI_02746,BR_040,39,Mass-Affluent,Business Owner,39,16979.46,Denied,Registry Error - Data Mismatch with Tax Authority,Fast Update - ID Verification
APP_000735,CLI_04847,BR_044,28,Mass,Business Owner,58,12222.27,Denied,Document Error - Expired or Illegible ID,Fast Update - Request New ID
APP_000736,CLI_00228,BR_005,71,Mass-Affluent,Salaried,72,32159.12,Denied,Policy - Debt-to-Income (DTI) > 30%,Restructuring - Add Co-signer or Increase Term
APP_000741,CLI_03706,BR_048,52,Mass,Self-employed,96,6429.77,Denied,Policy - Debt-to-Income (DTI) > 30%,Restructuring - Add Co-signer or Increase Term
APP_000744,CLI_00070,BR_035,62,Mass-Affluent,Gig-worker,76,34261.56,Denied,Income - Gig Worker with Inconsistent Cash Flow,Income Proof - Open Finance Connect
APP_000745,CLI_02249,BR_021,66,Mass,Gig-worker,114,4303.32,Denied,Income - Gig Worker with Inconsistent Cash Flow,Income Proof - Open Finance Connect
APP_000751,CLI_02173,BR_040,61,Private,Self-employed,39,14434.69,Denied,Income - Gig Worker with Inconsistent Cash Flow,Income Proof - Open Finance Connect
APP_000753,CLI_00745,BR_046,71,Mass-Affluent,Self-employed,83,29214.86,Denied,Score - Disabled Positive Credit Registry,Credit Recovery - BACEN Education Journey
APP_000757,CLI_04577,BR_045,56,Mass,Unemployed,87,19963.61,Denied,Policy - Debt-to-Income (DTI) > 30%,Restructuring - Add Co-signer or Increase Term
APP_000761,CLI_02439,BR_010,43,Mass,Salaried,73,22388.17,Denied,Document Error - Expired or Illegible ID,Fast Update - Request New ID
APP_000763,CLI_02191,BR_016,45,Mass-Affluent,Self-employed,75,12382.1,Denied,Income - Gig Worker with Inconsistent Cash Flow,Income Proof - Open Finance Connect
APP_000771,CLI_03060,BR_041,18,Mass-Affluent,Self-employed,107,14145.4,Denied,Income - Gig Worker with Inconsistent Cash Flow,Income Proof - Open Finance Connect
APP_000772,CLI_04073,BR_030,18,Mass,Gig-worker,7,46768.15,Denied,Policy - Debt-to-Income (DTI) > 30%,Restructuring - Add Co-signer or Increase Term
APP_000774,CLI_04220,BR_032,66,Mass,Salaried,73,33598.79,Denied,Policy - Debt-to-Income (DTI) > 30%,Restructuring - Add Co-signer or Increase Term
APP_000777,CLI_02656,BR_037,36,Mass,Self-employed,30,35969.94,Denied,Income - Gig Worker with Inconsistent Cash Flow,Income Proof - Open Finance Connect
APP_000778,CLI_01516,BR_006,31,Mass,Salaried,11,14875.98,Denied,Document Error - Expired or Illegible ID,Fast Update - Request New ID
APP_000779,CLI_03018,BR_030,52,Mass-Affluent,Salaried,20,30379.35,Denied,Document Error - Expired or Illegible ID,Fast Update - Request New ID
APP_000780,CLI_04148,BR_040,51,Mass,Gig-worker,110,22079.5,Denied,Score - Disabled Positive Credit Registry,Credit Recovery - BACEN Education Journey
APP_000784,CLI_02053,BR_018,20,Mass,Unemployed,118,25987.77,Denied,Registry Error - Data Mismatch with Tax Authority,Fast Update - ID Verification
APP_000785,CLI_03797,BR_012,36,Mass-Affluent,Gig-worker,42,17475.08,Denied,Policy - Debt-to-Income (DTI) > 30%,Restructuring - Add Co-signer or Increase Term
APP_000786,CLI_00632,BR_004,24,Mass-Affluent,Unemployed,101,17762.36,Denied,Policy - Debt-to-Income (DTI) > 30%,Restructuring - Add Co-signer or Increase Term
APP_000787,CLI_01862,BR_016,42,Mass,Self-employed,24,24390.88,Denied,Policy - Debt-to-Income (DTI) > 30%,Restructuring - Add Co-signer or Increase Term
APP_000788,CLI_03953,BR_023,66,Premium,Salaried,18,49854.13,Denied,Policy - Debt-to-Income (DTI) > 30%,Restructuring - Add Co-signer or Increase Term
APP_000792,CLI_00536,BR_039,58,Mass,Self-employed,78,12578.1,Denied,Score - Disabled Positive Credit Registry,Credit Recovery - BACEN Education Journey
APP_000794,CLI_04826,BR_049,61,Mass,Gig-worker,36,3458.53,Denied,Score - Disabled Positive Credit Registry,Credit Recovery - BACEN Education Journey
APP_000795,CLI_03098,BR_015,27,Mass,Unemployed,30,2121.18,Denied,Registry Error - Data Mismatch with Tax Authority,Fast Update - ID Verification
APP_000797,CLI_03074,BR_028,41,Mass,Unemployed,1,21909.56,Denied,Document Error - Expired or Illegible ID,Fast Update - Request New ID
APP_000800,CLI_03622,BR_036,67,Mass,Salaried,46,7334.26,Denied,Policy - Debt-to-Income (DTI) > 30%,Restructuring - Add Co-signer or Increase Term
APP_000801,CLI_04564,BR_022,47,Mass-Affluent,Gig-worker,109,45850.54,Denied,Score - Disabled Positive Credit Registry,Credit Recovery - BACEN Education Journey
APP_000802,CLI_00201,BR_023,47,Mass-Affluent,Gig-worker,65,29791.22,Denied,Income - Missing Tax Return,Income Proof - Request Tax Return
APP_000807,CLI_04979,BR_044,28,Mass-Affluent,Salaried,92,14929.17,Denied,Policy - Debt-to-Income (DTI) > 30%,Restructuring - Add Co-signer or Increase Term
APP_000808,CLI_00586,BR_029,29,Mass,Self-employed,106,36692.64,Denied,Policy - Debt-to-Income (DTI) > 30%,Restructuring - Add Co-signer or Increase Term
APP_000812,CLI_03425,BR_018,41,Mass,Gig-worker,81,36543.4,Denied,Income - Missing Tax Return,Income Proof - Request Tax Return
APP_000815,CLI_03670,BR_034,51,Mass-Affluent,Self-employed,69,25471.95,Denied,Policy - Debt-to-Income (DTI) > 30%,Restructuring - Add Co-signer or Increase Term
APP_000818,CLI_04659,BR_032,55,Mass,Unemployed,20,14545.15,Denied,Registry Error - Data Mismatch with Tax Authority,Fast Update - ID Verification
APP_000819,CLI_02813,BR_046,51,Mass-Affluent,Gig-worker,22,41860.18,Denied,Income - Missing Tax Return,Income Proof - Request Tax Return
APP_000831,CLI_00552,BR_010,26,Mass,Gig-worker,67,42239.95,Denied,Income - Missing Tax Return,Income Proof - Request Tax Return
APP_000835,CLI_01481,BR_038,64,Mass-Affluent,Self-employed,62,21186.16,Denied,Score - Disabled Positive Credit Registry,Credit Recovery - BACEN Education Journey
APP_000837,CLI_00672,BR_017,67,Mass,Salaried,97,45246.0,Denied,Policy - Debt-to-Income (DTI) > 30%,Restructuring - Add Co-signer or Increase Term
APP_000840,CLI_02874,BR_038,37,Mass-Affluent,Self-employed,8,20994.32,Denied,Score - Disabled Positive Credit Registry,Credit Recovery - BACEN Education Journey
APP_000842,CLI_02485,BR_005,51,Mass,Gig-worker,78,30980.72,Denied,Income - Gig Worker with Inconsistent Cash Flow,Income Proof - Open Finance Connect
APP_000843,CLI_00616,BR_025,31,Mass,Gig-worker,111,26178.64,Denied,Income - Missing Tax Return,Income Proof - Request Tax Return
APP_000844,CLI_03206,BR_009,41,Mass,Self-employed,111,30004.66,Denied,Score - Disabled Positive Credit Registry,Credit Recovery - BACEN Education Journey
APP_000845,CLI_02850,BR_028,35,Mass,Business Owner,28,5713.78,Denied,Policy - Debt-to-Income (DTI) > 30%,Restructuring - Add Co-signer or Increase Term
APP_000847,CLI_03808,BR_029,31,Mass,Salaried,95,49611.1,Denied,Document Error - Expired or Illegible ID,Fast Update - Request New ID
APP_000850,CLI_03174,BR_005,38,Mass,Gig-worker,119,15486.81,Denied,Score - Disabled Positive Credit Registry,Credit Recovery - BACEN Education Journey
APP_000853,CLI_04984,BR_032,29,Mass,Salaried,26,29296.17,Denied,Score - Forgotten Micro-Debt,Credit Recovery - Micro-settlement
APP_000855,CLI_03339,BR_010,72,Mass-Affluent,Salaried,95,20097.62,Denied,Policy - Debt-to-Income (DTI) > 30%,Restructuring - Add Co-signer or Increase Term
APP_000858,CLI_02413,BR_037,55,Mass,Salaried,67,39687.98,Denied,Document Error - Expired or Illegible ID,Fast Update - Request New ID
APP_000859,CLI_02152,BR_015,50,Mass,Self-employed,57,13714.9,Denied,Policy - Debt-to-Income (DTI) > 30%,Restructuring - Add Co-signer or Increase Term
APP_000860,CLI_03183,BR_009,61,Premium,Gig-worker,109,41011.2,Denied,Income - Gig Worker with Inconsistent Cash Flow,Income Proof - Open Finance Connect
APP_000861,CLI_00428,BR_032,18,Mass,Self-employed,17,14016.29,Denied,Income - Missing Tax Return,Income Proof - Request Tax Return
APP_000866,CLI_02728,BR_049,56,Mass-Affluent,Salaried,68,6332.37,Denied,Score - Forgotten Micro-Debt,Credit Recovery - Micro-settlement
APP_000871,CLI_04427,BR_022,56,Mass,Unemployed,114,11473.3,Denied,Score - Forgotten Micro-Debt,Credit Recovery - Micro-settlement
APP_000872,CLI_01956,BR_032,51,Mass,Self-employed,47,26446.22,Denied,Income - Gig Worker with Inconsistent Cash Flow,Income Proof - Open Finance Connect
APP_000873,CLI_00587,BR_047,58,Mass-Affluent,Salaried,58,7897.45,Denied,Score - Forgotten Micro-Debt,Credit Recovery - Micro-settlement
APP_000874,CLI_00201,BR_002,47,Mass-Affluent,Gig-worker,65,22063.0,Denied,Income - Gig Worker with Inconsistent Cash Flow,Income Proof - Open Finance Connect
APP_000875,CLI_04550,BR_021,40,Premium,Salaried,57,30297.93,Denied,Registry Error - Data Mismatch with Tax Authority,Fast Update - ID Verification
APP_000882,CLI_03716,BR_024,65,Premium,Gig-worker,60,31904.29,Denied,Score - Disabled Positive Credit Registry,Credit Recovery - BACEN Education Journey
APP_000888,CLI_02535,BR_010,25,Mass,Salaried,116,17184.39,Denied,Policy - Debt-to-Income (DTI) > 30%,Restructuring - Add Co-signer or Increase Term
APP_000889,CLI_02227,BR_028,68,Mass,Business Owner,84,39514.73,Denied,Policy - Debt-to-Income (DTI) > 30%,Restructuring - Add Co-signer or Increase Term
APP_000892,CLI_02685,BR_010,49,Mass,Self-employed,30,6710.66,Denied,Income - Missing Tax Return,Income Proof - Request Tax Return
APP_000894,CLI_00167,BR_004,39,Mass-Affluent,Salaried,65,19043.28,Denied,Document Error - Expired or Illegible ID,Fast Update - Request New ID
APP_000895,CLI_02711,BR_006,55,Premium,Salaried,54,43397.85,Denied,Score - Forgotten Micro-Debt,Credit Recovery - Micro-settlement
APP_000896,CLI_03625,BR_026,55,Mass,Self-employed,78,4634.33,Denied,Score - Disabled Positive Credit Registry,Credit Recovery - BACEN Education Journey
APP_000901,CLI_04912,BR_016,44,Mass,Salaried,84,10300.39,Denied,Document Error - Expired or Illegible ID,Fast Update - Request New ID
APP_000902,CLI_04839,BR_038,33,Mass-Affluent,Gig-worker,90,31867.4,Denied,Income - Gig Worker with Inconsistent Cash Flow,Income Proof - Open Finance Connect
APP_000903,CLI_02775,BR_049,33,Mass,Gig-worker,29,27240.45,Denied,Policy - Debt-to-Income (DTI) > 30%,Restructuring - Add Co-signer or Increase Term
APP_000906,CLI_00569,BR_050,72,Premium,Salaried,21,49473.33,Denied,Score - Forgotten Micro-Debt,Credit Recovery - Micro-settlement
APP_000909,CLI_02110,BR_028,30,Mass-Affluent,Gig-worker,52,11524.71,Denied,Policy - Debt-to-Income (DTI) > 30%,Restructuring - Add Co-signer or Increase Term
APP_000910,CLI_04465,BR_044,49,Premium,Salaried,109,14149.06,Denied,Policy - Debt-to-Income (DTI) > 30%,Restructuring - Add Co-signer or Increase Term
APP_000911,CLI_04190,BR_012,35,Mass,Business Owner,30,26034.95,Denied,Policy - Debt-to-Income (DTI) > 30%,Restructuring - Add Co-signer or Increase Term
APP_000912,CLI_04095,BR_006,72,Mass,Salaried,72,17441.86,Denied,Document Error - Expired or Illegible ID,Fast Update - Request New ID
APP_000913,CLI_02931,BR_007,19,Mass,Salaried,59,23295.58,Denied,Score - Forgotten Micro-Debt,Credit Recovery - Micro-settlement
APP_000914,CLI_00764,BR_008,19,Mass,Unemployed,22,9158.48,Denied,Policy - Debt-to-Income (DTI) > 30%,Restructuring - Add Co-signer or Increase Term
APP_000916,CLI_03451,BR_049,60,Mass,Self-employed,29,4445.51,Denied,Income - Missing Tax Return,Income Proof - Request Tax Return
APP_000917,CLI_02148,BR_021,49,Mass,Salaried,106,44595.8,Denied,Registry Error - Data Mismatch with Tax Authority,Fast Update - ID Verification
APP_000919,CLI_04425,BR_028,48,Mass,Salaried,86,38088.11,Denied,Policy - Debt-to-Income (DTI) > 30%,Restructuring - Add Co-signer or Increase Term
APP_000920,CLI_03720,BR_030,61,Mass-Affluent,Self-employed,115,18128.04,Denied,Score - Disabled Positive Credit Registry,Credit Recovery - BACEN Education Journey
APP_000922,CLI_00221,BR_011,52,Mass-Affluent,Unemployed,44,15271.79,Denied,Score - Forgotten Micro-Debt,Credit Recovery - Micro-settlement
APP_000923,CLI_01862,BR_020,42,Mass,Self-employed,24,35125.62,Denied,Income - Missing Tax Return,Income Proof - Request Tax Return
APP_000925,CLI_01022,BR_016,57,Mass,Self-employed,29,15027.24,Denied,Income - Missing Tax Return,Income Proof - Request Tax Return
APP_000933,CLI_02495,BR_003,58,Mass,Unemployed,64,6581.38,Denied,Policy - Debt-to-Income (DTI) > 30%,Restructuring - Add Co-signer or Increase Term
APP_000934,CLI_02966,BR_016,69,Mass,Salaried,105,32806.08,Denied,Document Error - Expired or Illegible ID,Fast Update - Request New ID
APP_000936,CLI_02000,BR_015,69,Mass-Affluent,Salaried,54,11638.64,Denied,Registry Error - Data Mismatch with Tax Authority,Fast Update - ID Verification
APP_000937,CLI_03576,BR_004,61,Mass-Affluent,Gig-worker,56,18315.82,Denied,Policy - Debt-to-Income (DTI) > 30%,Restructuring - Add Co-signer or Increase Term
APP_000938,CLI_01528,BR_023,21,Mass,Gig-worker,6,25113.0,Denied,Income - Gig Worker with Inconsistent Cash Flow,Income Proof - Open Finance Connect
APP_000945,CLI_01598,BR_037,39,Mass,Gig-worker,64,30243.18,Denied,Score - Disabled Positive Credit Registry,Credit Recovery - BACEN Education Journey
APP_000947,CLI_00849,BR_021,32,Mass-Affluent,Salaried,95,36936.89,Denied,Policy - Debt-to-Income (DTI) > 30%,Restructuring - Add Co-signer or Increase Term
APP_000951,CLI_01919,BR_011,53,Mass,Self-employed,43,13431.49,Denied,Policy - Debt-to-Income (DTI) > 30%,Restructuring - Add Co-signer or Increase Term
APP_000953,CLI_00689,BR_028,70,Mass,Salaried,48,8105.6,Denied,Policy - Debt-to-Income (DTI) > 30%,Restructuring - Add Co-signer or Increase Term
APP_000954,CLI_00790,BR_010,58,Mass,Gig-worker,3,17545.13,Denied,Score - Disabled Positive Credit Registry,Credit Recovery - BACEN Education Journey
APP_000955,CLI_01356,BR_005,46,Mass-Affluent,Unemployed,38,34533.38,Denied,Policy - Debt-to-Income (DTI) > 30%,Restructuring - Add Co-signer or Increase Term
APP_000957,CLI_00350,BR_033,59,Mass-Affluent,Salaried,22,17296.53,Denied,Registry Error - Data Mismatch with Tax Authority,Fast Update - ID Verification
APP_000958,CLI_02718,BR_017,57,Mass,Self-employed,38,12445.92,Denied,Score - Disabled Positive Credit Registry,Credit Recovery - BACEN Education Journey
APP_000959,CLI_03540,BR_049,64,Mass-Affluent,Salaried,113,41799.49,Denied,Policy - Debt-to-Income (DTI) > 30%,Restructuring - Add Co-signer or Increase Term
APP_000962,CLI_01130,BR_033,55,Mass,Gig-worker,22,2318.3,Denied,Policy - Debt-to-Income (DTI) > 30%,Restructuring - Add Co-signer or Increase Term
APP_000964,CLI_04540,BR_027,40,Mass,Gig-worker,20,39417.63,Denied,Income - Missing Tax Return,Income Proof - Request Tax Return
APP_000969,CLI_04142,BR_015,28,Mass,Unemployed,84,37738.6,Denied,Policy - Debt-to-Income (DTI) > 30%,Restructuring - Add Co-signer or Increase Term
APP_000970,CLI_04853,BR_016,72,Mass,Salaried,39,21980.77,Denied,Registry Error - Data Mismatch with Tax Authority,Fast Update - ID Verification
APP_000971,CLI_01377,BR_016,49,Mass,Gig-worker,89,34162.02,Denied,Income - Missing Tax Return,Income Proof - Request Tax Return
APP_000972,CLI_01227,BR_013,50,Mass-Affluent,Salaried,36,26338.75,Denied,Document Error - Expired or Illegible ID,Fast Update - Request New ID
APP_000973,CLI_00564,BR_014,40,Mass,Gig-worker,27,13174.77,Denied,Income - Missing Tax Return,Income Proof - Request Tax Return
APP_000977,CLI_01438,BR_041,74,Mass-Affluent,Salaried,43,19625.34,Denied,Document Error - Expired or Illegible ID,Fast Update - Request New ID
APP_000978,CLI_00095,BR_004,45,Mass-Affluent,Gig-worker,16,4159.15,Denied,Income - Gig Worker with Inconsistent Cash Flow,Income Proof - Open Finance Connect
APP_000981,CLI_04649,BR_009,19,Mass,Unemployed,15,47376.07,Denied,Registry Error - Data Mismatch with Tax Authority,Fast Update - ID Verification
APP_000982,CLI_02693,BR_048,19,Premium,Salaried,27,6087.53,Denied,Policy - Debt-to-Income (DTI) > 30%,Restructuring - Add Co-signer or Increase Term
APP_000983,CLI_04162,BR_016,73,Mass,Gig-worker,36,17759.66,Denied,Score - Disabled Positive Credit Registry,Credit Recovery - BACEN Education Journey
APP_000984,CLI_03282,BR_049,27,Mass,Gig-worker,20,7562.9,Denied,Policy - Debt-to-Income (DTI) > 30%,Restructuring - Add Co-signer or Increase Term
APP_000985,CLI_01498,BR_018,70,Mass,Gig-worker,85,41940.0,Denied,Income - Gig Worker with Inconsistent Cash Flow,Income Proof - Open Finance Connect
APP_000992,CLI_01499,BR_048,61,Mass,Gig-worker,40,35044.67,Denied,Score - Disabled Positive Credit Registry,Credit Recovery - BACEN Education Journey
APP_000993,CLI_03087,BR_042,24,Premium,Business Owner,6,15955.16,Denied,Policy - Debt-to-Income (DTI) > 30%,Restructuring - Add Co-signer or Increase Term
APP_000996,CLI_01949,BR_037,63,Mass,Self-employed,18,30897.01,Denied,Income - Gig Worker with Inconsistent Cash Flow,Income Proof - Open Finance Connect
APP_000999,CLI_00694,BR_022,62,Mass,Business Owner,117,32447.53,Denied,Registry Error - Data Mismatch with Tax Authority,Fast Update - ID Verification
APP_001001,CLI_03934,BR_018,59,Mass-Affluent,Gig-worker,59,13915.87,Denied,Policy - Debt-to-Income (DTI) > 30%,Restructuring - Add Co-signer or Increase Term
APP_001002,CLI_03733,BR_016,73,Mass-Affluent,Gig-worker,27,45358.96,Denied,Income - Gig Worker with Inconsistent Cash Flow,Income Proof - Open Finance Connect
APP_001003,CLI_02660,BR_005,42,Mass,Salaried,108,1796.99,Denied,Registry Error - Data Mismatch with Tax Authority,Fast Update - ID Verification
APP_001005,CLI_04052,BR_019,74,Private,Salaried,84,47231.77,Denied,Document Error - Expired or Illegible ID,Fast Update - Request New ID
APP_001007,CLI_04200,BR_021,65,Private,Salaried,2,27103.23,Denied,Registry Error - Data Mismatch with Tax Authority,Fast Update - ID Verification
APP_001008,CLI_02699,BR_013,59,Mass,Salaried,119,10973.2,Denied,Score - Forgotten Micro-Debt,Credit Recovery - Micro-settlement
APP_001015,CLI_03622,BR_006,67,Mass,Salaried,46,30499.55,Denied,Score - Forgotten Micro-Debt,Credit Recovery - Micro-settlement
APP_001017,CLI_01679,BR_015,43,Mass,Self-employed,113,47761.95,Denied,Income - Gig Worker with Inconsistent Cash Flow,Income Proof - Open Finance Connect
APP_001020,CLI_03546,BR_036,66,Mass,Self-employed,86,30345.3,Denied,Income - Missing Tax Return,Income Proof - Request Tax Return
APP_001021,CLI_02994,BR_028,67,Mass,Salaried,47,25884.4,Denied,Score - Forgotten Micro-Debt,Credit Recovery - Micro-settlement
APP_001027,CLI_02208,BR_027,71,Mass-Affluent,Salaried,40,11896.7,Denied,Registry Error - Data Mismatch with Tax Authority,Fast Update - ID Verification
APP_001028,CLI_02985,BR_021,27,Mass,Business Owner,57,17293.89,Denied,Document Error - Expired or Illegible ID,Fast Update - Request New ID
APP_001034,CLI_02258,BR_044,61,Mass,Self-employed,66,49071.69,Denied,Income - Missing Tax Return,Income Proof - Request Tax Return
APP_001035,CLI_02198,BR_034,21,Mass,Unemployed,106,49568.7,Denied,Policy - Debt-to-Income (DTI) > 30%,Restructuring - Add Co-signer or Increase Term
APP_001038,CLI_04398,BR_009,28,Premium,Unemployed,31,47994.03,Denied,Registry Error - Data Mismatch with Tax Authority,Fast Update - ID Verification
APP_001041,CLI_03803,BR_046,26,Mass-Affluent,Salaried,17,34779.65,Denied,Document Error - Expired or Illegible ID,Fast Update - Request New ID
APP_001042,CLI_02813,BR_016,51,Mass-Affluent,Gig-worker,22,11081.56,Denied,Income - Missing Tax Return,Income Proof - Request Tax Return
APP_001044,CLI_00257,BR_018,50,Mass,Salaried,78,12150.45,Denied,Policy - Debt-to-Income (DTI) > 30%,Restructuring - Add Co-signer or Increase Term
APP_001045,CLI_00940,BR_034,31,Mass,Self-employed,96,13004.03,Denied,Income - Gig Worker with Inconsistent Cash Flow,Income Proof - Open Finance Connect
APP_001046,CLI_02895,BR_038,42,Mass,Self-employed,47,1228.12,Denied,Income - Missing Tax Return,Income Proof - Request Tax Return
APP_001050,CLI_00732,BR_013,70,Mass-Affluent,Self-employed,65,5262.38,Denied,Income - Gig Worker with Inconsistent Cash Flow,Income Proof - Open Finance Connect
APP_001051,CLI_02043,BR_017,46,Premium,Unemployed,63,28244.9,Denied,Registry Error - Data Mismatch with Tax Authority,Fast Update - ID Verification
APP_001054,CLI_01084,BR_022,62,Mass,Unemployed,15,5881.47,Denied,Document Error - Expired or Illegible ID,Fast Update - Request New ID
APP_001055,CLI_04863,BR_043,51,Mass-Affluent,Self-employed,57,22476.89,Denied,Policy - Debt-to-Income (DTI) > 30%,Restructuring - Add Co-signer or Increase Term
APP_001058,CLI_00372,BR_029,45,Mass,Self-employed,10,15823.58,Denied,Score - Disabled Positive Credit Registry,Credit Recovery - BACEN Education Journey
APP_001061,CLI_00089,BR_008,61,Mass,Salaried,57,45851.25,Denied,Score - Forgotten Micro-Debt,Credit Recovery - Micro-settlement
APP_001064,CLI_00188,BR_013,50,Mass-Affluent,Salaried,61,40619.09,Denied,Registry Error - Data Mismatch with Tax Authority,Fast Update - ID Verification
APP_001069,CLI_03553,BR_026,63,Mass,Gig-worker,30,14357.06,Denied,Score - Disabled Positive Credit Registry,Credit Recovery - BACEN Education Journey
APP_001070,CLI_00055,BR_032,32,Mass,Salaried,57,23345.86,Denied,Score - Forgotten Micro-Debt,Credit Recovery - Micro-settlement
APP_001071,CLI_04367,BR_019,57,Premium,Business Owner,96,15559.79,Denied,Policy - Debt-to-Income (DTI) > 30%,Restructuring - Add Co-signer or Increase Term
APP_001072,CLI_04032,BR_015,50,Mass,Salaried,2,8351.09,Denied,Policy - Debt-to-Income (DTI) > 30%,Restructuring - Add Co-signer or Increase Term
APP_001073,CLI_01124,BR_002,26,Mass,Salaried,26,15267.73,Denied,Policy - Debt-to-Income (DTI) > 30%,Restructuring - Add Co-signer or Increase Term
APP_001074,CLI_03141,BR_037,32,Mass,Unemployed,110,29424.5,Denied,Policy - Debt-to-Income (DTI) > 30%,Restructuring - Add Co-signer or Increase Term
APP_001076,CLI_01553,BR_033,38,Mass,Salaried,119,18812.92,Denied,Document Error - Expired or Illegible ID,Fast Update - Request New ID
APP_001078,CLI_03614,BR_050,29,Mass,Salaried,23,23932.03,Denied,Registry Error - Data Mismatch with Tax Authority,Fast Update - ID Verification
APP_001081,CLI_00360,BR_039,53,Mass,Salaried,70,17013.18,Denied,Score - Forgotten Micro-Debt,Credit Recovery - Micro-settlement
APP_001085,CLI_01419,BR_044,63,Mass,Salaried,28,9069.07,Denied,Policy - Debt-to-Income (DTI) > 30%,Restructuring - Add Co-signer or Increase Term
APP_001086,CLI_04040,BR_020,58,Mass,Salaried,11,13589.32,Denied,Registry Error - Data Mismatch with Tax Authority,Fast Update - ID Verification
APP_001087,CLI_02917,BR_047,23,Private,Salaried,51,21876.96,Denied,Policy - Debt-to-Income (DTI) > 30%,Restructuring - Add Co-signer or Increase Term
APP_001092,CLI_03678,BR_002,55,Premium,Gig-worker,119,23548.6,Denied,Income - Gig Worker with Inconsistent Cash Flow,Income Proof - Open Finance Connect
APP_001098,CLI_04529,BR_006,68,Mass,Business Owner,1,32435.28,Denied,Score - Forgotten Micro-Debt,Credit Recovery - Micro-settlement
APP_001099,CLI_00374,BR_038,19,Mass,Gig-worker,79,47502.45,Denied,Income - Gig Worker with Inconsistent Cash Flow,Income Proof - Open Finance Connect
APP_001100,CLI_02266,BR_009,53,Premium,Salaried,96,19800.68,Denied,Document Error - Expired or Illegible ID,Fast Update - Request New ID
APP_001105,CLI_00788,BR_038,50,Mass,Salaried,67,19473.97,Denied,Policy - Debt-to-Income (DTI) > 30%,Restructuring - Add Co-signer or Increase Term
APP_001108,CLI_04955,BR_050,21,Private,Unemployed,59,10627.11,Denied,Document Error - Expired or Illegible ID,Fast Update - Request New ID
APP_001111,CLI_04375,BR_030,54,Mass,Self-employed,42,5214.89,Denied,Income - Missing Tax Return,Income Proof - Request Tax Return
APP_001112,CLI_01703,BR_042,34,Mass-Affluent,Gig-worker,51,2491.0,Denied,Policy - Debt-to-Income (DTI) > 30%,Restructuring - Add Co-signer or Increase Term
APP_001114,CLI_01929,BR_025,40,Mass-Affluent,Salaried,32,17222.01,Denied,Registry Error - Data Mismatch with Tax Authority,Fast Update - ID Verification
APP_001115,CLI_04056,BR_031,37,Mass,Salaried,93,21478.95,Denied,Registry Error - Data Mismatch with Tax Authority,Fast Update - ID Verification
APP_001116,CLI_00607,BR_047,70,Mass,Salaried,76,20879.82,Denied,Policy - Debt-to-Income (DTI) > 30%,Restructuring - Add Co-signer or Increase Term
APP_001117,CLI_02577,BR_012,30,Mass,Gig-worker,89,5244.39,Denied,Income - Missing Tax Return,Income Proof - Request Tax Return
APP_001118,CLI_04125,BR_015,21,Private,Salaried,57,1174.76,Denied,Document Error - Expired or Illegible ID,Fast Update - Request New ID
APP_001119,CLI_00323,BR_026,42,Mass,Unemployed,2,45022.74,Denied,Score - Forgotten Micro-Debt,Credit Recovery - Micro-settlement
APP_001120,CLI_01877,BR_010,22,Mass,Gig-worker,80,11672.13,Denied,Policy - Debt-to-Income (DTI) > 30%,Restructuring - Add Co-signer or Increase Term
APP_001121,CLI_00584,BR_012,66,Mass-Affluent,Business Owner,106,21877.87,Denied,Score - Forgotten Micro-Debt,Credit Recovery - Micro-settlement
APP_001125,CLI_00223,BR_035,65,Premium,Salaried,2,25917.43,Denied,Policy - Debt-to-Income (DTI) > 30%,Restructuring - Add Co-signer or Increase Term
APP_001127,CLI_02221,BR_018,25,Mass-Affluent,Salaried,49,35221.25,Denied,Document Error - Expired or Illegible ID,Fast Update - Request New ID
APP_001129,CLI_02443,BR_035,67,Mass-Affluent,Salaried,118,23415.28,Denied,Policy - Debt-to-Income (DTI) > 30%,Restructuring - Add Co-signer or Increase Term
APP_001130,CLI_04929,BR_047,49,Mass-Affluent,Self-employed,118,9620.22,Denied,Income - Missing Tax Return,Income Proof - Request Tax Return
APP_001131,CLI_03986,BR_002,63,Premium,Self-employed,93,23778.75,Denied,Income - Missing Tax Return,Income Proof - Request Tax Return
APP_001132,CLI_00167,BR_032,39,Mass-Affluent,Salaried,65,32746.48,Denied,Score - Forgotten Micro-Debt,Credit Recovery - Micro-settlement
APP_001135,CLI_01810,BR_024,71,Premium,Salaried,19,4182.67,Denied,Score - Forgotten Micro-Debt,Credit Recovery - Micro-settlement
APP_001136,CLI_02207,BR_020,35,Mass-Affluent,Unemployed,75,48297.63,Denied,Policy - Debt-to-Income (DTI) > 30%,Restructuring - Add Co-signer or Increase Term
APP_001138,CLI_04007,BR_024,44,Premium,Salaried,119,15428.66,Denied,Registry Error - Data Mismatch with Tax Authority,Fast Update - ID Verification
APP_001140,CLI_04559,BR_024,28,Mass,Salaried,99,21074.18,Denied,Policy - Debt-to-Income (DTI) > 30%,Restructuring - Add Co-signer or Increase Term
APP_001143,CLI_02298,BR_048,31,Mass-Affluent,Gig-worker,88,28878.55,Denied,Income - Missing Tax Return,Income Proof - Request Tax Return
APP_001144,CLI_01037,BR_034,74,Mass,Unemployed,98,23185.56,Denied,Policy - Debt-to-Income (DTI) > 30%,Restructuring - Add Co-signer or Increase Term
APP_001145,CLI_02615,BR_041,66,Mass,Unemployed,43,46028.36,Denied,Document Error - Expired or Illegible ID,Fast Update - Request New ID
APP_001146,CLI_01880,BR_040,35,Mass,Self-employed,74,14950.27,Denied,Income - Gig Worker with Inconsistent Cash Flow,Income Proof - Open Finance Connect
APP_001153,CLI_01926,BR_026,74,Mass,Unemployed,41,8518.41,Denied,Document Error - Expired or Illegible ID,Fast Update - Request New ID
APP_001158,CLI_02362,BR_007,54,Mass,Salaried,78,45971.04,Denied,Registry Error - Data Mismatch with Tax Authority,Fast Update - ID Verification
APP_001162,CLI_04265,BR_038,64,Premium,Salaried,16,9309.05,Denied,Policy - Debt-to-Income (DTI) > 30%,Restructuring - Add Co-signer or Increase Term
APP_001164,CLI_00246,BR_025,35,Mass,Unemployed,53,40094.12,Denied,Score - Forgotten Micro-Debt,Credit Recovery - Micro-settlement
APP_001165,CLI_04945,BR_029,31,Premium,Salaried,54,25281.35,Denied,Registry Error - Data Mismatch with Tax Authority,Fast Update - ID Verification
APP_001167,CLI_01351,BR_018,23,Mass,Self-employed,118,47580.77,Denied,Policy - Debt-to-Income (DTI) > 30%,Restructuring - Add Co-signer or Increase Term
APP_001170,CLI_03815,BR_016,31,Mass,Salaried,9,14428.1,Denied,Registry Error - Data Mismatch with Tax Authority,Fast Update - ID Verification
APP_001173,CLI_03626,BR_008,50,Mass,Gig-worker,78,15283.75,Denied,Income - Gig Worker with Inconsistent Cash Flow,Income Proof - Open Finance Connect
APP_001174,CLI_03321,BR_034,36,Mass,Salaried,59,26287.0,Denied,Policy - Debt-to-Income (DTI) > 30%,Restructuring - Add Co-signer or Increase Term
APP_001176,CLI_01404,BR_045,67,Mass,Gig-worker,114,39087.64,Denied,Score - Disabled Positive Credit Registry,Credit Recovery - BACEN Education Journey
APP_001177,CLI_00798,BR_045,34,Mass,Gig-worker,4,35797.73,Denied,Score - Disabled Positive Credit Registry,Credit Recovery - BACEN Education Journey
APP_001181,CLI_04138,BR_021,60,Mass,Self-employed,47,10746.68,Denied,Score - Disabled Positive Credit Registry,Credit Recovery - BACEN Education Journey
APP_001184,CLI_00306,BR_006,58,Mass-Affluent,Salaried,41,17012.92,Denied,Registry Error - Data Mismatch with Tax Authority,Fast Update - ID Verification
APP_001185,CLI_04905,BR_039,19,Mass-Affluent,Gig-worker,23,38051.3,Denied,Income - Gig Worker with Inconsistent Cash Flow,Income Proof - Open Finance Connect
APP_001186,CLI_02910,BR_006,45,Mass,Self-employed,14,16395.39,Denied,Income - Gig Worker with Inconsistent Cash Flow,Income Proof - Open Finance Connect
APP_001189,CLI_00731,BR_005,45,Mass,Salaried,56,3826.97,Denied,Registry Error - Data Mismatch with Tax Authority,Fast Update - ID Verification
APP_001194,CLI_02099,BR_004,55,Mass,Salaried,19,24688.74,Denied,Policy - Debt-to-Income (DTI) > 30%,Restructuring - Add Co-signer or Increase Term
APP_001206,CLI_03727,BR_011,37,Mass,Gig-worker,56,27980.07,Denied,Income - Gig Worker with Inconsistent Cash Flow,Income Proof - Open Finance Connect
APP_001207,CLI_04774,BR_010,60,Mass,Salaried,74,9678.91,Denied,Registry Error - Data Mismatch with Tax Authority,Fast Update - ID Verification
APP_001208,CLI_03630,BR_017,25,Mass,Salaried,19,8263.4,Denied,Document Error - Expired or Illegible ID,Fast Update - Request New ID
APP_001210,CLI_04952,BR_034,70,Mass,Gig-worker,13,18959.2,Denied,Income - Gig Worker with Inconsistent Cash Flow,Income Proof - Open Finance Connect
APP_001213,CLI_01085,BR_048,61,Mass,Gig-worker,104,30507.71,Denied,Policy - Debt-to-Income (DTI) > 30%,Restructuring - Add Co-signer or Increase Term
APP_001215,CLI_01318,BR_032,32,Mass,Gig-worker,96,2609.0,Denied,Score - Disabled Positive Credit Registry,Credit Recovery - BACEN Education Journey
APP_001218,CLI_02279,BR_021,71,Mass-Affluent,Self-employed,2,32957.72,Denied,Income - Gig Worker with Inconsistent Cash Flow,Income Proof - Open Finance Connect
APP_001219,CLI_03723,BR_048,32,Private,Gig-worker,42,27782.22,Denied,Income - Gig Worker with Inconsistent Cash Flow,Income Proof - Open Finance Connect
APP_001220,CLI_03694,BR_033,20,Mass-Affluent,Salaried,3,49107.93,Denied,Score - Forgotten Micro-Debt,Credit Recovery - Micro-settlement
APP_001223,CLI_04336,BR_047,48,Mass,Gig-worker,98,31204.23,Denied,Income - Gig Worker with Inconsistent Cash Flow,Income Proof - Open Finance Connect
APP_001224,CLI_03248,BR_050,44,Mass,Salaried,36,6747.18,Denied,Policy - Debt-to-Income (DTI) > 30%,Restructuring - Add Co-signer or Increase Term
APP_001226,CLI_02599,BR_012,66,Mass,Unemployed,57,36960.5,Denied,Registry Error - Data Mismatch with Tax Authority,Fast Update - ID Verification
APP_001227,CLI_02186,BR_046,67,Mass-Affluent,Gig-worker,50,31510.91,Denied,Income - Missing Tax Return,Income Proof - Request Tax Return
APP_001229,CLI_04550,BR_036,40,Premium,Salaried,57,9649.93,Denied,Registry Error - Data Mismatch with Tax Authority,Fast Update - ID Verification
APP_001230,CLI_03825,BR_038,73,Mass-Affluent,Salaried,52,40354.15,Denied,Registry Error - Data Mismatch with Tax Authority,Fast Update - ID Verification
APP_001232,CLI_01250,BR_028,68,Mass-Affluent,Gig-worker,10,41203.48,Denied,Policy - Debt-to-Income (DTI) > 30%,Restructuring - Add Co-signer or Increase Term
APP_001234,CLI_02505,BR_012,38,Mass,Salaried,104,19263.84,Denied,Score - Forgotten Micro-Debt,Credit Recovery - Micro-settlement
APP_001235,CLI_04791,BR_022,22,Mass,Gig-worker,83,2989.66,Denied,Income - Missing Tax Return,Income Proof - Request Tax Return
APP_001236,CLI_04806,BR_044,63,Mass,Business Owner,3,12388.52,Denied,Registry Error - Data Mismatch with Tax Authority,Fast Update - ID Verification
APP_001238,CLI_04945,BR_029,31,Premium,Salaried,54,41080.74,Denied,Document Error - Expired or Illegible ID,Fast Update - Request New ID
APP_001243,CLI_00155,BR_019,72,Premium,Gig-worker,52,32570.94,Denied,Income - Gig Worker with Inconsistent Cash Flow,Income Proof - Open Finance Connect
APP_001246,CLI_04368,BR_033,24,Mass,Unemployed,90,35393.98,Denied,Policy - Debt-to-Income (DTI) > 30%,Restructuring - Add Co-signer or Increase Term
APP_001250,CLI_01533,BR_015,40,Premium,Self-employed,66,9557.3,Denied,Income - Missing Tax Return,Income Proof - Request Tax Return
APP_001255,CLI_03647,BR_015,72,Mass,Self-employed,70,33126.9,Denied,Income - Gig Worker with Inconsistent Cash Flow,Income Proof - Open Finance Connect
APP_001257,CLI_04246,BR_014,41,Mass,Self-employed,65,5608.16,Denied,Income - Gig Worker with Inconsistent Cash Flow,Income Proof - Open Finance Connect
APP_001261,CLI_01514,BR_037,68,Mass-Affluent,Gig-worker,99,12826.68,Denied,Income - Gig Worker with Inconsistent Cash Flow,Income Proof - Open Finance Connect
APP_001264,CLI_03420,BR_026,41,Mass-Affluent,Salaried,85,2558.56,Denied,Document Error - Expired or Illegible ID,Fast Update - Request New ID
APP_001265,CLI_03531,BR_009,27,Mass,Gig-worker,51,27602.9,Denied,Score - Disabled Positive Credit Registry,Credit Recovery - BACEN Education Journey
APP_001266,CLI_02328,BR_041,53,Mass-Affluent,Salaried,69,40491.08,Denied,Registry Error - Data Mismatch with Tax Authority,Fast Update - ID Verification
APP_001267,CLI_03041,BR_049,57,Premium,Gig-worker,119,14530.02,Denied,Policy - Debt-to-Income (DTI) > 30%,Restructuring - Add Co-signer or Increase Term
APP_001268,CLI_01977,BR_040,49,Mass-Affluent,Self-employed,25,44970.72,Denied,Income - Gig Worker with Inconsistent Cash Flow,Income Proof - Open Finance Connect
APP_001269,CLI_01836,BR_015,52,Mass,Gig-worker,13,12576.76,Denied,Income - Gig Worker with Inconsistent Cash Flow,Income Proof - Open Finance Connect
APP_001271,CLI_00355,BR_037,42,Mass,Self-employed,10,8837.03,Denied,Income - Missing Tax Return,Income Proof - Request Tax Return
APP_001274,CLI_03196,BR_018,46,Mass-Affluent,Salaried,75,40050.33,Denied,Registry Error - Data Mismatch with Tax Authority,Fast Update - ID Verification
APP_001280,CLI_03764,BR_024,30,Mass,Unemployed,88,5932.45,Denied,Registry Error - Data Mismatch with Tax Authority,Fast Update - ID Verification
APP_001287,CLI_00430,BR_021,51,Mass-Affluent,Self-employed,41,19755.81,Denied,Income - Missing Tax Return,Income Proof - Request Tax Return
APP_001288,CLI_02424,BR_001,38,Mass,Self-employed,8,6228.96,Denied,Score - Disabled Positive Credit Registry,Credit Recovery - BACEN Education Journey
APP_001292,CLI_00467,BR_044,65,Mass,Unemployed,38,19734.72,Denied,Document Error - Expired or Illegible ID,Fast Update - Request New ID
APP_001293,CLI_03394,BR_038,54,Mass,Salaried,54,41595.84,Denied,Policy - Debt-to-Income (DTI) > 30%,Restructuring - Add Co-signer or Increase Term
APP_001295,CLI_01519,BR_005,19,Mass,Salaried,21,31613.92,Denied,Document Error - Expired or Illegible ID,Fast Update - Request New ID
APP_001297,CLI_02036,BR_001,28,Mass,Salaried,46,42104.35,Denied,Document Error - Expired or Illegible ID,Fast Update - Request New ID
APP_001298,CLI_00804,BR_030,70,Mass,Salaried,96,19266.36,Denied,Registry Error - Data Mismatch with Tax Authority,Fast Update - ID Verification
APP_001299,CLI_01078,BR_018,19,Premium,Self-employed,83,37516.46,Denied,Score - Disabled Positive Credit Registry,Credit Recovery - BACEN Education Journey
APP_001300,CLI_01633,BR_008,61,Mass,Gig-worker,66,21945.94,Denied,Income - Gig Worker with Inconsistent Cash Flow,Income Proof - Open Finance Connect
APP_001301,CLI_01985,BR_026,34,Mass-Affluent,Salaried,75,42166.77,Denied,Score - Forgotten Micro-Debt,Credit Recovery - Micro-settlement
APP_001302,CLI_00004,BR_040,24,Mass,Gig-worker,116,27007.34,Denied,Income - Missing Tax Return,Income Proof - Request Tax Return
APP_001303,CLI_00603,BR_015,42,Mass,Gig-worker,5,38478.0,Denied,Score - Disabled Positive Credit Registry,Credit Recovery - BACEN Education Journey
APP_001311,CLI_02941,BR_016,52,Mass-Affluent,Self-employed,99,11762.26,Denied,Score - Disabled Positive Credit Registry,Credit Recovery - BACEN Education Journey
APP_001316,CLI_01871,BR_009,28,Mass,Gig-worker,71,5954.98,Denied,Policy - Debt-to-Income (DTI) > 30%,Restructuring - Add Co-signer or Increase Term
APP_001322,CLI_02794,BR_045,73,Mass,Gig-worker,67,48464.25,Denied,Income - Gig Worker with Inconsistent Cash Flow,Income Proof - Open Finance Connect
APP_001323,CLI_03338,BR_015,47,Mass-Affluent,Salaried,31,10883.18,Denied,Policy - Debt-to-Income (DTI) > 30%,Restructuring - Add Co-signer or Increase Term
APP_001326,CLI_00171,BR_048,50,Mass,Salaried,15,11676.76,Denied,Document Error - Expired or Illegible ID,Fast Update - Request New ID
APP_001327,CLI_02810,BR_032,29,Mass,Gig-worker,102,38402.5,Denied,Income - Gig Worker with Inconsistent Cash Flow,Income Proof - Open Finance Connect
APP_001333,CLI_00827,BR_044,45,Mass,Self-employed,39,47869.81,Denied,Policy - Debt-to-Income (DTI) > 30%,Restructuring - Add Co-signer or Increase Term
APP_001337,CLI_03788,BR_009,57,Mass,Self-employed,21,21363.65,Denied,Income - Missing Tax Return,Income Proof - Request Tax Return
APP_001338,CLI_01408,BR_027,21,Mass,Gig-worker,46,32521.71,Denied,Policy - Debt-to-Income (DTI) > 30%,Restructuring - Add Co-signer or Increase Term
APP_001340,CLI_01038,BR_006,50,Mass,Salaried,55,8560.14,Denied,Document Error - Expired or Illegible ID,Fast Update - Request New ID
APP_001344,CLI_00023,BR_038,24,Mass,Self-employed,111,9124.42,Denied,Policy - Debt-to-Income (DTI) > 30%,Restructuring - Add Co-signer or Increase Term
APP_001345,CLI_01634,BR_044,68,Premium,Salaried,30,16347.63,Denied,Registry Error - Data Mismatch with Tax Authority,Fast Update - ID Verification
APP_001346,CLI_04002,BR_017,56,Mass-Affluent,Gig-worker,14,11406.6,Denied,Policy - Debt-to-Income (DTI) > 30%,Restructuring - Add Co-signer or Increase Term
APP_001353,CLI_04370,BR_003,24,Mass-Affluent,Salaried,112,48242.12,Denied,Policy - Debt-to-Income (DTI) > 30%,Restructuring - Add Co-signer or Increase Term
APP_001354,CLI_00452,BR_041,74,Mass,Gig-worker,75,41629.5,Denied,Policy - Debt-to-Income (DTI) > 30%,Restructuring - Add Co-signer or Increase Term
APP_001358,CLI_01867,BR_002,32,Mass,Salaried,103,3730.29,Denied,Score - Forgotten Micro-Debt,Credit Recovery - Micro-settlement
APP_001360,CLI_00907,BR_040,71,Mass,Gig-worker,96,27678.21,Denied,Income - Gig Worker with Inconsistent Cash Flow,Income Proof - Open Finance Connect
APP_001362,CLI_00430,BR_041,51,Mass-Affluent,Self-employed,41,41855.63,Denied,Income - Gig Worker with Inconsistent Cash Flow,Income Proof - Open Finance Connect
APP_001367,CLI_00432,BR_036,71,Mass-Affluent,Self-employed,50,36715.73,Denied,Policy - Debt-to-Income (DTI) > 30%,Restructuring - Add Co-signer or Increase Term
APP_001369,CLI_04955,BR_011,21,Private,Unemployed,59,33675.39,Denied,Policy - Debt-to-Income (DTI) > 30%,Restructuring - Add Co-signer or Increase Term
APP_001373,CLI_04672,BR_037,37,Private,Salaried,18,3136.42,Denied,Score - Forgotten Micro-Debt,Credit Recovery - Micro-settlement
APP_001374,CLI_04989,BR_002,24,Mass,Gig-worker,64,5597.62,Denied,Income - Missing Tax Return,Income Proof - Request Tax Return
APP_001375,CLI_00270,BR_015,68,Mass-Affluent,Salaried,94,7058.2,Denied,Policy - Debt-to-Income (DTI) > 30%,Restructuring - Add Co-signer or Increase Term
APP_001379,CLI_04534,BR_048,65,Mass-Affluent,Salaried,92,24215.57,Denied,Score - Forgotten Micro-Debt,Credit Recovery - Micro-settlement
APP_001380,CLI_01043,BR_047,23,Mass,Unemployed,5,24742.33,Denied,Registry Error - Data Mismatch with Tax Authority,Fast Update - ID Verification
APP_001384,CLI_01384,BR_047,49,Mass,Business Owner,4,38089.39,Denied,Policy - Debt-to-Income (DTI) > 30%,Restructuring - Add Co-signer or Increase Term
APP_001385,CLI_03997,BR_024,29,Mass-Affluent,Gig-worker,88,39222.05,Denied,Income - Gig Worker with Inconsistent Cash Flow,Income Proof - Open Finance Connect
APP_001387,CLI_01675,BR_029,33,Mass,Business Owner,114,8045.73,Denied,Registry Error - Data Mismatch with Tax Authority,Fast Update - ID Verification
APP_001389,CLI_01481,BR_048,64,Mass-Affluent,Self-employed,62,18228.42,Denied,Income - Gig Worker with Inconsistent Cash Flow,Income Proof - Open Finance Connect
APP_001393,CLI_00976,BR_048,31,Mass,Business Owner,74,10412.26,Denied,Policy - Debt-to-Income (DTI) > 30%,Restructuring - Add Co-signer or Increase Term
APP_001395,CLI_02084,BR_029,70,Premium,Self-employed,20,19023.0,Denied,Income - Missing Tax Return,Income Proof - Request Tax Return
APP_001401,CLI_02783,BR_024,33,Mass,Unemployed,93,31733.38,Denied,Document Error - Expired or Illegible ID,Fast Update - Request New ID
APP_001402,CLI_04189,BR_008,21,Mass,Gig-worker,26,20312.41,Denied,Income - Missing Tax Return,Income Proof - Request Tax Return
APP_001404,CLI_03510,BR_009,45,Mass-Affluent,Self-employed,7,6737.27,Denied,Income - Missing Tax Return,Income Proof - Request Tax Return
APP_001405,CLI_03518,BR_022,23,Private,Self-employed,52,28386.58,Denied,Policy - Debt-to-Income (DTI) > 30%,Restructuring - Add Co-signer or Increase Term
APP_001408,CLI_01292,BR_034,48,Mass,Self-employed,9,20889.14,Denied,Income - Gig Worker with Inconsistent Cash Flow,Income Proof - Open Finance Connect
APP_001409,CLI_03465,BR_003,49,Mass,Salaried,43,11402.04,Denied,Policy - Debt-to-Income (DTI) > 30%,Restructuring - Add Co-signer or Increase Term
APP_001410,CLI_01788,BR_037,74,Mass,Salaried,89,31813.6,Denied,Policy - Debt-to-Income (DTI) > 30%,Restructuring - Add Co-signer or Increase Term
APP_001412,CLI_01133,BR_026,47,Mass,Gig-worker,29,25210.22,Denied,Income - Gig Worker with Inconsistent Cash Flow,Income Proof - Open Finance Connect
APP_001414,CLI_03205,BR_046,40,Mass,Unemployed,83,23224.32,Denied,Registry Error - Data Mismatch with Tax Authority,Fast Update - ID Verification
APP_001418,CLI_01615,BR_048,19,Mass,Salaried,44,39775.68,Denied,Policy - Debt-to-Income (DTI) > 30%,Restructuring - Add Co-signer or Increase Term
APP_001420,CLI_02866,BR_024,38,Mass,Self-employed,92,9849.52,Denied,Score - Disabled Positive Credit Registry,Credit Recovery - BACEN Education Journey
APP_001422,CLI_02027,BR_004,46,Mass,Salaried,59,17299.18,Denied,Document Error - Expired or Illegible ID,Fast Update - Request New ID
APP_001424,CLI_02551,BR_019,53,Mass,Self-employed,28,3272.04,Denied,Policy - Debt-to-Income (DTI) > 30%,Restructuring - Add Co-signer or Increase Term
APP_001427,CLI_03852,BR_045,29,Mass,Self-employed,26,14684.4,Denied,Policy - Debt-to-Income (DTI) > 30%,Restructuring - Add Co-signer or Increase Term
APP_001428,CLI_01037,BR_037,74,Mass,Unemployed,98,6355.08,Denied,Registry Error - Data Mismatch with Tax Authority,Fast Update - ID Verification
APP_001431,CLI_03270,BR_034,33,Mass,Self-employed,78,31143.61,Denied,Income - Gig Worker with Inconsistent Cash Flow,Income Proof - Open Finance Connect
APP_001432,CLI_02555,BR_007,40,Premium,Self-employed,26,12138.84,Denied,Policy - Debt-to-Income (DTI) > 30%,Restructuring - Add Co-signer or Increase Term
APP_001434,CLI_03863,BR_028,20,Mass,Gig-worker,16,40234.89,Denied,Income - Missing Tax Return,Income Proof - Request Tax Return
APP_001435,CLI_01768,BR_029,47,Mass,Salaried,110,37928.81,Denied,Policy - Debt-to-Income (DTI) > 30%,Restructuring - Add Co-signer or Increase Term
APP_001436,CLI_04709,BR_037,53,Mass,Gig-worker,28,42534.0,Denied,Income - Gig Worker with Inconsistent Cash Flow,Income Proof - Open Finance Connect
APP_001443,CLI_02159,BR_023,69,Mass,Gig-worker,32,30105.11,Denied,Score - Disabled Positive Credit Registry,Credit Recovery - BACEN Education Journey
APP_001444,CLI_01952,BR_046,58,Mass,Gig-worker,73,46060.74,Denied,Income - Gig Worker with Inconsistent Cash Flow,Income Proof - Open Finance Connect
APP_001447,CLI_01622,BR_011,42,Mass-Affluent,Salaried,84,32784.61,Denied,Score - Forgotten Micro-Debt,Credit Recovery - Micro-settlement
APP_001448,CLI_04137,BR_002,52,Mass,Gig-worker,18,33851.26,Denied,Income - Missing Tax Return,Income Proof - Request Tax Return
APP_001453,CLI_01714,BR_015,57,Premium,Business Owner,64,3219.46,Denied,Registry Error - Data Mismatch with Tax Authority,Fast Update - ID Verification
APP_001459,CLI_01475,BR_029,36,Mass,Salaried,109,45356.02,Denied,Score - Forgotten Micro-Debt,Credit Recovery - Micro-settlement
APP_001462,CLI_03055,BR_027,62,Mass,Salaried,1,44723.05,Denied,Document Error - Expired or Illegible ID,Fast Update - Request New ID
APP_001464,CLI_03710,BR_029,68,Mass-Affluent,Self-employed,71,48495.42,Denied,Income - Missing Tax Return,Income Proof - Request Tax Return
APP_001465,CLI_00339,BR_005,19,Mass,Salaried,54,36174.35,Denied,Document Error - Expired or Illegible ID,Fast Update - Request New ID
APP_001466,CLI_03512,BR_049,58,Mass,Gig-worker,70,8018.15,Denied,Policy - Debt-to-Income (DTI) > 30%,Restructuring - Add Co-signer or Increase Term
APP_001471,CLI_00643,BR_002,54,Mass,Salaried,32,14716.25,Denied,Registry Error - Data Mismatch with Tax Authority,Fast Update - ID Verification
APP_001476,CLI_00252,BR_013,33,Mass,Self-employed,6,45768.36,Denied,Income - Gig Worker with Inconsistent Cash Flow,Income Proof - Open Finance Connect
APP_001478,CLI_03142,BR_035,34,Premium,Unemployed,9,29302.93,Denied,Registry Error - Data Mismatch with Tax Authority,Fast Update - ID Verification
APP_001479,CLI_01567,BR_046,62,Mass,Gig-worker,40,18688.09,Denied,Score - Disabled Positive Credit Registry,Credit Recovery - BACEN Education Journey
APP_001480,CLI_03165,BR_008,49,Mass,Gig-worker,64,33490.48,Denied,Income - Gig Worker with Inconsistent Cash Flow,Income Proof - Open Finance Connect
APP_001482,CLI_02211,BR_041,29,Mass,Self-employed,75,46274.91,Denied,Income - Gig Worker with Inconsistent Cash Flow,Income Proof - Open Finance Connect
APP_001483,CLI_03153,BR_015,69,Premium,Salaried,37,5979.0,Denied,Document Error - Expired or Illegible ID,Fast Update - Request New ID
APP_001485,CLI_00612,BR_008,62,Mass,Unemployed,57,38551.05,Denied,Score - Forgotten Micro-Debt,Credit Recovery - Micro-settlement
APP_001486,CLI_01944,BR_011,29,Mass,Gig-worker,60,19070.56,Denied,Score - Disabled Positive Credit Registry,Credit Recovery - BACEN Education Journey
APP_001490,CLI_00157,BR_047,72,Mass,Gig-worker,3,3196.51,Denied,Income - Missing Tax Return,Income Proof - Request Tax Return
APP_001493,CLI_03111,BR_028,32,Mass,Gig-worker,109,26491.98,Denied,Income - Gig Worker with Inconsistent Cash Flow,Income Proof - Open Finance Connect
APP_001498,CLI_02897,BR_011,70,Mass,Self-employed,76,41542.18,Denied,Score - Disabled Positive Credit Registry,Credit Recovery - BACEN Education Journey
APP_001501,CLI_04412,BR_010,57,Premium,Salaried,77,45865.57,Denied,Policy - Debt-to-Income (DTI) > 30%,Restructuring - Add Co-signer or Increase Term
APP_001502,CLI_03465,BR_032,49,Mass,Salaried,43,20198.24,Denied,Policy - Debt-to-Income (DTI) > 30%,Restructuring - Add Co-signer or Increase Term
APP_001508,CLI_03720,BR_018,61,Mass-Affluent,Self-employed,115,20512.31,Denied,Income - Missing Tax Return,Income Proof - Request Tax Return
APP_001510,CLI_02493,BR_041,35,Mass,Gig-worker,43,35801.83,Denied,Policy - Debt-to-Income (DTI) > 30%,Restructuring - Add Co-signer or Increase Term
APP_001511,CLI_04666,BR_039,60,Mass,Salaried,47,32916.56,Denied,Registry Error - Data Mismatch with Tax Authority,Fast Update - ID Verification
APP_001512,CLI_00649,BR_043,18,Mass-Affluent,Unemployed,115,22598.1,Denied,Score - Forgotten Micro-Debt,Credit Recovery - Micro-settlement
APP_001515,CLI_00529,BR_037,25,Mass,Unemployed,88,14889.95,Denied,Document Error - Expired or Illegible ID,Fast Update - Request New ID
APP_001517,CLI_00419,BR_033,43,Mass,Gig-worker,111,14142.03,Denied,Policy - Debt-to-Income (DTI) > 30%,Restructuring - Add Co-signer or Increase Term
APP_001521,CLI_02300,BR_018,72,Premium,Salaried,34,20389.41,Denied,Policy - Debt-to-Income (DTI) > 30%,Restructuring - Add Co-signer or Increase Term
APP_001522,CLI_01752,BR_025,46,Mass,Gig-worker,8,47293.09,Denied,Income - Missing Tax Return,Income Proof - Request Tax Return
APP_001525,CLI_03976,BR_036,56,Mass-Affluent,Salaried,15,43933.95,Denied,Policy - Debt-to-Income (DTI) > 30%,Restructuring - Add Co-signer or Increase Term
APP_001535,CLI_04670,BR_050,55,Private,Business Owner,103,20519.26,Denied,Policy - Debt-to-Income (DTI) > 30%,Restructuring - Add Co-signer or Increase Term
APP_001537,CLI_02022,BR_010,58,Mass-Affluent,Salaried,4,43953.94,Denied,Registry Error - Data Mismatch with Tax Authority,Fast Update - ID Verification
APP_001540,CLI_03119,BR_011,58,Mass,Salaried,52,1675.6,Denied,Policy - Debt-to-Income (DTI) > 30%,Restructuring - Add Co-signer or Increase Term
APP_001541,CLI_00137,BR_011,66,Mass,Salaried,15,45682.14,Denied,Document Error - Expired or Illegible ID,Fast Update - Request New ID
APP_001542,CLI_04226,BR_012,28,Mass,Self-employed,75,14468.91,Denied,Policy - Debt-to-Income (DTI) > 30%,Restructuring - Add Co-signer or Increase Term
APP_001543,CLI_01219,BR_040,72,Mass-Affluent,Salaried,60,44510.72,Denied,Document Error - Expired or Illegible ID,Fast Update - Request New ID
APP_001544,CLI_01018,BR_048,39,Mass,Unemployed,83,10651.44,Denied,Document Error - Expired or Illegible ID,Fast Update - Request New ID
APP_001545,CLI_03701,BR_008,45,Mass,Self-employed,105,22542.64,Denied,Income - Gig Worker with Inconsistent Cash Flow,Income Proof - Open Finance Connect
APP_001548,CLI_03530,BR_023,19,Mass,Salaried,56,21380.17,Denied,Policy - Debt-to-Income (DTI) > 30%,Restructuring - Add Co-signer or Increase Term
APP_001549,CLI_02588,BR_050,46,Mass,Unemployed,87,34252.57,Denied,Policy - Debt-to-Income (DTI) > 30%,Restructuring - Add Co-signer or Increase Term
APP_001550,CLI_02383,BR_036,72,Mass,Self-employed,29,27898.53,Denied,Policy - Debt-to-Income (DTI) > 30%,Restructuring - Add Co-signer or Increase Term
APP_001551,CLI_02606,BR_017,24,Mass-Affluent,Self-employed,33,14511.08,Denied,Income - Missing Tax Return,Income Proof - Request Tax Return
APP_001552,CLI_03088,BR_045,68,Mass,Gig-worker,21,32670.14,Denied,Income - Gig Worker with Inconsistent Cash Flow,Income Proof - Open Finance Connect
APP_001557,CLI_04154,BR_050,18,Mass-Affluent,Gig-worker,10,20652.31,Denied,Policy - Debt-to-Income (DTI) > 30%,Restructuring - Add Co-signer or Increase Term
APP_001559,CLI_02864,BR_019,26,Mass-Affluent,Unemployed,96,26269.69,Denied,Policy - Debt-to-Income (DTI) > 30%,Restructuring - Add Co-signer or Increase Term
APP_001561,CLI_01369,BR_016,37,Mass,Salaried,76,48300.3,Denied,Registry Error - Data Mismatch with Tax Authority,Fast Update - ID Verification
APP_001562,CLI_03801,BR_033,59,Mass,Self-employed,45,41820.16,Denied,Score - Disabled Positive Credit Registry,Credit Recovery - BACEN Education Journey
APP_001566,CLI_00993,BR_026,72,Mass,Salaried,75,2593.95,Denied,Registry Error - Data Mismatch with Tax Authority,Fast Update - ID Verification
APP_001569,CLI_00394,BR_028,61,Mass-Affluent,Salaried,36,19817.2,Denied,Registry Error - Data Mismatch with Tax Authority,Fast Update - ID Verification
APP_001570,CLI_03687,BR_033,61,Mass,Self-employed,29,23617.66,Denied,Income - Gig Worker with Inconsistent Cash Flow,Income Proof - Open Finance Connect
APP_001571,CLI_04825,BR_046,60,Mass-Affluent,Salaried,17,14319.89,Denied,Document Error - Expired or Illegible ID,Fast Update - Request New ID
APP_001572,CLI_00358,BR_018,24,Mass,Business Owner,96,14432.51,Denied,Policy - Debt-to-Income (DTI) > 30%,Restructuring - Add Co-signer or Increase Term
APP_001579,CLI_00155,BR_015,72,Premium,Gig-worker,52,37799.58,Denied,Income - Gig Worker with Inconsistent Cash Flow,Income Proof - Open Finance Connect
APP_001581,CLI_01555,BR_013,74,Premium,Salaried,110,25462.71,Denied,Policy - Debt-to-Income (DTI) > 30%,Restructuring - Add Co-signer or Increase Term
APP_001583,CLI_01383,BR_004,36,Mass,Self-employed,22,46738.39,Denied,Income - Gig Worker with Inconsistent Cash Flow,Income Proof - Open Finance Connect
APP_001584,CLI_02416,BR_035,62,Mass,Gig-worker,53,3659.22,Denied,Policy - Debt-to-Income (DTI) > 30%,Restructuring - Add Co-signer or Increase Term
APP_001585,CLI_01071,BR_019,71,Premium,Gig-worker,41,8478.44,Denied,Income - Missing Tax Return,Income Proof - Request Tax Return
APP_001586,CLI_02255,BR_031,54,Mass,Gig-worker,32,21560.36,Denied,Income - Gig Worker with Inconsistent Cash Flow,Income Proof - Open Finance Connect
APP_001588,CLI_01876,BR_040,25,Mass,Self-employed,57,1401.82,Denied,Score - Disabled Positive Credit Registry,Credit Recovery - BACEN Education Journey
APP_001596,CLI_02973,BR_043,24,Mass,Business Owner,43,15192.24,Denied,Policy - Debt-to-Income (DTI) > 30%,Restructuring - Add Co-signer or Increase Term
APP_001597,CLI_01515,BR_009,34,Mass,Salaried,115,35765.73,Denied,Document Error - Expired or Illegible ID,Fast Update - Request New ID
APP_001599,CLI_03971,BR_003,58,Mass,Gig-worker,48,24526.03,Denied,Income - Missing Tax Return,Income Proof - Request Tax Return
APP_001600,CLI_04720,BR_005,25,Mass,Business Owner,55,29004.53,Denied,Policy - Debt-to-Income (DTI) > 30%,Restructuring - Add Co-signer or Increase Term
APP_001603,CLI_04183,BR_018,54,Private,Gig-worker,53,5775.34,Denied,Income - Gig Worker with Inconsistent Cash Flow,Income Proof - Open Finance Connect
APP_001605,CLI_04378,BR_021,54,Private,Self-employed,90,30395.65,Denied,Income - Gig Worker with Inconsistent Cash Flow,Income Proof - Open Finance Connect
APP_001608,CLI_04143,BR_040,66,Mass,Unemployed,35,38067.55,Denied,Policy - Debt-to-Income (DTI) > 30%,Restructuring - Add Co-signer or Increase Term
APP_001610,CLI_03168,BR_029,56,Mass,Gig-worker,23,3636.25,Denied,Income - Gig Worker with Inconsistent Cash Flow,Income Proof - Open Finance Connect
APP_001613,CLI_02065,BR_011,61,Mass,Gig-worker,52,7756.65,Denied,Income - Gig Worker with Inconsistent Cash Flow,Income Proof - Open Finance Connect
APP_001621,CLI_03503,BR_010,24,Mass,Unemployed,98,31355.28,Denied,Document Error - Expired or Illegible ID,Fast Update - Request New ID
APP_001626,CLI_01430,BR_019,18,Mass,Unemployed,13,38436.07,Denied,Registry Error - Data Mismatch with Tax Authority,Fast Update - ID Verification
APP_001628,CLI_03199,BR_001,69,Mass,Salaried,64,41027.91,Denied,Score - Forgotten Micro-Debt,Credit Recovery - Micro-settlement
APP_001630,CLI_02069,BR_047,63,Mass,Self-employed,15,4828.42,Denied,Income - Gig Worker with Inconsistent Cash Flow,Income Proof - Open Finance Connect
APP_001632,CLI_03492,BR_003,42,Mass,Unemployed,43,30055.01,Denied,Score - Forgotten Micro-Debt,Credit Recovery - Micro-settlement
APP_001634,CLI_03232,BR_050,22,Mass,Gig-worker,51,45399.14,Denied,Score - Disabled Positive Credit Registry,Credit Recovery - BACEN Education Journey
APP_001638,CLI_04192,BR_010,66,Mass-Affluent,Salaried,13,1395.58,Denied,Score - Forgotten Micro-Debt,Credit Recovery - Micro-settlement
APP_001639,CLI_03424,BR_017,47,Mass-Affluent,Gig-worker,6,39059.01,Denied,Income - Missing Tax Return,Income Proof - Request Tax Return
APP_001640,CLI_04058,BR_049,44,Mass,Unemployed,76,40964.37,Denied,Registry Error - Data Mismatch with Tax Authority,Fast Update - ID Verification
APP_001642,CLI_03666,BR_004,50,Mass,Salaried,55,21197.53,Denied,Policy - Debt-to-Income (DTI) > 30%,Restructuring - Add Co-signer or Increase Term
APP_001646,CLI_04208,BR_010,51,Mass,Salaried,76,48135.21,Denied,Score - Forgotten Micro-Debt,Credit Recovery - Micro-settlement
APP_001648,CLI_01162,BR_033,36,Mass-Affluent,Salaried,81,6957.08,Denied,Registry Error - Data Mismatch with Tax Authority,Fast Update - ID Verification
APP_001650,CLI_04091,BR_012,35,Mass,Salaried,38,33693.15,Denied,Score - Forgotten Micro-Debt,Credit Recovery - Micro-settlement
APP_001651,CLI_02842,BR_017,54,Mass-Affluent,Gig-worker,69,13274.81,Denied,Policy - Debt-to-Income (DTI) > 30%,Restructuring - Add Co-signer or Increase Term
APP_001652,CLI_03203,BR_047,32,Mass,Salaried,59,40844.09,Denied,Policy - Debt-to-Income (DTI) > 30%,Restructuring - Add Co-signer or Increase Term
APP_001653,CLI_02982,BR_016,55,Mass,Self-employed,79,7310.16,Denied,Score - Disabled Positive Credit Registry,Credit Recovery - BACEN Education Journey
APP_001654,CLI_03555,BR_014,39,Mass,Salaried,22,46361.35,Denied,Policy - Debt-to-Income (DTI) > 30%,Restructuring - Add Co-signer or Increase Term
APP_001655,CLI_03473,BR_003,38,Mass,Self-employed,100,10850.56,Denied,Policy - Debt-to-Income (DTI) > 30%,Restructuring - Add Co-signer or Increase Term
APP_001657,CLI_04388,BR_050,57,Mass-Affluent,Salaried,68,17636.58,Denied,Document Error - Expired or Illegible ID,Fast Update - Request New ID
APP_001659,CLI_01015,BR_046,64,Mass,Gig-worker,69,26820.12,Denied,Score - Disabled Positive Credit Registry,Credit Recovery - BACEN Education Journey
APP_001661,CLI_02027,BR_035,46,Mass,Salaried,59,25055.16,Denied,Policy - Debt-to-Income (DTI) > 30%,Restructuring - Add Co-signer or Increase Term
APP_001662,CLI_03714,BR_026,74,Mass,Business Owner,100,33369.76,Denied,Score - Forgotten Micro-Debt,Credit Recovery - Micro-settlement
APP_001664,CLI_04123,BR_031,54,Mass-Affluent,Salaried,23,2368.21,Denied,Registry Error - Data Mismatch with Tax Authority,Fast Update - ID Verification
APP_001665,CLI_01701,BR_017,59,Mass,Salaried,104,48729.14,Denied,Score - Forgotten Micro-Debt,Credit Recovery - Micro-settlement
APP_001666,CLI_00455,BR_037,45,Premium,Salaried,67,41151.26,Denied,Registry Error - Data Mismatch with Tax Authority,Fast Update - ID Verification
APP_001667,CLI_00918,BR_008,44,Mass,Gig-worker,53,4597.52,Denied,Income - Missing Tax Return,Income Proof - Request Tax Return
APP_001668,CLI_00014,BR_019,25,Mass,Self-employed,28,23009.64,Denied,Score - Disabled Positive Credit Registry,Credit Recovery - BACEN Education Journey
APP_001669,CLI_04375,BR_026,54,Mass,Self-employed,42,32115.93,Denied,Score - Disabled Positive Credit Registry,Credit Recovery - BACEN Education Journey
APP_001670,CLI_00490,BR_004,33,Mass,Self-employed,39,10339.12,Denied,Income - Gig Worker with Inconsistent Cash Flow,Income Proof - Open Finance Connect
APP_001672,CLI_00961,BR_047,52,Mass,Self-employed,8,27148.78,Denied,Income - Gig Worker with Inconsistent Cash Flow,Income Proof - Open Finance Connect
APP_001674,CLI_01870,BR_030,22,Mass,Self-employed,8,7919.31,Denied,Income - Gig Worker with Inconsistent Cash Flow,Income Proof - Open Finance Connect
APP_001675,CLI_03305,BR_048,46,Mass,Gig-worker,91,38189.15,Denied,Policy - Debt-to-Income (DTI) > 30%,Restructuring - Add Co-signer or Increase Term
APP_001676,CLI_02645,BR_042,59,Mass,Self-employed,37,16806.74,Denied,Income - Gig Worker with Inconsistent Cash Flow,Income Proof - Open Finance Connect
APP_001677,CLI_04346,BR_024,71,Premium,Salaried,63,12957.99,Denied,Policy - Debt-to-Income (DTI) > 30%,Restructuring - Add Co-signer or Increase Term
APP_001684,CLI_03111,BR_011,32,Mass,Gig-worker,109,21946.99,Denied,Income - Gig Worker with Inconsistent Cash Flow,Income Proof - Open Finance Connect
APP_001686,CLI_04279,BR_050,29,Mass,Self-employed,112,11367.61,Denied,Income - Missing Tax Return,Income Proof - Request Tax Return
APP_001688,CLI_02693,BR_019,19,Premium,Salaried,27,33024.36,Denied,Policy - Debt-to-Income (DTI) > 30%,Restructuring - Add Co-signer or Increase Term
APP_001689,CLI_00030,BR_044,72,Mass,Business Owner,98,27435.43,Denied,Registry Error - Data Mismatch with Tax Authority,Fast Update - ID Verification
APP_001696,CLI_03820,BR_035,57,Mass,Salaried,92,33041.31,Denied,Document Error - Expired or Illegible ID,Fast Update - Request New ID
APP_001697,CLI_00024,BR_036,26,Premium,Unemployed,24,21902.96,Denied,Score - Forgotten Micro-Debt,Credit Recovery - Micro-settlement
APP_001700,CLI_02911,BR_025,30,Mass,Self-employed,118,11133.44,Denied,Income - Missing Tax Return,Income Proof - Request Tax Return
APP_001701,CLI_01971,BR_040,47,Mass,Salaried,106,17724.32,Denied,Score - Forgotten Micro-Debt,Credit Recovery - Micro-settlement
APP_001703,CLI_03142,BR_004,34,Premium,Unemployed,9,31646.66,Denied,Registry Error - Data Mismatch with Tax Authority,Fast Update - ID Verification
APP_001705,CLI_03970,BR_011,66,Mass-Affluent,Salaried,101,9694.4,Denied,Score - Forgotten Micro-Debt,Credit Recovery - Micro-settlement
APP_001707,CLI_00571,BR_008,40,Mass,Gig-worker,63,34483.94,Denied,Income - Gig Worker with Inconsistent Cash Flow,Income Proof - Open Finance Connect
APP_001709,CLI_01243,BR_040,64,Mass-Affluent,Self-employed,92,40126.1,Denied,Income - Gig Worker with Inconsistent Cash Flow,Income Proof - Open Finance Connect
APP_001710,CLI_00713,BR_009,48,Mass,Gig-worker,65,9921.97,Denied,Income - Gig Worker with Inconsistent Cash Flow,Income Proof - Open Finance Connect
APP_001716,CLI_01360,BR_042,45,Mass-Affluent,Gig-worker,62,8347.12,Denied,Income - Gig Worker with Inconsistent Cash Flow,Income Proof - Open Finance Connect
APP_001720,CLI_01298,BR_038,57,Mass,Self-employed,82,24903.84,Denied,Income - Missing Tax Return,Income Proof - Request Tax Return
APP_001721,CLI_00358,BR_001,24,Mass,Business Owner,96,18128.35,Denied,Score - Forgotten Micro-Debt,Credit Recovery - Micro-settlement
APP_001724,CLI_04065,BR_007,47,Mass,Business Owner,21,42301.74,Denied,Score - Forgotten Micro-Debt,Credit Recovery - Micro-settlement
APP_001730,CLI_04140,BR_034,48,Mass-Affluent,Gig-worker,101,18441.92,Denied,Score - Disabled Positive Credit Registry,Credit Recovery - BACEN Education Journey
APP_001732,CLI_03735,BR_017,64,Mass,Salaried,81,22786.69,Denied,Registry Error - Data Mismatch with Tax Authority,Fast Update - ID Verification
APP_001733,CLI_01968,BR_032,51,Mass,Salaried,25,37042.11,Denied,Policy - Debt-to-Income (DTI) > 30%,Restructuring - Add Co-signer or Increase Term
APP_001740,CLI_02850,BR_026,35,Mass,Business Owner,28,14812.21,Denied,Policy - Debt-to-Income (DTI) > 30%,Restructuring - Add Co-signer or Increase Term
APP_001741,CLI_01193,BR_021,68,Mass,Unemployed,20,45057.02,Denied,Registry Error - Data Mismatch with Tax Authority,Fast Update - ID Verification
APP_001747,CLI_02721,BR_012,53,Mass-Affluent,Salaried,33,21864.71,Denied,Policy - Debt-to-Income (DTI) > 30%,Restructuring - Add Co-signer or Increase Term
APP_001748,CLI_02439,BR_011,43,Mass,Salaried,73,46665.75,Denied,Registry Error - Data Mismatch with Tax Authority,Fast Update - ID Verification
APP_001749,CLI_01796,BR_027,56,Mass,Salaried,70,8911.5,Denied,Score - Forgotten Micro-Debt,Credit Recovery - Micro-settlement
APP_001750,CLI_00254,BR_023,53,Mass-Affluent,Salaried,5,8685.76,Denied,Document Error - Expired or Illegible ID,Fast Update - Request New ID
APP_001752,CLI_01424,BR_016,45,Mass,Salaried,2,25974.33,Denied,Registry Error - Data Mismatch with Tax Authority,Fast Update - ID Verification
APP_001753,CLI_03238,BR_028,49,Mass,Salaried,83,10109.48,Denied,Policy - Debt-to-Income (DTI) > 30%,Restructuring - Add Co-signer or Increase Term
APP_001755,CLI_01028,BR_045,54,Mass,Gig-worker,43,39377.35,Denied,Score - Disabled Positive Credit Registry,Credit Recovery - BACEN Education Journey
APP_001757,CLI_03995,BR_006,70,Mass,Unemployed,72,43334.49,Denied,Policy - Debt-to-Income (DTI) > 30%,Restructuring - Add Co-signer or Increase Term
APP_001759,CLI_01094,BR_029,37,Mass-Affluent,Self-employed,14,43480.35,Denied,Income - Gig Worker with Inconsistent Cash Flow,Income Proof - Open Finance Connect
APP_001761,CLI_02913,BR_003,31,Mass,Self-employed,44,30745.94,Denied,Income - Gig Worker with Inconsistent Cash Flow,Income Proof - Open Finance Connect
APP_001763,CLI_04068,BR_048,34,Mass,Salaried,94,21846.33,Denied,Policy - Debt-to-Income (DTI) > 30%,Restructuring - Add Co-signer or Increase Term
APP_001764,CLI_03077,BR_038,37,Mass,Gig-worker,97,4605.49,Denied,Income - Gig Worker with Inconsistent Cash Flow,Income Proof - Open Finance Connect
APP_001772,CLI_02358,BR_043,54,Premium,Salaried,27,13677.06,Denied,Policy - Debt-to-Income (DTI) > 30%,Restructuring - Add Co-signer or Increase Term
APP_001774,CLI_04936,BR_033,37,Mass,Salaried,10,35257.34,Denied,Registry Error - Data Mismatch with Tax Authority,Fast Update - ID Verification
APP_001777,CLI_04829,BR_005,65,Mass,Unemployed,99,12446.39,Denied,Score - Forgotten Micro-Debt,Credit Recovery - Micro-settlement
APP_001779,CLI_03655,BR_017,30,Mass,Gig-worker,26,19877.45,Denied,Income - Gig Worker with Inconsistent Cash Flow,Income Proof - Open Finance Connect
APP_001781,CLI_03780,BR_019,25,Mass-Affluent,Salaried,117,14436.41,Denied,Document Error - Expired or Illegible ID,Fast Update - Request New ID
APP_001782,CLI_00621,BR_035,46,Mass,Salaried,46,11685.31,Denied,Policy - Debt-to-Income (DTI) > 30%,Restructuring - Add Co-signer or Increase Term
APP_001783,CLI_01889,BR_043,67,Mass-Affluent,Gig-worker,98,11491.31,Denied,Income - Gig Worker with Inconsistent Cash Flow,Income Proof - Open Finance Connect
APP_001784,CLI_03585,BR_034,42,Premium,Self-employed,35,5176.2,Denied,Income - Gig Worker with Inconsistent Cash Flow,Income Proof - Open Finance Connect
APP_001785,CLI_00182,BR_046,36,Mass-Affluent,Gig-worker,104,44925.18,Denied,Income - Gig Worker with Inconsistent Cash Flow,Income Proof - Open Finance Connect
APP_001786,CLI_02729,BR_006,21,Mass,Gig-worker,113,49011.92,Denied,Income - Gig Worker with Inconsistent Cash Flow,Income Proof - Open Finance Connect
APP_001787,CLI_02296,BR_019,61,Premium,Salaried,101,47770.93,Denied,Score - Forgotten Micro-Debt,Credit Recovery - Micro-settlement
APP_001792,CLI_03554,BR_033,69,Mass,Gig-worker,93,11208.78,Denied,Income - Missing Tax Return,Income Proof - Request Tax Return
APP_001794,CLI_03306,BR_041,31,Mass,Self-employed,80,32400.98,Denied,Score - Disabled Positive Credit Registry,Credit Recovery - BACEN Education Journey
APP_001798,CLI_02621,BR_038,21,Mass,Gig-worker,94,24223.53,Denied,Income - Gig Worker with Inconsistent Cash Flow,Income Proof - Open Finance Connect
APP_001799,CLI_04216,BR_026,51,Private,Unemployed,16,36147.88,Denied,Document Error - Expired or Illegible ID,Fast Update - Request New ID
APP_001801,CLI_01009,BR_020,21,Mass,Gig-worker,79,8520.94,Denied,Policy - Debt-to-Income (DTI) > 30%,Restructuring - Add Co-signer or Increase Term
APP_001802,CLI_01214,BR_024,55,Mass,Gig-worker,64,46419.11,Denied,Income - Gig Worker with Inconsistent Cash Flow,Income Proof - Open Finance Connect
APP_001807,CLI_01516,BR_006,31,Mass,Salaried,11,21515.94,Denied,Policy - Debt-to-Income (DTI) > 30%,Restructuring - Add Co-signer or Increase Term
APP_001809,CLI_02841,BR_010,39,Mass-Affluent,Unemployed,111,1936.0,Denied,Registry Error - Data Mismatch with Tax Authority,Fast Update - ID Verification
APP_001811,CLI_00814,BR_033,31,Premium,Salaried,98,15263.28,Denied,Policy - Debt-to-Income (DTI) > 30%,Restructuring - Add Co-signer or Increase Term
APP_001813,CLI_01012,BR_016,58,Premium,Salaried,99,5299.03,Denied,Registry Error - Data Mismatch with Tax Authority,Fast Update - ID Verification
APP_001816,CLI_03719,BR_012,22,Mass,Unemployed,74,45150.73,Denied,Score - Forgotten Micro-Debt,Credit Recovery - Micro-settlement
APP_001818,CLI_03811,BR_040,74,Mass,Gig-worker,20,29878.69,Denied,Score - Disabled Positive Credit Registry,Credit Recovery - BACEN Education Journey
APP_001820,CLI_01117,BR_040,19,Mass,Self-employed,66,18980.9,Denied,Score - Disabled Positive Credit Registry,Credit Recovery - BACEN Education Journey
APP_001822,CLI_01157,BR_010,47,Mass-Affluent,Unemployed,35,39519.31,Denied,Registry Error - Data Mismatch with Tax Authority,Fast Update - ID Verification
APP_001824,CLI_02467,BR_010,43,Mass,Salaried,112,33721.31,Denied,Policy - Debt-to-Income (DTI) > 30%,Restructuring - Add Co-signer or Increase Term
APP_001828,CLI_01085,BR_001,61,Mass,Gig-worker,104,40290.77,Denied,Income - Missing Tax Return,Income Proof - Request Tax Return
APP_001833,CLI_04436,BR_026,46,Premium,Self-employed,44,30629.04,Denied,Income - Missing Tax Return,Income Proof - Request Tax Return
APP_001834,CLI_02496,BR_040,40,Mass,Salaried,6,10265.46,Denied,Document Error - Expired or Illegible ID,Fast Update - Request New ID
APP_001835,CLI_00077,BR_034,24,Mass,Business Owner,13,3930.17,Denied,Registry Error - Data Mismatch with Tax Authority,Fast Update - ID Verification
APP_001842,CLI_02738,BR_029,25,Premium,Salaried,25,33754.8,Denied,Policy - Debt-to-Income (DTI) > 30%,Restructuring - Add Co-signer or Increase Term
APP_001843,CLI_01353,BR_001,41,Mass,Gig-worker,80,32422.72,Denied,Income - Missing Tax Return,Income Proof - Request Tax Return
APP_001846,CLI_03869,BR_004,21,Mass-Affluent,Business Owner,49,20838.42,Denied,Score - Forgotten Micro-Debt,Credit Recovery - Micro-settlement
APP_001847,CLI_03138,BR_028,51,Mass,Self-employed,67,23772.45,Denied,Score - Disabled Positive Credit Registry,Credit Recovery - BACEN Education Journey
APP_001849,CLI_04188,BR_001,23,Premium,Self-employed,5,17292.47,Denied,Policy - Debt-to-Income (DTI) > 30%,Restructuring - Add Co-signer or Increase Term
APP_001850,CLI_01003,BR_036,61,Mass,Self-employed,114,8202.95,Denied,Policy - Debt-to-Income (DTI) > 30%,Restructuring - Add Co-signer or Increase Term
APP_001852,CLI_00820,BR_013,30,Mass,Self-employed,8,11394.4,Denied,Score - Disabled Positive Credit Registry,Credit Recovery - BACEN Education Journey
APP_001853,CLI_00423,BR_050,40,Mass,Salaried,73,15407.46,Denied,Registry Error - Data Mismatch with Tax Authority,Fast Update - ID Verification
APP_001855,CLI_02910,BR_005,45,Mass,Self-employed,14,34493.97,Denied,Income - Missing Tax Return,Income Proof - Request Tax Return
APP_001857,CLI_01424,BR_014,45,Mass,Salaried,2,10009.47,Denied,Score - Forgotten Micro-Debt,Credit Recovery - Micro-settlement
APP_001861,CLI_04888,BR_027,39,Mass,Unemployed,70,15335.96,Denied,Policy - Debt-to-Income (DTI) > 30%,Restructuring - Add Co-signer or Increase Term
APP_001869,CLI_00575,BR_017,47,Mass-Affluent,Gig-worker,109,21424.68,Denied,Income - Gig Worker with Inconsistent Cash Flow,Income Proof - Open Finance Connect
APP_001874,CLI_02883,BR_028,48,Mass,Salaried,69,15698.64,Denied,Registry Error - Data Mismatch with Tax Authority,Fast Update - ID Verification
APP_001876,CLI_02856,BR_007,47,Mass,Gig-worker,92,24273.38,Denied,Policy - Debt-to-Income (DTI) > 30%,Restructuring - Add Co-signer or Increase Term
APP_001877,CLI_00765,BR_039,27,Mass-Affluent,Salaried,6,11237.11,Denied,Score - Forgotten Micro-Debt,Credit Recovery - Micro-settlement
APP_001878,CLI_02996,BR_003,38,Mass,Gig-worker,51,5471.15,Denied,Income - Gig Worker with Inconsistent Cash Flow,Income Proof - Open Finance Connect
APP_001879,CLI_03201,BR_007,67,Premium,Salaried,83,21149.57,Denied,Policy - Debt-to-Income (DTI) > 30%,Restructuring - Add Co-signer or Increase Term
APP_001881,CLI_03352,BR_040,50,Mass,Business Owner,27,27338.37,Denied,Document Error - Expired or Illegible ID,Fast Update - Request New ID
APP_001884,CLI_02931,BR_005,19,Mass,Salaried,59,39765.15,Denied,Policy - Debt-to-Income (DTI) > 30%,Restructuring - Add Co-signer or Increase Term
APP_001885,CLI_02300,BR_013,72,Premium,Salaried,34,2288.21,Denied,Policy - Debt-to-Income (DTI) > 30%,Restructuring - Add Co-signer or Increase Term
APP_001886,CLI_00135,BR_045,73,Mass,Business Owner,66,22711.99,Denied,Score - Forgotten Micro-Debt,Credit Recovery - Micro-settlement
APP_001887,CLI_03915,BR_030,51,Premium,Self-employed,108,29784.08,Denied,Income - Missing Tax Return,Income Proof - Request Tax Return
APP_001889,CLI_00804,BR_050,70,Mass,Salaried,96,29122.23,Denied,Document Error - Expired or Illegible ID,Fast Update - Request New ID
APP_001892,CLI_04176,BR_042,67,Mass,Gig-worker,23,20393.41,Denied,Income - Missing Tax Return,Income Proof - Request Tax Return
APP_001893,CLI_03263,BR_023,31,Mass,Gig-worker,115,24488.42,Denied,Income - Gig Worker with Inconsistent Cash Flow,Income Proof - Open Finance Connect
APP_001894,CLI_01477,BR_011,46,Mass,Gig-worker,57,10657.75,Denied,Income - Gig Worker with Inconsistent Cash Flow,Income Proof - Open Finance Connect
APP_001895,CLI_03416,BR_012,61,Mass,Self-employed,58,25540.53,Denied,Policy - Debt-to-Income (DTI) > 30%,Restructuring - Add Co-signer or Increase Term
APP_001900,CLI_01007,BR_049,37,Mass-Affluent,Gig-worker,32,44591.11,Denied,Income - Missing Tax Return,Income Proof - Request Tax Return
APP_001907,CLI_02979,BR_024,44,Mass-Affluent,Gig-worker,107,2709.01,Denied,Income - Gig Worker with Inconsistent Cash Flow,Income Proof - Open Finance Connect
APP_001912,CLI_01749,BR_013,69,Mass,Salaried,99,36085.63,Denied,Policy - Debt-to-Income (DTI) > 30%,Restructuring - Add Co-signer or Increase Term
APP_001913,CLI_02662,BR_023,36,Mass,Business Owner,94,11853.25,Denied,Policy - Debt-to-Income (DTI) > 30%,Restructuring - Add Co-signer or Increase Term
APP_001917,CLI_04079,BR_048,38,Premium,Gig-worker,118,12699.55,Denied,Policy - Debt-to-Income (DTI) > 30%,Restructuring - Add Co-signer or Increase Term
APP_001919,CLI_02946,BR_010,68,Premium,Unemployed,87,3147.66,Denied,Policy - Debt-to-Income (DTI) > 30%,Restructuring - Add Co-signer or Increase Term
APP_001921,CLI_04775,BR_040,18,Mass,Gig-worker,51,40233.44,Denied,Policy - Debt-to-Income (DTI) > 30%,Restructuring - Add Co-signer or Increase Term
APP_001923,CLI_00365,BR_035,63,Mass,Salaried,2,25167.36,Denied,Score - Forgotten Micro-Debt,Credit Recovery - Micro-settlement
APP_001929,CLI_00741,BR_050,54,Mass,Gig-worker,105,7112.41,Denied,Income - Missing Tax Return,Income Proof - Request Tax Return
APP_001930,CLI_04746,BR_040,67,Mass,Salaried,71,38467.76,Denied,Score - Forgotten Micro-Debt,Credit Recovery - Micro-settlement
APP_001932,CLI_00670,BR_038,62,Mass,Business Owner,33,34035.18,Denied,Score - Forgotten Micro-Debt,Credit Recovery - Micro-settlement
APP_001935,CLI_00856,BR_036,56,Mass-Affluent,Unemployed,101,14080.65,Denied,Score - Forgotten Micro-Debt,Credit Recovery - Micro-settlement
APP_001942,CLI_00327,BR_041,20,Mass-Affluent,Self-employed,22,18558.93,Denied,Score - Disabled Positive Credit Registry,Credit Recovery - BACEN Education Journey
APP_001947,CLI_04102,BR_018,49,Mass,Gig-worker,33,40881.27,Denied,Income - Gig Worker with Inconsistent Cash Flow,Income Proof - Open Finance Connect
APP_001949,CLI_04307,BR_046,31,Mass,Self-employed,33,2452.36,Denied,Income - Gig Worker with Inconsistent Cash Flow,Income Proof - Open Finance Connect
APP_001955,CLI_01075,BR_046,55,Mass,Self-employed,54,19549.78,Denied,Policy - Debt-to-Income (DTI) > 30%,Restructuring - Add Co-signer or Increase Term
APP_001957,CLI_00582,BR_016,30,Mass,Salaried,36,18697.01,Denied,Score - Forgotten Micro-Debt,Credit Recovery - Micro-settlement
APP_001960,CLI_03382,BR_001,34,Private,Self-employed,82,28083.86,Denied,Income - Missing Tax Return,Income Proof - Request Tax Return
APP_001963,CLI_00971,BR_022,31,Mass,Unemployed,61,42834.39,Denied,Policy - Debt-to-Income (DTI) > 30%,Restructuring - Add Co-signer or Increase Term
APP_001964,CLI_00648,BR_042,62,Mass,Salaried,111,11979.29,Denied,Registry Error - Data Mismatch with Tax Authority,Fast Update - ID Verification
APP_001972,CLI_02887,BR_005,33,Mass,Gig-worker,82,27098.0,Denied,Policy - Debt-to-Income (DTI) > 30%,Restructuring - Add Co-signer or Increase Term
APP_001973,CLI_04159,BR_036,67,Mass-Affluent,Salaried,66,2010.04,Denied,Registry Error - Data Mismatch with Tax Authority,Fast Update - ID Verification
APP_001974,CLI_00733,BR_015,25,Mass,Self-employed,93,25874.79,Denied,Score - Disabled Positive Credit Registry,Credit Recovery - BACEN Education Journey
APP_001975,CLI_03088,BR_017,68,Mass,Gig-worker,21,33058.47,Denied,Income - Gig Worker with Inconsistent Cash Flow,Income Proof - Open Finance Connect
APP_001982,CLI_00237,BR_043,55,Mass,Salaried,83,29071.95,Denied,Policy - Debt-to-Income (DTI) > 30%,Restructuring - Add Co-signer or Increase Term
APP_001989,CLI_00165,BR_049,51,Mass,Salaried,55,35576.23,Denied,Policy - Debt-to-Income (DTI) > 30%,Restructuring - Add Co-signer or Increase Term
APP_001990,CLI_02325,BR_042,57,Mass,Gig-worker,109,18600.19,Denied,Income - Missing Tax Return,Income Proof - Request Tax Return
APP_001993,CLI_03329,BR_025,47,Premium,Salaried,116,42837.53,Denied,Policy - Debt-to-Income (DTI) > 30%,Restructuring - Add Co-signer or Increase Term
APP_001996,CLI_00687,BR_036,50,Private,Salaried,34,45433.64,Denied,Policy - Debt-to-Income (DTI) > 30%,Restructuring - Add Co-signer or Increase Term
APP_001998,CLI_02764,BR_028,30,Mass-Affluent,Unemployed,59,3437.94,Denied,Policy - Debt-to-Income (DTI) > 30%,Restructuring - Add Co-signer or Increase Term
APP_001999,CLI_03591,BR_022,28,Mass-Affluent,Self-employed,70,7246.05,Denied,Income - Gig Worker with Inconsistent Cash Flow,Income Proof - Open Finance Connect
APP_002000,CLI_02039,BR_049,34,Mass,Unemployed,12,6706.28,Denied,Document Error - Expired or Illegible ID,Fast Update - Request New ID
APP_002004,CLI_01690,BR_046,25,Mass-Affluent,Salaried,56,32732.67,Denied,Score - Forgotten Micro-Debt,Credit Recovery - Micro-settlement
APP_002005,CLI_03011,BR_034,43,Mass,Salaried,90,34729.94,Denied,Score - Forgotten Micro-Debt,Credit Recovery - Micro-settlement
APP_002007,CLI_01068,BR_038,21,Mass,Unemployed,44,11151.67,Denied,Document Error - Expired or Illegible ID,Fast Update - Request New ID
APP_002010,CLI_02031,BR_025,19,Mass,Self-employed,72,47239.34,Denied,Policy - Debt-to-Income (DTI) > 30%,Restructuring - Add Co-signer or Increase Term
APP_002011,CLI_00618,BR_025,22,Mass,Salaried,87,12386.02,Denied,Policy - Debt-to-Income (DTI) > 30%,Restructuring - Add Co-signer or Increase Term
APP_002016,CLI_04459,BR_004,27,Mass,Salaried,62,28971.57,Denied,Document Error - Expired or Illegible ID,Fast Update - Request New ID
APP_002018,CLI_04203,BR_005,22,Mass-Affluent,Self-employed,28,48042.2,Denied,Score - Disabled Positive Credit Registry,Credit Recovery - BACEN Education Journey
APP_002020,CLI_01953,BR_018,34,Premium,Self-employed,23,4310.96,Denied,Income - Gig Worker with Inconsistent Cash Flow,Income Proof - Open Finance Connect
APP_002022,CLI_01783,BR_017,63,Mass,Self-employed,69,21936.32,Denied,Score - Disabled Positive Credit Registry,Credit Recovery - BACEN Education Journey
APP_002023,CLI_02674,BR_035,50,Mass-Affluent,Salaried,6,5760.83,Denied,Document Error - Expired or Illegible ID,Fast Update - Request New ID
APP_002031,CLI_00094,BR_036,72,Mass-Affluent,Salaried,39,12202.34,Denied,Score - Forgotten Micro-Debt,Credit Recovery - Micro-settlement
APP_002038,CLI_01446,BR_026,25,Premium,Salaried,83,47176.27,Denied,Document Error - Expired or Illegible ID,Fast Update - Request New ID
APP_002043,CLI_03765,BR_041,32,Mass,Salaried,40,27372.24,Denied,Policy - Debt-to-Income (DTI) > 30%,Restructuring - Add Co-signer or Increase Term
APP_002045,CLI_00681,BR_038,30,Mass,Salaried,50,12692.67,Denied,Policy - Debt-to-Income (DTI) > 30%,Restructuring - Add Co-signer or Increase Term
APP_002046,CLI_01632,BR_043,61,Mass-Affluent,Salaried,89,16202.38,Denied,Policy - Debt-to-Income (DTI) > 30%,Restructuring - Add Co-signer or Increase Term
APP_002048,CLI_04543,BR_035,50,Mass,Self-employed,25,40493.92,Denied,Income - Gig Worker with Inconsistent Cash Flow,Income Proof - Open Finance Connect
APP_002056,CLI_02023,BR_047,56,Mass,Self-employed,103,25983.24,Denied,Income - Missing Tax Return,Income Proof - Request Tax Return
APP_002057,CLI_00103,BR_008,69,Mass,Self-employed,59,48002.66,Denied,Income - Missing Tax Return,Income Proof - Request Tax Return
APP_002059,CLI_04212,BR_015,40,Mass-Affluent,Salaried,26,27052.31,Denied,Document Error - Expired or Illegible ID,Fast Update - Request New ID
APP_002061,CLI_04088,BR_020,38,Mass,Gig-worker,17,14989.9,Denied,Policy - Debt-to-Income (DTI) > 30%,Restructuring - Add Co-signer or Increase Term
APP_002062,CLI_02512,BR_035,36,Mass,Self-employed,11,49858.66,Denied,Income - Gig Worker with Inconsistent Cash Flow,Income Proof - Open Finance Connect
APP_002063,CLI_00104,BR_037,30,Mass,Self-employed,119,14437.23,Denied,Policy - Debt-to-Income (DTI) > 30%,Restructuring - Add Co-signer or Increase Term
APP_002066,CLI_00807,BR_034,70,Mass,Salaried,107,18112.38,Denied,Score - Forgotten Micro-Debt,Credit Recovery - Micro-settlement
APP_002072,CLI_04873,BR_012,30,Private,Gig-worker,71,40929.92,Denied,Income - Gig Worker with Inconsistent Cash Flow,Income Proof - Open Finance Connect
APP_002074,CLI_03718,BR_041,34,Mass,Self-employed,97,17346.46,Denied,Income - Gig Worker with Inconsistent Cash Flow,Income Proof - Open Finance Connect
APP_002078,CLI_03412,BR_026,23,Mass-Affluent,Gig-worker,113,27513.9,Denied,Income - Missing Tax Return,Income Proof - Request Tax Return
APP_002081,CLI_01590,BR_042,57,Mass,Gig-worker,34,3475.33,Denied,Score - Disabled Positive Credit Registry,Credit Recovery - BACEN Education Journey
APP_002082,CLI_01390,BR_030,47,Mass-Affluent,Unemployed,20,21799.3,Denied,Registry Error - Data Mismatch with Tax Authority,Fast Update - ID Verification
APP_002083,CLI_03515,BR_023,66,Mass,Self-employed,68,9940.82,Denied,Income - Gig Worker with Inconsistent Cash Flow,Income Proof - Open Finance Connect
APP_002086,CLI_02920,BR_031,60,Mass,Salaried,86,48847.06,Denied,Score - Forgotten Micro-Debt,Credit Recovery - Micro-settlement
APP_002087,CLI_01864,BR_043,29,Premium,Unemployed,43,11527.58,Denied,Score - Forgotten Micro-Debt,Credit Recovery - Micro-settlement
APP_002088,CLI_00002,BR_022,18,Mass,Salaried,15,46816.51,Denied,Registry Error - Data Mismatch with Tax Authority,Fast Update - ID Verification
APP_002089,CLI_01934,BR_043,70,Mass,Business Owner,65,11057.46,Denied,Policy - Debt-to-Income (DTI) > 30%,Restructuring - Add Co-signer or Increase Term
APP_002091,CLI_00306,BR_038,58,Mass-Affluent,Salaried,41,33076.43,Denied,Policy - Debt-to-Income (DTI) > 30%,Restructuring - Add Co-signer or Increase Term
APP_002092,CLI_00530,BR_047,46,Mass,Unemployed,68,6547.71,Denied,Registry Error - Data Mismatch with Tax Authority,Fast Update - ID Verification
APP_002097,CLI_00671,BR_032,30,Mass,Salaried,62,21712.64,Denied,Registry Error - Data Mismatch with Tax Authority,Fast Update - ID Verification
APP_002101,CLI_01714,BR_041,57,Premium,Business Owner,64,46293.83,Denied,Policy - Debt-to-Income (DTI) > 30%,Restructuring - Add Co-signer or Increase Term
APP_002103,CLI_04817,BR_034,47,Premium,Self-employed,40,2993.83,Denied,Income - Gig Worker with Inconsistent Cash Flow,Income Proof - Open Finance Connect
APP_002104,CLI_00636,BR_038,59,Mass-Affluent,Salaried,94,1730.53,Denied,Score - Forgotten Micro-Debt,Credit Recovery - Micro-settlement
APP_002109,CLI_04224,BR_001,38,Mass,Salaried,13,34238.36,Denied,Registry Error - Data Mismatch with Tax Authority,Fast Update - ID Verification
APP_002110,CLI_00038,BR_008,44,Mass,Self-employed,57,30483.51,Denied,Policy - Debt-to-Income (DTI) > 30%,Restructuring - Add Co-signer or Increase Term
APP_002114,CLI_02055,BR_025,55,Mass-Affluent,Salaried,47,18766.24,Denied,Document Error - Expired or Illegible ID,Fast Update - Request New ID
APP_002116,CLI_03404,BR_032,56,Mass-Affluent,Gig-worker,85,6520.0,Denied,Policy - Debt-to-Income (DTI) > 30%,Restructuring - Add Co-signer or Increase Term
APP_002117,CLI_00519,BR_050,29,Mass,Salaried,11,23944.55,Denied,Registry Error - Data Mismatch with Tax Authority,Fast Update - ID Verification
APP_002118,CLI_02242,BR_013,52,Premium,Salaried,37,9280.24,Denied,Policy - Debt-to-Income (DTI) > 30%,Restructuring - Add Co-signer or Increase Term
APP_002119,CLI_02364,BR_046,66,Mass,Salaried,43,3030.13,Denied,Document Error - Expired or Illegible ID,Fast Update - Request New ID
APP_002120,CLI_01042,BR_015,23,Premium,Self-employed,59,17577.99,Denied,Income - Gig Worker with Inconsistent Cash Flow,Income Proof - Open Finance Connect
APP_002124,CLI_03677,BR_033,69,Premium,Self-employed,38,8285.92,Denied,Policy - Debt-to-Income (DTI) > 30%,Restructuring - Add Co-signer or Increase Term
APP_002126,CLI_03773,BR_029,51,Mass,Gig-worker,96,39847.72,Denied,Score - Disabled Positive Credit Registry,Credit Recovery - BACEN Education Journey
APP_002127,CLI_00235,BR_038,25,Mass-Affluent,Self-employed,16,1100.79,Denied,Policy - Debt-to-Income (DTI) > 30%,Restructuring - Add Co-signer or Increase Term
APP_002129,CLI_00447,BR_044,43,Premium,Gig-worker,69,25234.58,Denied,Income - Missing Tax Return,Income Proof - Request Tax Return
APP_002132,CLI_04558,BR_020,61,Mass,Gig-worker,21,36522.03,Denied,Income - Missing Tax Return,Income Proof - Request Tax Return
APP_002136,CLI_02433,BR_004,39,Private,Salaried,91,11515.8,Denied,Score - Forgotten Micro-Debt,Credit Recovery - Micro-settlement
APP_002138,CLI_03186,BR_017,39,Mass,Self-employed,13,34263.87,Denied,Policy - Debt-to-Income (DTI) > 30%,Restructuring - Add Co-signer or Increase Term
APP_002139,CLI_01112,BR_037,27,Mass,Gig-worker,56,3599.54,Denied,Policy - Debt-to-Income (DTI) > 30%,Restructuring - Add Co-signer or Increase Term
APP_002146,CLI_01887,BR_008,30,Mass,Gig-worker,39,36712.03,Denied,Policy - Debt-to-Income (DTI) > 30%,Restructuring - Add Co-signer or Increase Term
APP_002148,CLI_01409,BR_030,18,Mass-Affluent,Self-employed,72,16668.1,Denied,Policy - Debt-to-Income (DTI) > 30%,Restructuring - Add Co-signer or Increase Term
APP_002153,CLI_00837,BR_037,29,Mass,Self-employed,29,26265.92,Denied,Income - Gig Worker with Inconsistent Cash Flow,Income Proof - Open Finance Connect
APP_002159,CLI_02860,BR_019,33,Mass,Self-employed,32,24766.01,Denied,Income - Missing Tax Return,Income Proof - Request Tax Return
APP_002162,CLI_03823,BR_023,26,Mass,Self-employed,19,42584.86,Denied,Income - Gig Worker with Inconsistent Cash Flow,Income Proof - Open Finance Connect
APP_002163,CLI_04398,BR_040,28,Premium,Unemployed,31,49531.15,Denied,Registry Error - Data Mismatch with Tax Authority,Fast Update - ID Verification
APP_002164,CLI_03431,BR_046,24,Mass,Business Owner,64,31926.02,Denied,Policy - Debt-to-Income (DTI) > 30%,Restructuring - Add Co-signer or Increase Term
APP_002165,CLI_00805,BR_037,40,Mass,Unemployed,91,39878.76,Denied,Policy - Debt-to-Income (DTI) > 30%,Restructuring - Add Co-signer or Increase Term
APP_002166,CLI_01076,BR_001,68,Mass-Affluent,Salaried,74,1709.95,Denied,Policy - Debt-to-Income (DTI) > 30%,Restructuring - Add Co-signer or Increase Term
APP_002167,CLI_04195,BR_019,64,Mass,Unemployed,3,44137.86,Denied,Policy - Debt-to-Income (DTI) > 30%,Restructuring - Add Co-signer or Increase Term
APP_002169,CLI_03085,BR_035,32,Private,Self-employed,89,29183.3,Denied,Income - Missing Tax Return,Income Proof - Request Tax Return
APP_002172,CLI_01664,BR_039,35,Premium,Salaried,91,15023.98,Denied,Score - Forgotten Micro-Debt,Credit Recovery - Micro-settlement
APP_002176,CLI_02054,BR_022,18,Premium,Business Owner,93,33297.48,Denied,Policy - Debt-to-Income (DTI) > 30%,Restructuring - Add Co-signer or Increase Term
APP_002179,CLI_04318,BR_044,65,Mass,Business Owner,15,11345.09,Denied,Score - Forgotten Micro-Debt,Credit Recovery - Micro-settlement
APP_002180,CLI_01941,BR_043,31,Mass,Self-employed,106,23874.35,Denied,Policy - Debt-to-Income (DTI) > 30%,Restructuring - Add Co-signer or Increase Term
APP_002182,CLI_01947,BR_027,49,Mass,Gig-worker,14,28173.47,Denied,Policy - Debt-to-Income (DTI) > 30%,Restructuring - Add Co-signer or Increase Term
APP_002185,CLI_00228,BR_009,71,Mass-Affluent,Salaried,72,33635.15,Denied,Registry Error - Data Mismatch with Tax Authority,Fast Update - ID Verification
APP_002187,CLI_04389,BR_014,40,Mass,Self-employed,71,15911.65,Denied,Policy - Debt-to-Income (DTI) > 30%,Restructuring - Add Co-signer or Increase Term
APP_002189,CLI_00956,BR_003,43,Mass-Affluent,Gig-worker,104,22195.5,Denied,Income - Gig Worker with Inconsistent Cash Flow,Income Proof - Open Finance Connect
APP_002190,CLI_01498,BR_044,70,Mass,Gig-worker,85,40138.93,Denied,Policy - Debt-to-Income (DTI) > 30%,Restructuring - Add Co-signer or Increase Term
APP_002194,CLI_04484,BR_033,48,Mass-Affluent,Gig-worker,102,25232.96,Denied,Income - Gig Worker with Inconsistent Cash Flow,Income Proof - Open Finance Connect
APP_002195,CLI_02663,BR_035,53,Mass,Self-employed,36,16841.31,Denied,Score - Disabled Positive Credit Registry,Credit Recovery - BACEN Education Journey
APP_002197,CLI_02706,BR_045,41,Mass-Affluent,Self-employed,2,44872.24,Denied,Income - Missing Tax Return,Income Proof - Request Tax Return
APP_002199,CLI_04285,BR_022,65,Mass,Salaried,54,15082.56,Denied,Registry Error - Data Mismatch with Tax Authority,Fast Update - ID Verification
APP_002200,CLI_00918,BR_042,44,Mass,Gig-worker,53,18238.55,Denied,Income - Gig Worker with Inconsistent Cash Flow,Income Proof - Open Finance Connect
APP_002202,CLI_02423,BR_036,67,Mass,Salaried,70,27687.11,Denied,Policy - Debt-to-Income (DTI) > 30%,Restructuring - Add Co-signer or Increase Term
APP_002203,CLI_01622,BR_037,42,Mass-Affluent,Salaried,84,8224.39,Denied,Score - Forgotten Micro-Debt,Credit Recovery - Micro-settlement
APP_002205,CLI_04290,BR_041,23,Mass,Unemployed,99,12053.43,Denied,Document Error - Expired or Illegible ID,Fast Update - Request New ID
APP_002206,CLI_01489,BR_013,72,Mass-Affluent,Salaried,11,30304.7,Denied,Document Error - Expired or Illegible ID,Fast Update - Request New ID
APP_002208,CLI_04372,BR_049,18,Mass-Affluent,Gig-worker,88,48944.2,Denied,Income - Gig Worker with Inconsistent Cash Flow,Income Proof - Open Finance Connect
APP_002211,CLI_02003,BR_043,46,Premium,Salaried,113,38663.74,Denied,Score - Forgotten Micro-Debt,Credit Recovery - Micro-settlement
APP_002212,CLI_00460,BR_033,63,Mass,Self-employed,16,35970.96,Denied,Income - Gig Worker with Inconsistent Cash Flow,Income Proof - Open Finance Connect
APP_002213,CLI_03022,BR_008,46,Premium,Self-employed,92,41540.88,Denied,Score - Disabled Positive Credit Registry,Credit Recovery - BACEN Education Journey
APP_002214,CLI_02291,BR_032,53,Mass,Gig-worker,24,5922.72,Denied,Policy - Debt-to-Income (DTI) > 30%,Restructuring - Add Co-signer or Increase Term
APP_002215,CLI_01366,BR_037,37,Mass-Affluent,Self-employed,10,34246.36,Denied,Score - Disabled Positive Credit Registry,Credit Recovery - BACEN Education Journey
APP_002217,CLI_04753,BR_004,34,Mass,Salaried,119,39507.71,Denied,Document Error - Expired or Illegible ID,Fast Update - Request New ID
APP_002219,CLI_02136,BR_023,74,Mass,Salaried,68,45172.99,Denied,Policy - Debt-to-Income (DTI) > 30%,Restructuring - Add Co-signer or Increase Term
APP_002221,CLI_03033,BR_002,58,Mass,Salaried,38,19108.07,Denied,Policy - Debt-to-Income (DTI) > 30%,Restructuring - Add Co-signer or Increase Term
APP_002222,CLI_03710,BR_013,68,Mass-Affluent,Self-employed,71,18851.82,Denied,Income - Missing Tax Return,Income Proof - Request Tax Return
APP_002225,CLI_00682,BR_019,45,Private,Salaried,98,19859.62,Denied,Policy - Debt-to-Income (DTI) > 30%,Restructuring - Add Co-signer or Increase Term
APP_002226,CLI_03135,BR_032,33,Mass-Affluent,Gig-worker,95,49611.51,Denied,Score - Disabled Positive Credit Registry,Credit Recovery - BACEN Education Journey
APP_002227,CLI_03262,BR_003,31,Mass,Salaried,26,28878.19,Denied,Document Error - Expired or Illegible ID,Fast Update - Request New ID
APP_002228,CLI_04995,BR_049,22,Mass,Salaried,3,31467.3,Denied,Score - Forgotten Micro-Debt,Credit Recovery - Micro-settlement
APP_002232,CLI_03610,BR_025,35,Mass,Gig-worker,64,29846.2,Denied,Income - Missing Tax Return,Income Proof - Request Tax Return
APP_002233,CLI_01200,BR_017,68,Mass,Gig-worker,15,4186.88,Denied,Income - Missing Tax Return,Income Proof - Request Tax Return
APP_002235,CLI_02949,BR_033,33,Mass,Salaried,16,49644.81,Denied,Score - Forgotten Micro-Debt,Credit Recovery - Micro-settlement
APP_002242,CLI_00439,BR_049,33,Mass,Gig-worker,23,15967.11,Denied,Policy - Debt-to-Income (DTI) > 30%,Restructuring - Add Co-signer or Increase Term
APP_002243,CLI_03261,BR_044,34,Mass,Gig-worker,75,19973.44,Denied,Income - Gig Worker with Inconsistent Cash Flow,Income Proof - Open Finance Connect
APP_002246,CLI_02450,BR_013,66,Mass,Gig-worker,13,41119.44,Denied,Income - Gig Worker with Inconsistent Cash Flow,Income Proof - Open Finance Connect
APP_002247,CLI_04682,BR_043,71,Mass-Affluent,Self-employed,82,17736.34,Denied,Income - Gig Worker with Inconsistent Cash Flow,Income Proof - Open Finance Connect
APP_002250,CLI_04424,BR_016,64,Mass,Salaried,113,18084.7,Denied,Registry Error - Data Mismatch with Tax Authority,Fast Update - ID Verification
APP_002252,CLI_00558,BR_027,53,Mass-Affluent,Salaried,68,8074.4,Denied,Document Error - Expired or Illegible ID,Fast Update - Request New ID
APP_002253,CLI_01574,BR_026,71,Mass-Affluent,Self-employed,114,38178.3,Denied,Income - Gig Worker with Inconsistent Cash Flow,Income Proof - Open Finance Connect
APP_002254,CLI_00386,BR_011,32,Mass,Business Owner,28,8101.16,Denied,Document Error - Expired or Illegible ID,Fast Update - Request New ID
APP_002260,CLI_04543,BR_033,50,Mass,Self-employed,25,43147.17,Denied,Income - Missing Tax Return,Income Proof - Request Tax Return
APP_002263,CLI_04203,BR_028,22,Mass-Affluent,Self-employed,28,32455.63,Denied,Income - Missing Tax Return,Income Proof - Request Tax Return
APP_002266,CLI_01478,BR_044,35,Mass-Affluent,Salaried,8,26006.47,Denied,Document Error - Expired or Illegible ID,Fast Update - Request New ID
APP_002268,CLI_01632,BR_046,61,Mass-Affluent,Salaried,89,35449.37,Denied,Registry Error - Data Mismatch with Tax Authority,Fast Update - ID Verification
APP_002270,CLI_01171,BR_008,57,Mass,Self-employed,94,17188.15,Denied,Income - Gig Worker with Inconsistent Cash Flow,Income Proof - Open Finance Connect
APP_002272,CLI_04120,BR_046,51,Premium,Business Owner,26,27893.48,Denied,Document Error - Expired or Illegible ID,Fast Update - Request New ID
APP_002274,CLI_02040,BR_026,61,Mass,Self-employed,13,27475.35,Denied,Income - Gig Worker with Inconsistent Cash Flow,Income Proof - Open Finance Connect
APP_002275,CLI_00120,BR_032,49,Mass,Unemployed,52,20893.25,Denied,Document Error - Expired or Illegible ID,Fast Update - Request New ID
APP_002278,CLI_01321,BR_044,26,Private,Unemployed,13,29038.32,Denied,Registry Error - Data Mismatch with Tax Authority,Fast Update - ID Verification
APP_002279,CLI_04951,BR_042,37,Mass,Salaried,94,29205.56,Denied,Document Error - Expired or Illegible ID,Fast Update - Request New ID
APP_002282,CLI_01744,BR_011,49,Mass-Affluent,Gig-worker,21,40206.44,Denied,Income - Gig Worker with Inconsistent Cash Flow,Income Proof - Open Finance Connect
APP_002283,CLI_01943,BR_037,46,Mass,Unemployed,9,14753.01,Denied,Policy - Debt-to-Income (DTI) > 30%,Restructuring - Add Co-signer or Increase Term
APP_002285,CLI_01447,BR_045,51,Mass-Affluent,Salaried,116,44920.82,Denied,Policy - Debt-to-Income (DTI) > 30%,Restructuring - Add Co-signer or Increase Term
APP_002287,CLI_03895,BR_018,68,Private,Salaried,84,38870.03,Denied,Registry Error - Data Mismatch with Tax Authority,Fast Update - ID Verification
APP_002288,CLI_01725,BR_029,39,Premium,Salaried,111,31034.43,Denied,Registry Error - Data Mismatch with Tax Authority,Fast Update - ID Verification
APP_002292,CLI_00072,BR_036,60,Premium,Salaried,115,8553.4,Denied,Policy - Debt-to-Income (DTI) > 30%,Restructuring - Add Co-signer or Increase Term
APP_002294,CLI_02201,BR_040,43,Private,Gig-worker,106,31116.65,Denied,Score - Disabled Positive Credit Registry,Credit Recovery - BACEN Education Journey
APP_002296,CLI_03758,BR_033,53,Mass,Business Owner,48,45531.89,Denied,Registry Error - Data Mismatch with Tax Authority,Fast Update - ID Verification
APP_002297,CLI_03182,BR_018,40,Mass,Self-employed,81,21140.2,Denied,Income - Gig Worker with Inconsistent Cash Flow,Income Proof - Open Finance Connect
APP_002303,CLI_04308,BR_001,44,Mass,Gig-worker,71,25025.38,Denied,Score - Disabled Positive Credit Registry,Credit Recovery - BACEN Education Journey
APP_002304,CLI_00724,BR_025,27,Mass-Affluent,Salaried,32,47360.71,Denied,Document Error - Expired or Illegible ID,Fast Update - Request New ID
APP_002307,CLI_04847,BR_045,28,Mass,Business Owner,58,21957.8,Denied,Score - Forgotten Micro-Debt,Credit Recovery - Micro-settlement
APP_002311,CLI_04608,BR_037,40,Mass-Affluent,Gig-worker,82,44301.3,Denied,Income - Gig Worker with Inconsistent Cash Flow,Income Proof - Open Finance Connect
APP_002312,CLI_04782,BR_049,74,Mass,Salaried,13,37898.81,Denied,Score - Forgotten Micro-Debt,Credit Recovery - Micro-settlement
APP_002313,CLI_03920,BR_003,25,Private,Salaried,100,19553.92,Denied,Document Error - Expired or Illegible ID,Fast Update - Request New ID
APP_002319,CLI_03765,BR_017,32,Mass,Salaried,40,14929.6,Denied,Policy - Debt-to-Income (DTI) > 30%,Restructuring - Add Co-signer or Increase Term
APP_002320,CLI_04022,BR_015,50,Mass,Gig-worker,42,13923.56,Denied,Income - Gig Worker with Inconsistent Cash Flow,Income Proof - Open Finance Connect
APP_002322,CLI_02563,BR_022,40,Mass,Self-employed,78,48420.84,Denied,Income - Gig Worker with Inconsistent Cash Flow,Income Proof - Open Finance Connect
APP_002326,CLI_03618,BR_014,20,Mass,Salaried,71,46144.57,Denied,Registry Error - Data Mismatch with Tax Authority,Fast Update - ID Verification
APP_002327,CLI_01313,BR_039,18,Mass,Gig-worker,55,13785.4,Denied,Income - Gig Worker with Inconsistent Cash Flow,Income Proof - Open Finance Connect
APP_002334,CLI_02320,BR_022,19,Mass,Gig-worker,18,26874.55,Denied,Policy - Debt-to-Income (DTI) > 30%,Restructuring - Add Co-signer or Increase Term
APP_002341,CLI_02785,BR_028,62,Mass-Affluent,Gig-worker,67,37931.1,Denied,Score - Disabled Positive Credit Registry,Credit Recovery - BACEN Education Journey
APP_002347,CLI_02233,BR_023,39,Mass,Self-employed,60,34041.96,Denied,Income - Gig Worker with Inconsistent Cash Flow,Income Proof - Open Finance Connect
APP_002349,CLI_01447,BR_046,51,Mass-Affluent,Salaried,116,13764.62,Denied,Document Error - Expired or Illegible ID,Fast Update - Request New ID
APP_002350,CLI_01466,BR_046,35,Private,Self-employed,99,29551.22,Denied,Income - Gig Worker with Inconsistent Cash Flow,Income Proof - Open Finance Connect
APP_002352,CLI_03628,BR_023,18,Mass,Self-employed,71,15511.97,Denied,Income - Gig Worker with Inconsistent Cash Flow,Income Proof - Open Finance Connect
APP_002356,CLI_03288,BR_049,55,Mass,Salaried,9,31535.97,Denied,Policy - Debt-to-Income (DTI) > 30%,Restructuring - Add Co-signer or Increase Term
APP_002358,CLI_01565,BR_006,24,Mass-Affluent,Self-employed,82,42063.74,Denied,Score - Disabled Positive Credit Registry,Credit Recovery - BACEN Education Journey
APP_002364,CLI_03180,BR_031,63,Mass-Affluent,Salaried,108,8201.33,Denied,Policy - Debt-to-Income (DTI) > 30%,Restructuring - Add Co-signer or Increase Term
APP_002372,CLI_03535,BR_022,68,Mass,Self-employed,27,7727.82,Denied,Income - Missing Tax Return,Income Proof - Request Tax Return
APP_002376,CLI_02729,BR_004,21,Mass,Gig-worker,113,7338.6,Denied,Income - Gig Worker with Inconsistent Cash Flow,Income Proof - Open Finance Connect
APP_002379,CLI_02289,BR_007,43,Mass,Gig-worker,84,43813.03,Denied,Income - Missing Tax Return,Income Proof - Request Tax Return
APP_002380,CLI_04436,BR_023,46,Premium,Self-employed,44,40547.06,Denied,Income - Gig Worker with Inconsistent Cash Flow,Income Proof - Open Finance Connect
APP_002381,CLI_00744,BR_011,44,Mass,Gig-worker,29,39483.13,Denied,Income - Gig Worker with Inconsistent Cash Flow,Income Proof - Open Finance Connect
APP_002382,CLI_01495,BR_008,47,Mass,Gig-worker,32,1783.86,Denied,Income - Missing Tax Return,Income Proof - Request Tax Return
APP_002386,CLI_00208,BR_007,74,Mass,Salaried,112,17773.49,Denied,Score - Forgotten Micro-Debt,Credit Recovery - Micro-settlement
APP_002395,CLI_00433,BR_042,65,Mass,Salaried,84,34043.82,Denied,Registry Error - Data Mismatch with Tax Authority,Fast Update - ID Verification
APP_002397,CLI_02437,BR_038,72,Mass-Affluent,Salaried,109,34604.96,Denied,Document Error - Expired or Illegible ID,Fast Update - Request New ID
APP_002398,CLI_04679,BR_045,45,Mass-Affluent,Self-employed,39,31189.6,Denied,Score - Disabled Positive Credit Registry,Credit Recovery - BACEN Education Journey
APP_002399,CLI_04528,BR_006,32,Mass-Affluent,Gig-worker,57,42825.92,Denied,Score - Disabled Positive Credit Registry,Credit Recovery - BACEN Education Journey
APP_002402,CLI_00639,BR_026,44,Private,Salaried,33,9489.24,Denied,Registry Error - Data Mismatch with Tax Authority,Fast Update - ID Verification
APP_002403,CLI_01229,BR_014,55,Mass,Self-employed,26,41075.16,Denied,Policy - Debt-to-Income (DTI) > 30%,Restructuring - Add Co-signer or Increase Term
APP_002404,CLI_03370,BR_018,74,Premium,Salaried,94,11473.9,Denied,Policy - Debt-to-Income (DTI) > 30%,Restructuring - Add Co-signer or Increase Term
APP_002407,CLI_01291,BR_014,45,Mass,Gig-worker,32,46142.29,Denied,Score - Disabled Positive Credit Registry,Credit Recovery - BACEN Education Journey
APP_002409,CLI_01704,BR_013,31,Mass-Affluent,Gig-worker,30,38962.36,Denied,Income - Gig Worker with Inconsistent Cash Flow,Income Proof - Open Finance Connect
APP_002410,CLI_02227,BR_040,68,Mass,Business Owner,84,20526.14,Denied,Policy - Debt-to-Income (DTI) > 30%,Restructuring - Add Co-signer or Increase Term
APP_002412,CLI_04561,BR_037,21,Mass-Affluent,Salaried,40,12150.02,Denied,Document Error - Expired or Illegible ID,Fast Update - Request New ID
APP_002413,CLI_00976,BR_045,31,Mass,Business Owner,74,13952.84,Denied,Registry Error - Data Mismatch with Tax Authority,Fast Update - ID Verification
APP_002414,CLI_01029,BR_038,23,Mass-Affluent,Gig-worker,25,3520.19,Denied,Income - Gig Worker with Inconsistent Cash Flow,Income Proof - Open Finance Connect
APP_002415,CLI_00526,BR_022,40,Mass-Affluent,Gig-worker,61,47083.19,Denied,Income - Missing Tax Return,Income Proof - Request Tax Return
APP_002417,CLI_02547,BR_019,65,Mass,Self-employed,87,34067.77,Denied,Income - Gig Worker with Inconsistent Cash Flow,Income Proof - Open Finance Connect
APP_002419,CLI_02484,BR_016,21,Mass-Affluent,Self-employed,55,43850.6,Denied,Income - Gig Worker with Inconsistent Cash Flow,Income Proof - Open Finance Connect
APP_002420,CLI_02864,BR_005,26,Mass-Affluent,Unemployed,96,33581.34,Denied,Score - Forgotten Micro-Debt,Credit Recovery - Micro-settlement
APP_002421,CLI_02735,BR_044,44,Mass,Salaried,44,28539.04,Denied,Policy - Debt-to-Income (DTI) > 30%,Restructuring - Add Co-signer or Increase Term
APP_002422,CLI_01539,BR_049,59,Mass,Salaried,68,35805.61,Denied,Document Error - Expired or Illegible ID,Fast Update - Request New ID
APP_002424,CLI_04050,BR_010,71,Mass,Unemployed,10,10110.47,Denied,Document Error - Expired or Illegible ID,Fast Update - Request New ID
APP_002426,CLI_01304,BR_019,63,Mass-Affluent,Salaried,44,4667.59,Denied,Policy - Debt-to-Income (DTI) > 30%,Restructuring - Add Co-signer or Increase Term
APP_002428,CLI_00393,BR_029,61,Mass,Gig-worker,9,25402.01,Denied,Income - Gig Worker with Inconsistent Cash Flow,Income Proof - Open Finance Connect
APP_002429,CLI_04577,BR_025,56,Mass,Unemployed,87,31166.85,Denied,Policy - Debt-to-Income (DTI) > 30%,Restructuring - Add Co-signer or Increase Term
APP_002434,CLI_02706,BR_035,41,Mass-Affluent,Self-employed,2,11784.41,Denied,Income - Gig Worker with Inconsistent Cash Flow,Income Proof - Open Finance Connect
APP_002436,CLI_01802,BR_039,51,Mass-Affluent,Unemployed,17,48391.63,Denied,Policy - Debt-to-Income (DTI) > 30%,Restructuring - Add Co-signer or Increase Term
APP_002437,CLI_03274,BR_003,23,Mass,Self-employed,21,7091.11,Denied,Income - Gig Worker with Inconsistent Cash Flow,Income Proof - Open Finance Connect
APP_002443,CLI_03461,BR_005,24,Mass,Gig-worker,4,36786.09,Denied,Score - Disabled Positive Credit Registry,Credit Recovery - BACEN Education Journey
APP_002446,CLI_01076,BR_031,68,Mass-Affluent,Salaried,74,15833.02,Denied,Registry Error - Data Mismatch with Tax Authority,Fast Update - ID Verification
APP_002448,CLI_02009,BR_017,49,Mass,Salaried,90,24226.44,Denied,Document Error - Expired or Illegible ID,Fast Update - Request New ID
APP_002451,CLI_01549,BR_008,40,Premium,Salaried,32,45172.01,Denied,Document Error - Expired or Illegible ID,Fast Update - Request New ID
APP_002454,CLI_04839,BR_016,33,Mass-Affluent,Gig-worker,90,37184.71,Denied,Score - Disabled Positive Credit Registry,Credit Recovery - BACEN Education Journey
APP_002455,CLI_02436,BR_041,18,Mass-Affluent,Salaried,84,37378.3,Denied,Policy - Debt-to-Income (DTI) > 30%,Restructuring - Add Co-signer or Increase Term
APP_002460,CLI_04758,BR_014,74,Mass,Gig-worker,45,42749.79,Denied,Income - Gig Worker with Inconsistent Cash Flow,Income Proof - Open Finance Connect
APP_002465,CLI_03826,BR_031,69,Mass-Affluent,Gig-worker,26,21303.61,Denied,Policy - Debt-to-Income (DTI) > 30%,Restructuring - Add Co-signer or Increase Term
APP_002469,CLI_00831,BR_041,43,Mass,Gig-worker,81,18322.91,Denied,Score - Disabled Positive Credit Registry,Credit Recovery - BACEN Education Journey
APP_002470,CLI_03083,BR_019,28,Mass,Gig-worker,18,34412.05,Denied,Income - Missing Tax Return,Income Proof - Request Tax Return
APP_002472,CLI_00835,BR_045,20,Premium,Gig-worker,64,19732.56,Denied,Income - Missing Tax Return,Income Proof - Request Tax Return
APP_002473,CLI_03313,BR_013,21,Mass,Unemployed,42,19478.27,Denied,Policy - Debt-to-Income (DTI) > 30%,Restructuring - Add Co-signer or Increase Term
APP_002474,CLI_04953,BR_049,44,Mass-Affluent,Unemployed,41,12658.9,Denied,Score - Forgotten Micro-Debt,Credit Recovery - Micro-settlement
APP_002475,CLI_03117,BR_002,31,Mass,Business Owner,15,43939.29,Denied,Score - Forgotten Micro-Debt,Credit Recovery - Micro-settlement
APP_002477,CLI_00593,BR_031,31,Mass,Business Owner,61,14717.03,Denied,Score - Forgotten Micro-Debt,Credit Recovery - Micro-settlement
APP_002480,CLI_02966,BR_008,69,Mass,Salaried,105,17982.53,Denied,Score - Forgotten Micro-Debt,Credit Recovery - Micro-settlement
APP_002481,CLI_02662,BR_039,36,Mass,Business Owner,94,26811.79,Denied,Policy - Debt-to-Income (DTI) > 30%,Restructuring - Add Co-signer or Increase Term
APP_002482,CLI_00603,BR_037,42,Mass,Gig-worker,5,14607.84,Denied,Income - Gig Worker with Inconsistent Cash Flow,Income Proof - Open Finance Connect
APP_002483,CLI_01066,BR_029,45,Mass,Self-employed,75,35322.46,Denied,Policy - Debt-to-Income (DTI) > 30%,Restructuring - Add Co-signer or Increase Term
APP_002495,CLI_03088,BR_047,68,Mass,Gig-worker,21,34368.98,Denied,Income - Gig Worker with Inconsistent Cash Flow,Income Proof - Open Finance Connect
APP_002497,CLI_00605,BR_032,38,Mass,Salaried,87,25879.95,Denied,Policy - Debt-to-Income (DTI) > 30%,Restructuring - Add Co-signer or Increase Term
APP_002501,CLI_02775,BR_043,33,Mass,Gig-worker,29,25283.6,Denied,Policy - Debt-to-Income (DTI) > 30%,Restructuring - Add Co-signer or Increase Term
APP_002503,CLI_04910,BR_044,39,Mass,Gig-worker,2,5323.43,Denied,Income - Gig Worker with Inconsistent Cash Flow,Income Proof - Open Finance Connect
APP_002504,CLI_02770,BR_038,33,Premium,Salaried,111,13888.24,Denied,Policy - Debt-to-Income (DTI) > 30%,Restructuring - Add Co-signer or Increase Term
APP_002505,CLI_01830,BR_029,66,Mass,Self-employed,107,18986.94,Denied,Income - Gig Worker with Inconsistent Cash Flow,Income Proof - Open Finance Connect
APP_002510,CLI_03234,BR_027,18,Private,Salaried,82,4314.11,Denied,Score - Forgotten Micro-Debt,Credit Recovery - Micro-settlement
APP_002511,CLI_02092,BR_046,31,Premium,Salaried,16,16978.89,Denied,Document Error - Expired or Illegible ID,Fast Update - Request New ID
APP_002512,CLI_03937,BR_031,46,Mass,Business Owner,55,4538.86,Denied,Document Error - Expired or Illegible ID,Fast Update - Request New ID
APP_002513,CLI_02940,BR_003,26,Mass,Self-employed,98,35469.43,Denied,Income - Missing Tax Return,Income Proof - Request Tax Return
APP_002514,CLI_04807,BR_035,22,Mass-Affluent,Gig-worker,68,19916.34,Denied,Score - Disabled Positive Credit Registry,Credit Recovery - BACEN Education Journey
APP_002520,CLI_00422,BR_044,70,Mass,Salaried,93,41932.12,Denied,Score - Forgotten Micro-Debt,Credit Recovery - Micro-settlement
APP_002521,CLI_03750,BR_006,38,Mass,Gig-worker,22,1747.85,Denied,Income - Gig Worker with Inconsistent Cash Flow,Income Proof - Open Finance Connect
APP_002527,CLI_01815,BR_047,27,Mass,Self-employed,35,22743.3,Denied,Score - Disabled Positive Credit Registry,Credit Recovery - BACEN Education Journey
APP_002533,CLI_00992,BR_031,42,Mass,Gig-worker,54,18424.17,Denied,Income - Missing Tax Return,Income Proof - Request Tax Return
APP_002536,CLI_03275,BR_023,73,Mass,Salaried,54,49986.87,Denied,Policy - Debt-to-Income (DTI) > 30%,Restructuring - Add Co-signer or Increase Term
APP_002541,CLI_01777,BR_023,35,Mass-Affluent,Self-employed,113,9365.62,Denied,Income - Gig Worker with Inconsistent Cash Flow,Income Proof - Open Finance Connect
APP_002543,CLI_03393,BR_019,46,Mass,Salaried,91,40052.09,Denied,Policy - Debt-to-Income (DTI) > 30%,Restructuring - Add Co-signer or Increase Term
APP_002544,CLI_01460,BR_001,71,Mass,Gig-worker,52,17692.42,Denied,Income - Missing Tax Return,Income Proof - Request Tax Return
APP_002545,CLI_02544,BR_024,29,Premium,Gig-worker,92,45405.22,Denied,Income - Gig Worker with Inconsistent Cash Flow,Income Proof - Open Finance Connect
APP_002546,CLI_04638,BR_049,27,Mass,Unemployed,17,27696.69,Denied,Document Error - Expired or Illegible ID,Fast Update - Request New ID
APP_002547,CLI_04731,BR_011,45,Mass-Affluent,Self-employed,5,23805.8,Denied,Policy - Debt-to-Income (DTI) > 30%,Restructuring - Add Co-signer or Increase Term
APP_002548,CLI_03554,BR_030,69,Mass,Gig-worker,93,39564.76,Denied,Income - Gig Worker with Inconsistent Cash Flow,Income Proof - Open Finance Connect
APP_002550,CLI_02987,BR_011,73,Mass-Affluent,Salaried,23,38913.87,Denied,Policy - Debt-to-Income (DTI) > 30%,Restructuring - Add Co-signer or Increase Term
APP_002554,CLI_03629,BR_004,72,Mass-Affluent,Gig-worker,96,45194.79,Denied,Income - Missing Tax Return,Income Proof - Request Tax Return
APP_002557,CLI_00722,BR_015,28,Mass-Affluent,Salaried,117,39053.13,Denied,Document Error - Expired or Illegible ID,Fast Update - Request New ID
APP_002559,CLI_00308,BR_030,41,Private,Salaried,82,41534.45,Denied,Registry Error - Data Mismatch with Tax Authority,Fast Update - ID Verification
APP_002560,CLI_02752,BR_040,55,Mass,Salaried,49,21480.05,Denied,Policy - Debt-to-Income (DTI) > 30%,Restructuring - Add Co-signer or Increase Term
APP_002564,CLI_02445,BR_021,34,Mass-Affluent,Salaried,102,12206.97,Denied,Score - Forgotten Micro-Debt,Credit Recovery - Micro-settlement
APP_002565,CLI_03034,BR_031,18,Mass,Gig-worker,6,14845.6,Denied,Income - Missing Tax Return,Income Proof - Request Tax Return
APP_002570,CLI_03303,BR_023,24,Premium,Gig-worker,27,17842.51,Denied,Income - Gig Worker with Inconsistent Cash Flow,Income Proof - Open Finance Connect
APP_002571,CLI_02280,BR_023,29,Mass,Self-employed,31,38716.94,Denied,Income - Gig Worker with Inconsistent Cash Flow,Income Proof - Open Finance Connect
APP_002573,CLI_01926,BR_033,74,Mass,Unemployed,41,28985.7,Denied,Policy - Debt-to-Income (DTI) > 30%,Restructuring - Add Co-signer or Increase Term
APP_002574,CLI_00757,BR_013,52,Mass,Salaried,104,14497.2,Denied,Registry Error - Data Mismatch with Tax Authority,Fast Update - ID Verification
APP_002577,CLI_04552,BR_016,38,Premium,Self-employed,19,39735.08,Denied,Policy - Debt-to-Income (DTI) > 30%,Restructuring - Add Co-signer or Increase Term
APP_002579,CLI_04527,BR_031,35,Mass,Salaried,6,37386.48,Denied,Score - Forgotten Micro-Debt,Credit Recovery - Micro-settlement
APP_002582,CLI_01965,BR_040,27,Mass,Salaried,109,46048.55,Denied,Policy - Debt-to-Income (DTI) > 30%,Restructuring - Add Co-signer or Increase Term
APP_002583,CLI_00647,BR_044,65,Mass,Self-employed,10,22423.79,Denied,Policy - Debt-to-Income (DTI) > 30%,Restructuring - Add Co-signer or Increase Term
APP_002585,CLI_02831,BR_021,40,Mass,Gig-worker,60,20230.13,Denied,Policy - Debt-to-Income (DTI) > 30%,Restructuring - Add Co-signer or Increase Term
APP_002587,CLI_01146,BR_048,52,Mass,Gig-worker,80,46361.21,Denied,Income - Gig Worker with Inconsistent Cash Flow,Income Proof - Open Finance Connect
APP_002590,CLI_02084,BR_017,70,Premium,Self-employed,20,20616.4,Denied,Income - Gig Worker with Inconsistent Cash Flow,Income Proof - Open Finance Connect
APP_002591,CLI_04741,BR_042,72,Mass,Salaried,79,45650.52,Denied,Document Error - Expired or Illegible ID,Fast Update - Request New ID
APP_002592,CLI_03353,BR_035,34,Mass,Gig-worker,15,44370.4,Denied,Income - Missing Tax Return,Income Proof - Request Tax Return
APP_002593,CLI_00322,BR_025,35,Mass-Affluent,Salaried,80,10182.0,Denied,Registry Error - Data Mismatch with Tax Authority,Fast Update - ID Verification
APP_002595,CLI_03132,BR_027,70,Mass-Affluent,Salaried,109,41939.99,Denied,Policy - Debt-to-Income (DTI) > 30%,Restructuring - Add Co-signer or Increase Term
APP_002596,CLI_04746,BR_046,67,Mass,Salaried,71,29316.01,Denied,Score - Forgotten Micro-Debt,Credit Recovery - Micro-settlement
APP_002598,CLI_02213,BR_049,42,Mass-Affluent,Self-employed,67,41501.8,Denied,Policy - Debt-to-Income (DTI) > 30%,Restructuring - Add Co-signer or Increase Term
APP_002600,CLI_00189,BR_026,57,Mass,Unemployed,119,6743.81,Denied,Policy - Debt-to-Income (DTI) > 30%,Restructuring - Add Co-signer or Increase Term
APP_002603,CLI_03878,BR_022,40,Mass-Affluent,Salaried,103,46828.17,Denied,Document Error - Expired or Illegible ID,Fast Update - Request New ID
APP_002605,CLI_02337,BR_013,31,Premium,Self-employed,70,4151.94,Denied,Income - Missing Tax Return,Income Proof - Request Tax Return
APP_002612,CLI_02045,BR_015,64,Mass,Gig-worker,36,45624.09,Denied,Policy - Debt-to-Income (DTI) > 30%,Restructuring - Add Co-signer or Increase Term
APP_002613,CLI_03196,BR_014,46,Mass-Affluent,Salaried,75,11562.21,Denied,Document Error - Expired or Illegible ID,Fast Update - Request New ID
APP_002617,CLI_02084,BR_030,70,Premium,Self-employed,20,1469.29,Denied,Policy - Debt-to-Income (DTI) > 30%,Restructuring - Add Co-signer or Increase Term
APP_002620,CLI_01972,BR_040,54,Mass,Salaried,110,3472.65,Denied,Score - Forgotten Micro-Debt,Credit Recovery - Micro-settlement
APP_002621,CLI_00134,BR_014,66,Mass,Salaried,88,15233.76,Denied,Policy - Debt-to-Income (DTI) > 30%,Restructuring - Add Co-signer or Increase Term
APP_002630,CLI_02510,BR_047,32,Mass,Salaried,47,19935.98,Denied,Policy - Debt-to-Income (DTI) > 30%,Restructuring - Add Co-signer or Increase Term
APP_002631,CLI_00966,BR_001,39,Mass,Salaried,48,6983.2,Denied,Score - Forgotten Micro-Debt,Credit Recovery - Micro-settlement
APP_002633,CLI_04241,BR_006,52,Mass,Salaried,15,12929.79,Denied,Registry Error - Data Mismatch with Tax Authority,Fast Update - ID Verification
APP_002640,CLI_04004,BR_041,22,Mass,Gig-worker,12,30777.7,Denied,Income - Gig Worker with Inconsistent Cash Flow,Income Proof - Open Finance Connect
APP_002641,CLI_02314,BR_040,56,Mass,Salaried,89,31803.39,Denied,Document Error - Expired or Illegible ID,Fast Update - Request New ID
APP_002647,CLI_02989,BR_026,22,Premium,Salaried,45,8754.72,Denied,Policy - Debt-to-Income (DTI) > 30%,Restructuring - Add Co-signer or Increase Term
APP_002649,CLI_01597,BR_011,71,Premium,Unemployed,20,14196.51,Denied,Policy - Debt-to-Income (DTI) > 30%,Restructuring - Add Co-signer or Increase Term
APP_002651,CLI_02351,BR_018,18,Mass-Affluent,Self-employed,41,37643.39,Denied,Score - Disabled Positive Credit Registry,Credit Recovery - BACEN Education Journey
APP_002652,CLI_01780,BR_021,65,Mass,Salaried,35,1953.34,Denied,Policy - Debt-to-Income (DTI) > 30%,Restructuring - Add Co-signer or Increase Term
APP_002655,CLI_02871,BR_030,52,Mass,Salaried,112,32269.08,Denied,Policy - Debt-to-Income (DTI) > 30%,Restructuring - Add Co-signer or Increase Term
APP_002657,CLI_04614,BR_021,25,Mass,Gig-worker,36,48260.43,Denied,Income - Gig Worker with Inconsistent Cash Flow,Income Proof - Open Finance Connect
APP_002658,CLI_04261,BR_049,51,Mass,Unemployed,103,11729.94,Denied,Policy - Debt-to-Income (DTI) > 30%,Restructuring - Add Co-signer or Increase Term
APP_002659,CLI_02073,BR_016,70,Mass,Salaried,52,29804.96,Denied,Score - Forgotten Micro-Debt,Credit Recovery - Micro-settlement
APP_002664,CLI_01018,BR_037,39,Mass,Unemployed,83,15856.87,Denied,Score - Forgotten Micro-Debt,Credit Recovery - Micro-settlement
APP_002665,CLI_04691,BR_014,24,Mass-Affluent,Salaried,38,22338.33,Denied,Policy - Debt-to-Income (DTI) > 30%,Restructuring - Add Co-signer or Increase Term
APP_002667,CLI_02484,BR_029,21,Mass-Affluent,Self-employed,55,47545.47,Denied,Score - Disabled Positive Credit Registry,Credit Recovery - BACEN Education Journey
APP_002668,CLI_00182,BR_044,36,Mass-Affluent,Gig-worker,104,36222.05,Denied,Score - Disabled Positive Credit Registry,Credit Recovery - BACEN Education Journey
APP_002670,CLI_01839,BR_038,34,Mass,Gig-worker,14,41182.83,Denied,Policy - Debt-to-Income (DTI) > 30%,Restructuring - Add Co-signer or Increase Term
APP_002672,CLI_01953,BR_022,34,Premium,Self-employed,23,6034.55,Denied,Income - Gig Worker with Inconsistent Cash Flow,Income Proof - Open Finance Connect
APP_002673,CLI_04701,BR_044,29,Mass,Business Owner,14,33407.31,Denied,Document Error - Expired or Illegible ID,Fast Update - Request New ID
APP_002674,CLI_00263,BR_017,25,Mass,Salaried,50,15271.18,Denied,Score - Forgotten Micro-Debt,Credit Recovery - Micro-settlement
APP_002675,CLI_00661,BR_016,61,Mass,Salaried,19,47617.92,Denied,Registry Error - Data Mismatch with Tax Authority,Fast Update - ID Verification
APP_002677,CLI_02920,BR_039,60,Mass,Salaried,86,22038.88,Denied,Registry Error - Data Mismatch with Tax Authority,Fast Update - ID Verification
APP_002678,CLI_04918,BR_035,62,Mass,Gig-worker,37,34225.9,Denied,Income - Missing Tax Return,Income Proof - Request Tax Return
APP_002680,CLI_02073,BR_032,70,Mass,Salaried,52,24302.38,Denied,Policy - Debt-to-Income (DTI) > 30%,Restructuring - Add Co-signer or Increase Term
APP_002684,CLI_04778,BR_046,69,Mass,Gig-worker,93,9580.43,Denied,Score - Disabled Positive Credit Registry,Credit Recovery - BACEN Education Journey
APP_002687,CLI_03718,BR_005,34,Mass,Self-employed,97,48596.28,Denied,Score - Disabled Positive Credit Registry,Credit Recovery - BACEN Education Journey
APP_002688,CLI_04735,BR_028,61,Mass-Affluent,Self-employed,102,31987.47,Denied,Score - Disabled Positive Credit Registry,Credit Recovery - BACEN Education Journey
APP_002692,CLI_04686,BR_042,47,Mass,Salaried,95,8132.55,Denied,Policy - Debt-to-Income (DTI) > 30%,Restructuring - Add Co-signer or Increase Term
APP_002694,CLI_01005,BR_040,34,Mass-Affluent,Self-employed,96,2616.22,Denied,Income - Missing Tax Return,Income Proof - Request Tax Return
APP_002695,CLI_01313,BR_018,18,Mass,Gig-worker,55,23778.65,Denied,Income - Missing Tax Return,Income Proof - Request Tax Return
APP_002696,CLI_02026,BR_038,46,Mass,Unemployed,90,5067.21,Denied,Document Error - Expired or Illegible ID,Fast Update - Request New ID
APP_002700,CLI_03672,BR_047,22,Mass,Gig-worker,2,32144.84,Denied,Income - Gig Worker with Inconsistent Cash Flow,Income Proof - Open Finance Connect
APP_002704,CLI_01605,BR_022,36,Mass,Unemployed,67,45832.29,Denied,Score - Forgotten Micro-Debt,Credit Recovery - Micro-settlement
APP_002706,CLI_04000,BR_025,62,Mass,Self-employed,14,49153.03,Denied,Income - Gig Worker with Inconsistent Cash Flow,Income Proof - Open Finance Connect
APP_002707,CLI_04589,BR_041,58,Mass-Affluent,Gig-worker,7,29215.55,Denied,Income - Gig Worker with Inconsistent Cash Flow,Income Proof - Open Finance Connect
APP_002712,CLI_04720,BR_025,25,Mass,Business Owner,55,3605.49,Denied,Document Error - Expired or Illegible ID,Fast Update - Request New ID
APP_002713,CLI_02673,BR_021,51,Mass,Salaried,109,29369.51,Denied,Score - Forgotten Micro-Debt,Credit Recovery - Micro-settlement
APP_002717,CLI_04433,BR_028,72,Mass-Affluent,Gig-worker,56,34978.91,Denied,Policy - Debt-to-Income (DTI) > 30%,Restructuring - Add Co-signer or Increase Term
APP_002721,CLI_04912,BR_040,44,Mass,Salaried,84,7732.47,Denied,Policy - Debt-to-Income (DTI) > 30%,Restructuring - Add Co-signer or Increase Term
APP_002723,CLI_04443,BR_049,47,Mass-Affluent,Salaried,79,32034.87,Denied,Registry Error - Data Mismatch with Tax Authority,Fast Update - ID Verification
APP_002724,CLI_04648,BR_010,41,Premium,Unemployed,9,48841.6,Denied,Document Error - Expired or Illegible ID,Fast Update - Request New ID
APP_002726,CLI_01931,BR_015,27,Mass,Gig-worker,70,7992.68,Denied,Income - Gig Worker with Inconsistent Cash Flow,Income Proof - Open Finance Connect
APP_002729,CLI_01527,BR_008,63,Mass-Affluent,Self-employed,17,23894.32,Denied,Income - Gig Worker with Inconsistent Cash Flow,Income Proof - Open Finance Connect
APP_002730,CLI_00057,BR_006,59,Mass,Gig-worker,40,16758.92,Denied,Score - Disabled Positive Credit Registry,Credit Recovery - BACEN Education Journey
APP_002732,CLI_03148,BR_050,57,Mass,Self-employed,42,13765.64,Denied,Income - Gig Worker with Inconsistent Cash Flow,Income Proof - Open Finance Connect
APP_002733,CLI_03538,BR_024,29,Mass,Salaried,65,20656.84,Denied,Document Error - Expired or Illegible ID,Fast Update - Request New ID
APP_002736,CLI_00386,BR_036,32,Mass,Business Owner,28,46288.53,Denied,Policy - Debt-to-Income (DTI) > 30%,Restructuring - Add Co-signer or Increase Term
APP_002738,CLI_02888,BR_013,71,Mass,Self-employed,111,22515.1,Denied,Income - Missing Tax Return,Income Proof - Request Tax Return
APP_002739,CLI_02720,BR_011,50,Mass-Affluent,Self-employed,58,25712.41,Denied,Income - Gig Worker with Inconsistent Cash Flow,Income Proof - Open Finance Connect
APP_002740,CLI_00260,BR_008,65,Mass-Affluent,Salaried,59,7128.61,Denied,Registry Error - Data Mismatch with Tax Authority,Fast Update - ID Verification
APP_002741,CLI_04489,BR_046,51,Mass-Affluent,Gig-worker,8,37596.37,Denied,Score - Disabled Positive Credit Registry,Credit Recovery - BACEN Education Journey
APP_002747,CLI_03578,BR_001,59,Mass,Salaried,67,14026.43,Denied,Score - Forgotten Micro-Debt,Credit Recovery - Micro-settlement
APP_002748,CLI_03158,BR_011,49,Mass,Self-employed,2,33701.55,Denied,Income - Missing Tax Return,Income Proof - Request Tax Return
APP_002749,CLI_02759,BR_006,25,Mass,Self-employed,87,46294.3,Denied,Income - Gig Worker with Inconsistent Cash Flow,Income Proof - Open Finance Connect
APP_002750,CLI_00477,BR_032,22,Mass,Salaried,65,46003.36,Denied,Score - Forgotten Micro-Debt,Credit Recovery - Micro-settlement
APP_002753,CLI_01262,BR_037,55,Mass,Gig-worker,119,43740.95,Denied,Policy - Debt-to-Income (DTI) > 30%,Restructuring - Add Co-signer or Increase Term
APP_002754,CLI_01583,BR_029,38,Mass-Affluent,Gig-worker,76,33231.15,Denied,Policy - Debt-to-Income (DTI) > 30%,Restructuring - Add Co-signer or Increase Term
APP_002756,CLI_04826,BR_022,61,Mass,Gig-worker,36,10175.27,Denied,Income - Gig Worker with Inconsistent Cash Flow,Income Proof - Open Finance Connect
APP_002757,CLI_03571,BR_046,19,Mass,Self-employed,14,6693.99,Denied,Policy - Debt-to-Income (DTI) > 30%,Restructuring - Add Co-signer or Increase Term
APP_002759,CLI_00749,BR_019,70,Mass,Salaried,45,37951.06,Denied,Document Error - Expired or Illegible ID,Fast Update - Request New ID
APP_002760,CLI_04812,BR_005,31,Mass,Salaried,35,12556.31,Denied,Document Error - Expired or Illegible ID,Fast Update - Request New ID
APP_002764,CLI_02210,BR_038,40,Mass,Salaried,43,9292.28,Denied,Score - Forgotten Micro-Debt,Credit Recovery - Micro-settlement
APP_002765,CLI_04064,BR_009,33,Mass-Affluent,Business Owner,86,3158.37,Denied,Policy - Debt-to-Income (DTI) > 30%,Restructuring - Add Co-signer or Increase Term
APP_002767,CLI_01109,BR_018,23,Mass,Self-employed,38,34276.04,Denied,Income - Gig Worker with Inconsistent Cash Flow,Income Proof - Open Finance Connect
APP_002770,CLI_00076,BR_044,49,Mass,Salaried,69,8174.19,Denied,Document Error - Expired or Illegible ID,Fast Update - Request New ID
APP_002771,CLI_02729,BR_002,21,Mass,Gig-worker,113,10588.77,Denied,Income - Gig Worker with Inconsistent Cash Flow,Income Proof - Open Finance Connect
APP_002772,CLI_00473,BR_045,54,Mass,Self-employed,46,20260.82,Denied,Income - Missing Tax Return,Income Proof - Request Tax Return
APP_002775,CLI_00838,BR_035,18,Mass-Affluent,Gig-worker,59,18098.67,Denied,Income - Gig Worker with Inconsistent Cash Flow,Income Proof - Open Finance Connect
APP_002780,CLI_00232,BR_047,69,Mass,Business Owner,119,40995.38,Denied,Score - Forgotten Micro-Debt,Credit Recovery - Micro-settlement
APP_002782,CLI_00950,BR_012,64,Mass,Unemployed,56,16159.25,Denied,Policy - Debt-to-Income (DTI) > 30%,Restructuring - Add Co-signer or Increase Term
APP_002786,CLI_01308,BR_004,63,Mass,Salaried,71,3202.86,Denied,Score - Forgotten Micro-Debt,Credit Recovery - Micro-settlement
APP_002789,CLI_02780,BR_032,25,Mass-Affluent,Unemployed,111,45963.28,Denied,Policy - Debt-to-Income (DTI) > 30%,Restructuring - Add Co-signer or Increase Term
APP_002792,CLI_01692,BR_004,40,Mass,Business Owner,109,45292.52,Denied,Policy - Debt-to-Income (DTI) > 30%,Restructuring - Add Co-signer or Increase Term
APP_002795,CLI_02863,BR_024,31,Mass,Salaried,104,43431.37,Denied,Document Error - Expired or Illegible ID,Fast Update - Request New ID
APP_002797,CLI_02559,BR_003,61,Mass,Salaried,83,16906.23,Denied,Policy - Debt-to-Income (DTI) > 30%,Restructuring - Add Co-signer or Increase Term
APP_002798,CLI_00918,BR_004,44,Mass,Gig-worker,53,21524.85,Denied,Policy - Debt-to-Income (DTI) > 30%,Restructuring - Add Co-signer or Increase Term
APP_002800,CLI_00162,BR_006,41,Mass-Affluent,Self-employed,112,15717.63,Denied,Income - Gig Worker with Inconsistent Cash Flow,Income Proof - Open Finance Connect
APP_002802,CLI_02812,BR_030,69,Mass,Salaried,41,4620.72,Denied,Registry Error - Data Mismatch with Tax Authority,Fast Update - ID Verification
APP_002805,CLI_01099,BR_016,43,Mass,Self-employed,33,15372.85,Denied,Income - Gig Worker with Inconsistent Cash Flow,Income Proof - Open Finance Connect
APP_002808,CLI_00123,BR_028,58,Mass-Affluent,Salaried,21,10482.35,Denied,Policy - Debt-to-Income (DTI) > 30%,Restructuring - Add Co-signer or Increase Term
APP_002809,CLI_02701,BR_032,56,Mass-Affluent,Gig-worker,33,40613.95,Denied,Policy - Debt-to-Income (DTI) > 30%,Restructuring - Add Co-signer or Increase Term
APP_002815,CLI_04026,BR_009,36,Mass,Gig-worker,85,1431.64,Denied,Score - Disabled Positive Credit Registry,Credit Recovery - BACEN Education Journey
APP_002816,CLI_03655,BR_040,30,Mass,Gig-worker,26,27036.19,Denied,Policy - Debt-to-Income (DTI) > 30%,Restructuring - Add Co-signer or Increase Term
APP_002819,CLI_04776,BR_004,66,Mass,Self-employed,67,29093.94,Denied,Income - Gig Worker with Inconsistent Cash Flow,Income Proof - Open Finance Connect
APP_002821,CLI_04427,BR_026,56,Mass,Unemployed,114,43165.58,Denied,Document Error - Expired or Illegible ID,Fast Update - Request New ID
APP_002823,CLI_02153,BR_003,50,Mass,Salaried,85,41270.65,Denied,Document Error - Expired or Illegible ID,Fast Update - Request New ID
APP_002825,CLI_04889,BR_009,46,Mass,Salaried,41,44640.22,Denied,Score - Forgotten Micro-Debt,Credit Recovery - Micro-settlement
APP_002830,CLI_03122,BR_009,67,Mass,Gig-worker,5,17376.12,Denied,Income - Gig Worker with Inconsistent Cash Flow,Income Proof - Open Finance Connect
APP_002840,CLI_04225,BR_038,61,Mass,Salaried,5,20533.57,Denied,Policy - Debt-to-Income (DTI) > 30%,Restructuring - Add Co-signer or Increase Term
APP_002848,CLI_01440,BR_045,54,Mass,Salaried,94,44490.21,Denied,Score - Forgotten Micro-Debt,Credit Recovery - Micro-settlement
APP_002857,CLI_02242,BR_049,52,Premium,Salaried,37,45306.79,Denied,Policy - Debt-to-Income (DTI) > 30%,Restructuring - Add Co-signer or Increase Term
APP_002858,CLI_04153,BR_043,55,Private,Salaried,53,31456.79,Denied,Policy - Debt-to-Income (DTI) > 30%,Restructuring - Add Co-signer or Increase Term
APP_002859,CLI_03697,BR_033,47,Premium,Gig-worker,31,43632.39,Denied,Score - Disabled Positive Credit Registry,Credit Recovery - BACEN Education Journey
APP_002861,CLI_03828,BR_008,31,Mass,Salaried,26,33234.77,Denied,Policy - Debt-to-Income (DTI) > 30%,Restructuring - Add Co-signer or Increase Term
APP_002863,CLI_04213,BR_011,68,Mass-Affluent,Salaried,90,9535.9,Denied,Policy - Debt-to-Income (DTI) > 30%,Restructuring - Add Co-signer or Increase Term
APP_002867,CLI_04068,BR_020,34,Mass,Salaried,94,20857.07,Denied,Policy - Debt-to-Income (DTI) > 30%,Restructuring - Add Co-signer or Increase Term
APP_002870,CLI_02052,BR_013,22,Mass-Affluent,Salaried,28,2920.28,Denied,Policy - Debt-to-Income (DTI) > 30%,Restructuring - Add Co-signer or Increase Term
APP_002872,CLI_00023,BR_043,24,Mass,Self-employed,111,5922.86,Denied,Income - Gig Worker with Inconsistent Cash Flow,Income Proof - Open Finance Connect
APP_002875,CLI_00602,BR_042,29,Mass,Salaried,118,37368.9,Denied,Policy - Debt-to-Income (DTI) > 30%,Restructuring - Add Co-signer or Increase Term
APP_002877,CLI_01843,BR_020,52,Mass-Affluent,Salaried,111,38434.83,Denied,Policy - Debt-to-Income (DTI) > 30%,Restructuring - Add Co-signer or Increase Term
APP_002880,CLI_02663,BR_016,53,Mass,Self-employed,36,16865.0,Denied,Income - Gig Worker with Inconsistent Cash Flow,Income Proof - Open Finance Connect
APP_002883,CLI_02640,BR_032,26,Mass,Self-employed,99,43593.67,Denied,Score - Disabled Positive Credit Registry,Credit Recovery - BACEN Education Journey
APP_002887,CLI_03826,BR_035,69,Mass-Affluent,Gig-worker,26,41425.0,Denied,Policy - Debt-to-Income (DTI) > 30%,Restructuring - Add Co-signer or Increase Term
APP_002889,CLI_01683,BR_031,31,Mass-Affluent,Gig-worker,61,27470.24,Denied,Income - Missing Tax Return,Income Proof - Request Tax Return
APP_002890,CLI_04797,BR_042,71,Mass-Affluent,Salaried,77,3536.6,Denied,Score - Forgotten Micro-Debt,Credit Recovery - Micro-settlement
APP_002893,CLI_04761,BR_025,27,Mass,Salaried,34,1965.0,Denied,Score - Forgotten Micro-Debt,Credit Recovery - Micro-settlement
APP_002896,CLI_01419,BR_030,63,Mass,Salaried,28,17957.79,Denied,Registry Error - Data Mismatch with Tax Authority,Fast Update - ID Verification
APP_002897,CLI_02501,BR_030,41,Mass-Affluent,Salaried,42,43535.71,Denied,Document Error - Expired or Illegible ID,Fast Update - Request New ID
APP_002898,CLI_02668,BR_029,22,Mass-Affluent,Salaried,1,48024.18,Denied,Policy - Debt-to-Income (DTI) > 30%,Restructuring - Add Co-signer or Increase Term
APP_002899,CLI_01387,BR_041,66,Mass,Unemployed,42,47220.09,Denied,Policy - Debt-to-Income (DTI) > 30%,Restructuring - Add Co-signer or Increase Term
APP_002902,CLI_04835,BR_017,45,Mass,Salaried,66,15161.39,Denied,Document Error - Expired or Illegible ID,Fast Update - Request New ID
APP_002906,CLI_03013,BR_040,51,Private,Self-employed,112,5838.59,Denied,Policy - Debt-to-Income (DTI) > 30%,Restructuring - Add Co-signer or Increase Term
APP_002908,CLI_04328,BR_038,25,Mass,Self-employed,95,28580.14,Denied,Income - Gig Worker with Inconsistent Cash Flow,Income Proof - Open Finance Connect
APP_002909,CLI_03183,BR_003,61,Premium,Gig-worker,109,43290.3,Denied,Income - Missing Tax Return,Income Proof - Request Tax Return
APP_002911,CLI_04002,BR_042,56,Mass-Affluent,Gig-worker,14,29123.36,Denied,Income - Missing Tax Return,Income Proof - Request Tax Return
APP_002912,CLI_03560,BR_007,32,Private,Unemployed,41,22596.83,Denied,Registry Error - Data Mismatch with Tax Authority,Fast Update - ID Verification
APP_002914,CLI_02687,BR_014,27,Private,Self-employed,33,47764.68,Denied,Income - Gig Worker with Inconsistent Cash Flow,Income Proof - Open Finance Connect
APP_002916,CLI_01657,BR_004,40,Mass,Gig-worker,113,22864.72,Denied,Income - Gig Worker with Inconsistent Cash Flow,Income Proof - Open Finance Connect
APP_002921,CLI_00297,BR_025,34,Mass,Salaried,29,12449.15,Denied,Registry Error - Data Mismatch with Tax Authority,Fast Update - ID Verification
APP_002923,CLI_04366,BR_050,66,Mass,Gig-worker,39,43712.06,Denied,Policy - Debt-to-Income (DTI) > 30%,Restructuring - Add Co-signer or Increase Term
APP_002924,CLI_03262,BR_044,31,Mass,Salaried,26,25756.0,Denied,Policy - Debt-to-Income (DTI) > 30%,Restructuring - Add Co-signer or Increase Term
APP_002927,CLI_01077,BR_007,74,Mass,Gig-worker,22,6185.69,Denied,Score - Disabled Positive Credit Registry,Credit Recovery - BACEN Education Journey
APP_002932,CLI_04325,BR_048,66,Mass,Salaried,12,41981.45,Denied,Registry Error - Data Mismatch with Tax Authority,Fast Update - ID Verification
APP_002933,CLI_00721,BR_039,74,Mass,Salaried,29,13562.88,Denied,Score - Forgotten Micro-Debt,Credit Recovery - Micro-settlement
APP_002935,CLI_04377,BR_001,32,Private,Salaried,39,2554.93,Denied,Score - Forgotten Micro-Debt,Credit Recovery - Micro-settlement
APP_002937,CLI_04056,BR_026,37,Mass,Salaried,93,16267.11,Denied,Policy - Debt-to-Income (DTI) > 30%,Restructuring - Add Co-signer or Increase Term
APP_002938,CLI_01107,BR_006,20,Mass-Affluent,Unemployed,20,22732.47,Denied,Policy - Debt-to-Income (DTI) > 30%,Restructuring - Add Co-signer or Increase Term
APP_002939,CLI_03933,BR_042,36,Mass-Affluent,Salaried,20,41113.7,Denied,Score - Forgotten Micro-Debt,Credit Recovery - Micro-settlement
APP_002943,CLI_02006,BR_035,23,Mass,Business Owner,99,25145.35,Denied,Document Error - Expired or Illegible ID,Fast Update - Request New ID
APP_002945,CLI_04603,BR_009,73,Premium,Gig-worker,100,19349.32,Denied,Income - Gig Worker with Inconsistent Cash Flow,Income Proof - Open Finance Connect
APP_002950,CLI_00953,BR_009,60,Mass-Affluent,Salaried,104,49226.63,Denied,Registry Error - Data Mismatch with Tax Authority,Fast Update - ID Verification
APP_002954,CLI_04199,BR_005,49,Mass,Self-employed,76,23260.64,Denied,Income - Missing Tax Return,Income Proof - Request Tax Return
APP_002960,CLI_03642,BR_006,49,Mass,Self-employed,1,19259.93,Denied,Income - Gig Worker with Inconsistent Cash Flow,Income Proof - Open Finance Connect
APP_002962,CLI_03091,BR_043,60,Mass,Gig-worker,105,49942.0,Denied,Score - Disabled Positive Credit Registry,Credit Recovery - BACEN Education Journey
APP_002964,CLI_00762,BR_008,64,Mass,Salaried,96,13140.76,Denied,Document Error - Expired or Illegible ID,Fast Update - Request New ID
APP_002966,CLI_00886,BR_037,34,Mass,Salaried,2,40292.12,Denied,Registry Error - Data Mismatch with Tax Authority,Fast Update - ID Verification
APP_002971,CLI_01469,BR_018,24,Mass,Gig-worker,80,13592.59,Denied,Income - Gig Worker with Inconsistent Cash Flow,Income Proof - Open Finance Connect
APP_002972,CLI_00010,BR_026,41,Mass,Gig-worker,19,16025.44,Denied,Income - Missing Tax Return,Income Proof - Request Tax Return
APP_002975,CLI_00744,BR_022,44,Mass,Gig-worker,29,35822.7,Denied,Income - Gig Worker with Inconsistent Cash Flow,Income Proof - Open Finance Connect
APP_002976,CLI_02429,BR_046,49,Premium,Gig-worker,3,46905.43,Denied,Income - Missing Tax Return,Income Proof - Request Tax Return
APP_002981,CLI_01355,BR_012,66,Mass-Affluent,Self-employed,96,32528.83,Denied,Income - Gig Worker with Inconsistent Cash Flow,Income Proof - Open Finance Connect
APP_002982,CLI_02481,BR_023,48,Mass,Self-employed,12,49100.71,Denied,Score - Disabled Positive Credit Registry,Credit Recovery - BACEN Education Journey
APP_002984,CLI_01187,BR_011,72,Mass,Gig-worker,98,15540.64,Denied,Income - Gig Worker with Inconsistent Cash Flow,Income Proof - Open Finance Connect
APP_002985,CLI_04088,BR_042,38,Mass,Gig-worker,17,18756.02,Denied,Income - Gig Worker with Inconsistent Cash Flow,Income Proof - Open Finance Connect
APP_002989,CLI_02864,BR_029,26,Mass-Affluent,Unemployed,96,32472.61,Denied,Policy - Debt-to-Income (DTI) > 30%,Restructuring - Add Co-signer or Increase Term
APP_002992,CLI_03091,BR_016,60,Mass,Gig-worker,105,35718.09,Denied,Policy - Debt-to-Income (DTI) > 30%,Restructuring - Add Co-signer or Increase Term
APP_002996,CLI_02733,BR_011,22,Mass-Affluent,Self-employed,22,44627.52,Denied,Income - Gig Worker with Inconsistent Cash Flow,Income Proof - Open Finance Connect
APP_002997,CLI_01873,BR_025,41,Private,Salaried,115,28378.5,Denied,Document Error - Expired or Illegible ID,Fast Update - Request New ID
APP_002998,CLI_04721,BR_019,62,Mass-Affluent,Self-employed,68,46240.57,Denied,Income - Gig Worker with Inconsistent Cash Flow,Income Proof - Open Finance Connect
APP_003002,CLI_03679,BR_012,67,Mass,Salaried,80,26584.34,Denied,Registry Error - Data Mismatch with Tax Authority,Fast Update - ID Verification
APP_003003,CLI_00319,BR_041,40,Mass,Gig-worker,98,26969.48,Denied,Score - Disabled Positive Credit Registry,Credit Recovery - BACEN Education Journey
APP_003004,CLI_03817,BR_035,55,Mass,Business Owner,79,34679.55,Denied,Document Error - Expired or Illegible ID,Fast Update - Request New ID
APP_003005,CLI_03718,BR_006,34,Mass,Self-employed,97,12000.25,Denied,Score - Disabled Positive Credit Registry,Credit Recovery - BACEN Education Journey
APP_003006,CLI_03196,BR_021,46,Mass-Affluent,Salaried,75,33283.3,Denied,Document Error - Expired or Illegible ID,Fast Update - Request New ID
APP_003010,CLI_00353,BR_035,52,Mass,Salaried,79,49592.35,Denied,Policy - Debt-to-Income (DTI) > 30%,Restructuring - Add Co-signer or Increase Term
APP_003013,CLI_03237,BR_050,52,Mass,Salaried,116,41253.71,Denied,Score - Forgotten Micro-Debt,Credit Recovery - Micro-settlement
APP_003017,CLI_00684,BR_010,66,Mass,Salaried,13,1826.99,Denied,Document Error - Expired or Illegible ID,Fast Update - Request New ID
APP_003019,CLI_00479,BR_037,51,Premium,Salaried,91,19472.45,Denied,Registry Error - Data Mismatch with Tax Authority,Fast Update - ID Verification
APP_003021,CLI_04464,BR_041,37,Mass,Salaried,19,10686.28,Denied,Policy - Debt-to-Income (DTI) > 30%,Restructuring - Add Co-signer or Increase Term
APP_003027,CLI_04008,BR_001,63,Mass-Affluent,Salaried,110,43509.93,Denied,Policy - Debt-to-Income (DTI) > 30%,Restructuring - Add Co-signer or Increase Term
APP_003030,CLI_02415,BR_008,40,Premium,Self-employed,58,36208.28,Denied,Income - Gig Worker with Inconsistent Cash Flow,Income Proof - Open Finance Connect
APP_003035,CLI_02194,BR_025,24,Mass,Gig-worker,65,6846.28,Denied,Income - Gig Worker with Inconsistent Cash Flow,Income Proof - Open Finance Connect
APP_003037,CLI_00168,BR_050,28,Mass,Salaried,81,44638.06,Denied,Registry Error - Data Mismatch with Tax Authority,Fast Update - ID Verification
APP_003040,CLI_02545,BR_027,22,Mass,Self-employed,54,15315.05,Denied,Income - Missing Tax Return,Income Proof - Request Tax Return
APP_003046,CLI_02812,BR_039,69,Mass,Salaried,41,44959.26,Denied,Score - Forgotten Micro-Debt,Credit Recovery - Micro-settlement
APP_003047,CLI_02310,BR_011,56,Mass,Unemployed,80,28146.48,Denied,Registry Error - Data Mismatch with Tax Authority,Fast Update - ID Verification
APP_003048,CLI_02502,BR_048,71,Mass,Salaried,92,34843.31,Denied,Document Error - Expired or Illegible ID,Fast Update - Request New ID
APP_003050,CLI_02024,BR_003,32,Mass-Affluent,Gig-worker,118,41728.58,Denied,Income - Gig Worker with Inconsistent Cash Flow,Income Proof - Open Finance Connect
APP_003051,CLI_00350,BR_025,59,Mass-Affluent,Salaried,22,41957.18,Denied,Document Error - Expired or Illegible ID,Fast Update - Request New ID
APP_003052,CLI_00824,BR_024,57,Private,Self-employed,112,29899.86,Denied,Income - Gig Worker with Inconsistent Cash Flow,Income Proof - Open Finance Connect
APP_003054,CLI_00169,BR_008,65,Mass-Affluent,Salaried,67,46171.92,Denied,Score - Forgotten Micro-Debt,Credit Recovery - Micro-settlement
APP_003056,CLI_03415,BR_031,63,Mass,Salaried,80,33548.24,Denied,Registry Error - Data Mismatch with Tax Authority,Fast Update - ID Verification
APP_003060,CLI_04377,BR_004,32,Private,Salaried,39,5150.99,Denied,Registry Error - Data Mismatch with Tax Authority,Fast Update - ID Verification
APP_003061,CLI_03591,BR_004,28,Mass-Affluent,Self-employed,70,11462.44,Denied,Income - Missing Tax Return,Income Proof - Request Tax Return
APP_003066,CLI_03346,BR_006,45,Mass,Salaried,118,11172.96,Denied,Document Error - Expired or Illegible ID,Fast Update - Request New ID
APP_003070,CLI_04175,BR_032,68,Mass,Self-employed,58,7525.84,Denied,Score - Disabled Positive Credit Registry,Credit Recovery - BACEN Education Journey
APP_003072,CLI_02543,BR_018,42,Mass-Affluent,Salaried,11,40417.63,Denied,Policy - Debt-to-Income (DTI) > 30%,Restructuring - Add Co-signer or Increase Term
APP_003073,CLI_01134,BR_023,48,Private,Salaried,40,39768.24,Denied,Score - Forgotten Micro-Debt,Credit Recovery - Micro-settlement
APP_003076,CLI_03881,BR_027,29,Private,Gig-worker,16,11650.1,Denied,Income - Missing Tax Return,Income Proof - Request Tax Return
APP_003077,CLI_02738,BR_033,25,Premium,Salaried,25,6257.26,Denied,Registry Error - Data Mismatch with Tax Authority,Fast Update - ID Verification
APP_003078,CLI_02432,BR_002,64,Mass,Salaried,69,31152.79,Denied,Policy - Debt-to-Income (DTI) > 30%,Restructuring - Add Co-signer or Increase Term
APP_003081,CLI_01438,BR_028,74,Mass-Affluent,Salaried,43,48186.88,Denied,Document Error - Expired or Illegible ID,Fast Update - Request New ID
APP_003083,CLI_04643,BR_021,27,Mass,Self-employed,23,35338.8,Denied,Income - Gig Worker with Inconsistent Cash Flow,Income Proof - Open Finance Connect
APP_003084,CLI_01730,BR_031,33,Private,Gig-worker,89,3952.61,Denied,Income - Gig Worker with Inconsistent Cash Flow,Income Proof - Open Finance Connect
APP_003090,CLI_02589,BR_004,64,Mass,Salaried,89,44649.46,Denied,Policy - Debt-to-Income (DTI) > 30%,Restructuring - Add Co-signer or Increase Term
APP_003092,CLI_03088,BR_042,68,Mass,Gig-worker,21,39230.11,Denied,Income - Gig Worker with Inconsistent Cash Flow,Income Proof - Open Finance Connect
APP_003094,CLI_02114,BR_012,35,Mass,Salaried,103,14967.84,Denied,Policy - Debt-to-Income (DTI) > 30%,Restructuring - Add Co-signer or Increase Term
APP_003099,CLI_02808,BR_024,70,Mass,Gig-worker,15,11502.93,Denied,Income - Gig Worker with Inconsistent Cash Flow,Income Proof - Open Finance Connect
APP_003101,CLI_00888,BR_028,41,Mass,Salaried,12,33878.13,Denied,Policy - Debt-to-Income (DTI) > 30%,Restructuring - Add Co-signer or Increase Term
APP_003102,CLI_03729,BR_042,51,Mass,Gig-worker,41,20877.9,Denied,Score - Disabled Positive Credit Registry,Credit Recovery - BACEN Education Journey
APP_003104,CLI_03085,BR_021,32,Private,Self-employed,89,30334.84,Denied,Policy - Debt-to-Income (DTI) > 30%,Restructuring - Add Co-signer or Increase Term
APP_003105,CLI_00876,BR_048,59,Mass,Self-employed,94,32443.37,Denied,Income - Missing Tax Return,Income Proof - Request Tax Return
APP_003107,CLI_03997,BR_039,29,Mass-Affluent,Gig-worker,88,15140.27,Denied,Income - Gig Worker with Inconsistent Cash Flow,Income Proof - Open Finance Connect
APP_003108,CLI_00557,BR_031,65,Mass,Salaried,35,49089.98,Denied,Document Error - Expired or Illegible ID,Fast Update - Request New ID
APP_003109,CLI_02215,BR_015,68,Mass,Unemployed,67,22533.82,Denied,Document Error - Expired or Illegible ID,Fast Update - Request New ID
APP_003111,CLI_00718,BR_042,20,Premium,Salaried,25,18074.02,Denied,Policy - Debt-to-Income (DTI) > 30%,Restructuring - Add Co-signer or Increase Term
APP_003115,CLI_03780,BR_022,25,Mass-Affluent,Salaried,117,29278.37,Denied,Policy - Debt-to-Income (DTI) > 30%,Restructuring - Add Co-signer or Increase Term
APP_003120,CLI_02415,BR_003,40,Premium,Self-employed,58,37799.6,Denied,Income - Gig Worker with Inconsistent Cash Flow,Income Proof - Open Finance Connect
APP_003122,CLI_02814,BR_027,31,Premium,Salaried,24,5904.88,Denied,Score - Forgotten Micro-Debt,Credit Recovery - Micro-settlement
APP_003123,CLI_01238,BR_027,32,Mass-Affluent,Salaried,22,19838.59,Denied,Document Error - Expired or Illegible ID,Fast Update - Request New ID
APP_003124,CLI_02118,BR_030,64,Premium,Gig-worker,70,45990.45,Denied,Income - Gig Worker with Inconsistent Cash Flow,Income Proof - Open Finance Connect
APP_003126,CLI_03044,BR_025,28,Mass,Salaried,97,16684.89,Denied,Score - Forgotten Micro-Debt,Credit Recovery - Micro-settlement
APP_003127,CLI_03088,BR_028,68,Mass,Gig-worker,21,16858.25,Denied,Score - Disabled Positive Credit Registry,Credit Recovery - BACEN Education Journey
APP_003129,CLI_00699,BR_004,38,Mass,Gig-worker,88,24187.96,Denied,Income - Gig Worker with Inconsistent Cash Flow,Income Proof - Open Finance Connect
APP_003133,CLI_01846,BR_009,73,Mass,Gig-worker,59,9193.53,Denied,Income - Gig Worker with Inconsistent Cash Flow,Income Proof - Open Finance Connect
APP_003135,CLI_03183,BR_048,61,Premium,Gig-worker,109,38082.78,Denied,Score - Disabled Positive Credit Registry,Credit Recovery - BACEN Education Journey
APP_003136,CLI_00464,BR_050,33,Mass-Affluent,Salaried,119,4513.29,Denied,Score - Forgotten Micro-Debt,Credit Recovery - Micro-settlement
APP_003137,CLI_03861,BR_005,37,Mass,Business Owner,46,42656.82,Denied,Document Error - Expired or Illegible ID,Fast Update - Request New ID
APP_003138,CLI_00451,BR_045,39,Mass,Unemployed,40,41636.8,Denied,Score - Forgotten Micro-Debt,Credit Recovery - Micro-settlement
APP_003139,CLI_01916,BR_006,42,Mass,Salaried,67,24154.51,Denied,Registry Error - Data Mismatch with Tax Authority,Fast Update - ID Verification
APP_003140,CLI_00924,BR_012,38,Premium,Salaried,119,28460.7,Denied,Policy - Debt-to-Income (DTI) > 30%,Restructuring - Add Co-signer or Increase Term
APP_003142,CLI_00316,BR_047,69,Mass,Salaried,71,34160.66,Denied,Score - Forgotten Micro-Debt,Credit Recovery - Micro-settlement
APP_003145,CLI_01377,BR_029,49,Mass,Gig-worker,89,8966.94,Denied,Income - Gig Worker with Inconsistent Cash Flow,Income Proof - Open Finance Connect
APP_003147,CLI_01263,BR_020,23,Mass,Salaried,95,22564.09,Denied,Document Error - Expired or Illegible ID,Fast Update - Request New ID
APP_003149,CLI_02926,BR_032,22,Mass,Self-employed,76,38861.68,Denied,Income - Gig Worker with Inconsistent Cash Flow,Income Proof - Open Finance Connect
APP_003151,CLI_04185,BR_036,54,Mass,Self-employed,18,37695.62,Denied,Score - Disabled Positive Credit Registry,Credit Recovery - BACEN Education Journey
APP_003157,CLI_00548,BR_031,74,Private,Salaried,92,1989.6,Denied,Score - Forgotten Micro-Debt,Credit Recovery - Micro-settlement
APP_003160,CLI_01530,BR_004,46,Premium,Salaried,56,8309.56,Denied,Policy - Debt-to-Income (DTI) > 30%,Restructuring - Add Co-signer or Increase Term
APP_003168,CLI_01791,BR_005,29,Mass,Self-employed,47,3478.36,Denied,Income - Gig Worker with Inconsistent Cash Flow,Income Proof - Open Finance Connect
APP_003176,CLI_02375,BR_032,31,Premium,Salaried,87,23672.71,Denied,Document Error - Expired or Illegible ID,Fast Update - Request New ID
APP_003178,CLI_04966,BR_039,58,Premium,Gig-worker,94,29457.42,Denied,Policy - Debt-to-Income (DTI) > 30%,Restructuring - Add Co-signer or Increase Term
APP_003179,CLI_01131,BR_033,72,Mass,Self-employed,20,25249.84,Denied,Income - Gig Worker with Inconsistent Cash Flow,Income Proof - Open Finance Connect
APP_003180,CLI_04337,BR_031,72,Mass,Gig-worker,36,18344.19,Denied,Policy - Debt-to-Income (DTI) > 30%,Restructuring - Add Co-signer or Increase Term
APP_003181,CLI_02483,BR_013,28,Mass,Gig-worker,95,16188.73,Denied,Score - Disabled Positive Credit Registry,Credit Recovery - BACEN Education Journey
APP_003182,CLI_03100,BR_045,64,Mass,Business Owner,18,19438.02,Denied,Score - Forgotten Micro-Debt,Credit Recovery - Micro-settlement
APP_003183,CLI_02752,BR_002,55,Mass,Salaried,49,30970.11,Denied,Document Error - Expired or Illegible ID,Fast Update - Request New ID
APP_003184,CLI_03321,BR_030,36,Mass,Salaried,59,9219.94,Denied,Score - Forgotten Micro-Debt,Credit Recovery - Micro-settlement
APP_003185,CLI_01557,BR_010,23,Mass-Affluent,Gig-worker,58,38796.74,Denied,Income - Gig Worker with Inconsistent Cash Flow,Income Proof - Open Finance Connect
APP_003186,CLI_03544,BR_023,52,Mass,Gig-worker,71,29187.41,Denied,Income - Gig Worker with Inconsistent Cash Flow,Income Proof - Open Finance Connect
APP_003188,CLI_00569,BR_039,72,Premium,Salaried,21,25556.5,Denied,Score - Forgotten Micro-Debt,Credit Recovery - Micro-settlement
APP_003190,CLI_03237,BR_029,52,Mass,Salaried,116,2004.08,Denied,Document Error - Expired or Illegible ID,Fast Update - Request New ID
APP_003194,CLI_00151,BR_017,43,Mass,Gig-worker,13,11399.19,Denied,Income - Gig Worker with Inconsistent Cash Flow,Income Proof - Open Finance Connect
APP_003195,CLI_02273,BR_022,53,Private,Self-employed,65,46638.79,Denied,Policy - Debt-to-Income (DTI) > 30%,Restructuring - Add Co-signer or Increase Term
APP_003197,CLI_02109,BR_011,28,Premium,Business Owner,52,43994.17,Denied,Registry Error - Data Mismatch with Tax Authority,Fast Update - ID Verification
APP_003198,CLI_01796,BR_022,56,Mass,Salaried,70,17136.58,Denied,Policy - Debt-to-Income (DTI) > 30%,Restructuring - Add Co-signer or Increase Term
APP_003203,CLI_00397,BR_017,21,Mass-Affluent,Salaried,10,5518.71,Denied,Score - Forgotten Micro-Debt,Credit Recovery - Micro-settlement
APP_003204,CLI_02977,BR_032,72,Mass,Salaried,30,47201.55,Denied,Policy - Debt-to-Income (DTI) > 30%,Restructuring - Add Co-signer or Increase Term
APP_003205,CLI_02610,BR_019,56,Mass,Unemployed,60,23467.25,Denied,Score - Forgotten Micro-Debt,Credit Recovery - Micro-settlement
APP_003209,CLI_00264,BR_028,24,Mass,Gig-worker,112,1346.48,Denied,Policy - Debt-to-Income (DTI) > 30%,Restructuring - Add Co-signer or Increase Term
APP_003213,CLI_03081,BR_042,63,Mass,Salaried,104,8744.38,Denied,Score - Forgotten Micro-Debt,Credit Recovery - Micro-settlement
APP_003216,CLI_01361,BR_017,67,Mass,Self-employed,57,6078.4,Denied,Income - Gig Worker with Inconsistent Cash Flow,Income Proof - Open Finance Connect
APP_003221,CLI_01184,BR_014,34,Premium,Business Owner,19,48086.98,Denied,Policy - Debt-to-Income (DTI) > 30%,Restructuring - Add Co-signer or Increase Term
APP_003227,CLI_03366,BR_024,26,Mass-Affluent,Gig-worker,104,36596.12,Denied,Policy - Debt-to-Income (DTI) > 30%,Restructuring - Add Co-signer or Increase Term
APP_003228,CLI_01261,BR_005,57,Mass,Salaried,65,3891.62,Denied,Registry Error - Data Mismatch with Tax Authority,Fast Update - ID Verification
APP_003231,CLI_01314,BR_013,71,Mass,Self-employed,39,5609.19,Denied,Income - Gig Worker with Inconsistent Cash Flow,Income Proof - Open Finance Connect
APP_003234,CLI_00578,BR_031,37,Mass,Self-employed,32,35902.42,Denied,Policy - Debt-to-Income (DTI) > 30%,Restructuring - Add Co-signer or Increase Term
APP_003236,CLI_01021,BR_021,25,Mass,Salaried,61,47079.43,Denied,Registry Error - Data Mismatch with Tax Authority,Fast Update - ID Verification
APP_003239,CLI_03574,BR_038,20,Mass,Salaried,79,46536.45,Denied,Score - Forgotten Micro-Debt,Credit Recovery - Micro-settlement
APP_003240,CLI_02294,BR_029,40,Mass-Affluent,Unemployed,110,24583.39,Denied,Policy - Debt-to-Income (DTI) > 30%,Restructuring - Add Co-signer or Increase Term
APP_003244,CLI_00339,BR_042,19,Mass,Salaried,54,39596.73,Denied,Registry Error - Data Mismatch with Tax Authority,Fast Update - ID Verification
APP_003246,CLI_03042,BR_034,38,Mass,Salaried,117,12453.04,Denied,Policy - Debt-to-Income (DTI) > 30%,Restructuring - Add Co-signer or Increase Term
APP_003247,CLI_00807,BR_045,70,Mass,Salaried,107,14020.85,Denied,Document Error - Expired or Illegible ID,Fast Update - Request New ID
APP_003249,CLI_03274,BR_033,23,Mass,Self-employed,21,40726.34,Denied,Policy - Debt-to-Income (DTI) > 30%,Restructuring - Add Co-signer or Increase Term
APP_003253,CLI_04526,BR_028,53,Mass,Salaried,95,16317.09,Denied,Score - Forgotten Micro-Debt,Credit Recovery - Micro-settlement
APP_003255,CLI_01697,BR_027,69,Mass,Self-employed,59,24647.23,Denied,Policy - Debt-to-Income (DTI) > 30%,Restructuring - Add Co-signer or Increase Term
APP_003260,CLI_01686,BR_034,24,Mass-Affluent,Gig-worker,109,32209.06,Denied,Income - Gig Worker with Inconsistent Cash Flow,Income Proof - Open Finance Connect
APP_003264,CLI_04113,BR_030,49,Mass-Affluent,Gig-worker,27,7044.33,Denied,Policy - Debt-to-Income (DTI) > 30%,Restructuring - Add Co-signer or Increase Term
APP_003269,CLI_01016,BR_009,53,Mass,Self-employed,85,49079.78,Denied,Score - Disabled Positive Credit Registry,Credit Recovery - BACEN Education Journey
APP_003270,CLI_02334,BR_043,27,Mass,Gig-worker,103,33347.85,Denied,Score - Disabled Positive Credit Registry,Credit Recovery - BACEN Education Journey
APP_003273,CLI_03675,BR_001,46,Mass,Gig-worker,80,2000.26,Denied,Income - Gig Worker with Inconsistent Cash Flow,Income Proof - Open Finance Connect
APP_003275,CLI_02707,BR_041,63,Private,Gig-worker,52,29637.09,Denied,Policy - Debt-to-Income (DTI) > 30%,Restructuring - Add Co-signer or Increase Term
APP_003276,CLI_02100,BR_026,65,Premium,Self-employed,87,8414.51,Denied,Score - Disabled Positive Credit Registry,Credit Recovery - BACEN Education Journey
APP_003277,CLI_02566,BR_018,33,Mass,Gig-worker,92,44307.95,Denied,Income - Missing Tax Return,Income Proof - Request Tax Return
APP_003279,CLI_00109,BR_023,25,Mass,Gig-worker,59,26583.12,Denied,Income - Gig Worker with Inconsistent Cash Flow,Income Proof - Open Finance Connect
APP_003282,CLI_03082,BR_026,53,Mass,Unemployed,55,17044.27,Denied,Policy - Debt-to-Income (DTI) > 30%,Restructuring - Add Co-signer or Increase Term
APP_003284,CLI_02949,BR_044,33,Mass,Salaried,16,22770.78,Denied,Document Error - Expired or Illegible ID,Fast Update - Request New ID
APP_003289,CLI_00988,BR_035,55,Mass,Salaried,75,27984.43,Denied,Policy - Debt-to-Income (DTI) > 30%,Restructuring - Add Co-signer or Increase Term
APP_003291,CLI_00504,BR_049,50,Mass,Business Owner,58,44162.96,Denied,Policy - Debt-to-Income (DTI) > 30%,Restructuring - Add Co-signer or Increase Term
APP_003293,CLI_01342,BR_044,34,Mass-Affluent,Salaried,63,5002.57,Denied,Document Error - Expired or Illegible ID,Fast Update - Request New ID
APP_003297,CLI_02845,BR_021,29,Private,Gig-worker,18,33971.72,Denied,Income - Gig Worker with Inconsistent Cash Flow,Income Proof - Open Finance Connect
APP_003299,CLI_03727,BR_038,37,Mass,Gig-worker,56,32682.34,Denied,Income - Gig Worker with Inconsistent Cash Flow,Income Proof - Open Finance Connect
APP_003302,CLI_03810,BR_008,72,Mass,Gig-worker,82,22101.46,Denied,Policy - Debt-to-Income (DTI) > 30%,Restructuring - Add Co-signer or Increase Term
APP_003303,CLI_03748,BR_022,55,Mass,Gig-worker,87,5697.03,Denied,Income - Missing Tax Return,Income Proof - Request Tax Return
APP_003305,CLI_02425,BR_004,18,Mass-Affluent,Salaried,29,5329.61,Denied,Policy - Debt-to-Income (DTI) > 30%,Restructuring - Add Co-signer or Increase Term
APP_003309,CLI_01318,BR_038,32,Mass,Gig-worker,96,16475.15,Denied,Income - Gig Worker with Inconsistent Cash Flow,Income Proof - Open Finance Connect
APP_003314,CLI_01803,BR_046,42,Mass,Gig-worker,14,7072.69,Denied,Score - Disabled Positive Credit Registry,Credit Recovery - BACEN Education Journey
APP_003315,CLI_02624,BR_048,71,Private,Salaried,61,47463.86,Denied,Score - Forgotten Micro-Debt,Credit Recovery - Micro-settlement
APP_003317,CLI_01474,BR_011,65,Mass,Unemployed,97,47229.57,Denied,Policy - Debt-to-Income (DTI) > 30%,Restructuring - Add Co-signer or Increase Term
APP_003318,CLI_00950,BR_019,64,Mass,Unemployed,56,41831.45,Denied,Registry Error - Data Mismatch with Tax Authority,Fast Update - ID Verification
APP_003321,CLI_04312,BR_040,64,Mass,Gig-worker,101,7821.72,Denied,Policy - Debt-to-Income (DTI) > 30%,Restructuring - Add Co-signer or Increase Term
APP_003329,CLI_00301,BR_010,46,Mass,Unemployed,6,13072.87,Denied,Policy - Debt-to-Income (DTI) > 30%,Restructuring - Add Co-signer or Increase Term
APP_003332,CLI_04502,BR_045,39,Mass-Affluent,Unemployed,58,26365.08,Denied,Policy - Debt-to-Income (DTI) > 30%,Restructuring - Add Co-signer or Increase Term
APP_003333,CLI_03427,BR_007,59,Mass,Self-employed,89,21858.58,Denied,Policy - Debt-to-Income (DTI) > 30%,Restructuring - Add Co-signer or Increase Term
APP_003334,CLI_00161,BR_044,55,Mass,Self-employed,76,19043.93,Denied,Score - Disabled Positive Credit Registry,Credit Recovery - BACEN Education Journey
APP_003335,CLI_00026,BR_023,29,Mass,Salaried,40,39462.51,Denied,Policy - Debt-to-Income (DTI) > 30%,Restructuring - Add Co-signer or Increase Term
APP_003338,CLI_00999,BR_042,34,Mass,Self-employed,38,21477.98,Denied,Policy - Debt-to-Income (DTI) > 30%,Restructuring - Add Co-signer or Increase Term
APP_003339,CLI_03142,BR_009,34,Premium,Unemployed,9,16371.34,Denied,Policy - Debt-to-Income (DTI) > 30%,Restructuring - Add Co-signer or Increase Term
APP_003341,CLI_04102,BR_003,49,Mass,Gig-worker,33,46858.06,Denied,Score - Disabled Positive Credit Registry,Credit Recovery - BACEN Education Journey
APP_003344,CLI_02111,BR_038,34,Mass-Affluent,Unemployed,111,37678.21,Denied,Policy - Debt-to-Income (DTI) > 30%,Restructuring - Add Co-signer or Increase Term
APP_003346,CLI_02046,BR_019,33,Mass,Salaried,85,20025.73,Denied,Score - Forgotten Micro-Debt,Credit Recovery - Micro-settlement
APP_003347,CLI_00761,BR_025,22,Mass-Affluent,Self-employed,66,8778.36,Denied,Income - Gig Worker with Inconsistent Cash Flow,Income Proof - Open Finance Connect
APP_003348,CLI_00205,BR_039,33,Private,Salaried,6,26649.45,Denied,Policy - Debt-to-Income (DTI) > 30%,Restructuring - Add Co-signer or Increase Term
APP_003349,CLI_04993,BR_004,43,Mass-Affluent,Salaried,39,37483.08,Denied,Policy - Debt-to-Income (DTI) > 30%,Restructuring - Add Co-signer or Increase Term
APP_003350,CLI_03103,BR_022,45,Mass,Self-employed,116,14377.54,Denied,Income - Gig Worker with Inconsistent Cash Flow,Income Proof - Open Finance Connect
APP_003351,CLI_02036,BR_005,28,Mass,Salaried,46,46997.91,Denied,Policy - Debt-to-Income (DTI) > 30%,Restructuring - Add Co-signer or Increase Term
APP_003352,CLI_01553,BR_001,38,Mass,Salaried,119,10542.11,Denied,Registry Error - Data Mismatch with Tax Authority,Fast Update - ID Verification
APP_003353,CLI_04973,BR_050,73,Premium,Business Owner,47,4246.85,Denied,Document Error - Expired or Illegible ID,Fast Update - Request New ID
APP_003356,CLI_03749,BR_009,32,Mass-Affluent,Unemployed,60,47703.51,Denied,Registry Error - Data Mismatch with Tax Authority,Fast Update - ID Verification
APP_003358,CLI_03897,BR_010,37,Mass,Gig-worker,67,10782.85,Denied,Policy - Debt-to-Income (DTI) > 30%,Restructuring - Add Co-signer or Increase Term
APP_003359,CLI_00839,BR_020,71,Mass,Business Owner,71,48905.4,Denied,Score - Forgotten Micro-Debt,Credit Recovery - Micro-settlement
APP_003360,CLI_04696,BR_017,50,Mass,Salaried,72,46052.36,Denied,Policy - Debt-to-Income (DTI) > 30%,Restructuring - Add Co-signer or Increase Term
APP_003361,CLI_03684,BR_013,28,Mass,Gig-worker,79,8995.2,Denied,Income - Gig Worker with Inconsistent Cash Flow,Income Proof - Open Finance Connect
APP_003363,CLI_00938,BR_036,51,Mass,Self-employed,70,28220.35,Denied,Income - Gig Worker with Inconsistent Cash Flow,Income Proof - Open Finance Connect
APP_003364,CLI_02932,BR_023,28,Mass-Affluent,Gig-worker,33,22684.2,Denied,Policy - Debt-to-Income (DTI) > 30%,Restructuring - Add Co-signer or Increase Term
APP_003365,CLI_00425,BR_027,29,Mass-Affluent,Salaried,26,49229.79,Denied,Document Error - Expired or Illegible ID,Fast Update - Request New ID
APP_003372,CLI_02695,BR_030,24,Mass,Salaried,9,20274.62,Denied,Registry Error - Data Mismatch with Tax Authority,Fast Update - ID Verification
APP_003373,CLI_03596,BR_009,41,Mass-Affluent,Salaried,91,47587.64,Denied,Policy - Debt-to-Income (DTI) > 30%,Restructuring - Add Co-signer or Increase Term
APP_003376,CLI_00422,BR_036,70,Mass,Salaried,93,11877.87,Denied,Score - Forgotten Micro-Debt,Credit Recovery - Micro-settlement
APP_003381,CLI_00685,BR_039,42,Mass,Gig-worker,118,33440.95,Denied,Income - Missing Tax Return,Income Proof - Request Tax Return
APP_003383,CLI_04389,BR_042,40,Mass,Self-employed,71,2137.4,Denied,Income - Gig Worker with Inconsistent Cash Flow,Income Proof - Open Finance Connect
APP_003386,CLI_03986,BR_038,63,Premium,Self-employed,93,4866.69,Denied,Income - Gig Worker with Inconsistent Cash Flow,Income Proof - Open Finance Connect
APP_003387,CLI_03841,BR_031,58,Mass,Salaried,17,36761.59,Denied,Score - Forgotten Micro-Debt,Credit Recovery - Micro-settlement
APP_003389,CLI_02844,BR_040,59,Mass,Salaried,25,40017.57,Denied,Policy - Debt-to-Income (DTI) > 30%,Restructuring - Add Co-signer or Increase Term
APP_003391,CLI_04112,BR_001,65,Mass,Gig-worker,42,36760.44,Denied,Income - Gig Worker with Inconsistent Cash Flow,Income Proof - Open Finance Connect
APP_003394,CLI_04225,BR_023,61,Mass,Salaried,5,30442.87,Denied,Score - Forgotten Micro-Debt,Credit Recovery - Micro-settlement
APP_003396,CLI_04980,BR_047,73,Mass,Salaried,98,40955.19,Denied,Document Error - Expired or Illegible ID,Fast Update - Request New ID
APP_003397,CLI_00426,BR_012,70,Mass,Business Owner,19,26623.09,Denied,Policy - Debt-to-Income (DTI) > 30%,Restructuring - Add Co-signer or Increase Term
APP_003398,CLI_02402,BR_010,67,Mass,Self-employed,111,12122.51,Denied,Income - Gig Worker with Inconsistent Cash Flow,Income Proof - Open Finance Connect
APP_003399,CLI_00750,BR_016,37,Mass-Affluent,Salaried,15,31633.24,Denied,Policy - Debt-to-Income (DTI) > 30%,Restructuring - Add Co-signer or Increase Term
APP_003400,CLI_04840,BR_047,21,Mass,Salaried,22,47306.75,Denied,Policy - Debt-to-Income (DTI) > 30%,Restructuring - Add Co-signer or Increase Term
APP_003401,CLI_04575,BR_043,71,Mass-Affluent,Salaried,55,5022.64,Denied,Policy - Debt-to-Income (DTI) > 30%,Restructuring - Add Co-signer or Increase Term
APP_003403,CLI_01560,BR_039,51,Mass,Salaried,104,42348.12,Denied,Registry Error - Data Mismatch with Tax Authority,Fast Update - ID Verification
APP_003404,CLI_04195,BR_008,64,Mass,Unemployed,3,6370.09,Denied,Document Error - Expired or Illegible ID,Fast Update - Request New ID
APP_003406,CLI_03952,BR_041,63,Mass,Gig-worker,22,18048.6,Denied,Score - Disabled Positive Credit Registry,Credit Recovery - BACEN Education Journey
APP_003407,CLI_04267,BR_026,71,Mass-Affluent,Self-employed,61,23868.59,Denied,Income - Gig Worker with Inconsistent Cash Flow,Income Proof - Open Finance Connect
APP_003408,CLI_00148,BR_007,19,Mass,Self-employed,41,28902.78,Denied,Income - Gig Worker with Inconsistent Cash Flow,Income Proof - Open Finance Connect
APP_003409,CLI_02171,BR_015,59,Mass,Gig-worker,16,25857.71,Denied,Income - Missing Tax Return,Income Proof - Request Tax Return
APP_003410,CLI_00112,BR_015,54,Mass-Affluent,Salaried,81,45746.04,Denied,Policy - Debt-to-Income (DTI) > 30%,Restructuring - Add Co-signer or Increase Term
APP_003415,CLI_03729,BR_025,51,Mass,Gig-worker,41,47821.0,Denied,Income - Gig Worker with Inconsistent Cash Flow,Income Proof - Open Finance Connect
APP_003417,CLI_03724,BR_014,44,Mass-Affluent,Gig-worker,51,39028.7,Denied,Policy - Debt-to-Income (DTI) > 30%,Restructuring - Add Co-signer or Increase Term
APP_003418,CLI_02278,BR_024,68,Private,Salaried,27,2532.82,Denied,Policy - Debt-to-Income (DTI) > 30%,Restructuring - Add Co-signer or Increase Term
APP_003422,CLI_01014,BR_006,35,Mass,Unemployed,80,12807.28,Denied,Registry Error - Data Mismatch with Tax Authority,Fast Update - ID Verification
APP_003427,CLI_01309,BR_017,53,Mass,Salaried,99,19049.27,Denied,Score - Forgotten Micro-Debt,Credit Recovery - Micro-settlement
APP_003429,CLI_01242,BR_003,46,Mass,Business Owner,11,23602.99,Denied,Score - Forgotten Micro-Debt,Credit Recovery - Micro-settlement
APP_003433,CLI_00060,BR_042,49,Mass,Gig-worker,38,44264.41,Denied,Income - Gig Worker with Inconsistent Cash Flow,Income Proof - Open Finance Connect
APP_003436,CLI_00336,BR_036,19,Mass-Affluent,Gig-worker,20,38264.77,Denied,Income - Gig Worker with Inconsistent Cash Flow,Income Proof - Open Finance Connect
APP_003438,CLI_01593,BR_002,51,Mass-Affluent,Self-employed,118,3021.5,Denied,Income - Gig Worker with Inconsistent Cash Flow,Income Proof - Open Finance Connect
APP_003441,CLI_04167,BR_030,21,Private,Self-employed,89,9418.71,Denied,Policy - Debt-to-Income (DTI) > 30%,Restructuring - Add Co-signer or Increase Term
APP_003442,CLI_01122,BR_025,18,Mass-Affluent,Salaried,36,49098.53,Denied,Document Error - Expired or Illegible ID,Fast Update - Request New ID
APP_003443,CLI_02224,BR_007,70,Mass-Affluent,Self-employed,60,15301.38,Denied,Score - Disabled Positive Credit Registry,Credit Recovery - BACEN Education Journey
APP_003445,CLI_04980,BR_041,73,Mass,Salaried,98,9732.72,Denied,Registry Error - Data Mismatch with Tax Authority,Fast Update - ID Verification
APP_003446,CLI_01099,BR_050,43,Mass,Self-employed,33,41129.88,Denied,Income - Gig Worker with Inconsistent Cash Flow,Income Proof - Open Finance Connect
APP_003449,CLI_01047,BR_001,47,Mass-Affluent,Gig-worker,50,36946.66,Denied,Policy - Debt-to-Income (DTI) > 30%,Restructuring - Add Co-signer or Increase Term
APP_003451,CLI_04188,BR_044,23,Premium,Self-employed,5,8987.83,Denied,Income - Gig Worker with Inconsistent Cash Flow,Income Proof - Open Finance Connect
APP_003456,CLI_04478,BR_030,30,Mass,Salaried,41,2303.41,Denied,Registry Error - Data Mismatch with Tax Authority,Fast Update - ID Verification
APP_003461,CLI_04555,BR_036,54,Mass,Salaried,109,31814.8,Denied,Document Error - Expired or Illegible ID,Fast Update - Request New ID
APP_003464,CLI_00988,BR_016,55,Mass,Salaried,75,30550.34,Denied,Document Error - Expired or Illegible ID,Fast Update - Request New ID
APP_003465,CLI_04628,BR_038,18,Mass,Self-employed,51,36054.34,Denied,Score - Disabled Positive Credit Registry,Credit Recovery - BACEN Education Journey
APP_003468,CLI_01480,BR_001,18,Mass-Affluent,Salaried,27,13817.89,Denied,Score - Forgotten Micro-Debt,Credit Recovery - Micro-settlement
APP_003469,CLI_04435,BR_014,71,Mass,Self-employed,95,49793.26,Denied,Income - Gig Worker with Inconsistent Cash Flow,Income Proof - Open Finance Connect
APP_003471,CLI_03568,BR_021,45,Mass,Self-employed,119,36310.72,Denied,Income - Gig Worker with Inconsistent Cash Flow,Income Proof - Open Finance Connect
APP_003473,CLI_01877,BR_034,22,Mass,Gig-worker,80,34466.69,Denied,Policy - Debt-to-Income (DTI) > 30%,Restructuring - Add Co-signer or Increase Term
APP_003474,CLI_02052,BR_038,22,Mass-Affluent,Salaried,28,12144.59,Denied,Policy - Debt-to-Income (DTI) > 30%,Restructuring - Add Co-signer or Increase Term
APP_003476,CLI_02816,BR_041,50,Mass,Salaried,101,33650.71,Denied,Score - Forgotten Micro-Debt,Credit Recovery - Micro-settlement
APP_003477,CLI_00971,BR_014,31,Mass,Unemployed,61,10126.26,Denied,Score - Forgotten Micro-Debt,Credit Recovery - Micro-settlement
APP_003480,CLI_04359,BR_042,47,Mass,Gig-worker,80,19944.81,Denied,Income - Gig Worker with Inconsistent Cash Flow,Income Proof - Open Finance Connect
APP_003481,CLI_00783,BR_018,42,Mass-Affluent,Self-employed,20,15711.39,Denied,Score - Disabled Positive Credit Registry,Credit Recovery - BACEN Education Journey
APP_003483,CLI_01574,BR_009,71,Mass-Affluent,Self-employed,114,25896.59,Denied,Income - Gig Worker with Inconsistent Cash Flow,Income Proof - Open Finance Connect
APP_003484,CLI_04299,BR_041,44,Mass,Business Owner,112,28501.35,Denied,Registry Error - Data Mismatch with Tax Authority,Fast Update - ID Verification
APP_003486,CLI_03795,BR_033,65,Mass,Salaried,17,33039.99,Denied,Policy - Debt-to-Income (DTI) > 30%,Restructuring - Add Co-signer or Increase Term
APP_003487,CLI_03591,BR_049,28,Mass-Affluent,Self-employed,70,47934.79,Denied,Policy - Debt-to-Income (DTI) > 30%,Restructuring - Add Co-signer or Increase Term
APP_003488,CLI_04141,BR_004,44,Mass,Business Owner,98,6211.97,Denied,Policy - Debt-to-Income (DTI) > 30%,Restructuring - Add Co-signer or Increase Term
APP_003492,CLI_02845,BR_047,29,Private,Gig-worker,18,42926.19,Denied,Income - Gig Worker with Inconsistent Cash Flow,Income Proof - Open Finance Connect
APP_003495,CLI_02093,BR_037,24,Mass,Self-employed,18,36574.7,Denied,Policy - Debt-to-Income (DTI) > 30%,Restructuring - Add Co-signer or Increase Term
APP_003497,CLI_01070,BR_042,23,Mass,Salaried,87,38021.14,Denied,Registry Error - Data Mismatch with Tax Authority,Fast Update - ID Verification
APP_003498,CLI_01676,BR_039,24,Premium,Self-employed,10,6413.17,Denied,Income - Gig Worker with Inconsistent Cash Flow,Income Proof - Open Finance Connect
APP_003500,CLI_04397,BR_042,55,Mass,Self-employed,111,14540.63,Denied,Income - Missing Tax Return,Income Proof - Request Tax Return
APP_003506,CLI_02629,BR_002,59,Mass-Affluent,Salaried,36,1003.31,Denied,Document Error - Expired or Illegible ID,Fast Update - Request New ID
APP_003508,CLI_02984,BR_015,38,Premium,Salaried,21,1376.07,Denied,Registry Error - Data Mismatch with Tax Authority,Fast Update - ID Verification
APP_003509,CLI_03016,BR_021,35,Premium,Salaried,49,38910.54,Denied,Document Error - Expired or Illegible ID,Fast Update - Request New ID
APP_003511,CLI_04931,BR_005,46,Mass,Gig-worker,37,26670.12,Denied,Income - Missing Tax Return,Income Proof - Request Tax Return
APP_003515,CLI_03703,BR_046,43,Mass,Business Owner,61,9047.58,Denied,Document Error - Expired or Illegible ID,Fast Update - Request New ID
APP_003516,CLI_02577,BR_023,30,Mass,Gig-worker,89,12667.83,Denied,Income - Missing Tax Return,Income Proof - Request Tax Return
APP_003520,CLI_01629,BR_006,20,Private,Self-employed,112,11803.24,Denied,Income - Gig Worker with Inconsistent Cash Flow,Income Proof - Open Finance Connect
APP_003523,CLI_02997,BR_032,70,Mass-Affluent,Business Owner,42,17793.98,Denied,Registry Error - Data Mismatch with Tax Authority,Fast Update - ID Verification
APP_003526,CLI_01598,BR_002,39,Mass,Gig-worker,64,17765.04,Denied,Policy - Debt-to-Income (DTI) > 30%,Restructuring - Add Co-signer or Increase Term
APP_003527,CLI_01067,BR_015,28,Mass,Gig-worker,21,34139.52,Denied,Policy - Debt-to-Income (DTI) > 30%,Restructuring - Add Co-signer or Increase Term
APP_003528,CLI_03140,BR_017,27,Mass-Affluent,Self-employed,63,37331.51,Denied,Income - Missing Tax Return,Income Proof - Request Tax Return
APP_003531,CLI_02251,BR_006,38,Mass,Gig-worker,27,25921.78,Denied,Income - Missing Tax Return,Income Proof - Request Tax Return
APP_003532,CLI_02774,BR_015,72,Mass,Gig-worker,92,13344.61,Denied,Income - Gig Worker with Inconsistent Cash Flow,Income Proof - Open Finance Connect
APP_003533,CLI_04205,BR_017,58,Mass,Gig-worker,77,45242.73,Denied,Score - Disabled Positive Credit Registry,Credit Recovery - BACEN Education Journey
APP_003534,CLI_00284,BR_026,51,Private,Gig-worker,54,38552.9,Denied,Income - Gig Worker with Inconsistent Cash Flow,Income Proof - Open Finance Connect
APP_003535,CLI_02989,BR_022,22,Premium,Salaried,45,25157.29,Denied,Registry Error - Data Mismatch with Tax Authority,Fast Update - ID Verification
APP_003538,CLI_01364,BR_022,24,Mass,Self-employed,32,17098.24,Denied,Policy - Debt-to-Income (DTI) > 30%,Restructuring - Add Co-signer or Increase Term
APP_003542,CLI_00801,BR_024,22,Mass,Self-employed,75,43469.22,Denied,Income - Missing Tax Return,Income Proof - Request Tax Return
APP_003543,CLI_00760,BR_008,68,Mass-Affluent,Gig-worker,48,30623.79,Denied,Score - Disabled Positive Credit Registry,Credit Recovery - BACEN Education Journey
APP_003545,CLI_04801,BR_032,44,Mass,Gig-worker,102,32864.52,Denied,Income - Gig Worker with Inconsistent Cash Flow,Income Proof - Open Finance Connect
APP_003546,CLI_03935,BR_028,18,Mass-Affluent,Gig-worker,46,38344.88,Denied,Income - Missing Tax Return,Income Proof - Request Tax Return
APP_003548,CLI_04899,BR_022,59,Mass-Affluent,Gig-worker,71,24336.45,Denied,Income - Gig Worker with Inconsistent Cash Flow,Income Proof - Open Finance Connect
APP_003552,CLI_03792,BR_025,55,Mass,Gig-worker,24,2097.18,Denied,Score - Disabled Positive Credit Registry,Credit Recovery - BACEN Education Journey
APP_003553,CLI_03320,BR_039,48,Mass-Affluent,Salaried,105,7094.24,Denied,Document Error - Expired or Illegible ID,Fast Update - Request New ID
APP_003554,CLI_02190,BR_012,67,Mass-Affluent,Gig-worker,97,42786.13,Denied,Score - Disabled Positive Credit Registry,Credit Recovery - BACEN Education Journey
APP_003555,CLI_02450,BR_029,66,Mass,Gig-worker,13,41857.32,Denied,Income - Gig Worker with Inconsistent Cash Flow,Income Proof - Open Finance Connect
APP_003557,CLI_00823,BR_041,66,Mass,Salaried,101,29629.62,Denied,Policy - Debt-to-Income (DTI) > 30%,Restructuring - Add Co-signer or Increase Term
APP_003562,CLI_02161,BR_011,39,Mass-Affluent,Salaried,59,36783.86,Denied,Score - Forgotten Micro-Debt,Credit Recovery - Micro-settlement
APP_003567,CLI_04581,BR_018,64,Mass,Unemployed,77,30901.92,Denied,Policy - Debt-to-Income (DTI) > 30%,Restructuring - Add Co-signer or Increase Term
APP_003570,CLI_01667,BR_042,32,Mass,Self-employed,92,3918.76,Denied,Score - Disabled Positive Credit Registry,Credit Recovery - BACEN Education Journey
APP_003571,CLI_03082,BR_040,53,Mass,Unemployed,55,35586.47,Denied,Document Error - Expired or Illegible ID,Fast Update - Request New ID
APP_003572,CLI_03886,BR_044,32,Mass,Unemployed,78,19774.57,Denied,Policy - Debt-to-Income (DTI) > 30%,Restructuring - Add Co-signer or Increase Term
APP_003577,CLI_01555,BR_028,74,Premium,Salaried,110,26789.98,Denied,Policy - Debt-to-Income (DTI) > 30%,Restructuring - Add Co-signer or Increase Term
APP_003578,CLI_01081,BR_013,25,Mass,Salaried,71,38728.66,Denied,Policy - Debt-to-Income (DTI) > 30%,Restructuring - Add Co-signer or Increase Term
APP_003580,CLI_00088,BR_003,45,Premium,Self-employed,78,33200.16,Denied,Income - Gig Worker with Inconsistent Cash Flow,Income Proof - Open Finance Connect
APP_003581,CLI_02701,BR_034,56,Mass-Affluent,Gig-worker,33,49889.41,Denied,Income - Gig Worker with Inconsistent Cash Flow,Income Proof - Open Finance Connect
APP_003583,CLI_02960,BR_032,69,Mass-Affluent,Gig-worker,86,35603.43,Denied,Policy - Debt-to-Income (DTI) > 30%,Restructuring - Add Co-signer or Increase Term
APP_003588,CLI_00041,BR_030,52,Mass,Salaried,53,2582.26,Denied,Score - Forgotten Micro-Debt,Credit Recovery - Micro-settlement
APP_003591,CLI_03085,BR_029,32,Private,Self-employed,89,1071.78,Denied,Income - Missing Tax Return,Income Proof - Request Tax Return
APP_003594,CLI_03938,BR_034,62,Mass,Business Owner,12,13627.54,Denied,Score - Forgotten Micro-Debt,Credit Recovery - Micro-settlement
APP_003603,CLI_01577,BR_023,68,Mass,Gig-worker,108,16031.73,Denied,Income - Missing Tax Return,Income Proof - Request Tax Return
APP_003605,CLI_02125,BR_026,50,Mass-Affluent,Gig-worker,32,25521.06,Denied,Policy - Debt-to-Income (DTI) > 30%,Restructuring - Add Co-signer or Increase Term
APP_003606,CLI_00269,BR_014,29,Mass,Salaried,66,20344.32,Denied,Registry Error - Data Mismatch with Tax Authority,Fast Update - ID Verification
APP_003609,CLI_04779,BR_024,55,Mass,Self-employed,48,24801.95,Denied,Income - Gig Worker with Inconsistent Cash Flow,Income Proof - Open Finance Connect
APP_003610,CLI_04258,BR_007,36,Mass-Affluent,Gig-worker,109,17402.49,Denied,Income - Gig Worker with Inconsistent Cash Flow,Income Proof - Open Finance Connect
APP_003611,CLI_04561,BR_048,21,Mass-Affluent,Salaried,40,10565.2,Denied,Score - Forgotten Micro-Debt,Credit Recovery - Micro-settlement
APP_003612,CLI_00823,BR_036,66,Mass,Salaried,101,32818.97,Denied,Registry Error - Data Mismatch with Tax Authority,Fast Update - ID Verification
APP_003614,CLI_02596,BR_015,47,Mass,Gig-worker,41,41632.35,Denied,Income - Gig Worker with Inconsistent Cash Flow,Income Proof - Open Finance Connect
APP_003615,CLI_03954,BR_049,25,Premium,Salaried,12,43862.84,Denied,Document Error - Expired or Illegible ID,Fast Update - Request New ID
APP_003617,CLI_02100,BR_048,65,Premium,Self-employed,87,34687.41,Denied,Policy - Debt-to-Income (DTI) > 30%,Restructuring - Add Co-signer or Increase Term
APP_003618,CLI_04584,BR_002,31,Mass,Self-employed,73,3777.11,Denied,Income - Missing Tax Return,Income Proof - Request Tax Return
APP_003621,CLI_00651,BR_021,69,Mass,Salaried,34,12414.61,Denied,Registry Error - Data Mismatch with Tax Authority,Fast Update - ID Verification
APP_003625,CLI_04077,BR_024,43,Mass,Self-employed,38,38995.44,Denied,Income - Gig Worker with Inconsistent Cash Flow,Income Proof - Open Finance Connect
APP_003627,CLI_01356,BR_014,46,Mass-Affluent,Unemployed,38,23002.71,Denied,Score - Forgotten Micro-Debt,Credit Recovery - Micro-settlement
APP_003628,CLI_03506,BR_043,50,Mass,Salaried,67,8431.9,Denied,Document Error - Expired or Illegible ID,Fast Update - Request New ID
APP_003630,CLI_00701,BR_005,54,Mass,Salaried,17,36685.22,Denied,Policy - Debt-to-Income (DTI) > 30%,Restructuring - Add Co-signer or Increase Term
APP_003636,CLI_02871,BR_036,52,Mass,Salaried,112,48464.21,Denied,Registry Error - Data Mismatch with Tax Authority,Fast Update - ID Verification
APP_003639,CLI_03468,BR_050,37,Mass,Gig-worker,33,13888.74,Denied,Score - Disabled Positive Credit Registry,Credit Recovery - BACEN Education Journey
APP_003640,CLI_01419,BR_024,63,Mass,Salaried,28,7020.25,Denied,Policy - Debt-to-Income (DTI) > 30%,Restructuring - Add Co-signer or Increase Term
APP_003642,CLI_03170,BR_011,29,Mass,Salaried,78,17371.61,Denied,Registry Error - Data Mismatch with Tax Authority,Fast Update - ID Verification
APP_003648,CLI_04272,BR_021,45,Premium,Self-employed,53,44192.1,Denied,Policy - Debt-to-Income (DTI) > 30%,Restructuring - Add Co-signer or Increase Term
APP_003650,CLI_02395,BR_015,37,Mass,Self-employed,1,37908.82,Denied,Income - Gig Worker with Inconsistent Cash Flow,Income Proof - Open Finance Connect
APP_003652,CLI_01986,BR_010,27,Mass,Gig-worker,11,22453.1,Denied,Income - Gig Worker with Inconsistent Cash Flow,Income Proof - Open Finance Connect
APP_003655,CLI_00350,BR_012,59,Mass-Affluent,Salaried,22,19534.54,Denied,Document Error - Expired or Illegible ID,Fast Update - Request New ID
APP_003658,CLI_02809,BR_037,33,Premium,Gig-worker,71,29084.72,Denied,Income - Gig Worker with Inconsistent Cash Flow,Income Proof - Open Finance Connect
APP_003659,CLI_02563,BR_044,40,Mass,Self-employed,78,40928.92,Denied,Income - Gig Worker with Inconsistent Cash Flow,Income Proof - Open Finance Connect
APP_003660,CLI_03153,BR_024,69,Premium,Salaried,37,4702.01,Denied,Score - Forgotten Micro-Debt,Credit Recovery - Micro-settlement
APP_003663,CLI_02056,BR_010,32,Mass-Affluent,Self-employed,76,45260.16,Denied,Income - Missing Tax Return,Income Proof - Request Tax Return
APP_003664,CLI_00998,BR_014,74,Mass,Gig-worker,86,6385.59,Denied,Income - Gig Worker with Inconsistent Cash Flow,Income Proof - Open Finance Connect
APP_003666,CLI_01423,BR_037,72,Mass,Self-employed,119,5339.16,Denied,Income - Gig Worker with Inconsistent Cash Flow,Income Proof - Open Finance Connect
APP_003669,CLI_03195,BR_040,19,Mass-Affluent,Self-employed,82,17319.18,Denied,Income - Gig Worker with Inconsistent Cash Flow,Income Proof - Open Finance Connect
APP_003674,CLI_03181,BR_023,24,Mass,Gig-worker,55,42909.86,Denied,Income - Gig Worker with Inconsistent Cash Flow,Income Proof - Open Finance Connect
APP_003675,CLI_04942,BR_012,56,Mass,Unemployed,87,3203.36,Denied,Document Error - Expired or Illegible ID,Fast Update - Request New ID
APP_003676,CLI_01731,BR_013,62,Mass-Affluent,Unemployed,76,18440.95,Denied,Score - Forgotten Micro-Debt,Credit Recovery - Micro-settlement
APP_003677,CLI_00036,BR_021,57,Mass,Salaried,67,31937.33,Denied,Document Error - Expired or Illegible ID,Fast Update - Request New ID
APP_003679,CLI_01998,BR_029,53,Mass-Affluent,Salaried,42,43531.68,Denied,Document Error - Expired or Illegible ID,Fast Update - Request New ID
APP_003681,CLI_03118,BR_050,58,Mass,Unemployed,99,4079.81,Denied,Policy - Debt-to-Income (DTI) > 30%,Restructuring - Add Co-signer or Increase Term
APP_003685,CLI_00146,BR_047,18,Mass,Salaried,81,16267.24,Denied,Policy - Debt-to-Income (DTI) > 30%,Restructuring - Add Co-signer or Increase Term
APP_003686,CLI_04964,BR_012,27,Private,Unemployed,61,45676.49,Denied,Policy - Debt-to-Income (DTI) > 30%,Restructuring - Add Co-signer or Increase Term
APP_003691,CLI_01287,BR_005,54,Mass,Salaried,119,27785.21,Denied,Policy - Debt-to-Income (DTI) > 30%,Restructuring - Add Co-signer or Increase Term
APP_003698,CLI_03165,BR_028,49,Mass,Gig-worker,64,33348.63,Denied,Score - Disabled Positive Credit Registry,Credit Recovery - BACEN Education Journey
APP_003699,CLI_01827,BR_031,71,Mass,Salaried,61,10662.6,Denied,Score - Forgotten Micro-Debt,Credit Recovery - Micro-settlement
APP_003701,CLI_04629,BR_039,53,Mass-Affluent,Salaried,24,9511.99,Denied,Score - Forgotten Micro-Debt,Credit Recovery - Micro-settlement
APP_003702,CLI_01948,BR_048,30,Mass,Business Owner,97,4105.86,Denied,Document Error - Expired or Illegible ID,Fast Update - Request New ID
APP_003706,CLI_01748,BR_047,63,Premium,Salaried,38,18070.57,Denied,Score - Forgotten Micro-Debt,Credit Recovery - Micro-settlement
APP_003707,CLI_02034,BR_031,37,Mass-Affluent,Self-employed,111,47342.7,Denied,Income - Gig Worker with Inconsistent Cash Flow,Income Proof - Open Finance Connect
APP_003709,CLI_02992,BR_048,38,Mass,Salaried,88,8622.83,Denied,Registry Error - Data Mismatch with Tax Authority,Fast Update - ID Verification
APP_003710,CLI_01418,BR_016,36,Mass,Salaried,113,49635.54,Denied,Policy - Debt-to-Income (DTI) > 30%,Restructuring - Add Co-signer or Increase Term
APP_003713,CLI_00110,BR_025,44,Mass-Affluent,Salaried,34,12346.45,Denied,Score - Forgotten Micro-Debt,Credit Recovery - Micro-settlement
APP_003717,CLI_04734,BR_040,40,Mass,Salaried,42,22207.49,Denied,Score - Forgotten Micro-Debt,Credit Recovery - Micro-settlement
APP_003718,CLI_02043,BR_017,46,Premium,Unemployed,63,29624.54,Denied,Score - Forgotten Micro-Debt,Credit Recovery - Micro-settlement
APP_003720,CLI_04493,BR_038,66,Premium,Self-employed,103,49472.48,Denied,Income - Gig Worker with Inconsistent Cash Flow,Income Proof - Open Finance Connect
APP_003721,CLI_03559,BR_029,38,Mass,Business Owner,115,5981.26,Denied,Policy - Debt-to-Income (DTI) > 30%,Restructuring - Add Co-signer or Increase Term
APP_003723,CLI_03659,BR_030,55,Mass-Affluent,Self-employed,44,19723.71,Denied,Income - Gig Worker with Inconsistent Cash Flow,Income Proof - Open Finance Connect
APP_003724,CLI_02695,BR_031,24,Mass,Salaried,9,30146.61,Denied,Document Error - Expired or Illegible ID,Fast Update - Request New ID
APP_003725,CLI_03885,BR_022,64,Mass,Self-employed,105,19377.36,Denied,Income - Gig Worker with Inconsistent Cash Flow,Income Proof - Open Finance Connect
APP_003728,CLI_02167,BR_004,63,Mass,Business Owner,88,29065.56,Denied,Registry Error - Data Mismatch with Tax Authority,Fast Update - ID Verification
APP_003729,CLI_03887,BR_035,58,Mass-Affluent,Salaried,43,27789.08,Denied,Registry Error - Data Mismatch with Tax Authority,Fast Update - ID Verification
APP_003731,CLI_04323,BR_050,34,Mass,Salaried,51,27544.79,Denied,Policy - Debt-to-Income (DTI) > 30%,Restructuring - Add Co-signer or Increase Term
APP_003732,CLI_04452,BR_044,39,Mass-Affluent,Gig-worker,37,48681.99,Denied,Score - Disabled Positive Credit Registry,Credit Recovery - BACEN Education Journey
APP_003734,CLI_03393,BR_026,46,Mass,Salaried,91,24568.15,Denied,Score - Forgotten Micro-Debt,Credit Recovery - Micro-settlement
APP_003735,CLI_02271,BR_027,32,Mass,Salaried,60,45888.12,Denied,Score - Forgotten Micro-Debt,Credit Recovery - Micro-settlement
APP_003736,CLI_03712,BR_027,35,Mass,Gig-worker,98,29190.4,Denied,Income - Missing Tax Return,Income Proof - Request Tax Return
APP_003737,CLI_01587,BR_018,53,Premium,Salaried,14,7617.35,Denied,Document Error - Expired or Illegible ID,Fast Update - Request New ID
APP_003740,CLI_01351,BR_046,23,Mass,Self-employed,118,38607.74,Denied,Income - Gig Worker with Inconsistent Cash Flow,Income Proof - Open Finance Connect
APP_003741,CLI_03199,BR_031,69,Mass,Salaried,64,48391.54,Denied,Registry Error - Data Mismatch with Tax Authority,Fast Update - ID Verification
APP_003743,CLI_03940,BR_003,52,Mass-Affluent,Business Owner,66,22310.98,Denied,Registry Error - Data Mismatch with Tax Authority,Fast Update - ID Verification
APP_003751,CLI_02037,BR_025,44,Mass,Self-employed,63,48978.41,Denied,Income - Gig Worker with Inconsistent Cash Flow,Income Proof - Open Finance Connect
APP_003752,CLI_03553,BR_044,63,Mass,Gig-worker,30,19456.49,Denied,Policy - Debt-to-Income (DTI) > 30%,Restructuring - Add Co-signer or Increase Term
APP_003758,CLI_04457,BR_029,49,Mass,Unemployed,18,45325.57,Denied,Policy - Debt-to-Income (DTI) > 30%,Restructuring - Add Co-signer or Increase Term
APP_003760,CLI_01475,BR_006,36,Mass,Salaried,109,46500.04,Denied,Document Error - Expired or Illegible ID,Fast Update - Request New ID
APP_003761,CLI_04659,BR_019,55,Mass,Unemployed,20,49147.89,Denied,Registry Error - Data Mismatch with Tax Authority,Fast Update - ID Verification
APP_003763,CLI_02069,BR_045,63,Mass,Self-employed,15,28692.67,Denied,Income - Missing Tax Return,Income Proof - Request Tax Return
APP_003764,CLI_03768,BR_027,50,Mass,Gig-worker,17,41911.11,Denied,Income - Missing Tax Return,Income Proof - Request Tax Return
APP_003770,CLI_01614,BR_035,43,Mass-Affluent,Salaried,53,38543.2,Denied,Policy - Debt-to-Income (DTI) > 30%,Restructuring - Add Co-signer or Increase Term
APP_003771,CLI_03018,BR_047,52,Mass-Affluent,Salaried,20,16228.56,Denied,Score - Forgotten Micro-Debt,Credit Recovery - Micro-settlement
APP_003774,CLI_03549,BR_014,38,Premium,Salaried,55,14456.1,Denied,Registry Error - Data Mismatch with Tax Authority,Fast Update - ID Verification
APP_003775,CLI_02920,BR_030,60,Mass,Salaried,86,47685.23,Denied,Policy - Debt-to-Income (DTI) > 30%,Restructuring - Add Co-signer or Increase Term
APP_003776,CLI_04936,BR_048,37,Mass,Salaried,10,38488.06,Denied,Policy - Debt-to-Income (DTI) > 30%,Restructuring - Add Co-signer or Increase Term
APP_003781,CLI_00753,BR_018,65,Mass,Salaried,53,34690.28,Denied,Registry Error - Data Mismatch with Tax Authority,Fast Update - ID Verification
APP_003783,CLI_01342,BR_014,34,Mass-Affluent,Salaried,63,15294.25,Denied,Registry Error - Data Mismatch with Tax Authority,Fast Update - ID Verification
APP_003784,CLI_00505,BR_014,50,Mass,Self-employed,107,45557.54,Denied,Income - Missing Tax Return,Income Proof - Request Tax Return
APP_003786,CLI_01970,BR_033,32,Mass,Gig-worker,78,48071.54,Denied,Income - Missing Tax Return,Income Proof - Request Tax Return
APP_003789,CLI_03638,BR_011,23,Private,Unemployed,22,35181.46,Denied,Document Error - Expired or Illegible ID,Fast Update - Request New ID
APP_003790,CLI_02423,BR_048,67,Mass,Salaried,70,39043.28,Denied,Policy - Debt-to-Income (DTI) > 30%,Restructuring - Add Co-signer or Increase Term
APP_003791,CLI_04485,BR_026,31,Mass,Unemployed,91,20446.2,Denied,Registry Error - Data Mismatch with Tax Authority,Fast Update - ID Verification
APP_003792,CLI_00674,BR_003,37,Mass-Affluent,Salaried,67,45443.4,Denied,Score - Forgotten Micro-Debt,Credit Recovery - Micro-settlement
APP_003793,CLI_00593,BR_025,31,Mass,Business Owner,61,27727.68,Denied,Policy - Debt-to-Income (DTI) > 30%,Restructuring - Add Co-signer or Increase Term
APP_003796,CLI_02553,BR_029,60,Mass-Affluent,Self-employed,111,31952.35,Denied,Income - Missing Tax Return,Income Proof - Request Tax Return
APP_003798,CLI_03139,BR_026,28,Mass,Gig-worker,112,9735.88,Denied,Score - Disabled Positive Credit Registry,Credit Recovery - BACEN Education Journey
APP_003799,CLI_04510,BR_034,23,Mass,Salaried,43,37148.57,Denied,Policy - Debt-to-Income (DTI) > 30%,Restructuring - Add Co-signer or Increase Term
APP_003801,CLI_02794,BR_009,73,Mass,Gig-worker,67,46383.95,Denied,Income - Gig Worker with Inconsistent Cash Flow,Income Proof - Open Finance Connect
APP_003808,CLI_02486,BR_004,55,Premium,Salaried,11,14317.18,Denied,Registry Error - Data Mismatch with Tax Authority,Fast Update - ID Verification
APP_003809,CLI_00207,BR_014,65,Mass-Affluent,Salaried,13,24193.61,Denied,Policy - Debt-to-Income (DTI) > 30%,Restructuring - Add Co-signer or Increase Term
APP_003810,CLI_00294,BR_013,21,Mass,Gig-worker,8,1895.5,Denied,Income - Gig Worker with Inconsistent Cash Flow,Income Proof - Open Finance Connect
APP_003812,CLI_03759,BR_013,29,Mass-Affluent,Gig-worker,43,1782.82,Denied,Policy - Debt-to-Income (DTI) > 30%,Restructuring - Add Co-signer or Increase Term
APP_003815,CLI_02864,BR_044,26,Mass-Affluent,Unemployed,96,12424.74,Denied,Registry Error - Data Mismatch with Tax Authority,Fast Update - ID Verification
APP_003823,CLI_01361,BR_039,67,Mass,Self-employed,57,25880.1,Denied,Score - Disabled Positive Credit Registry,Credit Recovery - BACEN Education Journey
APP_003825,CLI_03217,BR_021,40,Mass,Salaried,55,15069.4,Denied,Registry Error - Data Mismatch with Tax Authority,Fast Update - ID Verification
APP_003826,CLI_02363,BR_043,66,Mass,Gig-worker,79,49153.78,Denied,Income - Missing Tax Return,Income Proof - Request Tax Return
APP_003828,CLI_03495,BR_010,74,Mass-Affluent,Gig-worker,42,19267.87,Denied,Income - Gig Worker with Inconsistent Cash Flow,Income Proof - Open Finance Connect
APP_003829,CLI_01968,BR_013,51,Mass,Salaried,25,5754.23,Denied,Document Error - Expired or Illegible ID,Fast Update - Request New ID
APP_003834,CLI_01471,BR_039,40,Mass,Unemployed,32,36582.65,Denied,Document Error - Expired or Illegible ID,Fast Update - Request New ID
APP_003838,CLI_03167,BR_008,72,Mass,Self-employed,85,20528.82,Denied,Policy - Debt-to-Income (DTI) > 30%,Restructuring - Add Co-signer or Increase Term
APP_003840,CLI_01706,BR_015,41,Mass,Salaried,92,20575.92,Denied,Registry Error - Data Mismatch with Tax Authority,Fast Update - ID Verification
APP_003841,CLI_03200,BR_025,44,Mass,Gig-worker,69,41944.22,Denied,Income - Gig Worker with Inconsistent Cash Flow,Income Proof - Open Finance Connect
APP_003842,CLI_02595,BR_047,53,Mass-Affluent,Gig-worker,113,48831.61,Denied,Policy - Debt-to-Income (DTI) > 30%,Restructuring - Add Co-signer or Increase Term
APP_003846,CLI_04827,BR_025,50,Mass,Self-employed,104,1464.68,Denied,Score - Disabled Positive Credit Registry,Credit Recovery - BACEN Education Journey
APP_003849,CLI_02452,BR_008,44,Private,Self-employed,57,31867.06,Denied,Score - Disabled Positive Credit Registry,Credit Recovery - BACEN Education Journey
APP_003852,CLI_00648,BR_016,62,Mass,Salaried,111,42699.62,Denied,Policy - Debt-to-Income (DTI) > 30%,Restructuring - Add Co-signer or Increase Term
APP_003853,CLI_02194,BR_047,24,Mass,Gig-worker,65,14066.53,Denied,Income - Gig Worker with Inconsistent Cash Flow,Income Proof - Open Finance Connect
APP_003854,CLI_02809,BR_003,33,Premium,Gig-worker,71,43692.16,Denied,Score - Disabled Positive Credit Registry,Credit Recovery - BACEN Education Journey
APP_003857,CLI_04576,BR_032,65,Mass,Salaried,112,49377.44,Denied,Policy - Debt-to-Income (DTI) > 30%,Restructuring - Add Co-signer or Increase Term
APP_003858,CLI_04808,BR_012,23,Mass,Salaried,101,47558.94,Denied,Policy - Debt-to-Income (DTI) > 30%,Restructuring - Add Co-signer or Increase Term
APP_003860,CLI_02763,BR_041,22,Mass-Affluent,Gig-worker,96,42317.21,Denied,Income - Gig Worker with Inconsistent Cash Flow,Income Proof - Open Finance Connect
APP_003861,CLI_01818,BR_002,74,Mass,Self-employed,19,13813.23,Denied,Income - Missing Tax Return,Income Proof - Request Tax Return
APP_003863,CLI_03102,BR_008,65,Mass,Salaried,88,10014.62,Denied,Document Error - Expired or Illegible ID,Fast Update - Request New ID
APP_003868,CLI_00395,BR_042,22,Mass-Affluent,Salaried,83,6771.72,Denied,Policy - Debt-to-Income (DTI) > 30%,Restructuring - Add Co-signer or Increase Term
APP_003871,CLI_00933,BR_003,22,Mass,Salaried,8,21081.41,Denied,Score - Forgotten Micro-Debt,Credit Recovery - Micro-settlement
APP_003873,CLI_02956,BR_048,54,Premium,Gig-worker,72,13639.39,Denied,Score - Disabled Positive Credit Registry,Credit Recovery - BACEN Education Journey
APP_003874,CLI_04629,BR_038,53,Mass-Affluent,Salaried,24,17600.04,Denied,Registry Error - Data Mismatch with Tax Authority,Fast Update - ID Verification
APP_003875,CLI_04651,BR_022,34,Mass,Self-employed,24,9005.4,Denied,Income - Gig Worker with Inconsistent Cash Flow,Income Proof - Open Finance Connect
APP_003876,CLI_02742,BR_040,20,Mass,Business Owner,55,20769.17,Denied,Score - Forgotten Micro-Debt,Credit Recovery - Micro-settlement
APP_003879,CLI_02505,BR_047,38,Mass,Salaried,104,34538.1,Denied,Document Error - Expired or Illegible ID,Fast Update - Request New ID
APP_003886,CLI_01472,BR_031,38,Mass-Affluent,Business Owner,15,30520.68,Denied,Registry Error - Data Mismatch with Tax Authority,Fast Update - ID Verification
APP_003889,CLI_04750,BR_016,45,Mass,Unemployed,115,17947.6,Denied,Score - Forgotten Micro-Debt,Credit Recovery - Micro-settlement
APP_003891,CLI_03982,BR_032,63,Mass-Affluent,Gig-worker,37,15721.74,Denied,Policy - Debt-to-Income (DTI) > 30%,Restructuring - Add Co-signer or Increase Term
APP_003892,CLI_02569,BR_001,32,Mass,Self-employed,80,17446.05,Denied,Policy - Debt-to-Income (DTI) > 30%,Restructuring - Add Co-signer or Increase Term
APP_003893,CLI_01609,BR_048,34,Mass-Affluent,Salaried,113,5544.52,Denied,Policy - Debt-to-Income (DTI) > 30%,Restructuring - Add Co-signer or Increase Term
APP_003895,CLI_03823,BR_008,26,Mass,Self-employed,19,17991.45,Denied,Income - Gig Worker with Inconsistent Cash Flow,Income Proof - Open Finance Connect
APP_003897,CLI_02193,BR_002,64,Mass-Affluent,Gig-worker,96,1330.29,Denied,Policy - Debt-to-Income (DTI) > 30%,Restructuring - Add Co-signer or Increase Term
APP_003898,CLI_04073,BR_047,18,Mass,Gig-worker,7,49120.37,Denied,Income - Gig Worker with Inconsistent Cash Flow,Income Proof - Open Finance Connect
APP_003899,CLI_01092,BR_037,37,Mass,Salaried,93,9355.3,Denied,Document Error - Expired or Illegible ID,Fast Update - Request New ID
APP_003904,CLI_00733,BR_021,25,Mass,Self-employed,93,8476.28,Denied,Score - Disabled Positive Credit Registry,Credit Recovery - BACEN Education Journey
APP_003905,CLI_00513,BR_042,57,Mass-Affluent,Salaried,79,13094.09,Denied,Registry Error - Data Mismatch with Tax Authority,Fast Update - ID Verification
APP_003906,CLI_02688,BR_037,26,Mass,Salaried,74,9243.37,Denied,Policy - Debt-to-Income (DTI) > 30%,Restructuring - Add Co-signer or Increase Term
APP_003910,CLI_04495,BR_050,74,Mass,Gig-worker,85,3319.5,Denied,Income - Missing Tax Return,Income Proof - Request Tax Return
APP_003911,CLI_00808,BR_046,54,Mass,Gig-worker,2,43201.2,Denied,Income - Gig Worker with Inconsistent Cash Flow,Income Proof - Open Finance Connect
APP_003914,CLI_00855,BR_004,68,Mass,Salaried,106,4523.18,Denied,Document Error - Expired or Illegible ID,Fast Update - Request New ID
APP_003915,CLI_03213,BR_043,73,Mass-Affluent,Salaried,89,7702.86,Denied,Score - Forgotten Micro-Debt,Credit Recovery - Micro-settlement
APP_003919,CLI_04339,BR_041,67,Mass-Affluent,Unemployed,67,28054.7,Denied,Policy - Debt-to-Income (DTI) > 30%,Restructuring - Add Co-signer or Increase Term
APP_003923,CLI_00276,BR_018,55,Mass,Salaried,84,13129.73,Denied,Policy - Debt-to-Income (DTI) > 30%,Restructuring - Add Co-signer or Increase Term
APP_003924,CLI_04104,BR_006,20,Premium,Salaried,18,5843.63,Denied,Score - Forgotten Micro-Debt,Credit Recovery - Micro-settlement
APP_003925,CLI_03864,BR_018,61,Mass,Salaried,24,27859.59,Denied,Document Error - Expired or Illegible ID,Fast Update - Request New ID
APP_003927,CLI_02081,BR_024,20,Mass-Affluent,Gig-worker,55,26677.24,Denied,Income - Gig Worker with Inconsistent Cash Flow,Income Proof - Open Finance Connect
APP_003930,CLI_03979,BR_015,56,Mass-Affluent,Salaried,69,49985.16,Denied,Document Error - Expired or Illegible ID,Fast Update - Request New ID
APP_003933,CLI_03812,BR_004,36,Mass-Affluent,Self-employed,47,43776.32,Denied,Income - Gig Worker with Inconsistent Cash Flow,Income Proof - Open Finance Connect
APP_003934,CLI_02082,BR_017,46,Mass,Salaried,116,49807.62,Denied,Document Error - Expired or Illegible ID,Fast Update - Request New ID
APP_003935,CLI_00455,BR_010,45,Premium,Salaried,67,17793.29,Denied,Policy - Debt-to-Income (DTI) > 30%,Restructuring - Add Co-signer or Increase Term
APP_003938,CLI_04308,BR_007,44,Mass,Gig-worker,71,31615.0,Denied,Income - Gig Worker with Inconsistent Cash Flow,Income Proof - Open Finance Connect
APP_003939,CLI_03212,BR_044,50,Mass,Salaried,15,35537.29,Denied,Document Error - Expired or Illegible ID,Fast Update - Request New ID
APP_003947,CLI_01512,BR_020,34,Mass-Affluent,Unemployed,105,48387.31,Denied,Registry Error - Data Mismatch with Tax Authority,Fast Update - ID Verification
APP_003953,CLI_00572,BR_029,42,Mass,Self-employed,52,19768.71,Denied,Income - Gig Worker with Inconsistent Cash Flow,Income Proof - Open Finance Connect
APP_003954,CLI_01203,BR_010,69,Premium,Gig-worker,3,17586.17,Denied,Income - Gig Worker with Inconsistent Cash Flow,Income Proof - Open Finance Connect
APP_003955,CLI_01508,BR_016,73,Mass,Business Owner,64,6570.56,Denied,Document Error - Expired or Illegible ID,Fast Update - Request New ID
APP_003956,CLI_01613,BR_034,26,Mass,Gig-worker,105,44229.53,Denied,Income - Gig Worker with Inconsistent Cash Flow,Income Proof - Open Finance Connect
APP_003957,CLI_03567,BR_031,57,Mass,Self-employed,18,31155.95,Denied,Policy - Debt-to-Income (DTI) > 30%,Restructuring - Add Co-signer or Increase Term
APP_003964,CLI_00189,BR_032,57,Mass,Unemployed,119,25156.22,Denied,Policy - Debt-to-Income (DTI) > 30%,Restructuring - Add Co-signer or Increase Term
APP_003965,CLI_04882,BR_023,60,Private,Gig-worker,31,42057.93,Denied,Income - Gig Worker with Inconsistent Cash Flow,Income Proof - Open Finance Connect
APP_003968,CLI_04942,BR_036,56,Mass,Unemployed,87,12747.65,Denied,Score - Forgotten Micro-Debt,Credit Recovery - Micro-settlement
APP_003972,CLI_02390,BR_039,66,Mass,Self-employed,69,37525.27,Denied,Score - Disabled Positive Credit Registry,Credit Recovery - BACEN Education Journey
APP_003973,CLI_00954,BR_005,65,Premium,Gig-worker,29,4723.11,Denied,Income - Gig Worker with Inconsistent Cash Flow,Income Proof - Open Finance Connect
APP_003976,CLI_04262,BR_046,28,Mass,Gig-worker,40,8225.1,Denied,Income - Gig Worker with Inconsistent Cash Flow,Income Proof - Open Finance Connect
APP_003979,CLI_00641,BR_023,22,Mass,Unemployed,81,42871.76,Denied,Document Error - Expired or Illegible ID,Fast Update - Request New ID
APP_003983,CLI_02366,BR_005,61,Premium,Self-employed,117,29960.36,Denied,Score - Disabled Positive Credit Registry,Credit Recovery - BACEN Education Journey
APP_003987,CLI_03027,BR_002,30,Private,Self-employed,25,27654.84,Denied,Income - Gig Worker with Inconsistent Cash Flow,Income Proof - Open Finance Connect
APP_003989,CLI_03538,BR_034,29,Mass,Salaried,65,39556.27,Denied,Policy - Debt-to-Income (DTI) > 30%,Restructuring - Add Co-signer or Increase Term
APP_003991,CLI_02497,BR_003,36,Mass,Gig-worker,46,11910.0,Denied,Income - Gig Worker with Inconsistent Cash Flow,Income Proof - Open Finance Connect
APP_003992,CLI_04287,BR_024,61,Mass-Affluent,Gig-worker,54,24057.28,Denied,Score - Disabled Positive Credit Registry,Credit Recovery - BACEN Education Journey
APP_003993,CLI_04740,BR_018,26,Mass,Self-employed,74,46209.67,Denied,Score - Disabled Positive Credit Registry,Credit Recovery - BACEN Education Journey
APP_003994,CLI_02090,BR_047,42,Mass-Affluent,Self-employed,22,15571.29,Denied,Policy - Debt-to-Income (DTI) > 30%,Restructuring - Add Co-signer or Increase Term
APP_003998,CLI_01217,BR_014,54,Private,Gig-worker,94,35229.49,Denied,Income - Gig Worker with Inconsistent Cash Flow,Income Proof - Open Finance Connect
APP_003999,CLI_04886,BR_001,41,Private,Gig-worker,109,10339.04,Denied,Income - Missing Tax Return,Income Proof - Request Tax Return
APP_004000,CLI_03979,BR_014,56,Mass-Affluent,Salaried,69,16514.41,Denied,Policy - Debt-to-Income (DTI) > 30%,Restructuring - Add Co-signer or Increase Term
APP_004004,CLI_04045,BR_031,30,Mass,Unemployed,2,37080.54,Denied,Document Error - Expired or Illegible ID,Fast Update - Request New ID
APP_004008,CLI_00243,BR_003,52,Mass,Gig-worker,97,35046.07,Denied,Score - Disabled Positive Credit Registry,Credit Recovery - BACEN Education Journey
APP_004011,CLI_04526,BR_048,53,Mass,Salaried,95,15515.6,Denied,Registry Error - Data Mismatch with Tax Authority,Fast Update - ID Verification
APP_004012,CLI_03878,BR_043,40,Mass-Affluent,Salaried,103,15704.51,Denied,Score - Forgotten Micro-Debt,Credit Recovery - Micro-settlement
APP_004013,CLI_00013,BR_021,34,Premium,Self-employed,46,37319.48,Denied,Score - Disabled Positive Credit Registry,Credit Recovery - BACEN Education Journey
APP_004014,CLI_03018,BR_030,52,Mass-Affluent,Salaried,20,12206.55,Denied,Score - Forgotten Micro-Debt,Credit Recovery - Micro-settlement
APP_004016,CLI_03139,BR_044,28,Mass,Gig-worker,112,27204.3,Denied,Policy - Debt-to-Income (DTI) > 30%,Restructuring - Add Co-signer or Increase Term
APP_004021,CLI_01324,BR_045,27,Mass-Affluent,Gig-worker,113,49166.47,Denied,Policy - Debt-to-Income (DTI) > 30%,Restructuring - Add Co-signer or Increase Term
APP_004024,CLI_02503,BR_006,24,Mass,Self-employed,65,13897.23,Denied,Income - Gig Worker with Inconsistent Cash Flow,Income Proof - Open Finance Connect
APP_004028,CLI_01986,BR_010,27,Mass,Gig-worker,11,6115.77,Denied,Income - Gig Worker with Inconsistent Cash Flow,Income Proof - Open Finance Connect
APP_004030,CLI_00238,BR_014,57,Premium,Self-employed,51,25841.41,Denied,Income - Missing Tax Return,Income Proof - Request Tax Return
APP_004040,CLI_03687,BR_033,61,Mass,Self-employed,29,49252.49,Denied,Score - Disabled Positive Credit Registry,Credit Recovery - BACEN Education Journey
APP_004041,CLI_04388,BR_041,57,Mass-Affluent,Salaried,68,49455.49,Denied,Registry Error - Data Mismatch with Tax Authority,Fast Update - ID Verification
APP_004043,CLI_00578,BR_032,37,Mass,Self-employed,32,35754.09,Denied,Income - Missing Tax Return,Income Proof - Request Tax Return
APP_004045,CLI_01224,BR_015,27,Mass,Gig-worker,36,23046.47,Denied,Score - Disabled Positive Credit Registry,Credit Recovery - BACEN Education Journey
APP_004048,CLI_00447,BR_027,43,Premium,Gig-worker,69,48045.01,Denied,Score - Disabled Positive Credit Registry,Credit Recovery - BACEN Education Journey
APP_004049,CLI_03420,BR_049,41,Mass-Affluent,Salaried,85,35163.1,Denied,Score - Forgotten Micro-Debt,Credit Recovery - Micro-settlement
APP_004057,CLI_03160,BR_025,63,Mass,Self-employed,56,47813.0,Denied,Income - Gig Worker with Inconsistent Cash Flow,Income Proof - Open Finance Connect
APP_004058,CLI_00459,BR_007,47,Mass-Affluent,Unemployed,75,25391.22,Denied,Document Error - Expired or Illegible ID,Fast Update - Request New ID
APP_004060,CLI_04927,BR_048,68,Mass,Self-employed,18,27874.45,Denied,Policy - Debt-to-Income (DTI) > 30%,Restructuring - Add Co-signer or Increase Term
APP_004066,CLI_04651,BR_014,34,Mass,Self-employed,24,12538.56,Denied,Income - Gig Worker with Inconsistent Cash Flow,Income Proof - Open Finance Connect
APP_004069,CLI_02977,BR_005,72,Mass,Salaried,30,45041.06,Denied,Score - Forgotten Micro-Debt,Credit Recovery - Micro-settlement
APP_004072,CLI_01945,BR_005,56,Mass,Salaried,76,41083.23,Denied,Policy - Debt-to-Income (DTI) > 30%,Restructuring - Add Co-signer or Increase Term
APP_004075,CLI_04582,BR_030,65,Mass,Unemployed,113,2062.75,Denied,Policy - Debt-to-Income (DTI) > 30%,Restructuring - Add Co-signer or Increase Term
APP_004077,CLI_00412,BR_008,47,Premium,Gig-worker,54,26755.19,Denied,Income - Missing Tax Return,Income Proof - Request Tax Return
APP_004078,CLI_01932,BR_013,49,Mass-Affluent,Gig-worker,35,43925.08,Denied,Income - Missing Tax Return,Income Proof - Request Tax Return
APP_004080,CLI_00247,BR_006,63,Mass,Salaried,75,11869.16,Denied,Policy - Debt-to-Income (DTI) > 30%,Restructuring - Add Co-signer or Increase Term
APP_004081,CLI_02818,BR_050,67,Mass,Salaried,1,40452.22,Denied,Policy - Debt-to-Income (DTI) > 30%,Restructuring - Add Co-signer or Increase Term
APP_004084,CLI_02925,BR_008,68,Premium,Salaried,82,13270.77,Denied,Score - Forgotten Micro-Debt,Credit Recovery - Micro-settlement
APP_004086,CLI_03335,BR_049,65,Mass,Salaried,63,25172.88,Denied,Document Error - Expired or Illegible ID,Fast Update - Request New ID
APP_004091,CLI_00176,BR_009,20,Mass-Affluent,Gig-worker,18,1458.28,Denied,Income - Missing Tax Return,Income Proof - Request Tax Return
APP_004092,CLI_01053,BR_049,26,Mass,Gig-worker,38,15506.79,Denied,Income - Missing Tax Return,Income Proof - Request Tax Return
APP_004094,CLI_02583,BR_009,65,Mass,Self-employed,64,20320.15,Denied,Income - Gig Worker with Inconsistent Cash Flow,Income Proof - Open Finance Connect
APP_004096,CLI_04573,BR_032,34,Mass,Self-employed,85,29404.07,Denied,Score - Disabled Positive Credit Registry,Credit Recovery - BACEN Education Journey
APP_004097,CLI_03368,BR_037,33,Mass-Affluent,Salaried,61,35806.32,Denied,Registry Error - Data Mismatch with Tax Authority,Fast Update - ID Verification
APP_004098,CLI_01675,BR_006,33,Mass,Business Owner,114,34101.42,Denied,Registry Error - Data Mismatch with Tax Authority,Fast Update - ID Verification
APP_004099,CLI_00334,BR_005,39,Private,Gig-worker,111,20294.33,Denied,Income - Gig Worker with Inconsistent Cash Flow,Income Proof - Open Finance Connect
APP_004101,CLI_03178,BR_048,63,Mass-Affluent,Salaried,50,25474.85,Denied,Registry Error - Data Mismatch with Tax Authority,Fast Update - ID Verification
APP_004104,CLI_04657,BR_031,20,Mass,Salaried,109,10588.37,Denied,Document Error - Expired or Illegible ID,Fast Update - Request New ID
APP_004105,CLI_04219,BR_031,68,Mass,Salaried,60,5559.61,Denied,Policy - Debt-to-Income (DTI) > 30%,Restructuring - Add Co-signer or Increase Term
APP_004107,CLI_04936,BR_013,37,Mass,Salaried,10,37407.46,Denied,Policy - Debt-to-Income (DTI) > 30%,Restructuring - Add Co-signer or Increase Term
APP_004109,CLI_00708,BR_046,64,Mass-Affluent,Gig-worker,7,15472.27,Denied,Income - Gig Worker with Inconsistent Cash Flow,Income Proof - Open Finance Connect
APP_004110,CLI_02685,BR_026,49,Mass,Self-employed,30,44865.71,Denied,Policy - Debt-to-Income (DTI) > 30%,Restructuring - Add Co-signer or Increase Term
APP_004112,CLI_03504,BR_009,39,Mass,Salaried,58,27216.83,Denied,Policy - Debt-to-Income (DTI) > 30%,Restructuring - Add Co-signer or Increase Term
APP_004117,CLI_04631,BR_031,60,Premium,Self-employed,69,45188.6,Denied,Income - Missing Tax Return,Income Proof - Request Tax Return
APP_004119,CLI_01730,BR_002,33,Private,Gig-worker,89,40956.62,Denied,Income - Gig Worker with Inconsistent Cash Flow,Income Proof - Open Finance Connect
APP_004120,CLI_01902,BR_002,62,Mass,Self-employed,6,28228.59,Denied,Policy - Debt-to-Income (DTI) > 30%,Restructuring - Add Co-signer or Increase Term
APP_004124,CLI_02584,BR_034,70,Mass-Affluent,Salaried,118,16595.43,Denied,Score - Forgotten Micro-Debt,Credit Recovery - Micro-settlement
APP_004125,CLI_01053,BR_039,26,Mass,Gig-worker,38,30481.77,Denied,Score - Disabled Positive Credit Registry,Credit Recovery - BACEN Education Journey
APP_004131,CLI_03189,BR_044,42,Mass,Self-employed,106,34632.44,Denied,Policy - Debt-to-Income (DTI) > 30%,Restructuring - Add Co-signer or Increase Term
APP_004132,CLI_01742,BR_006,30,Mass,Self-employed,54,13087.51,Denied,Income - Gig Worker with Inconsistent Cash Flow,Income Proof - Open Finance Connect
APP_004133,CLI_04088,BR_026,38,Mass,Gig-worker,17,22552.39,Denied,Score - Disabled Positive Credit Registry,Credit Recovery - BACEN Education Journey
APP_004137,CLI_03197,BR_024,38,Premium,Self-employed,118,36399.63,Denied,Income - Missing Tax Return,Income Proof - Request Tax Return
APP_004139,CLI_03348,BR_040,28,Mass,Self-employed,114,30001.0,Denied,Income - Missing Tax Return,Income Proof - Request Tax Return
APP_004141,CLI_03545,BR_030,68,Mass,Salaried,83,26466.0,Denied,Document Error - Expired or Illegible ID,Fast Update - Request New ID
APP_004147,CLI_03045,BR_003,72,Premium,Salaried,24,26036.49,Denied,Policy - Debt-to-Income (DTI) > 30%,Restructuring - Add Co-signer or Increase Term
APP_004148,CLI_03884,BR_033,63,Mass,Salaried,71,2046.29,Denied,Policy - Debt-to-Income (DTI) > 30%,Restructuring - Add Co-signer or Increase Term
APP_004150,CLI_01821,BR_047,66,Mass,Salaried,35,40741.1,Denied,Policy - Debt-to-Income (DTI) > 30%,Restructuring - Add Co-signer or Increase Term
APP_004151,CLI_02803,BR_005,35,Mass,Unemployed,60,24700.91,Denied,Policy - Debt-to-Income (DTI) > 30%,Restructuring - Add Co-signer or Increase Term
APP_004152,CLI_03796,BR_024,74,Mass-Affluent,Salaried,18,8154.75,Denied,Policy - Debt-to-Income (DTI) > 30%,Restructuring - Add Co-signer or Increase Term
APP_004153,CLI_02464,BR_011,65,Mass,Self-employed,72,23796.89,Denied,Income - Missing Tax Return,Income Proof - Request Tax Return
APP_004161,CLI_03607,BR_044,65,Premium,Salaried,65,13466.25,Denied,Policy - Debt-to-Income (DTI) > 30%,Restructuring - Add Co-signer or Increase Term
APP_004164,CLI_00221,BR_036,52,Mass-Affluent,Unemployed,44,18513.26,Denied,Policy - Debt-to-Income (DTI) > 30%,Restructuring - Add Co-signer or Increase Term
APP_004166,CLI_02014,BR_003,51,Mass,Gig-worker,107,27207.99,Denied,Policy - Debt-to-Income (DTI) > 30%,Restructuring - Add Co-signer or Increase Term
APP_004167,CLI_02642,BR_050,27,Mass,Unemployed,59,20663.43,Denied,Score - Forgotten Micro-Debt,Credit Recovery - Micro-settlement
APP_004168,CLI_00754,BR_029,46,Mass-Affluent,Salaried,46,32335.59,Denied,Registry Error - Data Mismatch with Tax Authority,Fast Update - ID Verification
APP_004172,CLI_03484,BR_013,20,Mass-Affluent,Business Owner,113,6544.63,Denied,Policy - Debt-to-Income (DTI) > 30%,Restructuring - Add Co-signer or Increase Term
APP_004178,CLI_00220,BR_010,58,Mass-Affluent,Gig-worker,68,7436.15,Denied,Income - Gig Worker with Inconsistent Cash Flow,Income Proof - Open Finance Connect
APP_004180,CLI_00290,BR_008,50,Mass,Salaried,63,41490.61,Denied,Document Error - Expired or Illegible ID,Fast Update - Request New ID
APP_004181,CLI_00380,BR_018,39,Premium,Self-employed,22,44582.75,Denied,Income - Missing Tax Return,Income Proof - Request Tax Return
APP_004184,CLI_01379,BR_042,47,Mass-Affluent,Salaried,31,9004.47,Denied,Registry Error - Data Mismatch with Tax Authority,Fast Update - ID Verification
APP_004185,CLI_01959,BR_002,52,Mass,Unemployed,116,17932.38,Denied,Score - Forgotten Micro-Debt,Credit Recovery - Micro-settlement
APP_004187,CLI_00066,BR_020,47,Mass-Affluent,Self-employed,86,10620.18,Denied,Income - Gig Worker with Inconsistent Cash Flow,Income Proof - Open Finance Connect
APP_004190,CLI_03775,BR_048,63,Premium,Salaried,88,2614.9,Denied,Score - Forgotten Micro-Debt,Credit Recovery - Micro-settlement
APP_004191,CLI_04443,BR_039,47,Mass-Affluent,Salaried,79,28536.13,Denied,Registry Error - Data Mismatch with Tax Authority,Fast Update - ID Verification
APP_004193,CLI_00778,BR_025,64,Mass-Affluent,Gig-worker,66,13024.21,Denied,Income - Gig Worker with Inconsistent Cash Flow,Income Proof - Open Finance Connect
APP_004194,CLI_02567,BR_025,64,Mass,Gig-worker,17,26670.92,Denied,Policy - Debt-to-Income (DTI) > 30%,Restructuring - Add Co-signer or Increase Term
APP_004198,CLI_00079,BR_010,39,Mass,Salaried,58,49690.92,Denied,Policy - Debt-to-Income (DTI) > 30%,Restructuring - Add Co-signer or Increase Term
APP_004199,CLI_01582,BR_039,46,Private,Unemployed,56,18899.08,Denied,Registry Error - Data Mismatch with Tax Authority,Fast Update - ID Verification
APP_004207,CLI_03174,BR_026,38,Mass,Gig-worker,119,5676.56,Denied,Policy - Debt-to-Income (DTI) > 30%,Restructuring - Add Co-signer or Increase Term
APP_004208,CLI_02674,BR_029,50,Mass-Affluent,Salaried,6,32993.8,Denied,Score - Forgotten Micro-Debt,Credit Recovery - Micro-settlement
APP_004209,CLI_01719,BR_024,56,Private,Gig-worker,73,19909.3,Denied,Income - Gig Worker with Inconsistent Cash Flow,Income Proof - Open Finance Connect
APP_004211,CLI_01229,BR_039,55,Mass,Self-employed,26,32975.97,Denied,Income - Gig Worker with Inconsistent Cash Flow,Income Proof - Open Finance Connect
APP_004212,CLI_02411,BR_004,40,Mass,Salaried,20,3589.02,Denied,Policy - Debt-to-Income (DTI) > 30%,Restructuring - Add Co-signer or Increase Term
APP_004213,CLI_03779,BR_048,70,Mass-Affluent,Salaried,17,15354.71,Denied,Document Error - Expired or Illegible ID,Fast Update - Request New ID
APP_004218,CLI_01165,BR_040,21,Mass,Gig-worker,119,40285.65,Denied,Income - Missing Tax Return,Income Proof - Request Tax Return
APP_004221,CLI_00300,BR_039,47,Mass-Affluent,Salaried,66,13213.84,Denied,Score - Forgotten Micro-Debt,Credit Recovery - Micro-settlement
APP_004224,CLI_03964,BR_039,60,Mass-Affluent,Salaried,19,15679.9,Denied,Registry Error - Data Mismatch with Tax Authority,Fast Update - ID Verification
APP_004226,CLI_04172,BR_025,60,Mass,Gig-worker,101,25795.21,Denied,Income - Missing Tax Return,Income Proof - Request Tax Return
APP_004227,CLI_03860,BR_034,65,Mass,Salaried,46,47871.37,Denied,Registry Error - Data Mismatch with Tax Authority,Fast Update - ID Verification
APP_004231,CLI_00921,BR_022,67,Mass-Affluent,Salaried,4,47693.98,Denied,Policy - Debt-to-Income (DTI) > 30%,Restructuring - Add Co-signer or Increase Term
APP_004233,CLI_01750,BR_025,46,Mass,Self-employed,109,26974.02,Denied,Income - Missing Tax Return,Income Proof - Request Tax Return
APP_004237,CLI_01702,BR_040,56,Mass,Salaried,60,21432.02,Denied,Document Error - Expired or Illegible ID,Fast Update - Request New ID
APP_004238,CLI_03303,BR_030,24,Premium,Gig-worker,27,39829.48,Denied,Income - Gig Worker with Inconsistent Cash Flow,Income Proof - Open Finance Connect
APP_004240,CLI_03367,BR_038,43,Mass,Self-employed,96,1480.73,Denied,Income - Gig Worker with Inconsistent Cash Flow,Income Proof - Open Finance Connect
APP_004242,CLI_03499,BR_039,70,Mass,Self-employed,23,43433.07,Denied,Policy - Debt-to-Income (DTI) > 30%,Restructuring - Add Co-signer or Increase Term
APP_004244,CLI_03163,BR_034,38,Mass-Affluent,Salaried,103,40240.63,Denied,Score - Forgotten Micro-Debt,Credit Recovery - Micro-settlement
APP_004248,CLI_04946,BR_029,34,Mass,Self-employed,102,48272.55,Denied,Income - Gig Worker with Inconsistent Cash Flow,Income Proof - Open Finance Connect
APP_004251,CLI_00031,BR_015,40,Mass,Self-employed,93,5233.76,Denied,Policy - Debt-to-Income (DTI) > 30%,Restructuring - Add Co-signer or Increase Term
APP_004254,CLI_01437,BR_027,71,Mass-Affluent,Salaried,13,35768.45,Denied,Document Error - Expired or Illegible ID,Fast Update - Request New ID
APP_004263,CLI_04970,BR_028,34,Mass,Self-employed,26,20928.67,Denied,Score - Disabled Positive Credit Registry,Credit Recovery - BACEN Education Journey
APP_004267,CLI_04829,BR_031,65,Mass,Unemployed,99,1996.85,Denied,Score - Forgotten Micro-Debt,Credit Recovery - Micro-settlement
APP_004271,CLI_01043,BR_047,23,Mass,Unemployed,5,24071.3,Denied,Document Error - Expired or Illegible ID,Fast Update - Request New ID
APP_004272,CLI_03739,BR_026,37,Mass,Salaried,114,11091.77,Denied,Policy - Debt-to-Income (DTI) > 30%,Restructuring - Add Co-signer or Increase Term
APP_004274,CLI_02605,BR_031,28,Mass,Gig-worker,52,14609.75,Denied,Income - Gig Worker with Inconsistent Cash Flow,Income Proof - Open Finance Connect
APP_004275,CLI_02641,BR_027,32,Mass,Gig-worker,47,30581.73,Denied,Score - Disabled Positive Credit Registry,Credit Recovery - BACEN Education Journey
APP_004276,CLI_04908,BR_025,65,Mass-Affluent,Self-employed,70,49552.99,Denied,Income - Gig Worker with Inconsistent Cash Flow,Income Proof - Open Finance Connect
APP_004279,CLI_00103,BR_049,69,Mass,Self-employed,59,46044.51,Denied,Score - Disabled Positive Credit Registry,Credit Recovery - BACEN Education Journey
APP_004280,CLI_04942,BR_031,56,Mass,Unemployed,87,19326.02,Denied,Document Error - Expired or Illegible ID,Fast Update - Request New ID
APP_004281,CLI_04508,BR_043,25,Mass-Affluent,Salaried,40,9160.87,Denied,Score - Forgotten Micro-Debt,Credit Recovery - Micro-settlement
APP_004283,CLI_04279,BR_045,29,Mass,Self-employed,112,20736.95,Denied,Income - Gig Worker with Inconsistent Cash Flow,Income Proof - Open Finance Connect
APP_004285,CLI_02447,BR_023,25,Mass-Affluent,Self-employed,45,1224.81,Denied,Score - Disabled Positive Credit Registry,Credit Recovery - BACEN Education Journey
APP_004286,CLI_00957,BR_035,53,Mass,Gig-worker,77,42815.78,Denied,Policy - Debt-to-Income (DTI) > 30%,Restructuring - Add Co-signer or Increase Term
APP_004291,CLI_00497,BR_042,49,Mass,Unemployed,9,40666.0,Denied,Registry Error - Data Mismatch with Tax Authority,Fast Update - ID Verification
APP_004292,CLI_01367,BR_013,58,Mass-Affluent,Gig-worker,3,7950.92,Denied,Income - Missing Tax Return,Income Proof - Request Tax Return
APP_004294,CLI_01852,BR_012,54,Premium,Salaried,45,10962.74,Denied,Score - Forgotten Micro-Debt,Credit Recovery - Micro-settlement
APP_004296,CLI_03131,BR_040,30,Mass,Salaried,42,16513.69,Denied,Registry Error - Data Mismatch with Tax Authority,Fast Update - ID Verification
APP_004297,CLI_02845,BR_026,29,Private,Gig-worker,18,17013.0,Denied,Policy - Debt-to-Income (DTI) > 30%,Restructuring - Add Co-signer or Increase Term
APP_004299,CLI_02335,BR_046,20,Mass,Gig-worker,95,1648.32,Denied,Policy - Debt-to-Income (DTI) > 30%,Restructuring - Add Co-signer or Increase Term
APP_004301,CLI_03390,BR_049,43,Mass,Unemployed,38,21674.68,Denied,Registry Error - Data Mismatch with Tax Authority,Fast Update - ID Verification
APP_004303,CLI_00231,BR_028,41,Mass-Affluent,Gig-worker,56,32730.74,Denied,Score - Disabled Positive Credit Registry,Credit Recovery - BACEN Education Journey
APP_004309,CLI_02328,BR_038,53,Mass-Affluent,Salaried,69,32169.8,Denied,Policy - Debt-to-Income (DTI) > 30%,Restructuring - Add Co-signer or Increase Term
APP_004310,CLI_04905,BR_005,19,Mass-Affluent,Gig-worker,23,22967.39,Denied,Score - Disabled Positive Credit Registry,Credit Recovery - BACEN Education Journey
APP_004313,CLI_00804,BR_009,70,Mass,Salaried,96,6828.13,Denied,Score - Forgotten Micro-Debt,Credit Recovery - Micro-settlement
APP_004317,CLI_00176,BR_013,20,Mass-Affluent,Gig-worker,18,9753.46,Denied,Income - Gig Worker with Inconsistent Cash Flow,Income Proof - Open Finance Connect
APP_004319,CLI_04004,BR_048,22,Mass,Gig-worker,12,43702.89,Denied,Score - Disabled Positive Credit Registry,Credit Recovery - BACEN Education Journey
APP_004323,CLI_04999,BR_032,40,Premium,Gig-worker,11,27239.88,Denied,Income - Gig Worker with Inconsistent Cash Flow,Income Proof - Open Finance Connect
APP_004326,CLI_03414,BR_015,71,Mass-Affluent,Salaried,17,43249.09,Denied,Score - Forgotten Micro-Debt,Credit Recovery - Micro-settlement
APP_004329,CLI_01141,BR_011,73,Mass,Self-employed,16,48638.92,Denied,Income - Missing Tax Return,Income Proof - Request Tax Return
APP_004330,CLI_04808,BR_005,23,Mass,Salaried,101,48287.35,Denied,Score - Forgotten Micro-Debt,Credit Recovery - Micro-settlement
APP_004332,CLI_01941,BR_034,31,Mass,Self-employed,106,47752.96,Denied,Income - Missing Tax Return,Income Proof - Request Tax Return
APP_004335,CLI_03174,BR_026,38,Mass,Gig-worker,119,10404.52,Denied,Score - Disabled Positive Credit Registry,Credit Recovery - BACEN Education Journey
APP_004337,CLI_02504,BR_031,42,Mass,Salaried,99,39187.53,Denied,Document Error - Expired or Illegible ID,Fast Update - Request New ID
APP_004339,CLI_02839,BR_044,60,Mass,Salaried,43,1349.25,Denied,Policy - Debt-to-Income (DTI) > 30%,Restructuring - Add Co-signer or Increase Term
APP_004341,CLI_04237,BR_023,28,Mass-Affluent,Business Owner,40,12175.4,Denied,Score - Forgotten Micro-Debt,Credit Recovery - Micro-settlement
APP_004343,CLI_01055,BR_028,20,Mass,Salaried,14,10527.99,Denied,Policy - Debt-to-Income (DTI) > 30%,Restructuring - Add Co-signer or Increase Term
APP_004344,CLI_03042,BR_037,38,Mass,Salaried,117,42270.42,Denied,Registry Error - Data Mismatch with Tax Authority,Fast Update - ID Verification
APP_004345,CLI_04004,BR_012,22,Mass,Gig-worker,12,14087.56,Denied,Income - Gig Worker with Inconsistent Cash Flow,Income Proof - Open Finance Connect
APP_004348,CLI_01719,BR_002,56,Private,Gig-worker,73,32552.24,Denied,Income - Gig Worker with Inconsistent Cash Flow,Income Proof - Open Finance Connect
APP_004350,CLI_00126,BR_034,66,Mass,Unemployed,113,24426.87,Denied,Document Error - Expired or Illegible ID,Fast Update - Request New ID
APP_004354,CLI_01605,BR_050,36,Mass,Unemployed,67,41655.06,Denied,Score - Forgotten Micro-Debt,Credit Recovery - Micro-settlement
APP_004357,CLI_03943,BR_037,52,Mass,Salaried,16,10913.82,Denied,Policy - Debt-to-Income (DTI) > 30%,Restructuring - Add Co-signer or Increase Term
APP_004358,CLI_00655,BR_012,62,Mass,Self-employed,11,6030.0,Denied,Policy - Debt-to-Income (DTI) > 30%,Restructuring - Add Co-signer or Increase Term
APP_004359,CLI_02464,BR_049,65,Mass,Self-employed,72,26528.21,Denied,Income - Missing Tax Return,Income Proof - Request Tax Return
APP_004360,CLI_00285,BR_018,38,Mass-Affluent,Unemployed,93,49422.53,Denied,Score - Forgotten Micro-Debt,Credit Recovery - Micro-settlement
APP_004361,CLI_02566,BR_030,33,Mass,Gig-worker,92,2682.04,Denied,Income - Missing Tax Return,Income Proof - Request Tax Return
APP_004364,CLI_02275,BR_021,56,Mass,Gig-worker,36,17640.71,Denied,Policy - Debt-to-Income (DTI) > 30%,Restructuring - Add Co-signer or Increase Term
APP_004365,CLI_03868,BR_042,26,Mass,Self-employed,1,17261.32,Denied,Policy - Debt-to-Income (DTI) > 30%,Restructuring - Add Co-signer or Increase Term
APP_004368,CLI_03382,BR_010,34,Private,Self-employed,82,38970.9,Denied,Income - Gig Worker with Inconsistent Cash Flow,Income Proof - Open Finance Connect
APP_004370,CLI_01129,BR_045,41,Premium,Salaried,43,19781.48,Denied,Policy - Debt-to-Income (DTI) > 30%,Restructuring - Add Co-signer or Increase Term
APP_004375,CLI_02182,BR_042,56,Mass,Salaried,4,15608.43,Denied,Policy - Debt-to-Income (DTI) > 30%,Restructuring - Add Co-signer or Increase Term
APP_004376,CLI_02512,BR_013,36,Mass,Self-employed,11,41268.64,Denied,Income - Gig Worker with Inconsistent Cash Flow,Income Proof - Open Finance Connect
APP_004377,CLI_01772,BR_028,31,Mass,Unemployed,61,7596.75,Denied,Registry Error - Data Mismatch with Tax Authority,Fast Update - ID Verification
APP_004378,CLI_01156,BR_036,31,Mass-Affluent,Unemployed,73,37389.35,Denied,Policy - Debt-to-Income (DTI) > 30%,Restructuring - Add Co-signer or Increase Term
APP_004379,CLI_02789,BR_021,57,Mass,Self-employed,84,15154.62,Denied,Income - Missing Tax Return,Income Proof - Request Tax Return
APP_004380,CLI_02977,BR_010,72,Mass,Salaried,30,44289.78,Denied,Document Error - Expired or Illegible ID,Fast Update - Request New ID
APP_004381,CLI_03500,BR_012,21,Premium,Salaried,54,21988.1,Denied,Policy - Debt-to-Income (DTI) > 30%,Restructuring - Add Co-signer or Increase Term
APP_004390,CLI_01149,BR_021,57,Mass,Salaried,111,41661.16,Denied,Document Error - Expired or Illegible ID,Fast Update - Request New ID
APP_004392,CLI_01199,BR_050,24,Mass-Affluent,Business Owner,52,23398.36,Denied,Score - Forgotten Micro-Debt,Credit Recovery - Micro-settlement
APP_004395,CLI_04176,BR_039,67,Mass,Gig-worker,23,19659.82,Denied,Score - Disabled Positive Credit Registry,Credit Recovery - BACEN Education Journey
APP_004401,CLI_02217,BR_038,72,Mass-Affluent,Salaried,27,21492.04,Denied,Registry Error - Data Mismatch with Tax Authority,Fast Update - ID Verification
APP_004403,CLI_03060,BR_022,18,Mass-Affluent,Self-employed,107,42570.73,Denied,Score - Disabled Positive Credit Registry,Credit Recovery - BACEN Education Journey
APP_004405,CLI_04495,BR_048,74,Mass,Gig-worker,85,15272.27,Denied,Income - Gig Worker with Inconsistent Cash Flow,Income Proof - Open Finance Connect
APP_004407,CLI_03061,BR_040,40,Mass-Affluent,Self-employed,98,20136.75,Denied,Income - Missing Tax Return,Income Proof - Request Tax Return
APP_004410,CLI_02633,BR_009,39,Mass,Self-employed,27,11973.87,Denied,Income - Gig Worker with Inconsistent Cash Flow,Income Proof - Open Finance Connect
APP_004415,CLI_04015,BR_047,64,Mass,Business Owner,62,45949.36,Denied,Score - Forgotten Micro-Debt,Credit Recovery - Micro-settlement
APP_004417,CLI_04489,BR_002,51,Mass-Affluent,Gig-worker,8,14354.98,Denied,Income - Gig Worker with Inconsistent Cash Flow,Income Proof - Open Finance Connect
APP_004419,CLI_03401,BR_040,23,Mass,Self-employed,94,37111.31,Denied,Income - Missing Tax Return,Income Proof - Request Tax Return
APP_004420,CLI_03583,BR_030,69,Private,Salaried,44,8556.52,Denied,Policy - Debt-to-Income (DTI) > 30%,Restructuring - Add Co-signer or Increase Term
APP_004422,CLI_00893,BR_040,19,Mass,Salaried,62,2290.41,Denied,Policy - Debt-to-Income (DTI) > 30%,Restructuring - Add Co-signer or Increase Term
APP_004423,CLI_03951,BR_013,66,Mass,Salaried,100,35710.53,Denied,Document Error - Expired or Illegible ID,Fast Update - Request New ID
APP_004429,CLI_03418,BR_028,48,Mass-Affluent,Gig-worker,2,47385.85,Denied,Income - Gig Worker with Inconsistent Cash Flow,Income Proof - Open Finance Connect
APP_004431,CLI_02416,BR_041,62,Mass,Gig-worker,53,5670.97,Denied,Score - Disabled Positive Credit Registry,Credit Recovery - BACEN Education Journey
APP_004442,CLI_01311,BR_038,40,Mass,Gig-worker,18,3449.69,Denied,Score - Disabled Positive Credit Registry,Credit Recovery - BACEN Education Journey
APP_004443,CLI_04661,BR_032,29,Mass,Gig-worker,85,49449.34,Denied,Policy - Debt-to-Income (DTI) > 30%,Restructuring - Add Co-signer or Increase Term
APP_004444,CLI_00369,BR_045,68,Mass,Salaried,83,8686.45,Denied,Score - Forgotten Micro-Debt,Credit Recovery - Micro-settlement
APP_004445,CLI_01264,BR_032,25,Premium,Business Owner,95,36185.39,Denied,Score - Forgotten Micro-Debt,Credit Recovery - Micro-settlement
APP_004446,CLI_02850,BR_003,35,Mass,Business Owner,28,27093.97,Denied,Policy - Debt-to-Income (DTI) > 30%,Restructuring - Add Co-signer or Increase Term
APP_004447,CLI_02748,BR_020,19,Mass,Unemployed,96,15423.67,Denied,Score - Forgotten Micro-Debt,Credit Recovery - Micro-settlement
APP_004448,CLI_02566,BR_013,33,Mass,Gig-worker,92,9688.21,Denied,Income - Missing Tax Return,Income Proof - Request Tax Return
APP_004450,CLI_01888,BR_019,34,Mass,Self-employed,60,43061.58,Denied,Income - Gig Worker with Inconsistent Cash Flow,Income Proof - Open Finance Connect
APP_004451,CLI_03784,BR_016,31,Mass-Affluent,Salaried,40,43772.71,Denied,Score - Forgotten Micro-Debt,Credit Recovery - Micro-settlement
APP_004452,CLI_00060,BR_036,49,Mass,Gig-worker,38,23792.13,Denied,Policy - Debt-to-Income (DTI) > 30%,Restructuring - Add Co-signer or Increase Term
APP_004453,CLI_00545,BR_035,53,Mass,Gig-worker,5,6077.45,Denied,Policy - Debt-to-Income (DTI) > 30%,Restructuring - Add Co-signer or Increase Term
APP_004454,CLI_03065,BR_047,25,Mass,Gig-worker,93,44324.09,Denied,Income - Gig Worker with Inconsistent Cash Flow,Income Proof - Open Finance Connect
APP_004455,CLI_01231,BR_047,48,Mass-Affluent,Salaried,4,24863.81,Denied,Registry Error - Data Mismatch with Tax Authority,Fast Update - ID Verification
APP_004458,CLI_00670,BR_037,62,Mass,Business Owner,33,18885.69,Denied,Score - Forgotten Micro-Debt,Credit Recovery - Micro-settlement
APP_004460,CLI_01071,BR_025,71,Premium,Gig-worker,41,30622.52,Denied,Income - Missing Tax Return,Income Proof - Request Tax Return
APP_004461,CLI_01051,BR_023,41,Premium,Self-employed,42,23855.18,Denied,Income - Missing Tax Return,Income Proof - Request Tax Return
APP_004462,CLI_04039,BR_010,46,Mass,Gig-worker,51,44935.76,Denied,Score - Disabled Positive Credit Registry,Credit Recovery - BACEN Education Journey
APP_004467,CLI_00801,BR_027,22,Mass,Self-employed,75,6003.93,Denied,Income - Gig Worker with Inconsistent Cash Flow,Income Proof - Open Finance Connect
APP_004468,CLI_01486,BR_003,19,Mass-Affluent,Self-employed,42,10246.25,Denied,Income - Gig Worker with Inconsistent Cash Flow,Income Proof - Open Finance Connect
APP_004471,CLI_02824,BR_050,44,Mass-Affluent,Gig-worker,56,31661.57,Denied,Income - Gig Worker with Inconsistent Cash Flow,Income Proof - Open Finance Connect
APP_004473,CLI_03975,BR_013,68,Premium,Salaried,11,26621.64,Denied,Registry Error - Data Mismatch with Tax Authority,Fast Update - ID Verification
APP_004474,CLI_03490,BR_042,36,Mass,Salaried,113,10182.43,Denied,Registry Error - Data Mismatch with Tax Authority,Fast Update - ID Verification
APP_004480,CLI_03847,BR_013,33,Mass,Salaried,63,25557.96,Denied,Document Error - Expired or Illegible ID,Fast Update - Request New ID
APP_004481,CLI_02029,BR_020,69,Mass-Affluent,Business Owner,27,39377.46,Denied,Registry Error - Data Mismatch with Tax Authority,Fast Update - ID Verification
APP_004483,CLI_02025,BR_009,72,Mass,Gig-worker,2,26291.82,Denied,Income - Gig Worker with Inconsistent Cash Flow,Income Proof - Open Finance Connect
APP_004487,CLI_01946,BR_008,19,Mass,Salaried,87,32949.79,Denied,Score - Forgotten Micro-Debt,Credit Recovery - Micro-settlement
APP_004488,CLI_00347,BR_044,65,Mass-Affluent,Unemployed,30,33112.65,Denied,Policy - Debt-to-Income (DTI) > 30%,Restructuring - Add Co-signer or Increase Term
APP_004489,CLI_00408,BR_028,33,Mass,Business Owner,17,25171.83,Denied,Score - Forgotten Micro-Debt,Credit Recovery - Micro-settlement
APP_004491,CLI_03754,BR_024,70,Mass,Salaried,75,24620.69,Denied,Policy - Debt-to-Income (DTI) > 30%,Restructuring - Add Co-signer or Increase Term
APP_004492,CLI_00614,BR_049,59,Mass,Salaried,73,44184.79,Denied,Registry Error - Data Mismatch with Tax Authority,Fast Update - ID Verification
APP_004493,CLI_00106,BR_029,20,Mass,Business Owner,42,37059.27,Denied,Policy - Debt-to-Income (DTI) > 30%,Restructuring - Add Co-signer or Increase Term
APP_004494,CLI_02219,BR_015,53,Mass,Salaried,54,16420.05,Denied,Document Error - Expired or Illegible ID,Fast Update - Request New ID
APP_004498,CLI_00494,BR_019,19,Mass,Salaried,97,9756.73,Denied,Registry Error - Data Mismatch with Tax Authority,Fast Update - ID Verification
APP_004501,CLI_03335,BR_005,65,Mass,Salaried,63,14693.3,Denied,Document Error - Expired or Illegible ID,Fast Update - Request New ID
APP_004503,CLI_01869,BR_002,42,Mass,Self-employed,66,4809.0,Denied,Score - Disabled Positive Credit Registry,Credit Recovery - BACEN Education Journey
APP_004506,CLI_00045,BR_037,20,Mass-Affluent,Gig-worker,69,48499.14,Denied,Policy - Debt-to-Income (DTI) > 30%,Restructuring - Add Co-signer or Increase Term
APP_004507,CLI_04911,BR_025,54,Premium,Unemployed,86,11614.98,Denied,Registry Error - Data Mismatch with Tax Authority,Fast Update - ID Verification
APP_004509,CLI_04561,BR_039,21,Mass-Affluent,Salaried,40,46392.15,Denied,Policy - Debt-to-Income (DTI) > 30%,Restructuring - Add Co-signer or Increase Term
APP_004516,CLI_02769,BR_039,72,Mass,Gig-worker,29,5894.76,Denied,Score - Disabled Positive Credit Registry,Credit Recovery - BACEN Education Journey
APP_004518,CLI_03792,BR_050,55,Mass,Gig-worker,24,16986.8,Denied,Income - Gig Worker with Inconsistent Cash Flow,Income Proof - Open Finance Connect
APP_004520,CLI_02847,BR_025,66,Mass-Affluent,Business Owner,13,27532.3,Denied,Document Error - Expired or Illegible ID,Fast Update - Request New ID
APP_004522,CLI_02552,BR_031,32,Mass,Salaried,107,24616.39,Denied,Registry Error - Data Mismatch with Tax Authority,Fast Update - ID Verification
APP_004525,CLI_01621,BR_028,18,Premium,Gig-worker,50,24590.53,Denied,Income - Missing Tax Return,Income Proof - Request Tax Return
APP_004527,CLI_00482,BR_044,27,Mass,Gig-worker,51,41405.14,Denied,Income - Gig Worker with Inconsistent Cash Flow,Income Proof - Open Finance Connect
APP_004530,CLI_03136,BR_004,49,Mass,Salaried,105,45651.04,Denied,Document Error - Expired or Illegible ID,Fast Update - Request New ID
APP_004531,CLI_02821,BR_028,58,Premium,Self-employed,80,38274.04,Denied,Income - Gig Worker with Inconsistent Cash Flow,Income Proof - Open Finance Connect
APP_004534,CLI_01421,BR_014,50,Private,Unemployed,61,1981.14,Denied,Registry Error - Data Mismatch with Tax Authority,Fast Update - ID Verification
APP_004538,CLI_04988,BR_043,62,Premium,Salaried,9,48252.49,Denied,Score - Forgotten Micro-Debt,Credit Recovery - Micro-settlement
APP_004541,CLI_04076,BR_018,32,Mass,Salaried,26,4121.74,Denied,Policy - Debt-to-Income (DTI) > 30%,Restructuring - Add Co-signer or Increase Term
APP_004543,CLI_00733,BR_042,25,Mass,Self-employed,93,19214.43,Denied,Income - Gig Worker with Inconsistent Cash Flow,Income Proof - Open Finance Connect
APP_004546,CLI_02496,BR_016,40,Mass,Salaried,6,29298.07,Denied,Registry Error - Data Mismatch with Tax Authority,Fast Update - ID Verification
APP_004553,CLI_02157,BR_011,50,Mass,Salaried,95,11942.84,Denied,Score - Forgotten Micro-Debt,Credit Recovery - Micro-settlement
APP_004554,CLI_01262,BR_025,55,Mass,Gig-worker,119,45135.05,Denied,Policy - Debt-to-Income (DTI) > 30%,Restructuring - Add Co-signer or Increase Term
APP_004555,CLI_00293,BR_045,36,Mass,Unemployed,57,35259.13,Denied,Registry Error - Data Mismatch with Tax Authority,Fast Update - ID Verification
APP_004558,CLI_04283,BR_035,36,Mass,Gig-worker,12,46803.3,Denied,Income - Gig Worker with Inconsistent Cash Flow,Income Proof - Open Finance Connect
APP_004563,CLI_03314,BR_037,73,Mass,Salaried,117,21444.86,Denied,Document Error - Expired or Illegible ID,Fast Update - Request New ID
APP_004567,CLI_04950,BR_046,46,Mass-Affluent,Salaried,2,20746.53,Denied,Score - Forgotten Micro-Debt,Credit Recovery - Micro-settlement
APP_004571,CLI_03268,BR_045,37,Mass,Salaried,38,7993.97,Denied,Registry Error - Data Mismatch with Tax Authority,Fast Update - ID Verification
APP_004573,CLI_00064,BR_009,49,Mass,Gig-worker,3,5854.77,Denied,Income - Gig Worker with Inconsistent Cash Flow,Income Proof - Open Finance Connect
APP_004574,CLI_02700,BR_008,71,Mass,Salaried,29,47915.76,Denied,Policy - Debt-to-Income (DTI) > 30%,Restructuring - Add Co-signer or Increase Term
APP_004575,CLI_02934,BR_047,48,Premium,Salaried,28,3329.42,Denied,Registry Error - Data Mismatch with Tax Authority,Fast Update - ID Verification
APP_004577,CLI_04028,BR_034,45,Premium,Self-employed,4,8972.43,Denied,Score - Disabled Positive Credit Registry,Credit Recovery - BACEN Education Journey
APP_004580,CLI_00932,BR_041,18,Mass,Gig-worker,28,27793.47,Denied,Score - Disabled Positive Credit Registry,Credit Recovery - BACEN Education Journey
APP_004582,CLI_03657,BR_040,21,Mass-Affluent,Salaried,7,47552.93,Denied,Registry Error - Data Mismatch with Tax Authority,Fast Update - ID Verification
APP_004585,CLI_02769,BR_011,72,Mass,Gig-worker,29,5337.51,Denied,Income - Gig Worker with Inconsistent Cash Flow,Income Proof - Open Finance Connect
APP_004586,CLI_00716,BR_028,71,Mass,Self-employed,17,36848.3,Denied,Score - Disabled Positive Credit Registry,Credit Recovery - BACEN Education Journey
APP_004591,CLI_00652,BR_018,34,Mass,Gig-worker,73,42483.07,Denied,Income - Gig Worker with Inconsistent Cash Flow,Income Proof - Open Finance Connect
APP_004592,CLI_01051,BR_037,41,Premium,Self-employed,42,43177.73,Denied,Score - Disabled Positive Credit Registry,Credit Recovery - BACEN Education Journey
APP_004599,CLI_02655,BR_007,41,Mass-Affluent,Unemployed,30,14821.02,Denied,Registry Error - Data Mismatch with Tax Authority,Fast Update - ID Verification
APP_004600,CLI_01681,BR_026,39,Mass,Salaried,119,6491.48,Denied,Policy - Debt-to-Income (DTI) > 30%,Restructuring - Add Co-signer or Increase Term
APP_004602,CLI_03523,BR_027,27,Mass,Self-employed,90,18314.08,Denied,Income - Missing Tax Return,Income Proof - Request Tax Return
APP_004604,CLI_02722,BR_031,20,Mass,Unemployed,108,28375.25,Denied,Document Error - Expired or Illegible ID,Fast Update - Request New ID
APP_004605,CLI_04822,BR_035,25,Mass-Affluent,Salaried,13,27570.58,Denied,Policy - Debt-to-Income (DTI) > 30%,Restructuring - Add Co-signer or Increase Term
APP_004606,CLI_02564,BR_027,60,Premium,Salaried,35,7041.75,Denied,Score - Forgotten Micro-Debt,Credit Recovery - Micro-settlement
APP_004609,CLI_00942,BR_004,62,Premium,Gig-worker,79,16442.03,Denied,Income - Gig Worker with Inconsistent Cash Flow,Income Proof - Open Finance Connect
APP_004615,CLI_00418,BR_047,72,Mass,Gig-worker,28,43393.38,Denied,Score - Disabled Positive Credit Registry,Credit Recovery - BACEN Education Journey
APP_004617,CLI_01366,BR_012,37,Mass-Affluent,Self-employed,10,37928.65,Denied,Income - Gig Worker with Inconsistent Cash Flow,Income Proof - Open Finance Connect
APP_004618,CLI_00009,BR_008,25,Mass,Unemployed,112,23836.84,Denied,Policy - Debt-to-Income (DTI) > 30%,Restructuring - Add Co-signer or Increase Term
APP_004619,CLI_00532,BR_022,27,Mass,Gig-worker,79,38119.72,Denied,Score - Disabled Positive Credit Registry,Credit Recovery - BACEN Education Journey
APP_004620,CLI_04245,BR_027,74,Mass-Affluent,Salaried,70,24458.36,Denied,Registry Error - Data Mismatch with Tax Authority,Fast Update - ID Verification
APP_004624,CLI_01618,BR_032,26,Mass-Affluent,Salaried,34,23274.35,Denied,Document Error - Expired or Illegible ID,Fast Update - Request New ID
APP_004625,CLI_03717,BR_033,39,Mass,Self-employed,81,43107.79,Denied,Score - Disabled Positive Credit Registry,Credit Recovery - BACEN Education Journey
APP_004627,CLI_04302,BR_006,68,Mass-Affluent,Salaried,75,5989.15,Denied,Document Error - Expired or Illegible ID,Fast Update - Request New ID
APP_004630,CLI_04841,BR_042,52,Mass,Self-employed,111,8496.7,Denied,Income - Missing Tax Return,Income Proof - Request Tax Return
APP_004632,CLI_04150,BR_036,69,Private,Gig-worker,72,5623.77,Denied,Policy - Debt-to-Income (DTI) > 30%,Restructuring - Add Co-signer or Increase Term
APP_004641,CLI_00199,BR_046,40,Mass,Business Owner,83,49481.4,Denied,Registry Error - Data Mismatch with Tax Authority,Fast Update - ID Verification
APP_004646,CLI_04861,BR_001,68,Mass,Salaried,74,29920.87,Denied,Policy - Debt-to-Income (DTI) > 30%,Restructuring - Add Co-signer or Increase Term
APP_004650,CLI_03042,BR_038,38,Mass,Salaried,117,28346.73,Denied,Policy - Debt-to-Income (DTI) > 30%,Restructuring - Add Co-signer or Increase Term
APP_004651,CLI_00168,BR_041,28,Mass,Salaried,81,42124.89,Denied,Document Error - Expired or Illegible ID,Fast Update - Request New ID
APP_004653,CLI_03271,BR_019,68,Mass,Salaried,51,6814.14,Denied,Score - Forgotten Micro-Debt,Credit Recovery - Micro-settlement
APP_004654,CLI_04008,BR_037,63,Mass-Affluent,Salaried,110,13032.16,Denied,Registry Error - Data Mismatch with Tax Authority,Fast Update - ID Verification
APP_004657,CLI_03849,BR_046,66,Mass,Salaried,107,11994.4,Denied,Registry Error - Data Mismatch with Tax Authority,Fast Update - ID Verification
APP_004659,CLI_01655,BR_048,38,Mass,Gig-worker,5,45332.64,Denied,Policy - Debt-to-Income (DTI) > 30%,Restructuring - Add Co-signer or Increase Term
APP_004661,CLI_00833,BR_038,71,Mass,Gig-worker,101,28596.73,Denied,Income - Missing Tax Return,Income Proof - Request Tax Return
APP_004668,CLI_00289,BR_039,64,Mass,Self-employed,82,31210.58,Denied,Income - Missing Tax Return,Income Proof - Request Tax Return
APP_004670,CLI_01372,BR_010,45,Mass,Gig-worker,31,16105.89,Denied,Income - Gig Worker with Inconsistent Cash Flow,Income Proof - Open Finance Connect
APP_004674,CLI_00040,BR_027,18,Premium,Salaried,87,1019.58,Denied,Score - Forgotten Micro-Debt,Credit Recovery - Micro-settlement
APP_004675,CLI_04275,BR_041,73,Premium,Business Owner,44,6365.0,Denied,Registry Error - Data Mismatch with Tax Authority,Fast Update - ID Verification
APP_004676,CLI_03623,BR_020,60,Premium,Salaried,109,15787.87,Denied,Document Error - Expired or Illegible ID,Fast Update - Request New ID
APP_004678,CLI_01760,BR_010,74,Mass,Self-employed,17,39334.63,Denied,Income - Gig Worker with Inconsistent Cash Flow,Income Proof - Open Finance Connect
APP_004679,CLI_01770,BR_016,20,Mass-Affluent,Business Owner,111,3585.82,Denied,Score - Forgotten Micro-Debt,Credit Recovery - Micro-settlement
APP_004685,CLI_04570,BR_024,29,Mass-Affluent,Gig-worker,44,21311.79,Denied,Policy - Debt-to-Income (DTI) > 30%,Restructuring - Add Co-signer or Increase Term
APP_004687,CLI_00319,BR_050,40,Mass,Gig-worker,98,31717.17,Denied,Policy - Debt-to-Income (DTI) > 30%,Restructuring - Add Co-signer or Increase Term
APP_004690,CLI_02404,BR_024,74,Premium,Unemployed,88,15471.1,Denied,Policy - Debt-to-Income (DTI) > 30%,Restructuring - Add Co-signer or Increase Term
APP_004692,CLI_04325,BR_005,66,Mass,Salaried,12,33170.84,Denied,Policy - Debt-to-Income (DTI) > 30%,Restructuring - Add Co-signer or Increase Term
APP_004693,CLI_00729,BR_043,29,Premium,Business Owner,28,20133.88,Denied,Document Error - Expired or Illegible ID,Fast Update - Request New ID
APP_004701,CLI_00025,BR_010,25,Mass,Salaried,27,35804.48,Denied,Policy - Debt-to-Income (DTI) > 30%,Restructuring - Add Co-signer or Increase Term
APP_004705,CLI_04707,BR_013,30,Private,Self-employed,64,34351.18,Denied,Policy - Debt-to-Income (DTI) > 30%,Restructuring - Add Co-signer or Increase Term
APP_004707,CLI_02157,BR_018,50,Mass,Salaried,95,32712.66,Denied,Registry Error - Data Mismatch with Tax Authority,Fast Update - ID Verification
APP_004709,CLI_00720,BR_011,40,Mass,Gig-worker,79,22302.36,Denied,Policy - Debt-to-Income (DTI) > 30%,Restructuring - Add Co-signer or Increase Term
APP_004710,CLI_01106,BR_042,60,Premium,Gig-worker,118,11267.74,Denied,Score - Disabled Positive Credit Registry,Credit Recovery - BACEN Education Journey
APP_004711,CLI_03770,BR_038,44,Mass-Affluent,Salaried,101,2871.06,Denied,Document Error - Expired or Illegible ID,Fast Update - Request New ID
APP_004712,CLI_02480,BR_013,30,Premium,Self-employed,51,29838.45,Denied,Income - Missing Tax Return,Income Proof - Request Tax Return
APP_004718,CLI_03331,BR_025,70,Mass,Gig-worker,62,9390.23,Denied,Income - Missing Tax Return,Income Proof - Request Tax Return
APP_004719,CLI_04452,BR_024,39,Mass-Affluent,Gig-worker,37,3778.05,Denied,Income - Gig Worker with Inconsistent Cash Flow,Income Proof - Open Finance Connect
APP_004720,CLI_02059,BR_029,66,Mass,Salaried,23,26433.39,Denied,Document Error - Expired or Illegible ID,Fast Update - Request New ID
APP_004726,CLI_03374,BR_018,20,Premium,Salaried,1,12561.39,Denied,Score - Forgotten Micro-Debt,Credit Recovery - Micro-settlement
APP_004727,CLI_00125,BR_037,66,Private,Salaried,102,27239.14,Denied,Policy - Debt-to-Income (DTI) > 30%,Restructuring - Add Co-signer or Increase Term
APP_004728,CLI_00312,BR_007,70,Mass-Affluent,Salaried,49,47708.35,Denied,Registry Error - Data Mismatch with Tax Authority,Fast Update - ID Verification
APP_004729,CLI_00775,BR_009,18,Premium,Self-employed,49,15079.79,Denied,Income - Missing Tax Return,Income Proof - Request Tax Return
APP_004736,CLI_01753,BR_024,70,Mass,Salaried,62,49417.76,Denied,Score - Forgotten Micro-Debt,Credit Recovery - Micro-settlement
APP_004739,CLI_03044,BR_036,28,Mass,Salaried,97,21179.39,Denied,Policy - Debt-to-Income (DTI) > 30%,Restructuring - Add Co-signer or Increase Term
APP_004740,CLI_01717,BR_037,40,Mass-Affluent,Salaried,92,18232.43,Denied,Score - Forgotten Micro-Debt,Credit Recovery - Micro-settlement
APP_004743,CLI_03332,BR_046,48,Mass,Salaried,99,41153.91,Denied,Policy - Debt-to-Income (DTI) > 30%,Restructuring - Add Co-signer or Increase Term
APP_004744,CLI_04029,BR_022,57,Mass-Affluent,Self-employed,82,21413.06,Denied,Income - Gig Worker with Inconsistent Cash Flow,Income Proof - Open Finance Connect
APP_004746,CLI_01379,BR_033,47,Mass-Affluent,Salaried,31,45894.91,Denied,Registry Error - Data Mismatch with Tax Authority,Fast Update - ID Verification
APP_004747,CLI_04585,BR_047,52,Mass,Gig-worker,81,46120.41,Denied,Income - Missing Tax Return,Income Proof - Request Tax Return
APP_004749,CLI_01708,BR_015,61,Private,Salaried,76,32208.21,Denied,Registry Error - Data Mismatch with Tax Authority,Fast Update - ID Verification
APP_004752,CLI_01813,BR_033,62,Mass-Affluent,Salaried,111,7057.85,Denied,Score - Forgotten Micro-Debt,Credit Recovery - Micro-settlement
APP_004753,CLI_01613,BR_029,26,Mass,Gig-worker,105,24799.84,Denied,Score - Disabled Positive Credit Registry,Credit Recovery - BACEN Education Journey
APP_004754,CLI_04427,BR_015,56,Mass,Unemployed,114,8812.76,Denied,Score - Forgotten Micro-Debt,Credit Recovery - Micro-settlement
APP_004755,CLI_04657,BR_027,20,Mass,Salaried,109,29273.0,Denied,Document Error - Expired or Illegible ID,Fast Update - Request New ID
APP_004756,CLI_02997,BR_034,70,Mass-Affluent,Business Owner,42,32639.43,Denied,Score - Forgotten Micro-Debt,Credit Recovery - Micro-settlement
APP_004762,CLI_04477,BR_048,21,Mass-Affluent,Salaried,42,49504.25,Denied,Registry Error - Data Mismatch with Tax Authority,Fast Update - ID Verification
APP_004763,CLI_00063,BR_008,69,Mass,Gig-worker,84,17880.26,Denied,Income - Gig Worker with Inconsistent Cash Flow,Income Proof - Open Finance Connect
APP_004766,CLI_03006,BR_002,28,Mass-Affluent,Gig-worker,117,32130.7,Denied,Income - Missing Tax Return,Income Proof - Request Tax Return
APP_004769,CLI_04275,BR_021,73,Premium,Business Owner,44,46042.84,Denied,Document Error - Expired or Illegible ID,Fast Update - Request New ID
APP_004770,CLI_04325,BR_006,66,Mass,Salaried,12,40224.18,Denied,Policy - Debt-to-Income (DTI) > 30%,Restructuring - Add Co-signer or Increase Term
APP_004771,CLI_00883,BR_032,73,Mass-Affluent,Gig-worker,80,12285.65,Denied,Score - Disabled Positive Credit Registry,Credit Recovery - BACEN Education Journey
APP_004774,CLI_03468,BR_001,37,Mass,Gig-worker,33,18077.5,Denied,Score - Disabled Positive Credit Registry,Credit Recovery - BACEN Education Journey
APP_004776,CLI_04414,BR_024,72,Mass,Gig-worker,27,6353.96,Denied,Income - Gig Worker with Inconsistent Cash Flow,Income Proof - Open Finance Connect
APP_004780,CLI_04232,BR_044,41,Private,Unemployed,110,43206.15,Denied,Policy - Debt-to-Income (DTI) > 30%,Restructuring - Add Co-signer or Increase Term
APP_004781,CLI_02778,BR_012,33,Mass-Affluent,Salaried,6,11690.18,Denied,Document Error - Expired or Illegible ID,Fast Update - Request New ID
APP_004786,CLI_04619,BR_012,45,Mass,Unemployed,25,21905.81,Denied,Policy - Debt-to-Income (DTI) > 30%,Restructuring - Add Co-signer or Increase Term
APP_004787,CLI_03722,BR_033,47,Mass,Gig-worker,111,11762.68,Denied,Income - Gig Worker with Inconsistent Cash Flow,Income Proof - Open Finance Connect
APP_004789,CLI_02622,BR_036,71,Mass,Salaried,50,13725.84,Denied,Registry Error - Data Mismatch with Tax Authority,Fast Update - ID Verification
APP_004792,CLI_04072,BR_042,60,Premium,Unemployed,87,2323.9,Denied,Score - Forgotten Micro-Debt,Credit Recovery - Micro-settlement
APP_004793,CLI_01293,BR_045,26,Mass-Affluent,Business Owner,40,48352.39,Denied,Policy - Debt-to-Income (DTI) > 30%,Restructuring - Add Co-signer or Increase Term
APP_004797,CLI_00555,BR_032,66,Mass,Gig-worker,84,14676.13,Denied,Income - Gig Worker with Inconsistent Cash Flow,Income Proof - Open Finance Connect
APP_004802,CLI_03610,BR_033,35,Mass,Gig-worker,64,2013.75,Denied,Policy - Debt-to-Income (DTI) > 30%,Restructuring - Add Co-signer or Increase Term
APP_004804,CLI_01989,BR_049,39,Private,Gig-worker,86,39221.02,Denied,Policy - Debt-to-Income (DTI) > 30%,Restructuring - Add Co-signer or Increase Term
APP_004810,CLI_03447,BR_003,26,Mass-Affluent,Gig-worker,86,48584.35,Denied,Policy - Debt-to-Income (DTI) > 30%,Restructuring - Add Co-signer or Increase Term
APP_004812,CLI_00056,BR_041,43,Mass,Salaried,10,11688.27,Denied,Registry Error - Data Mismatch with Tax Authority,Fast Update - ID Verification
APP_004816,CLI_04737,BR_016,21,Mass-Affluent,Salaried,103,28781.65,Denied,Score - Forgotten Micro-Debt,Credit Recovery - Micro-settlement
APP_004819,CLI_00404,BR_011,52,Mass-Affluent,Salaried,32,47677.19,Denied,Score - Forgotten Micro-Debt,Credit Recovery - Micro-settlement
APP_004821,CLI_01562,BR_047,62,Mass,Salaried,28,13405.8,Denied,Registry Error - Data Mismatch with Tax Authority,Fast Update - ID Verification
APP_004824,CLI_02665,BR_042,50,Premium,Salaried,90,40994.15,Denied,Policy - Debt-to-Income (DTI) > 30%,Restructuring - Add Co-signer or Increase Term
APP_004827,CLI_01958,BR_035,62,Premium,Business Owner,47,5623.64,Denied,Policy - Debt-to-Income (DTI) > 30%,Restructuring - Add Co-signer or Increase Term
APP_004835,CLI_04756,BR_027,24,Mass-Affluent,Self-employed,114,31576.82,Denied,Income - Gig Worker with Inconsistent Cash Flow,Income Proof - Open Finance Connect
APP_004837,CLI_04207,BR_040,30,Premium,Salaried,86,32535.83,Denied,Document Error - Expired or Illegible ID,Fast Update - Request New ID
APP_004845,CLI_02242,BR_036,52,Premium,Salaried,37,18810.6,Denied,Score - Forgotten Micro-Debt,Credit Recovery - Micro-settlement
APP_004847,CLI_04895,BR_013,53,Mass-Affluent,Gig-worker,50,23222.74,Denied,Income - Missing Tax Return,Income Proof - Request Tax Return
APP_004849,CLI_03016,BR_049,35,Premium,Salaried,49,20967.66,Denied,Registry Error - Data Mismatch with Tax Authority,Fast Update - ID Verification
APP_004851,CLI_03871,BR_011,34,Mass,Gig-worker,10,41198.55,Denied,Score - Disabled Positive Credit Registry,Credit Recovery - BACEN Education Journey
APP_004852,CLI_04865,BR_007,60,Mass,Salaried,118,2454.57,Denied,Policy - Debt-to-Income (DTI) > 30%,Restructuring - Add Co-signer or Increase Term
APP_004853,CLI_01485,BR_035,59,Mass,Gig-worker,104,15483.68,Denied,Income - Gig Worker with Inconsistent Cash Flow,Income Proof - Open Finance Connect
APP_004854,CLI_04235,BR_011,64,Mass,Salaried,106,40776.11,Denied,Document Error - Expired or Illegible ID,Fast Update - Request New ID
APP_004856,CLI_02340,BR_043,46,Mass,Salaried,81,21202.68,Denied,Score - Forgotten Micro-Debt,Credit Recovery - Micro-settlement
APP_004857,CLI_00335,BR_047,40,Mass-Affluent,Unemployed,102,44550.92,Denied,Policy - Debt-to-Income (DTI) > 30%,Restructuring - Add Co-signer or Increase Term
APP_004859,CLI_01208,BR_048,69,Mass,Salaried,108,11849.93,Denied,Score - Forgotten Micro-Debt,Credit Recovery - Micro-settlement
APP_004866,CLI_04028,BR_003,45,Premium,Self-employed,4,38311.0,Denied,Income - Gig Worker with Inconsistent Cash Flow,Income Proof - Open Finance Connect
APP_004875,CLI_03951,BR_012,66,Mass,Salaried,100,42050.84,Denied,Document Error - Expired or Illegible ID,Fast Update - Request New ID
APP_004879,CLI_01626,BR_038,42,Mass,Salaried,87,30686.39,Denied,Score - Forgotten Micro-Debt,Credit Recovery - Micro-settlement
APP_004881,CLI_02037,BR_048,44,Mass,Self-employed,63,26868.88,Denied,Income - Missing Tax Return,Income Proof - Request Tax Return
APP_004883,CLI_03356,BR_008,37,Mass,Unemployed,119,34075.17,Denied,Policy - Debt-to-Income (DTI) > 30%,Restructuring - Add Co-signer or Increase Term
APP_004891,CLI_04962,BR_043,69,Mass,Gig-worker,20,6312.81,Denied,Score - Disabled Positive Credit Registry,Credit Recovery - BACEN Education Journey
APP_004892,CLI_00033,BR_007,54,Mass-Affluent,Self-employed,24,11172.15,Denied,Score - Disabled Positive Credit Registry,Credit Recovery - BACEN Education Journey
APP_004897,CLI_00247,BR_038,63,Mass,Salaried,75,3569.29,Denied,Registry Error - Data Mismatch with Tax Authority,Fast Update - ID Verification
APP_004898,CLI_03927,BR_003,34,Mass,Self-employed,77,47991.34,Denied,Income - Gig Worker with Inconsistent Cash Flow,Income Proof - Open Finance Connect
APP_004901,CLI_01963,BR_023,47,Mass,Self-employed,28,45731.64,Denied,Policy - Debt-to-Income (DTI) > 30%,Restructuring - Add Co-signer or Increase Term
APP_004902,CLI_02960,BR_020,69,Mass-Affluent,Gig-worker,86,35191.08,Denied,Income - Gig Worker with Inconsistent Cash Flow,Income Proof - Open Finance Connect
APP_004904,CLI_01394,BR_046,35,Mass,Salaried,54,16474.02,Denied,Document Error - Expired or Illegible ID,Fast Update - Request New ID
APP_004905,CLI_01908,BR_032,57,Premium,Salaried,96,2480.09,Denied,Policy - Debt-to-Income (DTI) > 30%,Restructuring - Add Co-signer or Increase Term
APP_004906,CLI_02024,BR_017,32,Mass-Affluent,Gig-worker,118,31025.15,Denied,Income - Gig Worker with Inconsistent Cash Flow,Income Proof - Open Finance Connect
APP_004910,CLI_00982,BR_040,40,Mass,Self-employed,15,41074.22,Denied,Income - Gig Worker with Inconsistent Cash Flow,Income Proof - Open Finance Connect
APP_004911,CLI_03224,BR_036,54,Mass-Affluent,Salaried,30,37196.84,Denied,Score - Forgotten Micro-Debt,Credit Recovery - Micro-settlement
APP_004915,CLI_02252,BR_014,48,Private,Gig-worker,41,25294.05,Denied,Score - Disabled Positive Credit Registry,Credit Recovery - BACEN Education Journey
APP_004916,CLI_02942,BR_014,38,Premium,Salaried,40,6639.62,Denied,Document Error - Expired or Illegible ID,Fast Update - Request New ID
APP_004918,CLI_02074,BR_005,25,Mass-Affluent,Gig-worker,19,39291.36,Denied,Income - Gig Worker with Inconsistent Cash Flow,Income Proof - Open Finance Connect
APP_004922,CLI_01553,BR_004,38,Mass,Salaried,119,30994.84,Denied,Score - Forgotten Micro-Debt,Credit Recovery - Micro-settlement
APP_004923,CLI_00958,BR_050,18,Mass-Affluent,Business Owner,102,30631.06,Denied,Document Error - Expired or Illegible ID,Fast Update - Request New ID
APP_004931,CLI_00808,BR_020,54,Mass,Gig-worker,2,33251.74,Denied,Policy - Debt-to-Income (DTI) > 30%,Restructuring - Add Co-signer or Increase Term
APP_004933,CLI_01782,BR_018,70,Mass,Gig-worker,6,6450.72,Denied,Income - Gig Worker with Inconsistent Cash Flow,Income Proof - Open Finance Connect
APP_004934,CLI_01222,BR_030,39,Mass-Affluent,Unemployed,28,18862.41,Denied,Policy - Debt-to-Income (DTI) > 30%,Restructuring - Add Co-signer or Increase Term
APP_004935,CLI_03664,BR_042,42,Mass-Affluent,Salaried,36,9754.5,Denied,Score - Forgotten Micro-Debt,Credit Recovery - Micro-settlement
APP_004944,CLI_01126,BR_006,26,Mass,Self-employed,72,49706.92,Denied,Income - Gig Worker with Inconsistent Cash Flow,Income Proof - Open Finance Connect
APP_004949,CLI_01635,BR_032,47,Private,Self-employed,3,12945.03,Denied,Income - Gig Worker with Inconsistent Cash Flow,Income Proof - Open Finance Connect
APP_004953,CLI_03958,BR_041,43,Mass,Self-employed,117,9780.44,Denied,Income - Gig Worker with Inconsistent Cash Flow,Income Proof - Open Finance Connect
APP_004954,CLI_00965,BR_022,73,Mass,Unemployed,38,11945.08,Denied,Registry Error - Data Mismatch with Tax Authority,Fast Update - ID Verification
APP_004955,CLI_00281,BR_028,25,Mass,Gig-worker,14,14771.32,Denied,Policy - Debt-to-Income (DTI) > 30%,Restructuring - Add Co-signer or Increase Term
APP_004967,CLI_04774,BR_025,60,Mass,Salaried,74,43043.4,Denied,Policy - Debt-to-Income (DTI) > 30%,Restructuring - Add Co-signer or Increase Term
APP_004968,CLI_04037,BR_019,56,Premium,Self-employed,6,45211.05,Denied,Policy - Debt-to-Income (DTI) > 30%,Restructuring - Add Co-signer or Increase Term
APP_004976,CLI_01564,BR_045,70,Mass,Salaried,42,14218.72,Denied,Document Error - Expired or Illegible ID,Fast Update - Request New ID
APP_004979,CLI_01492,BR_019,22,Mass,Gig-worker,95,18994.53,Denied,Income - Gig Worker with Inconsistent Cash Flow,Income Proof - Open Finance Connect
APP_004980,CLI_01660,BR_003,33,Mass,Salaried,108,31489.65,Denied,Policy - Debt-to-Income (DTI) > 30%,Restructuring - Add Co-signer or Increase Term
APP_004982,CLI_03063,BR_028,25,Mass,Salaried,16,4823.43,Denied,Policy - Debt-to-Income (DTI) > 30%,Restructuring - Add Co-signer or Increase Term
APP_004984,CLI_03063,BR_006,25,Mass,Salaried,16,30305.18,Denied,Document Error - Expired or Illegible ID,Fast Update - Request New ID
APP_004988,CLI_02677,BR_005,34,Mass,Self-employed,72,45628.29,Denied,Income - Gig Worker with Inconsistent Cash Flow,Income Proof - Open Finance Connect
APP_004989,CLI_02554,BR_019,65,Mass-Affluent,Gig-worker,57,42571.98,Denied,Score - Disabled Positive Credit Registry,Credit Recovery - BACEN Education Journey
APP_004991,CLI_03936,BR_042,74,Mass,Salaried,3,42674.42,Denied,Policy - Debt-to-Income (DTI) > 30%,Restructuring - Add Co-signer or Increase Term
APP_004994,CLI_03536,BR_024,56,Mass,Gig-worker,38,11389.52,Denied,Income - Missing Tax Return,Income Proof - Request Tax Return
APP_004996,CLI_01967,BR_002,49,Mass,Self-employed,111,36404.91,Denied,Income - Missing Tax Return,Income Proof - Request Tax Return
APP_005000,CLI_03488,BR_017,41,Mass,Self-employed,54,24413.05,Denied,Income - Missing Tax Return,Income Proof - Request Tax Return
APP_005002,CLI_01004,BR_043,42,Premium,Salaried,49,7930.95,Denied,Score - Forgotten Micro-Debt,Credit Recovery - Micro-settlement
APP_005003,CLI_02155,BR_005,30,Mass-Affluent,Salaried,31,37536.79,Denied,Score - Forgotten Micro-Debt,Credit Recovery - Micro-settlement
APP_005004,CLI_02015,BR_039,63,Mass,Self-employed,47,17099.91,Denied,Policy - Debt-to-Income (DTI) > 30%,Restructuring - Add Co-signer or Increase Term
APP_005005,CLI_04625,BR_007,57,Mass,Salaried,29,25874.82,Denied,Registry Error - Data Mismatch with Tax Authority,Fast Update - ID Verification
APP_005008,CLI_03926,BR_021,35,Mass,Salaried,79,9183.74,Denied,Policy - Debt-to-Income (DTI) > 30%,Restructuring - Add Co-signer or Increase Term
APP_005009,CLI_03959,BR_042,56,Mass,Salaried,51,5821.3,Denied,Policy - Debt-to-Income (DTI) > 30%,Restructuring - Add Co-signer or Increase Term
APP_005010,CLI_02736,BR_032,49,Mass-Affluent,Gig-worker,6,29966.46,Denied,Income - Gig Worker with Inconsistent Cash Flow,Income Proof - Open Finance Connect
APP_005012,CLI_01335,BR_033,55,Mass-Affluent,Gig-worker,39,8302.96,Denied,Income - Gig Worker with Inconsistent Cash Flow,Income Proof - Open Finance Connect
APP_005015,CLI_00385,BR_011,23,Mass,Gig-worker,109,47266.93,Denied,Income - Gig Worker with Inconsistent Cash Flow,Income Proof - Open Finance Connect
APP_005021,CLI_00013,BR_048,34,Premium,Self-employed,46,25200.2,Denied,Policy - Debt-to-Income (DTI) > 30%,Restructuring - Add Co-signer or Increase Term
APP_005022,CLI_03008,BR_007,69,Mass,Salaried,57,29578.06,Denied,Score - Forgotten Micro-Debt,Credit Recovery - Micro-settlement
APP_005023,CLI_02208,BR_040,71,Mass-Affluent,Salaried,40,7002.97,Denied,Registry Error - Data Mismatch with Tax Authority,Fast Update - ID Verification
APP_005028,CLI_04080,BR_042,66,Private,Salaried,61,31779.05,Denied,Score - Forgotten Micro-Debt,Credit Recovery - Micro-settlement
APP_005029,CLI_04377,BR_044,32,Private,Salaried,39,46519.0,Denied,Registry Error - Data Mismatch with Tax Authority,Fast Update - ID Verification
APP_005034,CLI_00450,BR_029,54,Premium,Self-employed,34,12097.7,Denied,Score - Disabled Positive Credit Registry,Credit Recovery - BACEN Education Journey
APP_005037,CLI_03168,BR_002,56,Mass,Gig-worker,23,34840.89,Denied,Policy - Debt-to-Income (DTI) > 30%,Restructuring - Add Co-signer or Increase Term
APP_005038,CLI_00121,BR_022,49,Mass,Business Owner,111,23401.72,Denied,Policy - Debt-to-Income (DTI) > 30%,Restructuring - Add Co-signer or Increase Term
APP_005039,CLI_03438,BR_009,33,Mass,Self-employed,69,34761.37,Denied,Policy - Debt-to-Income (DTI) > 30%,Restructuring - Add Co-signer or Increase Term
APP_005040,CLI_03857,BR_011,38,Mass,Gig-worker,117,24376.95,Denied,Score - Disabled Positive Credit Registry,Credit Recovery - BACEN Education Journey
APP_005042,CLI_04414,BR_045,72,Mass,Gig-worker,27,17399.56,Denied,Income - Gig Worker with Inconsistent Cash Flow,Income Proof - Open Finance Connect
APP_005043,CLI_02723,BR_013,26,Mass,Self-employed,59,49146.07,Denied,Income - Gig Worker with Inconsistent Cash Flow,Income Proof - Open Finance Connect
APP_005047,CLI_03266,BR_010,70,Mass-Affluent,Salaried,3,41284.74,Denied,Policy - Debt-to-Income (DTI) > 30%,Restructuring - Add Co-signer or Increase Term
APP_005055,CLI_02358,BR_002,54,Premium,Salaried,27,24484.97,Denied,Score - Forgotten Micro-Debt,Credit Recovery - Micro-settlement
APP_005061,CLI_02215,BR_048,68,Mass,Unemployed,67,30442.64,Denied,Registry Error - Data Mismatch with Tax Authority,Fast Update - ID Verification
APP_005067,CLI_03256,BR_030,39,Mass,Gig-worker,25,21422.74,Denied,Income - Gig Worker with Inconsistent Cash Flow,Income Proof - Open Finance Connect
APP_005069,CLI_04090,BR_015,60,Mass-Affluent,Unemployed,114,48516.69,Denied,Registry Error - Data Mismatch with Tax Authority,Fast Update - ID Verification
APP_005070,CLI_02531,BR_020,26,Mass-Affluent,Unemployed,89,7329.9,Denied,Registry Error - Data Mismatch with Tax Authority,Fast Update - ID Verification
APP_005072,CLI_01056,BR_028,68,Mass-Affluent,Gig-worker,75,39830.54,Denied,Income - Gig Worker with Inconsistent Cash Flow,Income Proof - Open Finance Connect
APP_005073,CLI_00015,BR_020,52,Mass,Gig-worker,110,27133.63,Denied,Income - Missing Tax Return,Income Proof - Request Tax Return
APP_005076,CLI_00017,BR_027,50,Premium,Salaried,68,14236.28,Denied,Registry Error - Data Mismatch with Tax Authority,Fast Update - ID Verification
APP_005078,CLI_01780,BR_041,65,Mass,Salaried,35,49621.56,Denied,Score - Forgotten Micro-Debt,Credit Recovery - Micro-settlement
APP_005080,CLI_00081,BR_001,19,Mass-Affluent,Business Owner,30,43773.44,Denied,Registry Error - Data Mismatch with Tax Authority,Fast Update - ID Verification
APP_005081,CLI_03080,BR_035,48,Mass,Gig-worker,108,40580.66,Denied,Income - Gig Worker with Inconsistent Cash Flow,Income Proof - Open Finance Connect
APP_005082,CLI_01019,BR_049,51,Mass-Affluent,Gig-worker,25,32961.36,Denied,Income - Gig Worker with Inconsistent Cash Flow,Income Proof - Open Finance Connect
APP_005084,CLI_01825,BR_024,22,Mass,Self-employed,104,15070.77,Denied,Income - Gig Worker with Inconsistent Cash Flow,Income Proof - Open Finance Connect
APP_005092,CLI_02012,BR_025,40,Mass,Unemployed,57,48654.8,Denied,Policy - Debt-to-Income (DTI) > 30%,Restructuring - Add Co-signer or Increase Term
APP_005093,CLI_04889,BR_025,46,Mass,Salaried,41,47749.31,Denied,Policy - Debt-to-Income (DTI) > 30%,Restructuring - Add Co-signer or Increase Term
APP_005098,CLI_03076,BR_017,22,Mass,Salaried,19,41899.03,Denied,Document Error - Expired or Illegible ID,Fast Update - Request New ID
APP_005099,CLI_00905,BR_045,48,Mass,Self-employed,94,45871.84,Denied,Income - Gig Worker with Inconsistent Cash Flow,Income Proof - Open Finance Connect
APP_005100,CLI_04598,BR_016,26,Mass,Gig-worker,27,12588.33,Denied,Policy - Debt-to-Income (DTI) > 30%,Restructuring - Add Co-signer or Increase Term
APP_005109,CLI_02259,BR_048,37,Premium,Gig-worker,12,12171.71,Denied,Income - Missing Tax Return,Income Proof - Request Tax Return
APP_005110,CLI_03863,BR_007,20,Mass,Gig-worker,16,1441.03,Denied,Income - Gig Worker with Inconsistent Cash Flow,Income Proof - Open Finance Connect
APP_005111,CLI_00931,BR_046,23,Private,Unemployed,33,39268.12,Denied,Score - Forgotten Micro-Debt,Credit Recovery - Micro-settlement
APP_005113,CLI_04982,BR_039,38,Mass-Affluent,Gig-worker,15,38645.85,Denied,Income - Missing Tax Return,Income Proof - Request Tax Return
APP_005115,CLI_01272,BR_048,30,Mass-Affluent,Salaried,9,38348.86,Denied,Policy - Debt-to-Income (DTI) > 30%,Restructuring - Add Co-signer or Increase Term
APP_005116,CLI_03813,BR_018,64,Mass,Unemployed,107,3242.61,Denied,Document Error - Expired or Illegible ID,Fast Update - Request New ID
APP_005117,CLI_00798,BR_038,34,Mass,Gig-worker,4,6174.06,Denied,Income - Missing Tax Return,Income Proof - Request Tax Return
APP_005118,CLI_03135,BR_039,33,Mass-Affluent,Gig-worker,95,22583.29,Denied,Score - Disabled Positive Credit Registry,Credit Recovery - BACEN Education Journey
APP_005120,CLI_02588,BR_001,46,Mass,Unemployed,87,40989.81,Denied,Policy - Debt-to-Income (DTI) > 30%,Restructuring - Add Co-signer or Increase Term
APP_005122,CLI_04134,BR_026,27,Premium,Gig-worker,33,8512.69,Denied,Score - Disabled Positive Credit Registry,Credit Recovery - BACEN Education Journey
APP_005123,CLI_02356,BR_022,74,Mass-Affluent,Gig-worker,5,12081.19,Denied,Score - Disabled Positive Credit Registry,Credit Recovery - BACEN Education Journey
APP_005126,CLI_00053,BR_038,26,Premium,Gig-worker,70,15094.6,Denied,Income - Gig Worker with Inconsistent Cash Flow,Income Proof - Open Finance Connect
APP_005134,CLI_03323,BR_030,63,Mass,Gig-worker,99,26322.84,Denied,Score - Disabled Positive Credit Registry,Credit Recovery - BACEN Education Journey
APP_005138,CLI_04188,BR_043,23,Premium,Self-employed,5,46992.45,Denied,Score - Disabled Positive Credit Registry,Credit Recovery - BACEN Education Journey
APP_005140,CLI_03728,BR_031,33,Mass,Gig-worker,80,38777.99,Denied,Policy - Debt-to-Income (DTI) > 30%,Restructuring - Add Co-signer or Increase Term
APP_005142,CLI_02993,BR_050,43,Mass-Affluent,Salaried,115,25780.58,Denied,Policy - Debt-to-Income (DTI) > 30%,Restructuring - Add Co-signer or Increase Term
APP_005144,CLI_01990,BR_011,43,Mass,Salaried,45,12698.51,Denied,Policy - Debt-to-Income (DTI) > 30%,Restructuring - Add Co-signer or Increase Term
APP_005145,CLI_04274,BR_005,34,Mass,Salaried,25,39099.82,Denied,Score - Forgotten Micro-Debt,Credit Recovery - Micro-settlement
APP_005146,CLI_04346,BR_031,71,Premium,Salaried,63,44671.73,Denied,Document Error - Expired or Illegible ID,Fast Update - Request New ID
APP_005150,CLI_04187,BR_042,40,Mass,Salaried,112,34426.75,Denied,Score - Forgotten Micro-Debt,Credit Recovery - Micro-settlement
APP_005151,CLI_00339,BR_035,19,Mass,Salaried,54,14643.88,Denied,Policy - Debt-to-Income (DTI) > 30%,Restructuring - Add Co-signer or Increase Term
APP_005152,CLI_01662,BR_013,25,Mass,Gig-worker,87,3695.67,Denied,Income - Gig Worker with Inconsistent Cash Flow,Income Proof - Open Finance Connect
APP_005155,CLI_04876,BR_040,47,Mass-Affluent,Unemployed,10,1586.15,Denied,Registry Error - Data Mismatch with Tax Authority,Fast Update - ID Verification
APP_005156,CLI_00170,BR_019,33,Premium,Salaried,90,6435.28,Denied,Policy - Debt-to-Income (DTI) > 30%,Restructuring - Add Co-signer or Increase Term
APP_005160,CLI_03013,BR_018,51,Private,Self-employed,112,16254.99,Denied,Income - Gig Worker with Inconsistent Cash Flow,Income Proof - Open Finance Connect
APP_005163,CLI_03762,BR_043,26,Mass-Affluent,Self-employed,41,26696.93,Denied,Score - Disabled Positive Credit Registry,Credit Recovery - BACEN Education Journey
APP_005165,CLI_04805,BR_031,38,Mass,Salaried,99,20898.82,Denied,Registry Error - Data Mismatch with Tax Authority,Fast Update - ID Verification
APP_005167,CLI_02036,BR_009,28,Mass,Salaried,46,33472.23,Denied,Policy - Debt-to-Income (DTI) > 30%,Restructuring - Add Co-signer or Increase Term
APP_005169,CLI_02608,BR_026,61,Mass-Affluent,Salaried,108,35987.84,Denied,Registry Error - Data Mismatch with Tax Authority,Fast Update - ID Verification
APP_005171,CLI_01689,BR_047,65,Mass,Gig-worker,37,32911.46,Denied,Policy - Debt-to-Income (DTI) > 30%,Restructuring - Add Co-signer or Increase Term
APP_005173,CLI_00523,BR_006,68,Mass,Salaried,4,31926.75,Denied,Registry Error - Data Mismatch with Tax Authority,Fast Update - ID Verification
APP_005177,CLI_03411,BR_007,53,Mass,Self-employed,50,39192.73,Denied,Score - Disabled Positive Credit Registry,Credit Recovery - BACEN Education Journey
APP_005180,CLI_02816,BR_010,50,Mass,Salaried,101,43271.41,Denied,Policy - Debt-to-Income (DTI) > 30%,Restructuring - Add Co-signer or Increase Term
APP_005181,CLI_02018,BR_048,21,Mass-Affluent,Self-employed,42,29861.16,Denied,Income - Missing Tax Return,Income Proof - Request Tax Return
APP_005187,CLI_00363,BR_039,18,Mass-Affluent,Salaried,100,23518.8,Denied,Document Error - Expired or Illegible ID,Fast Update - Request New ID
APP_005188,CLI_03282,BR_022,27,Mass,Gig-worker,20,49678.36,Denied,Income - Missing Tax Return,Income Proof - Request Tax Return
APP_005189,CLI_01635,BR_019,47,Private,Self-employed,3,36110.39,Denied,Policy - Debt-to-Income (DTI) > 30%,Restructuring - Add Co-signer or Increase Term
APP_005193,CLI_00420,BR_002,54,Mass-Affluent,Salaried,15,47908.41,Denied,Policy - Debt-to-Income (DTI) > 30%,Restructuring - Add Co-signer or Increase Term
APP_005194,CLI_04229,BR_028,68,Mass,Gig-worker,77,46480.71,Denied,Income - Gig Worker with Inconsistent Cash Flow,Income Proof - Open Finance Connect
APP_005197,CLI_01401,BR_006,71,Mass,Self-employed,24,11183.86,Denied,Policy - Debt-to-Income (DTI) > 30%,Restructuring - Add Co-signer or Increase Term
APP_005198,CLI_01420,BR_047,51,Mass,Gig-worker,89,10011.57,Denied,Income - Gig Worker with Inconsistent Cash Flow,Income Proof - Open Finance Connect
APP_005201,CLI_04003,BR_033,45,Mass,Self-employed,10,35094.23,Denied,Income - Gig Worker with Inconsistent Cash Flow,Income Proof - Open Finance Connect
APP_005204,CLI_01835,BR_025,59,Mass,Salaried,36,37458.8,Denied,Registry Error - Data Mismatch with Tax Authority,Fast Update - ID Verification
APP_005205,CLI_04132,BR_006,36,Mass,Gig-worker,71,10252.61,Denied,Score - Disabled Positive Credit Registry,Credit Recovery - BACEN Education Journey
APP_005206,CLI_02354,BR_028,37,Premium,Gig-worker,44,41419.37,Denied,Income - Gig Worker with Inconsistent Cash Flow,Income Proof - Open Finance Connect
APP_005207,CLI_03056,BR_018,36,Mass,Self-employed,100,18397.23,Denied,Income - Gig Worker with Inconsistent Cash Flow,Income Proof - Open Finance Connect
APP_005209,CLI_00012,BR_049,68,Mass-Affluent,Salaried,103,1579.05,Denied,Registry Error - Data Mismatch with Tax Authority,Fast Update - ID Verification
APP_005210,CLI_02131,BR_002,68,Mass,Gig-worker,87,49398.72,Denied,Score - Disabled Positive Credit Registry,Credit Recovery - BACEN Education Journey
APP_005212,CLI_01432,BR_021,72,Private,Gig-worker,114,21713.78,Denied,Income - Gig Worker with Inconsistent Cash Flow,Income Proof - Open Finance Connect
APP_005214,CLI_01435,BR_002,40,Mass,Salaried,94,35258.26,Denied,Registry Error - Data Mismatch with Tax Authority,Fast Update - ID Verification
APP_005221,CLI_01956,BR_022,51,Mass,Self-employed,47,14715.85,Denied,Income - Missing Tax Return,Income Proof - Request Tax Return
APP_005223,CLI_04992,BR_020,24,Mass,Self-employed,51,4528.62,Denied,Income - Gig Worker with Inconsistent Cash Flow,Income Proof - Open Finance Connect
APP_005224,CLI_04066,BR_039,57,Mass,Self-employed,108,48639.1,Denied,Income - Gig Worker with Inconsistent Cash Flow,Income Proof - Open Finance Connect
APP_005225,CLI_02804,BR_047,25,Mass-Affluent,Gig-worker,78,3938.73,Denied,Score - Disabled Positive Credit Registry,Credit Recovery - BACEN Education Journey
APP_005227,CLI_01025,BR_013,36,Mass,Salaried,66,38639.91,Denied,Registry Error - Data Mismatch with Tax Authority,Fast Update - ID Verification
APP_005229,CLI_02330,BR_034,40,Mass,Gig-worker,21,1921.56,Denied,Income - Missing Tax Return,Income Proof - Request Tax Return
APP_005230,CLI_02699,BR_044,59,Mass,Salaried,119,1298.7,Denied,Registry Error - Data Mismatch with Tax Authority,Fast Update - ID Verification
APP_005235,CLI_01104,BR_047,53,Mass,Self-employed,12,38826.01,Denied,Policy - Debt-to-Income (DTI) > 30%,Restructuring - Add Co-signer or Increase Term
APP_005236,CLI_01647,BR_048,66,Mass-Affluent,Unemployed,15,19490.38,Denied,Document Error - Expired or Illegible ID,Fast Update - Request New ID
APP_005237,CLI_01701,BR_007,59,Mass,Salaried,104,8857.82,Denied,Policy - Debt-to-Income (DTI) > 30%,Restructuring - Add Co-signer or Increase Term
APP_005239,CLI_03589,BR_032,22,Mass-Affluent,Gig-worker,85,17301.84,Denied,Income - Gig Worker with Inconsistent Cash Flow,Income Proof - Open Finance Connect
APP_005243,CLI_04910,BR_027,39,Mass,Gig-worker,2,45833.1,Denied,Income - Gig Worker with Inconsistent Cash Flow,Income Proof - Open Finance Connect
APP_005244,CLI_04710,BR_023,64,Mass-Affluent,Salaried,76,7734.68,Denied,Registry Error - Data Mismatch with Tax Authority,Fast Update - ID Verification
APP_005245,CLI_04522,BR_045,44,Mass,Gig-worker,49,25654.75,Denied,Income - Gig Worker with Inconsistent Cash Flow,Income Proof - Open Finance Connect
APP_005250,CLI_04035,BR_031,32,Mass,Unemployed,74,44555.4,Denied,Registry Error - Data Mismatch with Tax Authority,Fast Update - ID Verification
APP_005252,CLI_03908,BR_044,29,Mass,Salaried,90,35183.98,Denied,Document Error - Expired or Illegible ID,Fast Update - Request New ID
APP_005253,CLI_01668,BR_036,43,Mass,Salaried,99,6929.25,Denied,Document Error - Expired or Illegible ID,Fast Update - Request New ID
APP_005254,CLI_02983,BR_027,32,Premium,Self-employed,97,24806.92,Denied,Income - Missing Tax Return,Income Proof - Request Tax Return
APP_005256,CLI_02114,BR_025,35,Mass,Salaried,103,29051.38,Denied,Score - Forgotten Micro-Debt,Credit Recovery - Micro-settlement
APP_005257,CLI_00391,BR_048,25,Premium,Gig-worker,7,7497.15,Denied,Income - Gig Worker with Inconsistent Cash Flow,Income Proof - Open Finance Connect
APP_005258,CLI_00083,BR_015,62,Mass,Salaried,101,9422.5,Denied,Registry Error - Data Mismatch with Tax Authority,Fast Update - ID Verification
APP_005259,CLI_01003,BR_040,61,Mass,Self-employed,114,43342.94,Denied,Policy - Debt-to-Income (DTI) > 30%,Restructuring - Add Co-signer or Increase Term
APP_005260,CLI_00481,BR_019,48,Mass,Unemployed,8,26824.43,Denied,Registry Error - Data Mismatch with Tax Authority,Fast Update - ID Verification
APP_005264,CLI_01249,BR_041,48,Mass,Self-employed,102,48878.05,Denied,Income - Gig Worker with Inconsistent Cash Flow,Income Proof - Open Finance Connect
APP_005265,CLI_01137,BR_033,61,Private,Salaried,81,17155.45,Denied,Policy - Debt-to-Income (DTI) > 30%,Restructuring - Add Co-signer or Increase Term
APP_005266,CLI_02700,BR_041,71,Mass,Salaried,29,34064.64,Denied,Document Error - Expired or Illegible ID,Fast Update - Request New ID
APP_005272,CLI_02253,BR_014,41,Mass,Self-employed,80,8751.6,Denied,Income - Missing Tax Return,Income Proof - Request Tax Return
APP_005273,CLI_04838,BR_034,58,Mass-Affluent,Salaried,43,12788.81,Denied,Document Error - Expired or Illegible ID,Fast Update - Request New ID
APP_005274,CLI_03610,BR_015,35,Mass,Gig-worker,64,45647.61,Denied,Income - Gig Worker with Inconsistent Cash Flow,Income Proof - Open Finance Connect
APP_005275,CLI_00278,BR_021,62,Mass,Salaried,7,15146.5,Denied,Policy - Debt-to-Income (DTI) > 30%,Restructuring - Add Co-signer or Increase Term
APP_005278,CLI_04515,BR_050,45,Premium,Unemployed,33,47033.67,Denied,Policy - Debt-to-Income (DTI) > 30%,Restructuring - Add Co-signer or Increase Term
APP_005279,CLI_02586,BR_014,63,Mass-Affluent,Self-employed,38,45808.19,Denied,Income - Missing Tax Return,Income Proof - Request Tax Return
APP_005281,CLI_03621,BR_012,44,Mass-Affluent,Business Owner,34,38750.29,Denied,Policy - Debt-to-Income (DTI) > 30%,Restructuring - Add Co-signer or Increase Term
APP_005282,CLI_02440,BR_042,60,Mass,Gig-worker,39,9303.63,Denied,Policy - Debt-to-Income (DTI) > 30%,Restructuring - Add Co-signer or Increase Term
APP_005283,CLI_00940,BR_046,31,Mass,Self-employed,96,11548.31,Denied,Income - Gig Worker with Inconsistent Cash Flow,Income Proof - Open Finance Connect
APP_005285,CLI_04338,BR_005,33,Mass,Gig-worker,101,29239.59,Denied,Income - Missing Tax Return,Income Proof - Request Tax Return
APP_005289,CLI_01818,BR_044,74,Mass,Self-employed,19,2094.55,Denied,Income - Gig Worker with Inconsistent Cash Flow,Income Proof - Open Finance Connect
APP_005291,CLI_00684,BR_029,66,Mass,Salaried,13,26353.35,Denied,Registry Error - Data Mismatch with Tax Authority,Fast Update - ID Verification
APP_005295,CLI_02074,BR_033,25,Mass-Affluent,Gig-worker,19,23513.96,Denied,Policy - Debt-to-Income (DTI) > 30%,Restructuring - Add Co-signer or Increase Term
APP_005301,CLI_01358,BR_006,39,Mass,Unemployed,119,16855.61,Denied,Policy - Debt-to-Income (DTI) > 30%,Restructuring - Add Co-signer or Increase Term
APP_005304,CLI_02469,BR_012,19,Mass,Unemployed,26,13014.14,Denied,Score - Forgotten Micro-Debt,Credit Recovery - Micro-settlement
APP_005308,CLI_03857,BR_007,38,Mass,Gig-worker,117,30324.01,Denied,Income - Missing Tax Return,Income Proof - Request Tax Return
APP_005313,CLI_03803,BR_008,26,Mass-Affluent,Salaried,17,10375.17,Denied,Document Error - Expired or Illegible ID,Fast Update - Request New ID
APP_005321,CLI_03460,BR_031,44,Mass,Unemployed,88,32613.33,Denied,Document Error - Expired or Illegible ID,Fast Update - Request New ID
APP_005322,CLI_00045,BR_036,20,Mass-Affluent,Gig-worker,69,43300.01,Denied,Score - Disabled Positive Credit Registry,Credit Recovery - BACEN Education Journey
APP_005323,CLI_00269,BR_027,29,Mass,Salaried,66,11719.11,Denied,Policy - Debt-to-Income (DTI) > 30%,Restructuring - Add Co-signer or Increase Term
APP_005324,CLI_01335,BR_029,55,Mass-Affluent,Gig-worker,39,32200.56,Denied,Income - Gig Worker with Inconsistent Cash Flow,Income Proof - Open Finance Connect
APP_005325,CLI_00672,BR_023,67,Mass,Salaried,97,5954.6,Denied,Document Error - Expired or Illegible ID,Fast Update - Request New ID
APP_005326,CLI_03639,BR_020,63,Mass,Gig-worker,32,27848.8,Denied,Income - Gig Worker with Inconsistent Cash Flow,Income Proof - Open Finance Connect
APP_005330,CLI_01418,BR_012,36,Mass,Salaried,113,41532.45,Denied,Policy - Debt-to-Income (DTI) > 30%,Restructuring - Add Co-signer or Increase Term
APP_005331,CLI_04371,BR_050,20,Premium,Self-employed,91,8272.04,Denied,Income - Gig Worker with Inconsistent Cash Flow,Income Proof - Open Finance Connect
APP_005334,CLI_04968,BR_039,22,Mass,Salaried,109,25701.34,Denied,Policy - Debt-to-Income (DTI) > 30%,Restructuring - Add Co-signer or Increase Term
APP_005335,CLI_00651,BR_035,69,Mass,Salaried,34,36531.55,Denied,Document Error - Expired or Illegible ID,Fast Update - Request New ID
APP_005338,CLI_04963,BR_004,40,Mass,Self-employed,24,11692.64,Denied,Income - Gig Worker with Inconsistent Cash Flow,Income Proof - Open Finance Connect
APP_005340,CLI_04928,BR_042,18,Mass-Affluent,Gig-worker,38,37912.03,Denied,Income - Missing Tax Return,Income Proof - Request Tax Return
APP_005341,CLI_01111,BR_038,73,Mass,Gig-worker,28,3948.98,Denied,Income - Gig Worker with Inconsistent Cash Flow,Income Proof - Open Finance Connect
APP_005342,CLI_03282,BR_033,27,Mass,Gig-worker,20,16802.41,Denied,Income - Missing Tax Return,Income Proof - Request Tax Return
APP_005343,CLI_00462,BR_006,22,Mass,Gig-worker,94,20528.09,Denied,Income - Gig Worker with Inconsistent Cash Flow,Income Proof - Open Finance Connect
APP_005347,CLI_03040,BR_031,67,Mass-Affluent,Gig-worker,3,49833.78,Denied,Policy - Debt-to-Income (DTI) > 30%,Restructuring - Add Co-signer or Increase Term
APP_005348,CLI_02238,BR_008,20,Mass-Affluent,Self-employed,105,39255.58,Denied,Income - Gig Worker with Inconsistent Cash Flow,Income Proof - Open Finance Connect
APP_005349,CLI_04022,BR_006,50,Mass,Gig-worker,42,33652.95,Denied,Policy - Debt-to-Income (DTI) > 30%,Restructuring - Add Co-signer or Increase Term
APP_005350,CLI_01257,BR_029,22,Mass,Unemployed,60,20202.96,Denied,Score - Forgotten Micro-Debt,Credit Recovery - Micro-settlement
APP_005354,CLI_04264,BR_040,62,Mass,Salaried,23,18194.01,Denied,Policy - Debt-to-Income (DTI) > 30%,Restructuring - Add Co-signer or Increase Term
APP_005355,CLI_03303,BR_010,24,Premium,Gig-worker,27,34697.75,Denied,Policy - Debt-to-Income (DTI) > 30%,Restructuring - Add Co-signer or Increase Term
APP_005356,CLI_02712,BR_013,59,Mass-Affluent,Salaried,18,23718.33,Denied,Policy - Debt-to-Income (DTI) > 30%,Restructuring - Add Co-signer or Increase Term
APP_005357,CLI_01410,BR_022,25,Mass,Salaried,8,37852.6,Denied,Document Error - Expired or Illegible ID,Fast Update - Request New ID
APP_005358,CLI_02429,BR_021,49,Premium,Gig-worker,3,20510.49,Denied,Income - Gig Worker with Inconsistent Cash Flow,Income Proof - Open Finance Connect
APP_005362,CLI_04994,BR_002,57,Mass-Affluent,Gig-worker,4,40274.71,Denied,Income - Gig Worker with Inconsistent Cash Flow,Income Proof - Open Finance Connect
APP_005367,CLI_03214,BR_007,20,Mass,Self-employed,108,13443.56,Denied,Income - Gig Worker with Inconsistent Cash Flow,Income Proof - Open Finance Connect
APP_005368,CLI_02164,BR_035,55,Mass,Gig-worker,2,13848.91,Denied,Score - Disabled Positive Credit Registry,Credit Recovery - BACEN Education Journey
APP_005370,CLI_01453,BR_016,73,Premium,Salaried,95,21125.93,Denied,Policy - Debt-to-Income (DTI) > 30%,Restructuring - Add Co-signer or Increase Term
APP_005373,CLI_03072,BR_020,41,Mass-Affluent,Unemployed,115,5854.82,Denied,Registry Error - Data Mismatch with Tax Authority,Fast Update - ID Verification
APP_005375,CLI_00306,BR_037,58,Mass-Affluent,Salaried,41,25843.41,Denied,Policy - Debt-to-Income (DTI) > 30%,Restructuring - Add Co-signer or Increase Term
APP_005376,CLI_01385,BR_003,47,Mass,Self-employed,13,25189.76,Denied,Score - Disabled Positive Credit Registry,Credit Recovery - BACEN Education Journey
APP_005377,CLI_03368,BR_029,33,Mass-Affluent,Salaried,61,4307.32,Denied,Registry Error - Data Mismatch with Tax Authority,Fast Update - ID Verification
APP_005381,CLI_01604,BR_032,37,Mass,Salaried,5,30226.12,Denied,Policy - Debt-to-Income (DTI) > 30%,Restructuring - Add Co-signer or Increase Term
APP_005382,CLI_01031,BR_048,43,Mass,Unemployed,48,30706.15,Denied,Policy - Debt-to-Income (DTI) > 30%,Restructuring - Add Co-signer or Increase Term
APP_005384,CLI_04443,BR_050,47,Mass-Affluent,Salaried,79,7136.07,Denied,Score - Forgotten Micro-Debt,Credit Recovery - Micro-settlement
APP_005388,CLI_00543,BR_026,46,Mass,Salaried,112,38123.83,Denied,Registry Error - Data Mismatch with Tax Authority,Fast Update - ID Verification
APP_005389,CLI_00355,BR_040,42,Mass,Self-employed,10,37289.78,Denied,Score - Disabled Positive Credit Registry,Credit Recovery - BACEN Education Journey
APP_005393,CLI_00584,BR_027,66,Mass-Affluent,Business Owner,106,41719.75,Denied,Score - Forgotten Micro-Debt,Credit Recovery - Micro-settlement
APP_005394,CLI_00511,BR_050,18,Mass,Self-employed,107,12642.48,Denied,Policy - Debt-to-Income (DTI) > 30%,Restructuring - Add Co-signer or Increase Term
APP_005398,CLI_02872,BR_047,35,Mass,Salaried,67,20982.35,Denied,Score - Forgotten Micro-Debt,Credit Recovery - Micro-settlement
APP_005402,CLI_04536,BR_043,29,Private,Gig-worker,56,47231.68,Denied,Income - Gig Worker with Inconsistent Cash Flow,Income Proof - Open Finance Connect
APP_005406,CLI_01217,BR_003,54,Private,Gig-worker,94,40555.03,Denied,Policy - Debt-to-Income (DTI) > 30%,Restructuring - Add Co-signer or Increase Term
APP_005407,CLI_01291,BR_013,45,Mass,Gig-worker,32,44949.21,Denied,Income - Gig Worker with Inconsistent Cash Flow,Income Proof - Open Finance Connect
APP_005408,CLI_04222,BR_040,63,Premium,Gig-worker,15,39608.0,Denied,Score - Disabled Positive Credit Registry,Credit Recovery - BACEN Education Journey
APP_005410,CLI_02872,BR_043,35,Mass,Salaried,67,5992.16,Denied,Score - Forgotten Micro-Debt,Credit Recovery - Micro-settlement
APP_005412,CLI_00412,BR_045,47,Premium,Gig-worker,54,31590.74,Denied,Income - Gig Worker with Inconsistent Cash Flow,Income Proof - Open Finance Connect
APP_005413,CLI_02007,BR_003,64,Mass,Gig-worker,117,43591.66,Denied,Income - Missing Tax Return,Income Proof - Request Tax Return
APP_005415,CLI_03869,BR_031,21,Mass-Affluent,Business Owner,49,10890.54,Denied,Document Error - Expired or Illegible ID,Fast Update - Request New ID
APP_005416,CLI_01339,BR_024,44,Mass,Self-employed,32,30868.2,Denied,Income - Missing Tax Return,Income Proof - Request Tax Return
APP_005417,CLI_00353,BR_042,52,Mass,Salaried,79,5456.37,Denied,Policy - Debt-to-Income (DTI) > 30%,Restructuring - Add Co-signer or Increase Term
APP_005420,CLI_01303,BR_043,18,Mass-Affluent,Salaried,76,8434.93,Denied,Document Error - Expired or Illegible ID,Fast Update - Request New ID
APP_005421,CLI_00847,BR_027,64,Mass,Salaried,16,48982.26,Denied,Policy - Debt-to-Income (DTI) > 30%,Restructuring - Add Co-signer or Increase Term
APP_005422,CLI_00526,BR_021,40,Mass-Affluent,Gig-worker,61,45153.14,Denied,Income - Gig Worker with Inconsistent Cash Flow,Income Proof - Open Finance Connect
APP_005423,CLI_02525,BR_025,25,Mass,Salaried,37,44783.64,Denied,Policy - Debt-to-Income (DTI) > 30%,Restructuring - Add Co-signer or Increase Term
APP_005424,CLI_01879,BR_030,43,Mass-Affluent,Business Owner,30,39652.2,Denied,Document Error - Expired or Illegible ID,Fast Update - Request New ID
APP_005425,CLI_04106,BR_030,61,Premium,Gig-worker,92,34907.08,Denied,Income - Missing Tax Return,Income Proof - Request Tax Return
APP_005426,CLI_03631,BR_010,54,Mass-Affluent,Self-employed,2,33098.89,Denied,Income - Missing Tax Return,Income Proof - Request Tax Return
APP_005427,CLI_03810,BR_003,72,Mass,Gig-worker,82,6198.6,Denied,Income - Gig Worker with Inconsistent Cash Flow,Income Proof - Open Finance Connect
APP_005432,CLI_01059,BR_024,54,Mass-Affluent,Self-employed,61,28101.09,Denied,Score - Disabled Positive Credit Registry,Credit Recovery - BACEN Education Journey
APP_005434,CLI_03649,BR_014,18,Premium,Gig-worker,18,48429.42,Denied,Income - Gig Worker with Inconsistent Cash Flow,Income Proof - Open Finance Connect
APP_005435,CLI_03265,BR_039,51,Mass,Gig-worker,28,23742.43,Denied,Policy - Debt-to-Income (DTI) > 30%,Restructuring - Add Co-signer or Increase Term
APP_005437,CLI_02294,BR_004,40,Mass-Affluent,Unemployed,110,19280.05,Denied,Policy - Debt-to-Income (DTI) > 30%,Restructuring - Add Co-signer or Increase Term
APP_005448,CLI_02329,BR_003,62,Mass,Self-employed,68,46237.06,Denied,Income - Missing Tax Return,Income Proof - Request Tax Return
APP_005449,CLI_00798,BR_017,34,Mass,Gig-worker,4,33474.64,Denied,Income - Gig Worker with Inconsistent Cash Flow,Income Proof - Open Finance Connect
APP_005451,CLI_04488,BR_037,73,Mass,Gig-worker,21,29557.85,Denied,Income - Missing Tax Return,Income Proof - Request Tax Return
APP_005453,CLI_02590,BR_047,45,Mass,Self-employed,106,39824.8,Denied,Income - Gig Worker with Inconsistent Cash Flow,Income Proof - Open Finance Connect
APP_005454,CLI_04702,BR_042,33,Mass,Unemployed,92,8886.17,Denied,Policy - Debt-to-Income (DTI) > 30%,Restructuring - Add Co-signer or Increase Term
APP_005455,CLI_04212,BR_044,40,Mass-Affluent,Salaried,26,19685.57,Denied,Registry Error - Data Mismatch with Tax Authority,Fast Update - ID Verification
APP_005456,CLI_00509,BR_024,29,Mass,Gig-worker,36,23847.44,Denied,Score - Disabled Positive Credit Registry,Credit Recovery - BACEN Education Journey
APP_005458,CLI_03363,BR_033,31,Mass,Self-employed,105,19193.0,Denied,Policy - Debt-to-Income (DTI) > 30%,Restructuring - Add Co-signer or Increase Term
APP_005459,CLI_03111,BR_021,32,Mass,Gig-worker,109,4827.15,Denied,Income - Gig Worker with Inconsistent Cash Flow,Income Proof - Open Finance Connect
APP_005465,CLI_03173,BR_018,35,Mass,Salaried,69,4181.09,Denied,Policy - Debt-to-Income (DTI) > 30%,Restructuring - Add Co-signer or Increase Term
APP_005466,CLI_00575,BR_003,47,Mass-Affluent,Gig-worker,109,28298.11,Denied,Income - Gig Worker with Inconsistent Cash Flow,Income Proof - Open Finance Connect
APP_005467,CLI_01743,BR_039,35,Mass,Gig-worker,42,30951.29,Denied,Income - Gig Worker with Inconsistent Cash Flow,Income Proof - Open Finance Connect
APP_005469,CLI_04017,BR_024,35,Mass,Salaried,115,41136.68,Denied,Document Error - Expired or Illegible ID,Fast Update - Request New ID
APP_005470,CLI_02359,BR_001,64,Mass,Salaried,116,14983.52,Denied,Policy - Debt-to-Income (DTI) > 30%,Restructuring - Add Co-signer or Increase Term
APP_005472,CLI_00531,BR_034,43,Private,Gig-worker,92,8648.08,Denied,Policy - Debt-to-Income (DTI) > 30%,Restructuring - Add Co-signer or Increase Term
APP_005476,CLI_02442,BR_021,47,Mass-Affluent,Self-employed,115,7702.18,Denied,Score - Disabled Positive Credit Registry,Credit Recovery - BACEN Education Journey
APP_005483,CLI_02135,BR_042,29,Mass-Affluent,Self-employed,58,13547.08,Denied,Income - Missing Tax Return,Income Proof - Request Tax Return
APP_005484,CLI_04455,BR_030,72,Mass-Affluent,Gig-worker,30,29880.78,Denied,Policy - Debt-to-Income (DTI) > 30%,Restructuring - Add Co-signer or Increase Term
APP_005485,CLI_00695,BR_032,64,Mass,Unemployed,64,36131.53,Denied,Policy - Debt-to-Income (DTI) > 30%,Restructuring - Add Co-signer or Increase Term
APP_005486,CLI_02245,BR_022,32,Mass-Affluent,Salaried,109,19176.46,Denied,Registry Error - Data Mismatch with Tax Authority,Fast Update - ID Verification
APP_005487,CLI_02804,BR_038,25,Mass-Affluent,Gig-worker,78,25742.24,Denied,Policy - Debt-to-Income (DTI) > 30%,Restructuring - Add Co-signer or Increase Term
APP_005489,CLI_03025,BR_034,38,Premium,Salaried,41,8285.41,Denied,Document Error - Expired or Illegible ID,Fast Update - Request New ID
APP_005490,CLI_01409,BR_043,18,Mass-Affluent,Self-employed,72,27716.0,Denied,Income - Gig Worker with Inconsistent Cash Flow,Income Proof - Open Finance Connect
APP_005492,CLI_02979,BR_026,44,Mass-Affluent,Gig-worker,107,35436.94,Denied,Score - Disabled Positive Credit Registry,Credit Recovery - BACEN Education Journey
APP_005493,CLI_00462,BR_040,22,Mass,Gig-worker,94,1921.7,Denied,Policy - Debt-to-Income (DTI) > 30%,Restructuring - Add Co-signer or Increase Term
APP_005494,CLI_01618,BR_013,26,Mass-Affluent,Salaried,34,33853.19,Denied,Score - Forgotten Micro-Debt,Credit Recovery - Micro-settlement
APP_005496,CLI_01389,BR_019,46,Mass-Affluent,Gig-worker,49,4173.62,Denied,Income - Gig Worker with Inconsistent Cash Flow,Income Proof - Open Finance Connect
APP_005497,CLI_04368,BR_042,24,Mass,Unemployed,90,36506.54,Denied,Policy - Debt-to-Income (DTI) > 30%,Restructuring - Add Co-signer or Increase Term
APP_005498,CLI_04488,BR_041,73,Mass,Gig-worker,21,32376.77,Denied,Income - Missing Tax Return,Income Proof - Request Tax Return
APP_005502,CLI_03502,BR_031,74,Mass,Salaried,30,35643.87,Denied,Policy - Debt-to-Income (DTI) > 30%,Restructuring - Add Co-signer or Increase Term
APP_005514,CLI_01057,BR_018,48,Mass,Self-employed,32,28440.2,Denied,Income - Missing Tax Return,Income Proof - Request Tax Return
APP_005515,CLI_02261,BR_042,67,Mass,Unemployed,73,44175.59,Denied,Score - Forgotten Micro-Debt,Credit Recovery - Micro-settlement
APP_005516,CLI_02427,BR_017,25,Mass-Affluent,Unemployed,51,23820.86,Denied,Score - Forgotten Micro-Debt,Credit Recovery - Micro-settlement
APP_005517,CLI_01026,BR_016,59,Private,Salaried,74,25764.57,Denied,Policy - Debt-to-Income (DTI) > 30%,Restructuring - Add Co-signer or Increase Term
APP_005518,CLI_00909,BR_021,25,Mass,Gig-worker,21,7587.52,Denied,Policy - Debt-to-Income (DTI) > 30%,Restructuring - Add Co-signer or Increase Term
APP_005521,CLI_03499,BR_036,70,Mass,Self-employed,23,18232.74,Denied,Income - Missing Tax Return,Income Proof - Request Tax Return
APP_005524,CLI_04310,BR_039,45,Mass,Salaried,105,48635.21,Denied,Score - Forgotten Micro-Debt,Credit Recovery - Micro-settlement
APP_005525,CLI_01309,BR_017,53,Mass,Salaried,99,1404.09,Denied,Registry Error - Data Mismatch with Tax Authority,Fast Update - ID Verification
APP_005526,CLI_00718,BR_025,20,Premium,Salaried,25,47334.11,Denied,Policy - Debt-to-Income (DTI) > 30%,Restructuring - Add Co-signer or Increase Term
APP_005530,CLI_03656,BR_004,51,Mass,Gig-worker,77,33056.37,Denied,Income - Gig Worker with Inconsistent Cash Flow,Income Proof - Open Finance Connect
APP_005532,CLI_00904,BR_030,33,Mass-Affluent,Unemployed,1,7834.53,Denied,Policy - Debt-to-Income (DTI) > 30%,Restructuring - Add Co-signer or Increase Term
APP_005534,CLI_01456,BR_039,33,Mass-Affluent,Self-employed,52,15894.92,Denied,Income - Gig Worker with Inconsistent Cash Flow,Income Proof - Open Finance Connect
APP_005535,CLI_04231,BR_026,45,Mass,Unemployed,53,8924.57,Denied,Score - Forgotten Micro-Debt,Credit Recovery - Micro-settlement
APP_005536,CLI_00532,BR_025,27,Mass,Gig-worker,79,6421.65,Denied,Income - Gig Worker with Inconsistent Cash Flow,Income Proof - Open Finance Connect
APP_005537,CLI_02268,BR_016,51,Mass-Affluent,Salaried,48,34237.63,Denied,Document Error - Expired or Illegible ID,Fast Update - Request New ID
APP_005545,CLI_03038,BR_007,50,Premium,Self-employed,66,17825.18,Denied,Income - Gig Worker with Inconsistent Cash Flow,Income Proof - Open Finance Connect
APP_005546,CLI_03992,BR_047,29,Mass,Salaried,21,16608.04,Denied,Policy - Debt-to-Income (DTI) > 30%,Restructuring - Add Co-signer or Increase Term
APP_005547,CLI_01479,BR_017,19,Mass,Unemployed,72,46542.18,Denied,Score - Forgotten Micro-Debt,Credit Recovery - Micro-settlement
APP_005549,CLI_01058,BR_035,57,Mass-Affluent,Self-employed,11,7558.59,Denied,Policy - Debt-to-Income (DTI) > 30%,Restructuring - Add Co-signer or Increase Term
APP_005550,CLI_02994,BR_005,67,Mass,Salaried,47,24324.27,Denied,Policy - Debt-to-Income (DTI) > 30%,Restructuring - Add Co-signer or Increase Term
APP_005552,CLI_04897,BR_005,45,Mass,Salaried,25,48918.98,Denied,Registry Error - Data Mismatch with Tax Authority,Fast Update - ID Verification
APP_005553,CLI_02171,BR_024,59,Mass,Gig-worker,16,48923.42,Denied,Score - Disabled Positive Credit Registry,Credit Recovery - BACEN Education Journey
APP_005556,CLI_02619,BR_014,53,Premium,Salaried,1,30371.3,Denied,Policy - Debt-to-Income (DTI) > 30%,Restructuring - Add Co-signer or Increase Term
APP_005557,CLI_01171,BR_015,57,Mass,Self-employed,94,24486.04,Denied,Policy - Debt-to-Income (DTI) > 30%,Restructuring - Add Co-signer or Increase Term
APP_005558,CLI_03699,BR_005,65,Mass-Affluent,Salaried,43,11441.94,Denied,Score - Forgotten Micro-Debt,Credit Recovery - Micro-settlement
APP_005562,CLI_02019,BR_020,34,Premium,Self-employed,76,19800.39,Denied,Score - Disabled Positive Credit Registry,Credit Recovery - BACEN Education Journey
APP_005564,CLI_04879,BR_009,64,Mass-Affluent,Salaried,34,33722.17,Denied,Policy - Debt-to-Income (DTI) > 30%,Restructuring - Add Co-signer or Increase Term
APP_005566,CLI_02048,BR_044,37,Mass-Affluent,Self-employed,69,35532.26,Denied,Score - Disabled Positive Credit Registry,Credit Recovery - BACEN Education Journey
APP_005567,CLI_01559,BR_048,57,Mass,Gig-worker,110,23587.32,Denied,Income - Gig Worker with Inconsistent Cash Flow,Income Proof - Open Finance Connect
APP_005569,CLI_01723,BR_040,21,Mass,Unemployed,85,9923.21,Denied,Policy - Debt-to-Income (DTI) > 30%,Restructuring - Add Co-signer or Increase Term
APP_005573,CLI_00684,BR_020,66,Mass,Salaried,13,19002.12,Denied,Policy - Debt-to-Income (DTI) > 30%,Restructuring - Add Co-signer or Increase Term
APP_005574,CLI_01280,BR_028,29,Mass,Salaried,40,5582.64,Denied,Score - Forgotten Micro-Debt,Credit Recovery - Micro-settlement
APP_005575,CLI_02295,BR_007,59,Premium,Gig-worker,78,41177.95,Denied,Income - Missing Tax Return,Income Proof - Request Tax Return
APP_005577,CLI_01216,BR_028,50,Mass,Gig-worker,93,23158.99,Denied,Income - Missing Tax Return,Income Proof - Request Tax Return
APP_005578,CLI_02583,BR_035,65,Mass,Self-employed,64,13123.84,Denied,Score - Disabled Positive Credit Registry,Credit Recovery - BACEN Education Journey
APP_005580,CLI_00314,BR_007,52,Private,Salaried,49,23460.34,Denied,Document Error - Expired or Illegible ID,Fast Update - Request New ID
APP_005585,CLI_03267,BR_034,74,Mass,Self-employed,75,32218.71,Denied,Policy - Debt-to-Income (DTI) > 30%,Restructuring - Add Co-signer or Increase Term
APP_005587,CLI_04644,BR_029,63,Mass,Gig-worker,81,36102.28,Denied,Policy - Debt-to-Income (DTI) > 30%,Restructuring - Add Co-signer or Increase Term
APP_005589,CLI_04561,BR_045,21,Mass-Affluent,Salaried,40,29935.3,Denied,Score - Forgotten Micro-Debt,Credit Recovery - Micro-settlement
APP_005590,CLI_01865,BR_010,59,Mass-Affluent,Self-employed,31,43719.79,Denied,Score - Disabled Positive Credit Registry,Credit Recovery - BACEN Education Journey
APP_005591,CLI_00716,BR_030,71,Mass,Self-employed,17,26215.0,Denied,Income - Gig Worker with Inconsistent Cash Flow,Income Proof - Open Finance Connect
APP_005593,CLI_03808,BR_026,31,Mass,Salaried,95,47648.94,Denied,Score - Forgotten Micro-Debt,Credit Recovery - Micro-settlement
APP_005598,CLI_01354,BR_003,50,Mass,Salaried,22,41325.33,Denied,Policy - Debt-to-Income (DTI) > 30%,Restructuring - Add Co-signer or Increase Term
APP_005599,CLI_00703,BR_029,52,Mass-Affluent,Salaried,13,2334.24,Denied,Policy - Debt-to-Income (DTI) > 30%,Restructuring - Add Co-signer or Increase Term
APP_005602,CLI_02010,BR_046,68,Mass,Gig-worker,16,35321.04,Denied,Policy - Debt-to-Income (DTI) > 30%,Restructuring - Add Co-signer or Increase Term
APP_005604,CLI_02059,BR_050,66,Mass,Salaried,23,3028.74,Denied,Policy - Debt-to-Income (DTI) > 30%,Restructuring - Add Co-signer or Increase Term
APP_005611,CLI_01784,BR_024,32,Mass,Self-employed,86,37867.97,Denied,Income - Gig Worker with Inconsistent Cash Flow,Income Proof - Open Finance Connect
APP_005615,CLI_01730,BR_017,33,Private,Gig-worker,89,38888.88,Denied,Income - Gig Worker with Inconsistent Cash Flow,Income Proof - Open Finance Connect
APP_005617,CLI_02632,BR_017,72,Private,Gig-worker,43,38524.65,Denied,Income - Gig Worker with Inconsistent Cash Flow,Income Proof - Open Finance Connect
APP_005621,CLI_02937,BR_038,26,Mass,Gig-worker,37,29355.32,Denied,Score - Disabled Positive Credit Registry,Credit Recovery - BACEN Education Journey
APP_005622,CLI_03673,BR_017,52,Mass-Affluent,Salaried,55,46775.37,Denied,Policy - Debt-to-Income (DTI) > 30%,Restructuring - Add Co-signer or Increase Term
APP_005623,CLI_00540,BR_026,67,Mass,Salaried,102,45501.72,Denied,Policy - Debt-to-Income (DTI) > 30%,Restructuring - Add Co-signer or Increase Term
APP_005625,CLI_00884,BR_034,34,Mass,Salaried,81,28621.05,Denied,Policy - Debt-to-Income (DTI) > 30%,Restructuring - Add Co-signer or Increase Term
APP_005626,CLI_04324,BR_004,34,Mass,Gig-worker,10,26827.95,Denied,Income - Gig Worker with Inconsistent Cash Flow,Income Proof - Open Finance Connect
APP_005627,CLI_02420,BR_050,59,Mass,Gig-worker,66,17106.69,Denied,Policy - Debt-to-Income (DTI) > 30%,Restructuring - Add Co-signer or Increase Term
APP_005628,CLI_01400,BR_027,19,Mass-Affluent,Gig-worker,17,13293.02,Denied,Income - Missing Tax Return,Income Proof - Request Tax Return
APP_005629,CLI_01577,BR_021,68,Mass,Gig-worker,108,26105.62,Denied,Income - Missing Tax Return,Income Proof - Request Tax Return
APP_005631,CLI_04787,BR_038,67,Mass-Affluent,Salaried,88,12981.8,Denied,Registry Error - Data Mismatch with Tax Authority,Fast Update - ID Verification
APP_005632,CLI_01536,BR_046,23,Mass,Salaried,37,46207.46,Denied,Policy - Debt-to-Income (DTI) > 30%,Restructuring - Add Co-signer or Increase Term
APP_005634,CLI_00090,BR_007,61,Mass-Affluent,Self-employed,112,26798.76,Denied,Policy - Debt-to-Income (DTI) > 30%,Restructuring - Add Co-signer or Increase Term
APP_005636,CLI_01655,BR_034,38,Mass,Gig-worker,5,3845.49,Denied,Income - Missing Tax Return,Income Proof - Request Tax Return
APP_005638,CLI_02680,BR_024,54,Mass,Self-employed,19,16532.72,Denied,Income - Gig Worker with Inconsistent Cash Flow,Income Proof - Open Finance Connect
APP_005641,CLI_03961,BR_025,70,Mass,Gig-worker,71,29639.85,Denied,Score - Disabled Positive Credit Registry,Credit Recovery - BACEN Education Journey
APP_005642,CLI_02373,BR_005,37,Mass,Business Owner,54,26759.9,Denied,Document Error - Expired or Illegible ID,Fast Update - Request New ID
APP_005643,CLI_00519,BR_039,29,Mass,Salaried,11,9890.55,Denied,Score - Forgotten Micro-Debt,Credit Recovery - Micro-settlement
APP_005644,CLI_04992,BR_029,24,Mass,Self-employed,51,14749.68,Denied,Income - Gig Worker with Inconsistent Cash Flow,Income Proof - Open Finance Connect
APP_005645,CLI_03711,BR_044,64,Mass,Business Owner,90,26685.22,Denied,Document Error - Expired or Illegible ID,Fast Update - Request New ID
APP_005646,CLI_00830,BR_046,56,Mass-Affluent,Gig-worker,116,39677.78,Denied,Income - Gig Worker with Inconsistent Cash Flow,Income Proof - Open Finance Connect
APP_005648,CLI_00271,BR_024,39,Mass,Unemployed,47,10992.21,Denied,Policy - Debt-to-Income (DTI) > 30%,Restructuring - Add Co-signer or Increase Term
APP_005649,CLI_02987,BR_010,73,Mass-Affluent,Salaried,23,5309.28,Denied,Registry Error - Data Mismatch with Tax Authority,Fast Update - ID Verification
APP_005650,CLI_03539,BR_025,41,Mass,Salaried,54,33487.54,Denied,Policy - Debt-to-Income (DTI) > 30%,Restructuring - Add Co-signer or Increase Term
APP_005651,CLI_04565,BR_041,26,Mass-Affluent,Gig-worker,102,21743.66,Denied,Policy - Debt-to-Income (DTI) > 30%,Restructuring - Add Co-signer or Increase Term
APP_005656,CLI_04474,BR_012,32,Premium,Unemployed,55,16003.21,Denied,Document Error - Expired or Illegible ID,Fast Update - Request New ID
APP_005659,CLI_01715,BR_029,43,Mass-Affluent,Self-employed,61,21576.01,Denied,Score - Disabled Positive Credit Registry,Credit Recovery - BACEN Education Journey
APP_005660,CLI_00637,BR_045,26,Mass-Affluent,Unemployed,22,48015.19,Denied,Score - Forgotten Micro-Debt,Credit Recovery - Micro-settlement
APP_005667,CLI_03188,BR_001,60,Mass-Affluent,Self-employed,92,23175.67,Denied,Income - Gig Worker with Inconsistent Cash Flow,Income Proof - Open Finance Connect
APP_005670,CLI_00085,BR_046,70,Mass,Self-employed,112,21339.4,Denied,Income - Gig Worker with Inconsistent Cash Flow,Income Proof - Open Finance Connect
APP_005671,CLI_03671,BR_004,43,Mass,Salaried,61,31129.94,Denied,Registry Error - Data Mismatch with Tax Authority,Fast Update - ID Verification
APP_005672,CLI_00907,BR_019,71,Mass,Gig-worker,96,13706.59,Denied,Score - Disabled Positive Credit Registry,Credit Recovery - BACEN Education Journey
APP_005673,CLI_03522,BR_022,18,Mass,Unemployed,21,19523.86,Denied,Policy - Debt-to-Income (DTI) > 30%,Restructuring - Add Co-signer or Increase Term
APP_005676,CLI_02137,BR_011,63,Mass-Affluent,Salaried,93,18068.31,Denied,Score - Forgotten Micro-Debt,Credit Recovery - Micro-settlement
APP_005677,CLI_02597,BR_022,35,Mass-Affluent,Gig-worker,74,32121.72,Denied,Policy - Debt-to-Income (DTI) > 30%,Restructuring - Add Co-signer or Increase Term
APP_005678,CLI_00854,BR_047,28,Mass,Self-employed,36,11456.79,Denied,Policy - Debt-to-Income (DTI) > 30%,Restructuring - Add Co-signer or Increase Term
APP_005680,CLI_00408,BR_029,33,Mass,Business Owner,17,32773.01,Denied,Document Error - Expired or Illegible ID,Fast Update - Request New ID
APP_005684,CLI_02900,BR_031,38,Mass,Business Owner,114,45603.31,Denied,Policy - Debt-to-Income (DTI) > 30%,Restructuring - Add Co-signer or Increase Term
APP_005685,CLI_00328,BR_022,57,Mass-Affluent,Gig-worker,26,7654.58,Denied,Income - Missing Tax Return,Income Proof - Request Tax Return
APP_005686,CLI_01836,BR_046,52,Mass,Gig-worker,13,36315.0,Denied,Policy - Debt-to-Income (DTI) > 30%,Restructuring - Add Co-signer or Increase Term
APP_005689,CLI_02536,BR_005,65,Mass,Self-employed,118,46835.6,Denied,Policy - Debt-to-Income (DTI) > 30%,Restructuring - Add Co-signer or Increase Term
APP_005690,CLI_02042,BR_046,45,Mass,Self-employed,17,36681.32,Denied,Income - Missing Tax Return,Income Proof - Request Tax Return
APP_005692,CLI_02193,BR_019,64,Mass-Affluent,Gig-worker,96,18317.05,Denied,Score - Disabled Positive Credit Registry,Credit Recovery - BACEN Education Journey
APP_005693,CLI_00756,BR_038,63,Premium,Self-employed,57,20164.44,Denied,Income - Missing Tax Return,Income Proof - Request Tax Return
APP_005694,CLI_00146,BR_015,18,Mass,Salaried,81,2509.63,Denied,Policy - Debt-to-Income (DTI) > 30%,Restructuring - Add Co-signer or Increase Term
APP_005695,CLI_03823,BR_046,26,Mass,Self-employed,19,45762.01,Denied,Income - Gig Worker with Inconsistent Cash Flow,Income Proof - Open Finance Connect
APP_005698,CLI_04924,BR_012,72,Premium,Gig-worker,111,36777.89,Denied,Income - Gig Worker with Inconsistent Cash Flow,Income Proof - Open Finance Connect
APP_005701,CLI_03599,BR_043,53,Premium,Salaried,16,36537.96,Denied,Policy - Debt-to-Income (DTI) > 30%,Restructuring - Add Co-signer or Increase Term
APP_005703,CLI_03167,BR_036,72,Mass,Self-employed,85,37533.62,Denied,Score - Disabled Positive Credit Registry,Credit Recovery - BACEN Education Journey
APP_005707,CLI_00905,BR_009,48,Mass,Self-employed,94,16472.11,Denied,Score - Disabled Positive Credit Registry,Credit Recovery - BACEN Education Journey
APP_005712,CLI_01389,BR_039,46,Mass-Affluent,Gig-worker,49,8067.55,Denied,Income - Gig Worker with Inconsistent Cash Flow,Income Proof - Open Finance Connect
APP_005716,CLI_00265,BR_039,20,Private,Salaried,105,22027.74,Denied,Document Error - Expired or Illegible ID,Fast Update - Request New ID
APP_005718,CLI_02798,BR_001,47,Premium,Salaried,16,21950.39,Denied,Policy - Debt-to-Income (DTI) > 30%,Restructuring - Add Co-signer or Increase Term
APP_005719,CLI_03121,BR_013,72,Mass,Gig-worker,119,47370.12,Denied,Policy - Debt-to-Income (DTI) > 30%,Restructuring - Add Co-signer or Increase Term
APP_005727,CLI_02395,BR_011,37,Mass,Self-employed,1,24387.47,Denied,Score - Disabled Positive Credit Registry,Credit Recovery - BACEN Education Journey
APP_005728,CLI_02860,BR_032,33,Mass,Self-employed,32,19946.45,Denied,Income - Gig Worker with Inconsistent Cash Flow,Income Proof - Open Finance Connect
APP_005729,CLI_04897,BR_005,45,Mass,Salaried,25,9737.55,Denied,Document Error - Expired or Illegible ID,Fast Update - Request New ID
APP_005730,CLI_01161,BR_036,22,Mass,Self-employed,106,23044.12,Denied,Income - Missing Tax Return,Income Proof - Request Tax Return
APP_005733,CLI_01492,BR_005,22,Mass,Gig-worker,95,7428.19,Denied,Policy - Debt-to-Income (DTI) > 30%,Restructuring - Add Co-signer or Increase Term
APP_005735,CLI_04599,BR_015,26,Mass,Gig-worker,47,35622.46,Denied,Score - Disabled Positive Credit Registry,Credit Recovery - BACEN Education Journey
APP_005736,CLI_03016,BR_030,35,Premium,Salaried,49,47117.84,Denied,Document Error - Expired or Illegible ID,Fast Update - Request New ID
APP_005737,CLI_04567,BR_014,37,Premium,Salaried,55,5263.23,Denied,Document Error - Expired or Illegible ID,Fast Update - Request New ID
APP_005742,CLI_00894,BR_012,30,Mass,Self-employed,96,20772.65,Denied,Income - Gig Worker with Inconsistent Cash Flow,Income Proof - Open Finance Connect
APP_005743,CLI_01088,BR_020,43,Private,Gig-worker,86,40097.21,Denied,Income - Missing Tax Return,Income Proof - Request Tax Return
APP_005745,CLI_04149,BR_005,65,Mass-Affluent,Salaried,88,49306.18,Denied,Policy - Debt-to-Income (DTI) > 30%,Restructuring - Add Co-signer or Increase Term
APP_005746,CLI_02310,BR_036,56,Mass,Unemployed,80,7756.85,Denied,Policy - Debt-to-Income (DTI) > 30%,Restructuring - Add Co-signer or Increase Term
APP_005748,CLI_02934,BR_048,48,Premium,Salaried,28,14465.38,Denied,Document Error - Expired or Illegible ID,Fast Update - Request New ID
APP_005749,CLI_02282,BR_039,62,Mass,Unemployed,78,1933.46,Denied,Document Error - Expired or Illegible ID,Fast Update - Request New ID
APP_005754,CLI_03782,BR_036,36,Mass-Affluent,Unemployed,112,13044.62,Denied,Policy - Debt-to-Income (DTI) > 30%,Restructuring - Add Co-signer or Increase Term
APP_005755,CLI_04973,BR_022,73,Premium,Business Owner,47,8465.87,Denied,Policy - Debt-to-Income (DTI) > 30%,Restructuring - Add Co-signer or Increase Term
APP_005756,CLI_03780,BR_038,25,Mass-Affluent,Salaried,117,16697.93,Denied,Registry Error - Data Mismatch with Tax Authority,Fast Update - ID Verification
APP_005757,CLI_01832,BR_035,52,Mass-Affluent,Salaried,65,31155.53,Denied,Document Error - Expired or Illegible ID,Fast Update - Request New ID
APP_005758,CLI_04955,BR_001,21,Private,Unemployed,59,48609.44,Denied,Score - Forgotten Micro-Debt,Credit Recovery - Micro-settlement
APP_005759,CLI_02021,BR_003,30,Mass-Affluent,Salaried,77,28346.51,Denied,Document Error - Expired or Illegible ID,Fast Update - Request New ID
APP_005760,CLI_00779,BR_024,66,Mass-Affluent,Self-employed,77,27102.74,Denied,Score - Disabled Positive Credit Registry,Credit Recovery - BACEN Education Journey
APP_005763,CLI_03278,BR_039,21,Mass,Salaried,94,3197.23,Denied,Policy - Debt-to-Income (DTI) > 30%,Restructuring - Add Co-signer or Increase Term
APP_005764,CLI_00410,BR_018,67,Mass,Unemployed,114,45405.38,Denied,Registry Error - Data Mismatch with Tax Authority,Fast Update - ID Verification
APP_005766,CLI_02310,BR_003,56,Mass,Unemployed,80,9254.86,Denied,Document Error - Expired or Illegible ID,Fast Update - Request New ID
APP_005767,CLI_01601,BR_018,50,Mass,Gig-worker,83,23133.66,Denied,Score - Disabled Positive Credit Registry,Credit Recovery - BACEN Education Journey
APP_005768,CLI_04988,BR_016,62,Premium,Salaried,9,49754.24,Denied,Registry Error - Data Mismatch with Tax Authority,Fast Update - ID Verification
APP_005770,CLI_02234,BR_001,54,Mass,Salaried,42,14203.53,Denied,Document Error - Expired or Illegible ID,Fast Update - Request New ID
APP_005772,CLI_01298,BR_048,57,Mass,Self-employed,82,30259.98,Denied,Income - Gig Worker with Inconsistent Cash Flow,Income Proof - Open Finance Connect
APP_005775,CLI_02432,BR_021,64,Mass,Salaried,69,46041.95,Denied,Registry Error - Data Mismatch with Tax Authority,Fast Update - ID Verification
APP_005776,CLI_00465,BR_041,43,Mass,Gig-worker,10,46661.68,Denied,Income - Missing Tax Return,Income Proof - Request Tax Return
APP_005778,CLI_03167,BR_012,72,Mass,Self-employed,85,28354.87,Denied,Score - Disabled Positive Credit Registry,Credit Recovery - BACEN Education Journey
APP_005781,CLI_00300,BR_019,47,Mass-Affluent,Salaried,66,40934.05,Denied,Document Error - Expired or Illegible ID,Fast Update - Request New ID
APP_005784,CLI_00564,BR_048,40,Mass,Gig-worker,27,40282.04,Denied,Income - Missing Tax Return,Income Proof - Request Tax Return
APP_005785,CLI_04010,BR_007,47,Mass,Salaried,41,14550.87,Denied,Registry Error - Data Mismatch with Tax Authority,Fast Update - ID Verification
APP_005788,CLI_01191,BR_028,57,Premium,Salaried,58,20406.05,Denied,Policy - Debt-to-Income (DTI) > 30%,Restructuring - Add Co-signer or Increase Term
APP_005791,CLI_02037,BR_017,44,Mass,Self-employed,63,20864.06,Denied,Policy - Debt-to-Income (DTI) > 30%,Restructuring - Add Co-signer or Increase Term
APP_005796,CLI_02952,BR_048,21,Premium,Gig-worker,35,15169.09,Denied,Policy - Debt-to-Income (DTI) > 30%,Restructuring - Add Co-signer or Increase Term
APP_005797,CLI_00270,BR_019,68,Mass-Affluent,Salaried,94,34617.32,Denied,Document Error - Expired or Illegible ID,Fast Update - Request New ID
APP_005800,CLI_04556,BR_047,50,Mass,Business Owner,3,1039.92,Denied,Document Error - Expired or Illegible ID,Fast Update - Request New ID
APP_005801,CLI_01043,BR_025,23,Mass,Unemployed,5,13654.62,Denied,Document Error - Expired or Illegible ID,Fast Update - Request New ID
APP_005802,CLI_04189,BR_048,21,Mass,Gig-worker,26,46603.5,Denied,Income - Gig Worker with Inconsistent Cash Flow,Income Proof - Open Finance Connect
APP_005804,CLI_00810,BR_037,27,Mass,Gig-worker,49,22462.76,Denied,Income - Missing Tax Return,Income Proof - Request Tax Return
APP_005805,CLI_02042,BR_019,45,Mass,Self-employed,17,10147.03,Denied,Policy - Debt-to-Income (DTI) > 30%,Restructuring - Add Co-signer or Increase Term
APP_005807,CLI_01647,BR_013,66,Mass-Affluent,Unemployed,15,11224.78,Denied,Registry Error - Data Mismatch with Tax Authority,Fast Update - ID Verification
APP_005809,CLI_00488,BR_012,62,Premium,Gig-worker,107,46032.4,Denied,Policy - Debt-to-Income (DTI) > 30%,Restructuring - Add Co-signer or Increase Term
APP_005812,CLI_00749,BR_004,70,Mass,Salaried,45,28642.89,Denied,Document Error - Expired or Illegible ID,Fast Update - Request New ID
APP_005813,CLI_03838,BR_015,45,Mass,Salaried,97,18480.39,Denied,Policy - Debt-to-Income (DTI) > 30%,Restructuring - Add Co-signer or Increase Term
APP_005814,CLI_00528,BR_017,43,Mass,Self-employed,54,45610.39,Denied,Score - Disabled Positive Credit Registry,Credit Recovery - BACEN Education Journey
APP_005817,CLI_04611,BR_023,51,Mass,Gig-worker,71,27136.07,Denied,Score - Disabled Positive Credit Registry,Credit Recovery - BACEN Education Journey
APP_005818,CLI_03542,BR_015,55,Mass,Self-employed,24,39321.32,Denied,Income - Missing Tax Return,Income Proof - Request Tax Return
APP_005819,CLI_04473,BR_031,41,Mass,Self-employed,69,28631.39,Denied,Income - Gig Worker with Inconsistent Cash Flow,Income Proof - Open Finance Connect
APP_005822,CLI_00452,BR_013,74,Mass,Gig-worker,75,46950.95,Denied,Policy - Debt-to-Income (DTI) > 30%,Restructuring - Add Co-signer or Increase Term
APP_005828,CLI_02066,BR_037,33,Mass,Salaried,37,1599.23,Denied,Document Error - Expired or Illegible ID,Fast Update - Request New ID
APP_005829,CLI_00398,BR_027,23,Premium,Gig-worker,36,39262.34,Denied,Policy - Debt-to-Income (DTI) > 30%,Restructuring - Add Co-signer or Increase Term
APP_005833,CLI_03718,BR_021,34,Mass,Self-employed,97,40021.33,Denied,Income - Gig Worker with Inconsistent Cash Flow,Income Proof - Open Finance Connect
APP_005836,CLI_04129,BR_015,18,Mass-Affluent,Self-employed,93,14145.63,Denied,Income - Missing Tax Return,Income Proof - Request Tax Return
APP_005838,CLI_03920,BR_033,25,Private,Salaried,100,24571.85,Denied,Policy - Debt-to-Income (DTI) > 30%,Restructuring - Add Co-signer or Increase Term
APP_005842,CLI_01805,BR_044,69,Private,Self-employed,13,28757.41,Denied,Score - Disabled Positive Credit Registry,Credit Recovery - BACEN Education Journey
APP_005843,CLI_00890,BR_030,51,Mass-Affluent,Gig-worker,90,11822.61,Denied,Income - Gig Worker with Inconsistent Cash Flow,Income Proof - Open Finance Connect
APP_005845,CLI_01894,BR_015,68,Premium,Salaried,94,7074.92,Denied,Policy - Debt-to-Income (DTI) > 30%,Restructuring - Add Co-signer or Increase Term
APP_005849,CLI_03642,BR_016,49,Mass,Self-employed,1,19213.1,Denied,Income - Gig Worker with Inconsistent Cash Flow,Income Proof - Open Finance Connect
APP_005850,CLI_03076,BR_018,22,Mass,Salaried,19,49449.1,Denied,Policy - Debt-to-Income (DTI) > 30%,Restructuring - Add Co-signer or Increase Term
APP_005852,CLI_02221,BR_017,25,Mass-Affluent,Salaried,49,1074.67,Denied,Policy - Debt-to-Income (DTI) > 30%,Restructuring - Add Co-signer or Increase Term
APP_005853,CLI_02419,BR_011,67,Premium,Salaried,81,30146.45,Denied,Score - Forgotten Micro-Debt,Credit Recovery - Micro-settlement
APP_005854,CLI_02839,BR_045,60,Mass,Salaried,43,47694.71,Denied,Registry Error - Data Mismatch with Tax Authority,Fast Update - ID Verification
APP_005855,CLI_02797,BR_029,74,Mass,Salaried,87,32705.65,Denied,Document Error - Expired or Illegible ID,Fast Update - Request New ID
APP_005857,CLI_03368,BR_049,33,Mass-Affluent,Salaried,61,27483.54,Denied,Document Error - Expired or Illegible ID,Fast Update - Request New ID
APP_005861,CLI_01899,BR_022,57,Mass-Affluent,Unemployed,4,40913.52,Denied,Policy - Debt-to-Income (DTI) > 30%,Restructuring - Add Co-signer or Increase Term
APP_005862,CLI_04504,BR_008,34,Mass,Unemployed,62,44801.45,Denied,Policy - Debt-to-Income (DTI) > 30%,Restructuring - Add Co-signer or Increase Term
APP_005863,CLI_03585,BR_003,42,Premium,Self-employed,35,35650.87,Denied,Income - Missing Tax Return,Income Proof - Request Tax Return
APP_005866,CLI_02468,BR_032,45,Mass,Self-employed,115,27738.15,Denied,Policy - Debt-to-Income (DTI) > 30%,Restructuring - Add Co-signer or Increase Term
APP_005867,CLI_02194,BR_008,24,Mass,Gig-worker,65,34564.74,Denied,Income - Gig Worker with Inconsistent Cash Flow,Income Proof - Open Finance Connect
APP_005869,CLI_03023,BR_027,55,Mass,Self-employed,17,39880.75,Denied,Income - Gig Worker with Inconsistent Cash Flow,Income Proof - Open Finance Connect
APP_005870,CLI_04994,BR_032,57,Mass-Affluent,Gig-worker,4,45963.68,Denied,Income - Missing Tax Return,Income Proof - Request Tax Return
APP_005871,CLI_01267,BR_036,43,Mass,Salaried,55,18720.43,Denied,Policy - Debt-to-Income (DTI) > 30%,Restructuring - Add Co-signer or Increase Term
APP_005875,CLI_03545,BR_042,68,Mass,Salaried,83,11459.35,Denied,Document Error - Expired or Illegible ID,Fast Update - Request New ID
APP_005876,CLI_04275,BR_047,73,Premium,Business Owner,44,40688.67,Denied,Policy - Debt-to-Income (DTI) > 30%,Restructuring - Add Co-signer or Increase Term
APP_005878,CLI_00486,BR_015,73,Mass-Affluent,Salaried,73,1493.11,Denied,Policy - Debt-to-Income (DTI) > 30%,Restructuring - Add Co-signer or Increase Term
APP_005881,CLI_00338,BR_033,59,Mass-Affluent,Gig-worker,41,18133.11,Denied,Income - Gig Worker with Inconsistent Cash Flow,Income Proof - Open Finance Connect
APP_005886,CLI_03429,BR_023,39,Mass,Gig-worker,69,35818.77,Denied,Income - Gig Worker with Inconsistent Cash Flow,Income Proof - Open Finance Connect
APP_005889,CLI_00702,BR_016,53,Mass,Unemployed,71,27472.5,Denied,Policy - Debt-to-Income (DTI) > 30%,Restructuring - Add Co-signer or Increase Term
APP_005892,CLI_03745,BR_034,21,Mass-Affluent,Salaried,13,7440.46,Denied,Document Error - Expired or Illegible ID,Fast Update - Request New ID
APP_005896,CLI_03394,BR_001,54,Mass,Salaried,54,10858.65,Denied,Registry Error - Data Mismatch with Tax Authority,Fast Update - ID Verification
APP_005897,CLI_02125,BR_022,50,Mass-Affluent,Gig-worker,32,15248.69,Denied,Income - Gig Worker with Inconsistent Cash Flow,Income Proof - Open Finance Connect
APP_005899,CLI_04643,BR_033,27,Mass,Self-employed,23,15471.77,Denied,Income - Gig Worker with Inconsistent Cash Flow,Income Proof - Open Finance Connect
APP_005900,CLI_01447,BR_025,51,Mass-Affluent,Salaried,116,21977.0,Denied,Score - Forgotten Micro-Debt,Credit Recovery - Micro-settlement
APP_005902,CLI_03402,BR_016,43,Mass-Affluent,Gig-worker,93,33000.23,Denied,Income - Gig Worker with Inconsistent Cash Flow,Income Proof - Open Finance Connect
APP_005906,CLI_01660,BR_005,33,Mass,Salaried,108,13579.28,Denied,Policy - Debt-to-Income (DTI) > 30%,Restructuring - Add Co-signer or Increase Term
APP_005910,CLI_03996,BR_027,62,Mass-Affluent,Self-employed,106,43012.54,Denied,Income - Gig Worker with Inconsistent Cash Flow,Income Proof - Open Finance Connect
APP_005911,CLI_02416,BR_012,62,Mass,Gig-worker,53,49438.68,Denied,Income - Gig Worker with Inconsistent Cash Flow,Income Proof - Open Finance Connect
APP_005920,CLI_02606,BR_036,24,Mass-Affluent,Self-employed,33,18987.0,Denied,Income - Missing Tax Return,Income Proof - Request Tax Return
APP_005921,CLI_02539,BR_027,45,Mass,Business Owner,96,23317.0,Denied,Score - Forgotten Micro-Debt,Credit Recovery - Micro-settlement
APP_005922,CLI_00566,BR_010,54,Premium,Salaried,106,43360.89,Denied,Score - Forgotten Micro-Debt,Credit Recovery - Micro-settlement
APP_005923,CLI_01757,BR_010,73,Premium,Gig-worker,118,7872.35,Denied,Income - Gig Worker with Inconsistent Cash Flow,Income Proof - Open Finance Connect
APP_005924,CLI_04076,BR_011,32,Mass,Salaried,26,3673.91,Denied,Document Error - Expired or Illegible ID,Fast Update - Request New ID
APP_005925,CLI_01361,BR_030,67,Mass,Self-employed,57,20700.0,Denied,Policy - Debt-to-Income (DTI) > 30%,Restructuring - Add Co-signer or Increase Term
APP_005927,CLI_02374,BR_029,67,Mass,Unemployed,62,34692.44,Denied,Registry Error - Data Mismatch with Tax Authority,Fast Update - ID Verification
APP_005931,CLI_01568,BR_025,34,Mass,Gig-worker,97,45901.22,Denied,Income - Gig Worker with Inconsistent Cash Flow,Income Proof - Open Finance Connect
APP_005934,CLI_03344,BR_028,69,Mass,Salaried,82,10462.43,Denied,Score - Forgotten Micro-Debt,Credit Recovery - Micro-settlement
APP_005935,CLI_03098,BR_040,27,Mass,Unemployed,30,25493.29,Denied,Policy - Debt-to-Income (DTI) > 30%,Restructuring - Add Co-signer or Increase Term
APP_005938,CLI_04329,BR_007,36,Premium,Self-employed,18,44053.41,Denied,Income - Gig Worker with Inconsistent Cash Flow,Income Proof - Open Finance Connect
APP_005940,CLI_03337,BR_030,53,Mass,Salaried,61,43716.14,Denied,Score - Forgotten Micro-Debt,Credit Recovery - Micro-settlement
APP_005943,CLI_04714,BR_028,28,Mass,Self-employed,22,2258.37,Denied,Score - Disabled Positive Credit Registry,Credit Recovery - BACEN Education Journey
APP_005945,CLI_01017,BR_014,64,Mass,Unemployed,10,45872.89,Denied,Policy - Debt-to-Income (DTI) > 30%,Restructuring - Add Co-signer or Increase Term
APP_005947,CLI_04063,BR_004,20,Mass,Salaried,85,46053.99,Denied,Policy - Debt-to-Income (DTI) > 30%,Restructuring - Add Co-signer or Increase Term
APP_005951,CLI_01139,BR_032,31,Mass-Affluent,Gig-worker,116,11008.48,Denied,Income - Missing Tax Return,Income Proof - Request Tax Return
APP_005952,CLI_00915,BR_028,20,Mass,Self-employed,22,8418.28,Denied,Score - Disabled Positive Credit Registry,Credit Recovery - BACEN Education Journey
APP_005953,CLI_02304,BR_028,62,Mass-Affluent,Salaried,70,49696.78,Denied,Policy - Debt-to-Income (DTI) > 30%,Restructuring - Add Co-signer or Increase Term
APP_005955,CLI_03422,BR_032,53,Mass-Affluent,Self-employed,98,8842.6,Denied,Score - Disabled Positive Credit Registry,Credit Recovery - BACEN Education Journey
APP_005956,CLI_02079,BR_008,69,Mass,Salaried,37,1412.01,Denied,Policy - Debt-to-Income (DTI) > 30%,Restructuring - Add Co-signer or Increase Term
APP_005958,CLI_02201,BR_047,43,Private,Gig-worker,106,44566.69,Denied,Income - Gig Worker with Inconsistent Cash Flow,Income Proof - Open Finance Connect
APP_005962,CLI_01947,BR_037,49,Mass,Gig-worker,14,26129.16,Denied,Income - Missing Tax Return,Income Proof - Request Tax Return
APP_005964,CLI_04352,BR_025,19,Mass-Affluent,Unemployed,93,16867.83,Denied,Policy - Debt-to-Income (DTI) > 30%,Restructuring - Add Co-signer or Increase Term
APP_005965,CLI_02226,BR_038,49,Private,Salaried,30,48877.99,Denied,Policy - Debt-to-Income (DTI) > 30%,Restructuring - Add Co-signer or Increase Term
APP_005968,CLI_03746,BR_005,42,Mass-Affluent,Salaried,15,33367.75,Denied,Document Error - Expired or Illegible ID,Fast Update - Request New ID
APP_005970,CLI_03878,BR_033,40,Mass-Affluent,Salaried,103,20053.36,Denied,Policy - Debt-to-Income (DTI) > 30%,Restructuring - Add Co-signer or Increase Term
APP_005972,CLI_00460,BR_001,63,Mass,Self-employed,16,5630.15,Denied,Income - Gig Worker with Inconsistent Cash Flow,Income Proof - Open Finance Connect
APP_005976,CLI_02678,BR_023,39,Mass,Self-employed,24,27717.74,Denied,Score - Disabled Positive Credit Registry,Credit Recovery - BACEN Education Journey
APP_005980,CLI_01232,BR_009,64,Mass,Business Owner,95,49273.75,Denied,Document Error - Expired or Illegible ID,Fast Update - Request New ID
APP_005987,CLI_01544,BR_038,34,Private,Business Owner,36,39699.83,Denied,Document Error - Expired or Illegible ID,Fast Update - Request New ID
APP_005989,CLI_01934,BR_009,70,Mass,Business Owner,65,47240.33,Denied,Score - Forgotten Micro-Debt,Credit Recovery - Micro-settlement
APP_005991,CLI_03562,BR_001,69,Mass,Gig-worker,98,24331.85,Denied,Income - Gig Worker with Inconsistent Cash Flow,Income Proof - Open Finance Connect
APP_005994,CLI_04018,BR_029,35,Mass-Affluent,Salaried,1,4118.2,Denied,Score - Forgotten Micro-Debt,Credit Recovery - Micro-settlement
APP_005995,CLI_04445,BR_026,30,Mass-Affluent,Self-employed,28,12232.76,Denied,Income - Gig Worker with Inconsistent Cash Flow,Income Proof - Open Finance Connect
APP_005998,CLI_02548,BR_029,54,Mass,Salaried,45,21760.22,Denied,Document Error - Expired or Illegible ID,Fast Update - Request New ID
APP_006003,CLI_02281,BR_048,20,Private,Salaried,57,20922.86,Denied,Registry Error - Data Mismatch with Tax Authority,Fast Update - ID Verification
APP_006004,CLI_03102,BR_026,65,Mass,Salaried,88,29799.78,Denied,Document Error - Expired or Illegible ID,Fast Update - Request New ID
APP_006005,CLI_02415,BR_050,40,Premium,Self-employed,58,11071.06,Denied,Income - Missing Tax Return,Income Proof - Request Tax Return
APP_006006,CLI_03898,BR_029,74,Premium,Gig-worker,52,30875.48,Denied,Policy - Debt-to-Income (DTI) > 30%,Restructuring - Add Co-signer or Increase Term
APP_006007,CLI_03679,BR_011,67,Mass,Salaried,80,34024.91,Denied,Policy - Debt-to-Income (DTI) > 30%,Restructuring - Add Co-signer or Increase Term
APP_006008,CLI_01844,BR_041,55,Mass,Salaried,68,4441.35,Denied,Policy - Debt-to-Income (DTI) > 30%,Restructuring - Add Co-signer or Increase Term
APP_006010,CLI_01939,BR_021,53,Mass-Affluent,Self-employed,11,43201.45,Denied,Income - Missing Tax Return,Income Proof - Request Tax Return
APP_006011,CLI_02195,BR_038,28,Mass,Salaried,47,4114.15,Denied,Document Error - Expired or Illegible ID,Fast Update - Request New ID
APP_006018,CLI_01377,BR_040,49,Mass,Gig-worker,89,46727.38,Denied,Income - Gig Worker with Inconsistent Cash Flow,Income Proof - Open Finance Connect
APP_006019,CLI_04720,BR_046,25,Mass,Business Owner,55,34106.59,Denied,Document Error - Expired or Illegible ID,Fast Update - Request New ID
APP_006022,CLI_04419,BR_039,19,Mass,Business Owner,108,36386.77,Denied,Score - Forgotten Micro-Debt,Credit Recovery - Micro-settlement
APP_006023,CLI_02909,BR_034,49,Mass,Unemployed,110,28173.82,Denied,Score - Forgotten Micro-Debt,Credit Recovery - Micro-settlement
APP_006024,CLI_01975,BR_047,21,Premium,Salaried,119,7230.43,Denied,Document Error - Expired or Illegible ID,Fast Update - Request New ID
APP_006025,CLI_01469,BR_024,24,Mass,Gig-worker,80,31089.07,Denied,Policy - Debt-to-Income (DTI) > 30%,Restructuring - Add Co-signer or Increase Term
APP_006026,CLI_02143,BR_028,45,Mass,Gig-worker,106,40704.08,Denied,Income - Gig Worker with Inconsistent Cash Flow,Income Proof - Open Finance Connect
APP_006031,CLI_00553,BR_023,41,Premium,Salaried,109,44482.84,Denied,Registry Error - Data Mismatch with Tax Authority,Fast Update - ID Verification
APP_006032,CLI_03423,BR_037,38,Mass,Self-employed,94,16598.53,Denied,Score - Disabled Positive Credit Registry,Credit Recovery - BACEN Education Journey
APP_006033,CLI_04212,BR_027,40,Mass-Affluent,Salaried,26,41378.67,Denied,Score - Forgotten Micro-Debt,Credit Recovery - Micro-settlement
APP_006035,CLI_00270,BR_045,68,Mass-Affluent,Salaried,94,10645.21,Denied,Document Error - Expired or Illegible ID,Fast Update - Request New ID
APP_006037,CLI_00291,BR_009,22,Mass,Salaried,74,5298.32,Denied,Score - Forgotten Micro-Debt,Credit Recovery - Micro-settlement
APP_006038,CLI_01458,BR_005,69,Mass-Affluent,Unemployed,33,42879.23,Denied,Policy - Debt-to-Income (DTI) > 30%,Restructuring - Add Co-signer or Increase Term
APP_006041,CLI_04633,BR_035,30,Mass,Self-employed,42,42584.1,Denied,Income - Gig Worker with Inconsistent Cash Flow,Income Proof - Open Finance Connect
APP_006042,CLI_04081,BR_006,48,Mass-Affluent,Gig-worker,44,40329.69,Denied,Income - Gig Worker with Inconsistent Cash Flow,Income Proof - Open Finance Connect
APP_006044,CLI_01761,BR_023,27,Mass,Self-employed,38,32562.83,Denied,Policy - Debt-to-Income (DTI) > 30%,Restructuring - Add Co-signer or Increase Term
APP_006053,CLI_02416,BR_029,62,Mass,Gig-worker,53,2127.96,Denied,Income - Missing Tax Return,Income Proof - Request Tax Return
APP_006056,CLI_01625,BR_009,59,Premium,Unemployed,4,17143.71,Denied,Score - Forgotten Micro-Debt,Credit Recovery - Micro-settlement
APP_006061,CLI_03448,BR_019,62,Mass-Affluent,Self-employed,22,4868.07,Denied,Income - Gig Worker with Inconsistent Cash Flow,Income Proof - Open Finance Connect
APP_006063,CLI_03792,BR_020,55,Mass,Gig-worker,24,46886.1,Denied,Income - Missing Tax Return,Income Proof - Request Tax Return
APP_006065,CLI_00834,BR_050,71,Mass,Unemployed,83,44084.6,Denied,Registry Error - Data Mismatch with Tax Authority,Fast Update - ID Verification
APP_006068,CLI_02176,BR_007,28,Mass,Self-employed,107,3424.69,Denied,Income - Gig Worker with Inconsistent Cash Flow,Income Proof - Open Finance Connect
APP_006074,CLI_00342,BR_012,57,Mass-Affluent,Salaried,19,26707.66,Denied,Policy - Debt-to-Income (DTI) > 30%,Restructuring - Add Co-signer or Increase Term
APP_006078,CLI_00996,BR_033,27,Mass,Gig-worker,117,26922.7,Denied,Income - Missing Tax Return,Income Proof - Request Tax Return
APP_006081,CLI_01694,BR_044,35,Mass,Unemployed,93,31647.08,Denied,Policy - Debt-to-Income (DTI) > 30%,Restructuring - Add Co-signer or Increase Term
APP_006083,CLI_01343,BR_037,60,Mass,Self-employed,38,29427.64,Denied,Income - Missing Tax Return,Income Proof - Request Tax Return
APP_006084,CLI_01692,BR_049,40,Mass,Business Owner,109,37666.81,Denied,Registry Error - Data Mismatch with Tax Authority,Fast Update - ID Verification
APP_006087,CLI_02905,BR_019,21,Mass,Salaried,35,48015.83,Denied,Document Error - Expired or Illegible ID,Fast Update - Request New ID
APP_006090,CLI_03418,BR_003,48,Mass-Affluent,Gig-worker,2,43131.84,Denied,Income - Missing Tax Return,Income Proof - Request Tax Return
APP_006091,CLI_02381,BR_008,46,Mass-Affluent,Business Owner,5,19365.72,Denied,Score - Forgotten Micro-Debt,Credit Recovery - Micro-settlement
APP_006092,CLI_00017,BR_041,50,Premium,Salaried,68,49648.76,Denied,Registry Error - Data Mismatch with Tax Authority,Fast Update - ID Verification
APP_006093,CLI_00324,BR_044,59,Mass-Affluent,Unemployed,24,34344.57,Denied,Score - Forgotten Micro-Debt,Credit Recovery - Micro-settlement
APP_006094,CLI_02071,BR_005,34,Mass,Unemployed,47,21775.94,Denied,Document Error - Expired or Illegible ID,Fast Update - Request New ID
APP_006095,CLI_00931,BR_009,23,Private,Unemployed,33,34189.56,Denied,Document Error - Expired or Illegible ID,Fast Update - Request New ID
APP_006099,CLI_04037,BR_007,56,Premium,Self-employed,6,28654.4,Denied,Policy - Debt-to-Income (DTI) > 30%,Restructuring - Add Co-signer or Increase Term
APP_006100,CLI_00403,BR_022,64,Mass,Salaried,32,39996.43,Denied,Registry Error - Data Mismatch with Tax Authority,Fast Update - ID Verification
APP_006103,CLI_01507,BR_027,47,Mass,Salaried,109,38564.59,Denied,Policy - Debt-to-Income (DTI) > 30%,Restructuring - Add Co-signer or Increase Term
APP_006106,CLI_02445,BR_035,34,Mass-Affluent,Salaried,102,43353.13,Denied,Policy - Debt-to-Income (DTI) > 30%,Restructuring - Add Co-signer or Increase Term
APP_006109,CLI_02794,BR_017,73,Mass,Gig-worker,67,9294.78,Denied,Income - Gig Worker with Inconsistent Cash Flow,Income Proof - Open Finance Connect
APP_006110,CLI_00092,BR_031,47,Mass,Self-employed,118,10707.28,Denied,Income - Missing Tax Return,Income Proof - Request Tax Return
APP_006116,CLI_00088,BR_015,45,Premium,Self-employed,78,29060.46,Denied,Income - Missing Tax Return,Income Proof - Request Tax Return
APP_006121,CLI_02447,BR_022,25,Mass-Affluent,Self-employed,45,14031.35,Denied,Income - Gig Worker with Inconsistent Cash Flow,Income Proof - Open Finance Connect
APP_006124,CLI_03838,BR_018,45,Mass,Salaried,97,29926.45,Denied,Score - Forgotten Micro-Debt,Credit Recovery - Micro-settlement
APP_006126,CLI_03758,BR_018,53,Mass,Business Owner,48,42453.8,Denied,Registry Error - Data Mismatch with Tax Authority,Fast Update - ID Verification
APP_006130,CLI_02612,BR_011,48,Mass-Affluent,Salaried,4,39699.07,Denied,Score - Forgotten Micro-Debt,Credit Recovery - Micro-settlement
APP_006138,CLI_03347,BR_040,64,Mass,Salaried,78,10778.84,Denied,Document Error - Expired or Illegible ID,Fast Update - Request New ID
APP_006139,CLI_04055,BR_036,20,Mass,Gig-worker,36,16590.43,Denied,Income - Gig Worker with Inconsistent Cash Flow,Income Proof - Open Finance Connect
APP_006142,CLI_03098,BR_042,27,Mass,Unemployed,30,16426.07,Denied,Registry Error - Data Mismatch with Tax Authority,Fast Update - ID Verification
APP_006143,CLI_02344,BR_028,58,Mass-Affluent,Salaried,61,19450.32,Denied,Score - Forgotten Micro-Debt,Credit Recovery - Micro-settlement
APP_006146,CLI_04165,BR_019,28,Mass,Gig-worker,13,47804.88,Denied,Policy - Debt-to-Income (DTI) > 30%,Restructuring - Add Co-signer or Increase Term
APP_006147,CLI_04247,BR_040,36,Mass,Salaried,4,7810.8,Denied,Score - Forgotten Micro-Debt,Credit Recovery - Micro-settlement
APP_006151,CLI_03184,BR_021,49,Mass,Unemployed,2,46676.14,Denied,Policy - Debt-to-Income (DTI) > 30%,Restructuring - Add Co-signer or Increase Term
APP_006153,CLI_02410,BR_005,67,Mass-Affluent,Unemployed,99,22603.95,Denied,Policy - Debt-to-Income (DTI) > 30%,Restructuring - Add Co-signer or Increase Term
APP_006154,CLI_04299,BR_017,44,Mass,Business Owner,112,2096.37,Denied,Policy - Debt-to-Income (DTI) > 30%,Restructuring - Add Co-signer or Increase Term
APP_006155,CLI_02535,BR_019,25,Mass,Salaried,116,38774.01,Denied,Score - Forgotten Micro-Debt,Credit Recovery - Micro-settlement
APP_006156,CLI_00004,BR_004,24,Mass,Gig-worker,116,32420.08,Denied,Policy - Debt-to-Income (DTI) > 30%,Restructuring - Add Co-signer or Increase Term
APP_006161,CLI_03097,BR_046,25,Mass,Salaried,10,26190.17,Denied,Document Error - Expired or Illegible ID,Fast Update - Request New ID
APP_006162,CLI_00072,BR_019,60,Premium,Salaried,115,35069.17,Denied,Policy - Debt-to-Income (DTI) > 30%,Restructuring - Add Co-signer or Increase Term
APP_006165,CLI_03898,BR_011,74,Premium,Gig-worker,52,16536.46,Denied,Policy - Debt-to-Income (DTI) > 30%,Restructuring - Add Co-signer or Increase Term
APP_006166,CLI_04491,BR_039,58,Mass,Salaried,92,5522.43,Denied,Document Error - Expired or Illegible ID,Fast Update - Request New ID
APP_006170,CLI_02212,BR_011,30,Mass-Affluent,Gig-worker,109,31898.77,Denied,Income - Gig Worker with Inconsistent Cash Flow,Income Proof - Open Finance Connect
APP_006171,CLI_02925,BR_047,68,Premium,Salaried,82,44750.73,Denied,Document Error - Expired or Illegible ID,Fast Update - Request New ID
APP_006174,CLI_00772,BR_027,73,Mass,Gig-worker,92,44757.3,Denied,Policy - Debt-to-Income (DTI) > 30%,Restructuring - Add Co-signer or Increase Term
APP_006175,CLI_00200,BR_049,48,Mass,Salaried,117,34905.32,Denied,Document Error - Expired or Illegible ID,Fast Update - Request New ID
APP_006176,CLI_01756,BR_043,33,Private,Salaried,17,6164.35,Denied,Score - Forgotten Micro-Debt,Credit Recovery - Micro-settlement
APP_006177,CLI_00180,BR_029,43,Mass-Affluent,Salaried,116,20997.49,Denied,Policy - Debt-to-Income (DTI) > 30%,Restructuring - Add Co-signer or Increase Term
APP_006178,CLI_02406,BR_012,48,Mass,Salaried,29,34030.39,Denied,Score - Forgotten Micro-Debt,Credit Recovery - Micro-settlement
APP_006179,CLI_03324,BR_013,36,Mass,Salaried,48,29144.81,Denied,Document Error - Expired or Illegible ID,Fast Update - Request New ID
APP_006181,CLI_04774,BR_031,60,Mass,Salaried,74,28789.62,Denied,Registry Error - Data Mismatch with Tax Authority,Fast Update - ID Verification
APP_006184,CLI_01603,BR_043,64,Mass,Self-employed,24,35714.66,Denied,Income - Missing Tax Return,Income Proof - Request Tax Return
APP_006185,CLI_01120,BR_036,19,Mass-Affluent,Gig-worker,102,49562.89,Denied,Policy - Debt-to-Income (DTI) > 30%,Restructuring - Add Co-signer or Increase Term
APP_006188,CLI_02902,BR_036,21,Mass,Salaried,55,13059.35,Denied,Policy - Debt-to-Income (DTI) > 30%,Restructuring - Add Co-signer or Increase Term
APP_006189,CLI_01086,BR_014,22,Mass,Salaried,76,14812.94,Denied,Score - Forgotten Micro-Debt,Credit Recovery - Micro-settlement
APP_006195,CLI_04835,BR_006,45,Mass,Salaried,66,31829.32,Denied,Policy - Debt-to-Income (DTI) > 30%,Restructuring - Add Co-signer or Increase Term
APP_006197,CLI_03817,BR_047,55,Mass,Business Owner,79,4456.8,Denied,Policy - Debt-to-Income (DTI) > 30%,Restructuring - Add Co-signer or Increase Term
APP_006201,CLI_02245,BR_044,32,Mass-Affluent,Salaried,109,30473.18,Denied,Score - Forgotten Micro-Debt,Credit Recovery - Micro-settlement
APP_006202,CLI_01658,BR_012,54,Mass,Gig-worker,107,27884.44,Denied,Score - Disabled Positive Credit Registry,Credit Recovery - BACEN Education Journey
APP_006204,CLI_03411,BR_026,53,Mass,Self-employed,50,38462.94,Denied,Income - Gig Worker with Inconsistent Cash Flow,Income Proof - Open Finance Connect
APP_006208,CLI_04330,BR_018,55,Mass,Self-employed,80,14706.58,Denied,Income - Missing Tax Return,Income Proof - Request Tax Return
APP_006209,CLI_04013,BR_035,40,Mass,Salaried,17,25180.2,Denied,Document Error - Expired or Illegible ID,Fast Update - Request New ID
APP_006212,CLI_01779,BR_005,42,Premium,Gig-worker,117,17986.13,Denied,Score - Disabled Positive Credit Registry,Credit Recovery - BACEN Education Journey
APP_006216,CLI_01558,BR_019,44,Mass,Self-employed,99,44528.82,Denied,Income - Missing Tax Return,Income Proof - Request Tax Return
APP_006218,CLI_02774,BR_007,72,Mass,Gig-worker,92,28727.01,Denied,Score - Disabled Positive Credit Registry,Credit Recovery - BACEN Education Journey
APP_006220,CLI_01707,BR_050,52,Mass-Affluent,Salaried,108,25326.57,Denied,Registry Error - Data Mismatch with Tax Authority,Fast Update - ID Verification
APP_006221,CLI_02602,BR_034,43,Premium,Self-employed,50,40571.44,Denied,Score - Disabled Positive Credit Registry,Credit Recovery - BACEN Education Journey
APP_006228,CLI_00854,BR_027,28,Mass,Self-employed,36,6886.74,Denied,Income - Gig Worker with Inconsistent Cash Flow,Income Proof - Open Finance Connect
APP_006230,CLI_01392,BR_040,57,Mass,Gig-worker,77,21409.55,Denied,Policy - Debt-to-Income (DTI) > 30%,Restructuring - Add Co-signer or Increase Term
APP_006232,CLI_00262,BR_014,73,Mass,Gig-worker,62,31781.3,Denied,Policy - Debt-to-Income (DTI) > 30%,Restructuring - Add Co-signer or Increase Term
APP_006235,CLI_03798,BR_006,63,Mass,Self-employed,112,14584.29,Denied,Score - Disabled Positive Credit Registry,Credit Recovery - BACEN Education Journey
APP_006239,CLI_00621,BR_035,46,Mass,Salaried,46,26272.36,Denied,Registry Error - Data Mismatch with Tax Authority,Fast Update - ID Verification
APP_006240,CLI_01224,BR_047,27,Mass,Gig-worker,36,31263.86,Denied,Income - Gig Worker with Inconsistent Cash Flow,Income Proof - Open Finance Connect
APP_006242,CLI_00051,BR_026,56,Mass,Unemployed,60,47697.17,Denied,Score - Forgotten Micro-Debt,Credit Recovery - Micro-settlement
APP_006243,CLI_00489,BR_007,21,Mass,Gig-worker,89,26494.84,Denied,Income - Gig Worker with Inconsistent Cash Flow,Income Proof - Open Finance Connect
APP_006250,CLI_02592,BR_005,25,Mass,Unemployed,22,28763.4,Denied,Policy - Debt-to-Income (DTI) > 30%,Restructuring - Add Co-signer or Increase Term
APP_006256,CLI_03871,BR_025,34,Mass,Gig-worker,10,44536.15,Denied,Income - Missing Tax Return,Income Proof - Request Tax Return
APP_006257,CLI_02623,BR_024,24,Mass,Salaried,73,40546.85,Denied,Policy - Debt-to-Income (DTI) > 30%,Restructuring - Add Co-signer or Increase Term
APP_006258,CLI_01793,BR_030,54,Mass-Affluent,Self-employed,90,11259.02,Denied,Policy - Debt-to-Income (DTI) > 30%,Restructuring - Add Co-signer or Increase Term
APP_006265,CLI_03018,BR_023,52,Mass-Affluent,Salaried,20,32724.57,Denied,Registry Error - Data Mismatch with Tax Authority,Fast Update - ID Verification
APP_006270,CLI_01720,BR_015,32,Mass,Self-employed,103,24284.47,Denied,Score - Disabled Positive Credit Registry,Credit Recovery - BACEN Education Journey
APP_006274,CLI_01548,BR_049,29,Mass-Affluent,Self-employed,58,13512.13,Denied,Policy - Debt-to-Income (DTI) > 30%,Restructuring - Add Co-signer or Increase Term
APP_006278,CLI_02704,BR_050,28,Private,Self-employed,117,28937.4,Denied,Score - Disabled Positive Credit Registry,Credit Recovery - BACEN Education Journey
APP_006280,CLI_04529,BR_046,68,Mass,Business Owner,1,45035.76,Denied,Policy - Debt-to-Income (DTI) > 30%,Restructuring - Add Co-signer or Increase Term
APP_006283,CLI_00617,BR_023,48,Mass-Affluent,Gig-worker,37,44407.8,Denied,Income - Gig Worker with Inconsistent Cash Flow,Income Proof - Open Finance Connect
APP_006285,CLI_04170,BR_002,63,Mass,Gig-worker,19,1105.85,Denied,Income - Gig Worker with Inconsistent Cash Flow,Income Proof - Open Finance Connect
APP_006287,CLI_04242,BR_023,35,Mass-Affluent,Salaried,112,41369.93,Denied,Policy - Debt-to-Income (DTI) > 30%,Restructuring - Add Co-signer or Increase Term
APP_006288,CLI_02094,BR_005,34,Mass,Salaried,69,40332.99,Denied,Policy - Debt-to-Income (DTI) > 30%,Restructuring - Add Co-signer or Increase Term
APP_006289,CLI_01765,BR_034,37,Mass,Gig-worker,45,17666.48,Denied,Income - Gig Worker with Inconsistent Cash Flow,Income Proof - Open Finance Connect
APP_006291,CLI_01133,BR_027,47,Mass,Gig-worker,29,25855.24,Denied,Income - Gig Worker with Inconsistent Cash Flow,Income Proof - Open Finance Connect
APP_006293,CLI_03571,BR_004,19,Mass,Self-employed,14,3764.75,Denied,Income - Gig Worker with Inconsistent Cash Flow,Income Proof - Open Finance Connect
APP_006294,CLI_01067,BR_004,28,Mass,Gig-worker,21,40845.78,Denied,Policy - Debt-to-Income (DTI) > 30%,Restructuring - Add Co-signer or Increase Term
APP_006295,CLI_02147,BR_008,57,Mass-Affluent,Gig-worker,19,9359.33,Denied,Income - Gig Worker with Inconsistent Cash Flow,Income Proof - Open Finance Connect
APP_006296,CLI_00706,BR_006,74,Mass-Affluent,Self-employed,49,20189.42,Denied,Income - Gig Worker with Inconsistent Cash Flow,Income Proof - Open Finance Connect
APP_006297,CLI_02359,BR_025,64,Mass,Salaried,116,10405.9,Denied,Score - Forgotten Micro-Debt,Credit Recovery - Micro-settlement
APP_006299,CLI_03813,BR_047,64,Mass,Unemployed,107,34237.98,Denied,Score - Forgotten Micro-Debt,Credit Recovery - Micro-settlement
APP_006301,CLI_04068,BR_040,34,Mass,Salaried,94,35209.99,Denied,Registry Error - Data Mismatch with Tax Authority,Fast Update - ID Verification
APP_006302,CLI_03461,BR_020,24,Mass,Gig-worker,4,32338.67,Denied,Policy - Debt-to-Income (DTI) > 30%,Restructuring - Add Co-signer or Increase Term
APP_006304,CLI_01935,BR_007,47,Mass-Affluent,Gig-worker,84,12730.93,Denied,Policy - Debt-to-Income (DTI) > 30%,Restructuring - Add Co-signer or Increase Term
APP_006306,CLI_02873,BR_020,31,Mass,Self-employed,26,8429.7,Denied,Income - Missing Tax Return,Income Proof - Request Tax Return
APP_006307,CLI_00210,BR_049,66,Mass,Self-employed,62,22050.08,Denied,Income - Gig Worker with Inconsistent Cash Flow,Income Proof - Open Finance Connect
APP_006310,CLI_04255,BR_044,54,Mass,Gig-worker,85,35761.92,Denied,Income - Gig Worker with Inconsistent Cash Flow,Income Proof - Open Finance Connect
APP_006313,CLI_01954,BR_012,57,Mass-Affluent,Self-employed,74,19005.85,Denied,Income - Gig Worker with Inconsistent Cash Flow,Income Proof - Open Finance Connect
APP_006316,CLI_04795,BR_034,28,Mass,Self-employed,9,30547.89,Denied,Income - Gig Worker with Inconsistent Cash Flow,Income Proof - Open Finance Connect
APP_006318,CLI_02445,BR_036,34,Mass-Affluent,Salaried,102,45413.96,Denied,Registry Error - Data Mismatch with Tax Authority,Fast Update - ID Verification
APP_006322,CLI_00292,BR_009,65,Mass-Affluent,Self-employed,105,16861.12,Denied,Income - Gig Worker with Inconsistent Cash Flow,Income Proof - Open Finance Connect
APP_006323,CLI_02865,BR_022,32,Mass,Salaried,84,33042.3,Denied,Score - Forgotten Micro-Debt,Credit Recovery - Micro-settlement
APP_006327,CLI_02918,BR_028,49,Premium,Gig-worker,43,44984.79,Denied,Policy - Debt-to-Income (DTI) > 30%,Restructuring - Add Co-signer or Increase Term
APP_006330,CLI_00977,BR_031,73,Mass,Gig-worker,67,43396.25,Denied,Income - Gig Worker with Inconsistent Cash Flow,Income Proof - Open Finance Connect
APP_006334,CLI_03284,BR_030,71,Mass-Affluent,Self-employed,96,6176.32,Denied,Income - Gig Worker with Inconsistent Cash Flow,Income Proof - Open Finance Connect
APP_006345,CLI_02148,BR_007,49,Mass,Salaried,106,40491.85,Denied,Policy - Debt-to-Income (DTI) > 30%,Restructuring - Add Co-signer or Increase Term
APP_006347,CLI_02267,BR_015,70,Mass,Self-employed,98,43357.15,Denied,Income - Gig Worker with Inconsistent Cash Flow,Income Proof - Open Finance Connect
APP_006349,CLI_01807,BR_005,25,Private,Salaried,44,16227.64,Denied,Score - Forgotten Micro-Debt,Credit Recovery - Micro-settlement
APP_006352,CLI_00629,BR_046,61,Mass-Affluent,Salaried,104,17430.29,Denied,Score - Forgotten Micro-Debt,Credit Recovery - Micro-settlement
APP_006355,CLI_03763,BR_004,52,Mass,Salaried,45,39190.25,Denied,Document Error - Expired or Illegible ID,Fast Update - Request New ID
APP_006357,CLI_01809,BR_034,46,Mass,Salaried,15,25400.34,Denied,Policy - Debt-to-Income (DTI) > 30%,Restructuring - Add Co-signer or Increase Term
APP_006358,CLI_02387,BR_004,70,Mass,Salaried,22,43210.39,Denied,Score - Forgotten Micro-Debt,Credit Recovery - Micro-settlement
APP_006359,CLI_01896,BR_010,73,Premium,Self-employed,56,5238.27,Denied,Income - Gig Worker with Inconsistent Cash Flow,Income Proof - Open Finance Connect
APP_006362,CLI_00049,BR_018,72,Mass,Gig-worker,41,44845.97,Denied,Income - Gig Worker with Inconsistent Cash Flow,Income Proof - Open Finance Connect
APP_006364,CLI_01930,BR_023,59,Premium,Salaried,86,46761.94,Denied,Score - Forgotten Micro-Debt,Credit Recovery - Micro-settlement
APP_006365,CLI_02133,BR_044,58,Mass,Unemployed,37,43874.13,Denied,Document Error - Expired or Illegible ID,Fast Update - Request New ID
APP_006366,CLI_01526,BR_025,60,Mass-Affluent,Gig-worker,28,37091.11,Denied,Income - Missing Tax Return,Income Proof - Request Tax Return
APP_006368,CLI_02658,BR_004,56,Premium,Salaried,75,15822.63,Denied,Policy - Debt-to-Income (DTI) > 30%,Restructuring - Add Co-signer or Increase Term
APP_006370,CLI_00588,BR_018,36,Mass,Self-employed,39,29855.94,Denied,Income - Gig Worker with Inconsistent Cash Flow,Income Proof - Open Finance Connect
APP_006372,CLI_01599,BR_044,22,Mass-Affluent,Gig-worker,104,12121.02,Denied,Policy - Debt-to-Income (DTI) > 30%,Restructuring - Add Co-signer or Increase Term
APP_006373,CLI_03852,BR_030,29,Mass,Self-employed,26,7285.59,Denied,Policy - Debt-to-Income (DTI) > 30%,Restructuring - Add Co-signer or Increase Term
APP_006377,CLI_01409,BR_007,18,Mass-Affluent,Self-employed,72,29205.91,Denied,Income - Gig Worker with Inconsistent Cash Flow,Income Proof - Open Finance Connect
APP_006378,CLI_01012,BR_024,58,Premium,Salaried,99,37314.28,Denied,Score - Forgotten Micro-Debt,Credit Recovery - Micro-settlement
APP_006380,CLI_04399,BR_010,52,Mass-Affluent,Salaried,111,48270.18,Denied,Document Error - Expired or Illegible ID,Fast Update - Request New ID
APP_006382,CLI_01330,BR_027,52,Mass,Gig-worker,90,16946.68,Denied,Income - Gig Worker with Inconsistent Cash Flow,Income Proof - Open Finance Connect
APP_006383,CLI_02605,BR_021,28,Mass,Gig-worker,52,34302.1,Denied,Policy - Debt-to-Income (DTI) > 30%,Restructuring - Add Co-signer or Increase Term
APP_006384,CLI_02024,BR_036,32,Mass-Affluent,Gig-worker,118,3211.96,Denied,Policy - Debt-to-Income (DTI) > 30%,Restructuring - Add Co-signer or Increase Term
APP_006385,CLI_04508,BR_043,25,Mass-Affluent,Salaried,40,5084.13,Denied,Document Error - Expired or Illegible ID,Fast Update - Request New ID
APP_006387,CLI_04604,BR_007,39,Mass,Unemployed,19,29493.98,Denied,Policy - Debt-to-Income (DTI) > 30%,Restructuring - Add Co-signer or Increase Term
APP_006391,CLI_00196,BR_050,74,Premium,Salaried,97,17954.08,Denied,Policy - Debt-to-Income (DTI) > 30%,Restructuring - Add Co-signer or Increase Term
APP_006396,CLI_00539,BR_037,70,Private,Salaried,1,49989.68,Denied,Registry Error - Data Mismatch with Tax Authority,Fast Update - ID Verification
APP_006397,CLI_04785,BR_030,58,Mass,Gig-worker,10,9056.71,Denied,Income - Gig Worker with Inconsistent Cash Flow,Income Proof - Open Finance Connect
APP_006401,CLI_00388,BR_018,60,Mass,Self-employed,113,36987.23,Denied,Score - Disabled Positive Credit Registry,Credit Recovery - BACEN Education Journey
APP_006405,CLI_02341,BR_042,27,Premium,Salaried,109,41225.81,Denied,Document Error - Expired or Illegible ID,Fast Update - Request New ID
APP_006406,CLI_00179,BR_009,36,Mass,Salaried,43,13611.97,Denied,Policy - Debt-to-Income (DTI) > 30%,Restructuring - Add Co-signer or Increase Term
APP_006410,CLI_04176,BR_013,67,Mass,Gig-worker,23,21715.95,Denied,Income - Missing Tax Return,Income Proof - Request Tax Return
APP_006415,CLI_01284,BR_030,21,Premium,Gig-worker,15,16284.59,Denied,Score - Disabled Positive Credit Registry,Credit Recovery - BACEN Education Journey
APP_006417,CLI_00982,BR_030,40,Mass,Self-employed,15,21737.3,Denied,Score - Disabled Positive Credit Registry,Credit Recovery - BACEN Education Journey
APP_006419,CLI_01566,BR_025,27,Mass-Affluent,Unemployed,48,3118.91,Denied,Policy - Debt-to-Income (DTI) > 30%,Restructuring - Add Co-signer or Increase Term
APP_006421,CLI_00736,BR_020,43,Mass,Self-employed,41,17966.0,Denied,Policy - Debt-to-Income (DTI) > 30%,Restructuring - Add Co-signer or Increase Term
APP_006422,CLI_03388,BR_035,52,Mass,Self-employed,64,12996.1,Denied,Income - Gig Worker with Inconsistent Cash Flow,Income Proof - Open Finance Connect
APP_006423,CLI_02660,BR_010,42,Mass,Salaried,108,33060.08,Denied,Document Error - Expired or Illegible ID,Fast Update - Request New ID
APP_006424,CLI_00449,BR_035,68,Mass,Salaried,48,15209.51,Denied,Policy - Debt-to-Income (DTI) > 30%,Restructuring - Add Co-signer or Increase Term
APP_006425,CLI_01836,BR_001,52,Mass,Gig-worker,13,30729.85,Denied,Income - Missing Tax Return,Income Proof - Request Tax Return
APP_006427,CLI_00614,BR_045,59,Mass,Salaried,73,11642.3,Denied,Registry Error - Data Mismatch with Tax Authority,Fast Update - ID Verification
APP_006428,CLI_01434,BR_005,41,Mass,Self-employed,110,14061.74,Denied,Income - Gig Worker with Inconsistent Cash Flow,Income Proof - Open Finance Connect
APP_006430,CLI_02576,BR_044,38,Mass,Gig-worker,110,3774.83,Denied,Income - Gig Worker with Inconsistent Cash Flow,Income Proof - Open Finance Connect
APP_006433,CLI_00672,BR_024,67,Mass,Salaried,97,9134.0,Denied,Policy - Debt-to-Income (DTI) > 30%,Restructuring - Add Co-signer or Increase Term
APP_006435,CLI_03319,BR_027,36,Mass-Affluent,Gig-worker,37,49122.15,Denied,Score - Disabled Positive Credit Registry,Credit Recovery - BACEN Education Journey
APP_006436,CLI_00361,BR_005,62,Mass,Gig-worker,105,4645.7,Denied,Income - Gig Worker with Inconsistent Cash Flow,Income Proof - Open Finance Connect
APP_006441,CLI_00067,BR_037,54,Mass,Self-employed,47,48996.05,Denied,Policy - Debt-to-Income (DTI) > 30%,Restructuring - Add Co-signer or Increase Term
APP_006442,CLI_03035,BR_032,19,Mass-Affluent,Salaried,45,5335.91,Denied,Policy - Debt-to-Income (DTI) > 30%,Restructuring - Add Co-signer or Increase Term
APP_006443,CLI_02091,BR_038,47,Mass-Affluent,Salaried,96,41289.27,Denied,Registry Error - Data Mismatch with Tax Authority,Fast Update - ID Verification
APP_006444,CLI_02277,BR_031,68,Premium,Self-employed,118,19550.5,Denied,Income - Missing Tax Return,Income Proof - Request Tax Return
APP_006445,CLI_03516,BR_032,34,Mass-Affluent,Self-employed,110,8061.69,Denied,Income - Missing Tax Return,Income Proof - Request Tax Return
APP_006446,CLI_00234,BR_015,66,Mass-Affluent,Salaried,114,25166.47,Denied,Registry Error - Data Mismatch with Tax Authority,Fast Update - ID Verification
APP_006447,CLI_01223,BR_048,19,Mass-Affluent,Unemployed,49,4504.42,Denied,Document Error - Expired or Illegible ID,Fast Update - Request New ID
APP_006448,CLI_02545,BR_030,22,Mass,Self-employed,54,26582.97,Denied,Score - Disabled Positive Credit Registry,Credit Recovery - BACEN Education Journey
APP_006451,CLI_03348,BR_038,28,Mass,Self-employed,114,24910.51,Denied,Income - Gig Worker with Inconsistent Cash Flow,Income Proof - Open Finance Connect
APP_006453,CLI_04102,BR_044,49,Mass,Gig-worker,33,10613.38,Denied,Income - Missing Tax Return,Income Proof - Request Tax Return
APP_006462,CLI_04832,BR_045,67,Mass,Salaried,2,21748.49,Denied,Registry Error - Data Mismatch with Tax Authority,Fast Update - ID Verification
APP_006463,CLI_02774,BR_043,72,Mass,Gig-worker,92,33977.04,Denied,Score - Disabled Positive Credit Registry,Credit Recovery - BACEN Education Journey
APP_006464,CLI_01885,BR_009,45,Mass,Salaried,117,21370.38,Denied,Document Error - Expired or Illegible ID,Fast Update - Request New ID
APP_006468,CLI_02482,BR_012,58,Mass-Affluent,Salaried,79,43975.97,Denied,Registry Error - Data Mismatch with Tax Authority,Fast Update - ID Verification
APP_006469,CLI_01891,BR_035,62,Mass,Salaried,45,41614.23,Denied,Document Error - Expired or Illegible ID,Fast Update - Request New ID
APP_006471,CLI_00942,BR_016,62,Premium,Gig-worker,79,4353.94,Denied,Income - Gig Worker with Inconsistent Cash Flow,Income Proof - Open Finance Connect
APP_006472,CLI_01616,BR_019,70,Mass-Affluent,Business Owner,26,28733.82,Denied,Score - Forgotten Micro-Debt,Credit Recovery - Micro-settlement
APP_006476,CLI_01472,BR_018,38,Mass-Affluent,Business Owner,15,32597.09,Denied,Policy - Debt-to-Income (DTI) > 30%,Restructuring - Add Co-signer or Increase Term
APP_006477,CLI_01059,BR_041,54,Mass-Affluent,Self-employed,61,34002.68,Denied,Income - Gig Worker with Inconsistent Cash Flow,Income Proof - Open Finance Connect
APP_006479,CLI_03191,BR_030,45,Private,Salaried,70,6354.79,Denied,Score - Forgotten Micro-Debt,Credit Recovery - Micro-settlement
APP_006483,CLI_01798,BR_023,63,Mass,Salaried,64,38379.73,Denied,Registry Error - Data Mismatch with Tax Authority,Fast Update - ID Verification
APP_006485,CLI_02872,BR_041,35,Mass,Salaried,67,10384.63,Denied,Registry Error - Data Mismatch with Tax Authority,Fast Update - ID Verification
APP_006495,CLI_03700,BR_027,38,Mass,Self-employed,7,13750.94,Denied,Income - Missing Tax Return,Income Proof - Request Tax Return
APP_006498,CLI_02849,BR_014,55,Mass,Self-employed,78,42912.26,Denied,Income - Gig Worker with Inconsistent Cash Flow,Income Proof - Open Finance Connect
APP_006500,CLI_04664,BR_005,41,Mass,Gig-worker,1,19901.64,Denied,Policy - Debt-to-Income (DTI) > 30%,Restructuring - Add Co-signer or Increase Term
APP_006502,CLI_04354,BR_034,41,Mass,Unemployed,45,6211.51,Denied,Policy - Debt-to-Income (DTI) > 30%,Restructuring - Add Co-signer or Increase Term
APP_006504,CLI_00972,BR_019,41,Mass-Affluent,Gig-worker,31,48409.29,Denied,Income - Missing Tax Return,Income Proof - Request Tax Return
APP_006506,CLI_01108,BR_016,50,Private,Salaried,94,49255.92,Denied,Score - Forgotten Micro-Debt,Credit Recovery - Micro-settlement
APP_006508,CLI_03713,BR_027,28,Mass-Affluent,Salaried,30,44995.62,Denied,Document Error - Expired or Illegible ID,Fast Update - Request New ID
APP_006510,CLI_04152,BR_039,29,Mass,Self-employed,44,6777.31,Denied,Income - Gig Worker with Inconsistent Cash Flow,Income Proof - Open Finance Connect
APP_006511,CLI_03660,BR_029,48,Premium,Gig-worker,27,35423.48,Denied,Policy - Debt-to-Income (DTI) > 30%,Restructuring - Add Co-signer or Increase Term
APP_006513,CLI_00920,BR_039,49,Premium,Salaried,79,16566.69,Denied,Registry Error - Data Mismatch with Tax Authority,Fast Update - ID Verification
APP_006514,CLI_04553,BR_044,60,Mass,Unemployed,97,33892.75,Denied,Registry Error - Data Mismatch with Tax Authority,Fast Update - ID Verification
APP_006517,CLI_02158,BR_045,30,Mass,Salaried,53,15673.3,Denied,Registry Error - Data Mismatch with Tax Authority,Fast Update - ID Verification
APP_006520,CLI_03198,BR_031,32,Mass,Salaried,84,27214.71,Denied,Policy - Debt-to-Income (DTI) > 30%,Restructuring - Add Co-signer or Increase Term
APP_006523,CLI_00810,BR_009,27,Mass,Gig-worker,49,31396.55,Denied,Income - Gig Worker with Inconsistent Cash Flow,Income Proof - Open Finance Connect
APP_006524,CLI_02934,BR_015,48,Premium,Salaried,28,10419.62,Denied,Policy - Debt-to-Income (DTI) > 30%,Restructuring - Add Co-signer or Increase Term
APP_006525,CLI_03269,BR_020,28,Mass-Affluent,Self-employed,61,11553.3,Denied,Income - Gig Worker with Inconsistent Cash Flow,Income Proof - Open Finance Connect
APP_006526,CLI_04869,BR_048,19,Premium,Business Owner,3,13862.15,Denied,Registry Error - Data Mismatch with Tax Authority,Fast Update - ID Verification
APP_006530,CLI_04905,BR_008,19,Mass-Affluent,Gig-worker,23,35009.05,Denied,Policy - Debt-to-Income (DTI) > 30%,Restructuring - Add Co-signer or Increase Term
APP_006531,CLI_04975,BR_040,58,Mass,Self-employed,59,44563.02,Denied,Income - Gig Worker with Inconsistent Cash Flow,Income Proof - Open Finance Connect
APP_006532,CLI_03081,BR_021,63,Mass,Salaried,104,3132.26,Denied,Document Error - Expired or Illegible ID,Fast Update - Request New ID
APP_006537,CLI_02614,BR_041,73,Private,Salaried,4,11317.74,Denied,Policy - Debt-to-Income (DTI) > 30%,Restructuring - Add Co-signer or Increase Term
APP_006541,CLI_01834,BR_014,66,Mass,Self-employed,32,8827.37,Denied,Income - Gig Worker with Inconsistent Cash Flow,Income Proof - Open Finance Connect
APP_006542,CLI_02514,BR_001,42,Mass,Unemployed,61,17317.54,Denied,Registry Error - Data Mismatch with Tax Authority,Fast Update - ID Verification
APP_006546,CLI_02032,BR_022,64,Mass,Salaried,7,27867.39,Denied,Registry Error - Data Mismatch with Tax Authority,Fast Update - ID Verification
APP_006547,CLI_01509,BR_014,63,Mass,Salaried,115,39363.84,Denied,Policy - Debt-to-Income (DTI) > 30%,Restructuring - Add Co-signer or Increase Term
APP_006551,CLI_01056,BR_003,68,Mass-Affluent,Gig-worker,75,41329.28,Denied,Income - Gig Worker with Inconsistent Cash Flow,Income Proof - Open Finance Connect
APP_006554,CLI_03172,BR_021,64,Mass,Gig-worker,51,4299.43,Denied,Policy - Debt-to-Income (DTI) > 30%,Restructuring - Add Co-signer or Increase Term
APP_006556,CLI_03013,BR_040,51,Private,Self-employed,112,35072.9,Denied,Score - Disabled Positive Credit Registry,Credit Recovery - BACEN Education Journey
APP_006558,CLI_03563,BR_045,45,Mass,Self-employed,65,38912.47,Denied,Policy - Debt-to-Income (DTI) > 30%,Restructuring - Add Co-signer or Increase Term
APP_006561,CLI_04621,BR_032,61,Mass,Salaried,30,15924.72,Denied,Document Error - Expired or Illegible ID,Fast Update - Request New ID
APP_006562,CLI_01618,BR_024,26,Mass-Affluent,Salaried,34,34209.11,Denied,Registry Error - Data Mismatch with Tax Authority,Fast Update - ID Verification
APP_006563,CLI_01624,BR_011,57,Mass,Salaried,87,35886.57,Denied,Registry Error - Data Mismatch with Tax Authority,Fast Update - ID Verification
APP_006564,CLI_01666,BR_037,29,Mass,Salaried,21,34092.54,Denied,Policy - Debt-to-Income (DTI) > 30%,Restructuring - Add Co-signer or Increase Term
APP_006566,CLI_04497,BR_018,66,Mass,Salaried,85,18991.77,Denied,Registry Error - Data Mismatch with Tax Authority,Fast Update - ID Verification
APP_006567,CLI_01596,BR_011,41,Mass,Salaried,26,2943.22,Denied,Score - Forgotten Micro-Debt,Credit Recovery - Micro-settlement
APP_006569,CLI_02787,BR_043,45,Premium,Self-employed,8,8864.46,Denied,Income - Missing Tax Return,Income Proof - Request Tax Return
APP_006570,CLI_00529,BR_038,25,Mass,Unemployed,88,35168.6,Denied,Registry Error - Data Mismatch with Tax Authority,Fast Update - ID Verification
APP_006571,CLI_02605,BR_001,28,Mass,Gig-worker,52,43787.02,Denied,Score - Disabled Positive Credit Registry,Credit Recovery - BACEN Education Journey
APP_006572,CLI_03196,BR_029,46,Mass-Affluent,Salaried,75,16196.93,Denied,Document Error - Expired or Illegible ID,Fast Update - Request New ID
APP_006575,CLI_03961,BR_009,70,Mass,Gig-worker,71,39918.64,Denied,Income - Gig Worker with Inconsistent Cash Flow,Income Proof - Open Finance Connect
APP_006577,CLI_02822,BR_038,38,Premium,Self-employed,110,33106.91,Denied,Income - Missing Tax Return,Income Proof - Request Tax Return
APP_006578,CLI_04028,BR_031,45,Premium,Self-employed,4,34179.77,Denied,Income - Gig Worker with Inconsistent Cash Flow,Income Proof - Open Finance Connect
APP_006579,CLI_00102,BR_027,74,Mass,Self-employed,16,25079.87,Denied,Score - Disabled Positive Credit Registry,Credit Recovery - BACEN Education Journey
APP_006582,CLI_03095,BR_005,71,Premium,Gig-worker,31,36958.89,Denied,Income - Missing Tax Return,Income Proof - Request Tax Return
APP_006585,CLI_01181,BR_005,32,Mass,Unemployed,42,26886.25,Denied,Policy - Debt-to-Income (DTI) > 30%,Restructuring - Add Co-signer or Increase Term
APP_006586,CLI_02887,BR_020,33,Mass,Gig-worker,82,13923.2,Denied,Policy - Debt-to-Income (DTI) > 30%,Restructuring - Add Co-signer or Increase Term
APP_006587,CLI_02729,BR_038,21,Mass,Gig-worker,113,49294.48,Denied,Income - Missing Tax Return,Income Proof - Request Tax Return
APP_006588,CLI_02693,BR_037,19,Premium,Salaried,27,3701.7,Denied,Score - Forgotten Micro-Debt,Credit Recovery - Micro-settlement
APP_006590,CLI_00405,BR_050,72,Mass,Self-employed,6,15587.16,Denied,Income - Missing Tax Return,Income Proof - Request Tax Return
APP_006592,CLI_03269,BR_021,28,Mass-Affluent,Self-employed,61,45968.18,Denied,Score - Disabled Positive Credit Registry,Credit Recovery - BACEN Education Journey
APP_006594,CLI_02083,BR_040,61,Mass,Gig-worker,29,45931.86,Denied,Score - Disabled Positive Credit Registry,Credit Recovery - BACEN Education Journey
APP_006595,CLI_02468,BR_005,45,Mass,Self-employed,115,21743.6,Denied,Policy - Debt-to-Income (DTI) > 30%,Restructuring - Add Co-signer or Increase Term
APP_006596,CLI_04473,BR_004,41,Mass,Self-employed,69,42883.67,Denied,Policy - Debt-to-Income (DTI) > 30%,Restructuring - Add Co-signer or Increase Term
APP_006597,CLI_04316,BR_022,62,Mass,Self-employed,15,26565.75,Denied,Score - Disabled Positive Credit Registry,Credit Recovery - BACEN Education Journey
APP_006599,CLI_03960,BR_004,38,Mass,Salaried,104,23018.14,Denied,Policy - Debt-to-Income (DTI) > 30%,Restructuring - Add Co-signer or Increase Term
APP_006602,CLI_04849,BR_046,42,Mass,Salaried,88,15192.3,Denied,Policy - Debt-to-Income (DTI) > 30%,Restructuring - Add Co-signer or Increase Term
APP_006605,CLI_02986,BR_050,40,Mass,Business Owner,103,31595.88,Denied,Policy - Debt-to-Income (DTI) > 30%,Restructuring - Add Co-signer or Increase Term
APP_006614,CLI_01819,BR_028,43,Mass,Gig-worker,20,11652.84,Denied,Score - Disabled Positive Credit Registry,Credit Recovery - BACEN Education Journey
APP_006615,CLI_04201,BR_040,39,Mass,Self-employed,75,9920.65,Denied,Income - Gig Worker with Inconsistent Cash Flow,Income Proof - Open Finance Connect
APP_006618,CLI_04546,BR_004,73,Mass,Gig-worker,21,31559.2,Denied,Income - Gig Worker with Inconsistent Cash Flow,Income Proof - Open Finance Connect
APP_006619,CLI_01469,BR_018,24,Mass,Gig-worker,80,47921.39,Denied,Score - Disabled Positive Credit Registry,Credit Recovery - BACEN Education Journey
APP_006620,CLI_04908,BR_012,65,Mass-Affluent,Self-employed,70,45322.48,Denied,Income - Gig Worker with Inconsistent Cash Flow,Income Proof - Open Finance Connect
APP_006621,CLI_04486,BR_050,51,Mass-Affluent,Unemployed,60,8405.72,Denied,Document Error - Expired or Illegible ID,Fast Update - Request New ID
APP_006624,CLI_01709,BR_021,62,Mass,Salaried,39,26581.89,Denied,Registry Error - Data Mismatch with Tax Authority,Fast Update - ID Verification
APP_006626,CLI_01476,BR_025,53,Mass-Affluent,Gig-worker,78,7571.26,Denied,Policy - Debt-to-Income (DTI) > 30%,Restructuring - Add Co-signer or Increase Term
APP_006630,CLI_03225,BR_014,64,Mass,Salaried,83,47439.46,Denied,Score - Forgotten Micro-Debt,Credit Recovery - Micro-settlement
APP_006631,CLI_03965,BR_037,71,Mass-Affluent,Self-employed,6,6668.57,Denied,Score - Disabled Positive Credit Registry,Credit Recovery - BACEN Education Journey
APP_006633,CLI_04939,BR_040,52,Premium,Salaried,48,5403.28,Denied,Score - Forgotten Micro-Debt,Credit Recovery - Micro-settlement
APP_006635,CLI_03280,BR_030,21,Mass-Affluent,Salaried,72,47976.73,Denied,Policy - Debt-to-Income (DTI) > 30%,Restructuring - Add Co-signer or Increase Term
APP_006637,CLI_02005,BR_014,50,Mass-Affluent,Salaried,18,15875.61,Denied,Document Error - Expired or Illegible ID,Fast Update - Request New ID
APP_006638,CLI_01837,BR_046,67,Mass-Affluent,Salaried,70,18770.81,Denied,Document Error - Expired or Illegible ID,Fast Update - Request New ID
APP_006641,CLI_01771,BR_034,62,Mass-Affluent,Self-employed,72,25715.14,Denied,Income - Gig Worker with Inconsistent Cash Flow,Income Proof - Open Finance Connect
APP_006642,CLI_03864,BR_046,61,Mass,Salaried,24,47599.08,Denied,Policy - Debt-to-Income (DTI) > 30%,Restructuring - Add Co-signer or Increase Term
APP_006644,CLI_00035,BR_032,61,Mass,Salaried,4,40131.67,Denied,Policy - Debt-to-Income (DTI) > 30%,Restructuring - Add Co-signer or Increase Term
APP_006645,CLI_02205,BR_012,31,Mass-Affluent,Salaried,19,17389.67,Denied,Policy - Debt-to-Income (DTI) > 30%,Restructuring - Add Co-signer or Increase Term
APP_006650,CLI_04303,BR_039,67,Mass,Salaried,42,39017.17,Denied,Score - Forgotten Micro-Debt,Credit Recovery - Micro-settlement
APP_006652,CLI_01629,BR_045,20,Private,Self-employed,112,16727.95,Denied,Income - Gig Worker with Inconsistent Cash Flow,Income Proof - Open Finance Connect
APP_006654,CLI_01560,BR_044,51,Mass,Salaried,104,39441.52,Denied,Document Error - Expired or Illegible ID,Fast Update - Request New ID
APP_006655,CLI_00805,BR_001,40,Mass,Unemployed,91,27136.62,Denied,Document Error - Expired or Illegible ID,Fast Update - Request New ID
APP_006657,CLI_04348,BR_040,59,Premium,Self-employed,98,38226.32,Denied,Score - Disabled Positive Credit Registry,Credit Recovery - BACEN Education Journey
APP_006661,CLI_04931,BR_046,46,Mass,Gig-worker,37,40896.24,Denied,Income - Gig Worker with Inconsistent Cash Flow,Income Proof - Open Finance Connect
APP_006663,CLI_00956,BR_017,43,Mass-Affluent,Gig-worker,104,36130.59,Denied,Policy - Debt-to-Income (DTI) > 30%,Restructuring - Add Co-signer or Increase Term
APP_006667,CLI_01998,BR_020,53,Mass-Affluent,Salaried,42,45523.96,Denied,Registry Error - Data Mismatch with Tax Authority,Fast Update - ID Verification
APP_006668,CLI_01666,BR_036,29,Mass,Salaried,21,2737.49,Denied,Policy - Debt-to-Income (DTI) > 30%,Restructuring - Add Co-signer or Increase Term
APP_006669,CLI_02131,BR_002,68,Mass,Gig-worker,87,41498.58,Denied,Score - Disabled Positive Credit Registry,Credit Recovery - BACEN Education Journey
APP_006670,CLI_03741,BR_045,25,Premium,Self-employed,2,25817.09,Denied,Score - Disabled Positive Credit Registry,Credit Recovery - BACEN Education Journey
APP_006671,CLI_02501,BR_004,41,Mass-Affluent,Salaried,42,43183.88,Denied,Score - Forgotten Micro-Debt,Credit Recovery - Micro-settlement
APP_006674,CLI_01498,BR_048,70,Mass,Gig-worker,85,38674.82,Denied,Policy - Debt-to-Income (DTI) > 30%,Restructuring - Add Co-signer or Increase Term
APP_006675,CLI_04603,BR_042,73,Premium,Gig-worker,100,42306.63,Denied,Income - Missing Tax Return,Income Proof - Request Tax Return
APP_006678,CLI_03145,BR_002,72,Premium,Gig-worker,11,12881.82,Denied,Score - Disabled Positive Credit Registry,Credit Recovery - BACEN Education Journey
APP_006679,CLI_01952,BR_050,58,Mass,Gig-worker,73,37378.99,Denied,Income - Missing Tax Return,Income Proof - Request Tax Return
APP_006680,CLI_01460,BR_001,71,Mass,Gig-worker,52,8528.51,Denied,Income - Missing Tax Return,Income Proof - Request Tax Return
APP_006681,CLI_00293,BR_013,36,Mass,Unemployed,57,9929.16,Denied,Policy - Debt-to-Income (DTI) > 30%,Restructuring - Add Co-signer or Increase Term
APP_006682,CLI_00655,BR_006,62,Mass,Self-employed,11,44069.27,Denied,Policy - Debt-to-Income (DTI) > 30%,Restructuring - Add Co-signer or Increase Term
APP_006683,CLI_02985,BR_022,27,Mass,Business Owner,57,35588.23,Denied,Score - Forgotten Micro-Debt,Credit Recovery - Micro-settlement
APP_006684,CLI_03844,BR_017,58,Mass-Affluent,Gig-worker,76,43893.62,Denied,Score - Disabled Positive Credit Registry,Credit Recovery - BACEN Education Journey
APP_006688,CLI_04015,BR_006,64,Mass,Business Owner,62,1474.37,Denied,Document Error - Expired or Illegible ID,Fast Update - Request New ID
APP_006689,CLI_03254,BR_003,69,Private,Gig-worker,6,14941.63,Denied,Income - Gig Worker with Inconsistent Cash Flow,Income Proof - Open Finance Connect
APP_006691,CLI_04881,BR_006,18,Mass,Salaried,72,5518.76,Denied,Registry Error - Data Mismatch with Tax Authority,Fast Update - ID Verification
APP_006693,CLI_03506,BR_035,50,Mass,Salaried,67,19775.46,Denied,Policy - Debt-to-Income (DTI) > 30%,Restructuring - Add Co-signer or Increase Term
APP_006695,CLI_02686,BR_050,28,Mass,Self-employed,42,35494.96,Denied,Policy - Debt-to-Income (DTI) > 30%,Restructuring - Add Co-signer or Increase Term
APP_006696,CLI_00028,BR_037,50,Mass-Affluent,Salaried,61,36734.71,Denied,Document Error - Expired or Illegible ID,Fast Update - Request New ID
APP_006698,CLI_01307,BR_035,43,Mass,Self-employed,60,24791.49,Denied,Income - Missing Tax Return,Income Proof - Request Tax Return
APP_006700,CLI_03455,BR_008,74,Mass-Affluent,Self-employed,18,45789.14,Denied,Income - Gig Worker with Inconsistent Cash Flow,Income Proof - Open Finance Connect
APP_006705,CLI_04289,BR_010,49,Premium,Self-employed,56,28682.77,Denied,Income - Gig Worker with Inconsistent Cash Flow,Income Proof - Open Finance Connect
APP_006708,CLI_00203,BR_031,52,Premium,Unemployed,27,49649.95,Denied,Policy - Debt-to-Income (DTI) > 30%,Restructuring - Add Co-signer or Increase Term
APP_006709,CLI_00402,BR_033,47,Premium,Self-employed,106,42837.14,Denied,Income - Gig Worker with Inconsistent Cash Flow,Income Proof - Open Finance Connect
APP_006712,CLI_00890,BR_032,51,Mass-Affluent,Gig-worker,90,8317.46,Denied,Policy - Debt-to-Income (DTI) > 30%,Restructuring - Add Co-signer or Increase Term
APP_006713,CLI_00179,BR_033,36,Mass,Salaried,43,40046.73,Denied,Document Error - Expired or Illegible ID,Fast Update - Request New ID
APP_006714,CLI_01980,BR_009,21,Mass,Business Owner,116,39523.66,Denied,Registry Error - Data Mismatch with Tax Authority,Fast Update - ID Verification
APP_006715,CLI_02511,BR_029,38,Private,Gig-worker,7,11361.0,Denied,Income - Missing Tax Return,Income Proof - Request Tax Return
APP_006716,CLI_02883,BR_015,48,Mass,Salaried,69,38472.49,Denied,Registry Error - Data Mismatch with Tax Authority,Fast Update - ID Verification
APP_006717,CLI_03985,BR_018,30,Mass,Salaried,3,29516.69,Denied,Registry Error - Data Mismatch with Tax Authority,Fast Update - ID Verification
APP_006721,CLI_04283,BR_029,36,Mass,Gig-worker,12,25816.42,Denied,Policy - Debt-to-Income (DTI) > 30%,Restructuring - Add Co-signer or Increase Term
APP_006723,CLI_03831,BR_019,52,Mass,Self-employed,92,2416.59,Denied,Income - Missing Tax Return,Income Proof - Request Tax Return
APP_006725,CLI_04405,BR_041,49,Mass,Salaried,55,47395.03,Denied,Document Error - Expired or Illegible ID,Fast Update - Request New ID
APP_006726,CLI_02225,BR_050,72,Mass,Salaried,54,25476.86,Denied,Registry Error - Data Mismatch with Tax Authority,Fast Update - ID Verification
APP_006729,CLI_04627,BR_015,71,Mass,Gig-worker,68,45896.8,Denied,Income - Missing Tax Return,Income Proof - Request Tax Return
APP_006734,CLI_02359,BR_043,64,Mass,Salaried,116,27480.68,Denied,Policy - Debt-to-Income (DTI) > 30%,Restructuring - Add Co-signer or Increase Term
APP_006735,CLI_03855,BR_009,63,Mass,Salaried,52,47265.98,Denied,Policy - Debt-to-Income (DTI) > 30%,Restructuring - Add Co-signer or Increase Term
APP_006738,CLI_00407,BR_011,69,Mass,Gig-worker,38,44377.87,Denied,Score - Disabled Positive Credit Registry,Credit Recovery - BACEN Education Journey
APP_006739,CLI_04341,BR_034,39,Mass,Business Owner,61,16748.85,Denied,Score - Forgotten Micro-Debt,Credit Recovery - Micro-settlement
APP_006743,CLI_04978,BR_005,22,Mass,Salaried,87,9052.72,Denied,Policy - Debt-to-Income (DTI) > 30%,Restructuring - Add Co-signer or Increase Term
APP_006745,CLI_02242,BR_043,52,Premium,Salaried,37,18483.28,Denied,Policy - Debt-to-Income (DTI) > 30%,Restructuring - Add Co-signer or Increase Term
APP_006748,CLI_01513,BR_037,67,Mass,Unemployed,49,25605.5,Denied,Policy - Debt-to-Income (DTI) > 30%,Restructuring - Add Co-signer or Increase Term
APP_006749,CLI_00930,BR_041,38,Mass,Gig-worker,76,42967.41,Denied,Score - Disabled Positive Credit Registry,Credit Recovery - BACEN Education Journey
APP_006750,CLI_04037,BR_001,56,Premium,Self-employed,6,10570.55,Denied,Policy - Debt-to-Income (DTI) > 30%,Restructuring - Add Co-signer or Increase Term
APP_006753,CLI_01040,BR_040,39,Premium,Gig-worker,69,40625.92,Denied,Score - Disabled Positive Credit Registry,Credit Recovery - BACEN Education Journey
APP_006755,CLI_02100,BR_016,65,Premium,Self-employed,87,24796.21,Denied,Score - Disabled Positive Credit Registry,Credit Recovery - BACEN Education Journey
APP_006756,CLI_00514,BR_045,27,Mass,Salaried,92,30074.36,Denied,Score - Forgotten Micro-Debt,Credit Recovery - Micro-settlement
APP_006757,CLI_04840,BR_037,21,Mass,Salaried,22,39698.51,Denied,Policy - Debt-to-Income (DTI) > 30%,Restructuring - Add Co-signer or Increase Term
APP_006761,CLI_02458,BR_014,18,Mass,Gig-worker,109,46937.34,Denied,Income - Gig Worker with Inconsistent Cash Flow,Income Proof - Open Finance Connect
APP_006763,CLI_02681,BR_007,32,Mass,Salaried,101,10150.78,Denied,Registry Error - Data Mismatch with Tax Authority,Fast Update - ID Verification
APP_006765,CLI_03167,BR_024,72,Mass,Self-employed,85,27880.79,Denied,Income - Gig Worker with Inconsistent Cash Flow,Income Proof - Open Finance Connect
APP_006767,CLI_04451,BR_043,42,Mass-Affluent,Gig-worker,114,40925.6,Denied,Income - Missing Tax Return,Income Proof - Request Tax Return
APP_006769,CLI_02888,BR_047,71,Mass,Self-employed,111,30744.05,Denied,Score - Disabled Positive Credit Registry,Credit Recovery - BACEN Education Journey
APP_006772,CLI_03531,BR_020,27,Mass,Gig-worker,51,15535.42,Denied,Income - Gig Worker with Inconsistent Cash Flow,Income Proof - Open Finance Connect
APP_006776,CLI_02243,BR_040,46,Mass,Gig-worker,118,34639.45,Denied,Income - Missing Tax Return,Income Proof - Request Tax Return
APP_006777,CLI_01095,BR_042,66,Mass,Gig-worker,50,15700.97,Denied,Policy - Debt-to-Income (DTI) > 30%,Restructuring - Add Co-signer or Increase Term
APP_006778,CLI_01359,BR_006,43,Mass,Unemployed,72,28824.44,Denied,Policy - Debt-to-Income (DTI) > 30%,Restructuring - Add Co-signer or Increase Term
APP_006781,CLI_01451,BR_010,31,Mass,Salaried,74,48773.28,Denied,Document Error - Expired or Illegible ID,Fast Update - Request New ID
APP_006782,CLI_02124,BR_028,42,Mass,Self-employed,9,7459.83,Denied,Income - Missing Tax Return,Income Proof - Request Tax Return
APP_006785,CLI_01665,BR_048,42,Mass,Gig-worker,18,31921.3,Denied,Income - Gig Worker with Inconsistent Cash Flow,Income Proof - Open Finance Connect
APP_006788,CLI_04073,BR_035,18,Mass,Gig-worker,7,47424.07,Denied,Income - Gig Worker with Inconsistent Cash Flow,Income Proof - Open Finance Connect
APP_006790,CLI_00215,BR_047,22,Mass,Unemployed,43,17791.01,Denied,Policy - Debt-to-Income (DTI) > 30%,Restructuring - Add Co-signer or Increase Term
APP_006791,CLI_03073,BR_028,52,Mass,Gig-worker,73,22889.38,Denied,Income - Missing Tax Return,Income Proof - Request Tax Return
APP_006793,CLI_04473,BR_023,41,Mass,Self-employed,69,5910.86,Denied,Income - Gig Worker with Inconsistent Cash Flow,Income Proof - Open Finance Connect
APP_006796,CLI_03272,BR_035,48,Mass,Salaried,90,10686.0,Denied,Document Error - Expired or Illegible ID,Fast Update - Request New ID
APP_006797,CLI_01207,BR_041,50,Private,Self-employed,40,21578.05,Denied,Score - Disabled Positive Credit Registry,Credit Recovery - BACEN Education Journey
APP_006799,CLI_03470,BR_032,32,Mass,Gig-worker,106,31815.5,Denied,Score - Disabled Positive Credit Registry,Credit Recovery - BACEN Education Journey
APP_006801,CLI_04848,BR_047,54,Mass,Salaried,12,46126.93,Denied,Document Error - Expired or Illegible ID,Fast Update - Request New ID
APP_006810,CLI_00003,BR_036,42,Mass,Salaried,114,25050.91,Denied,Score - Forgotten Micro-Debt,Credit Recovery - Micro-settlement
APP_006812,CLI_01083,BR_022,68,Mass-Affluent,Salaried,65,28422.02,Denied,Score - Forgotten Micro-Debt,Credit Recovery - Micro-settlement
APP_006814,CLI_01518,BR_047,57,Mass,Gig-worker,49,21662.12,Denied,Income - Gig Worker with Inconsistent Cash Flow,Income Proof - Open Finance Connect
APP_006815,CLI_04847,BR_024,28,Mass,Business Owner,58,46222.55,Denied,Score - Forgotten Micro-Debt,Credit Recovery - Micro-settlement
APP_006817,CLI_03580,BR_020,52,Mass,Gig-worker,119,29948.39,Denied,Income - Gig Worker with Inconsistent Cash Flow,Income Proof - Open Finance Connect
APP_006818,CLI_02634,BR_012,71,Mass-Affluent,Gig-worker,32,29043.9,Denied,Policy - Debt-to-Income (DTI) > 30%,Restructuring - Add Co-signer or Increase Term
APP_006825,CLI_01705,BR_015,48,Mass,Unemployed,11,7176.99,Denied,Document Error - Expired or Illegible ID,Fast Update - Request New ID
APP_006828,CLI_01893,BR_028,46,Mass-Affluent,Business Owner,69,37806.22,Denied,Document Error - Expired or Illegible ID,Fast Update - Request New ID
APP_006831,CLI_02352,BR_011,74,Mass,Gig-worker,54,34977.27,Denied,Income - Missing Tax Return,Income Proof - Request Tax Return
APP_006834,CLI_02476,BR_010,65,Mass,Gig-worker,56,28601.67,Denied,Income - Gig Worker with Inconsistent Cash Flow,Income Proof - Open Finance Connect
APP_006835,CLI_04546,BR_038,73,Mass,Gig-worker,21,3655.93,Denied,Policy - Debt-to-Income (DTI) > 30%,Restructuring - Add Co-signer or Increase Term
APP_006838,CLI_02791,BR_037,22,Mass-Affluent,Salaried,4,17136.48,Denied,Registry Error - Data Mismatch with Tax Authority,Fast Update - ID Verification
APP_006840,CLI_00679,BR_032,18,Mass-Affluent,Gig-worker,65,46509.33,Denied,Score - Disabled Positive Credit Registry,Credit Recovery - BACEN Education Journey
APP_006842,CLI_03560,BR_014,32,Private,Unemployed,41,49831.15,Denied,Policy - Debt-to-Income (DTI) > 30%,Restructuring - Add Co-signer or Increase Term
APP_006844,CLI_02938,BR_004,40,Mass,Unemployed,26,35737.76,Denied,Score - Forgotten Micro-Debt,Credit Recovery - Micro-settlement
APP_006846,CLI_04401,BR_032,20,Mass,Self-employed,48,43742.94,Denied,Income - Gig Worker with Inconsistent Cash Flow,Income Proof - Open Finance Connect
APP_006848,CLI_00836,BR_043,67,Private,Gig-worker,44,14730.12,Denied,Policy - Debt-to-Income (DTI) > 30%,Restructuring - Add Co-signer or Increase Term
APP_006849,CLI_02494,BR_016,30,Mass,Salaried,19,7476.78,Denied,Document Error - Expired or Illegible ID,Fast Update - Request New ID
APP_006851,CLI_02326,BR_032,29,Mass,Self-employed,16,21905.13,Denied,Policy - Debt-to-Income (DTI) > 30%,Restructuring - Add Co-signer or Increase Term
APP_006852,CLI_03925,BR_018,42,Mass,Gig-worker,87,45593.23,Denied,Policy - Debt-to-Income (DTI) > 30%,Restructuring - Add Co-signer or Increase Term
APP_006853,CLI_02425,BR_025,18,Mass-Affluent,Salaried,29,15425.94,Denied,Score - Forgotten Micro-Debt,Credit Recovery - Micro-settlement
APP_006859,CLI_04860,BR_003,61,Mass-Affluent,Salaried,13,45825.62,Denied,Policy - Debt-to-Income (DTI) > 30%,Restructuring - Add Co-signer or Increase Term
APP_006862,CLI_01149,BR_007,57,Mass,Salaried,111,37049.95,Denied,Policy - Debt-to-Income (DTI) > 30%,Restructuring - Add Co-signer or Increase Term
APP_006864,CLI_04578,BR_044,45,Premium,Unemployed,70,2321.52,Denied,Document Error - Expired or Illegible ID,Fast Update - Request New ID
APP_006865,CLI_00122,BR_008,41,Mass,Salaried,25,18896.63,Denied,Registry Error - Data Mismatch with Tax Authority,Fast Update - ID Verification
APP_006867,CLI_04677,BR_023,34,Mass-Affluent,Gig-worker,92,45136.93,Denied,Income - Gig Worker with Inconsistent Cash Flow,Income Proof - Open Finance Connect
APP_006868,CLI_03723,BR_017,32,Private,Gig-worker,42,47722.74,Denied,Income - Gig Worker with Inconsistent Cash Flow,Income Proof - Open Finance Connect
APP_006870,CLI_02173,BR_017,61,Private,Self-employed,39,36607.54,Denied,Income - Gig Worker with Inconsistent Cash Flow,Income Proof - Open Finance Connect
APP_006874,CLI_03643,BR_020,26,Mass,Unemployed,54,28398.93,Denied,Score - Forgotten Micro-Debt,Credit Recovery - Micro-settlement
APP_006877,CLI_01485,BR_026,59,Mass,Gig-worker,104,21062.28,Denied,Income - Gig Worker with Inconsistent Cash Flow,Income Proof - Open Finance Connect
APP_006885,CLI_03659,BR_018,55,Mass-Affluent,Self-employed,44,37452.17,Denied,Income - Gig Worker with Inconsistent Cash Flow,Income Proof - Open Finance Connect
APP_006889,CLI_00165,BR_045,51,Mass,Salaried,55,27932.29,Denied,Score - Forgotten Micro-Debt,Credit Recovery - Micro-settlement
APP_006891,CLI_01957,BR_015,41,Mass,Self-employed,69,19530.11,Denied,Policy - Debt-to-Income (DTI) > 30%,Restructuring - Add Co-signer or Increase Term
APP_006894,CLI_03290,BR_003,71,Mass,Gig-worker,1,25527.55,Denied,Score - Disabled Positive Credit Registry,Credit Recovery - BACEN Education Journey
APP_006896,CLI_02424,BR_035,38,Mass,Self-employed,8,20282.24,Denied,Policy - Debt-to-Income (DTI) > 30%,Restructuring - Add Co-signer or Increase Term
APP_006898,CLI_03697,BR_043,47,Premium,Gig-worker,31,15014.19,Denied,Income - Gig Worker with Inconsistent Cash Flow,Income Proof - Open Finance Connect
APP_006902,CLI_01993,BR_015,67,Mass-Affluent,Salaried,81,9547.49,Denied,Policy - Debt-to-Income (DTI) > 30%,Restructuring - Add Co-signer or Increase Term
APP_006903,CLI_01660,BR_029,33,Mass,Salaried,108,42136.68,Denied,Policy - Debt-to-Income (DTI) > 30%,Restructuring - Add Co-signer or Increase Term
APP_006911,CLI_00343,BR_033,50,Premium,Salaried,84,20470.52,Denied,Registry Error - Data Mismatch with Tax Authority,Fast Update - ID Verification
APP_006913,CLI_02702,BR_032,58,Mass,Gig-worker,107,21146.08,Denied,Income - Gig Worker with Inconsistent Cash Flow,Income Proof - Open Finance Connect
APP_006914,CLI_00976,BR_043,31,Mass,Business Owner,74,35791.63,Denied,Registry Error - Data Mismatch with Tax Authority,Fast Update - ID Verification
APP_006921,CLI_04605,BR_002,50,Mass,Gig-worker,17,25986.12,Denied,Score - Disabled Positive Credit Registry,Credit Recovery - BACEN Education Journey
APP_006923,CLI_01469,BR_038,24,Mass,Gig-worker,80,44002.32,Denied,Score - Disabled Positive Credit Registry,Credit Recovery - BACEN Education Journey
APP_006926,CLI_00901,BR_018,74,Mass-Affluent,Unemployed,67,22930.62,Denied,Document Error - Expired or Illegible ID,Fast Update - Request New ID
APP_006927,CLI_03748,BR_022,55,Mass,Gig-worker,87,49321.99,Denied,Income - Gig Worker with Inconsistent Cash Flow,Income Proof - Open Finance Connect
APP_006928,CLI_04065,BR_035,47,Mass,Business Owner,21,32059.75,Denied,Score - Forgotten Micro-Debt,Credit Recovery - Micro-settlement
APP_006929,CLI_01472,BR_015,38,Mass-Affluent,Business Owner,15,18347.46,Denied,Policy - Debt-to-Income (DTI) > 30%,Restructuring - Add Co-signer or Increase Term
APP_006930,CLI_03104,BR_007,34,Mass-Affluent,Salaried,73,1826.53,Denied,Registry Error - Data Mismatch with Tax Authority,Fast Update - ID Verification
APP_006931,CLI_00327,BR_013,20,Mass-Affluent,Self-employed,22,24762.47,Denied,Income - Missing Tax Return,Income Proof - Request Tax Return
APP_006932,CLI_00074,BR_042,53,Mass-Affluent,Gig-worker,111,11116.83,Denied,Income - Gig Worker with Inconsistent Cash Flow,Income Proof - Open Finance Connect
APP_006933,CLI_00251,BR_036,52,Mass-Affluent,Self-employed,17,32739.95,Denied,Income - Gig Worker with Inconsistent Cash Flow,Income Proof - Open Finance Connect
APP_006939,CLI_00302,BR_019,63,Mass,Salaried,58,42264.19,Denied,Score - Forgotten Micro-Debt,Credit Recovery - Micro-settlement
APP_006940,CLI_04608,BR_017,40,Mass-Affluent,Gig-worker,82,13730.2,Denied,Income - Gig Worker with Inconsistent Cash Flow,Income Proof - Open Finance Connect
APP_006943,CLI_01635,BR_036,47,Private,Self-employed,3,15298.69,Denied,Score - Disabled Positive Credit Registry,Credit Recovery - BACEN Education Journey
APP_006945,CLI_02277,BR_042,68,Premium,Self-employed,118,41453.48,Denied,Score - Disabled Positive Credit Registry,Credit Recovery - BACEN Education Journey
APP_006947,CLI_02845,BR_041,29,Private,Gig-worker,18,40143.82,Denied,Income - Gig Worker with Inconsistent Cash Flow,Income Proof - Open Finance Connect
APP_006949,CLI_04591,BR_006,35,Mass,Salaried,63,18085.06,Denied,Policy - Debt-to-Income (DTI) > 30%,Restructuring - Add Co-signer or Increase Term
APP_006952,CLI_03936,BR_024,74,Mass,Salaried,3,32764.09,Denied,Document Error - Expired or Illegible ID,Fast Update - Request New ID
APP_006955,CLI_03684,BR_032,28,Mass,Gig-worker,79,42550.91,Denied,Policy - Debt-to-Income (DTI) > 30%,Restructuring - Add Co-signer or Increase Term
APP_006957,CLI_04762,BR_017,62,Mass,Self-employed,44,2794.83,Denied,Policy - Debt-to-Income (DTI) > 30%,Restructuring - Add Co-signer or Increase Term
APP_006960,CLI_01286,BR_004,73,Mass,Gig-worker,63,18961.46,Denied,Income - Gig Worker with Inconsistent Cash Flow,Income Proof - Open Finance Connect
APP_006962,CLI_00161,BR_023,55,Mass,Self-employed,76,34101.15,Denied,Policy - Debt-to-Income (DTI) > 30%,Restructuring - Add Co-signer or Increase Term
APP_006963,CLI_02399,BR_049,60,Mass-Affluent,Unemployed,96,4859.28,Denied,Registry Error - Data Mismatch with Tax Authority,Fast Update - ID Verification
APP_006965,CLI_00018,BR_021,22,Mass,Salaried,15,5207.25,Denied,Registry Error - Data Mismatch with Tax Authority,Fast Update - ID Verification
APP_006966,CLI_02534,BR_022,43,Mass,Salaried,57,30297.57,Denied,Registry Error - Data Mismatch with Tax Authority,Fast Update - ID Verification
APP_006967,CLI_04447,BR_001,36,Private,Gig-worker,37,2333.21,Denied,Policy - Debt-to-Income (DTI) > 30%,Restructuring - Add Co-signer or Increase Term
APP_006970,CLI_02318,BR_018,74,Mass-Affluent,Gig-worker,36,24870.08,Denied,Income - Missing Tax Return,Income Proof - Request Tax Return
APP_006973,CLI_00316,BR_006,69,Mass,Salaried,71,16351.33,Denied,Policy - Debt-to-Income (DTI) > 30%,Restructuring - Add Co-signer or Increase Term
APP_006975,CLI_02212,BR_030,30,Mass-Affluent,Gig-worker,109,32468.21,Denied,Income - Missing Tax Return,Income Proof - Request Tax Return
APP_006977,CLI_04528,BR_046,32,Mass-Affluent,Gig-worker,57,35842.13,Denied,Income - Gig Worker with Inconsistent Cash Flow,Income Proof - Open Finance Connect
APP_006981,CLI_04821,BR_009,46,Mass-Affluent,Self-employed,78,42273.12,Denied,Score - Disabled Positive Credit Registry,Credit Recovery - BACEN Education Journey
APP_006985,CLI_00471,BR_005,50,Mass,Salaried,63,45434.8,Denied,Policy - Debt-to-Income (DTI) > 30%,Restructuring - Add Co-signer or Increase Term
APP_006987,CLI_02608,BR_023,61,Mass-Affluent,Salaried,108,21161.84,Denied,Policy - Debt-to-Income (DTI) > 30%,Restructuring - Add Co-signer or Increase Term
APP_006992,CLI_04376,BR_047,18,Mass,Salaried,118,43456.16,Denied,Score - Forgotten Micro-Debt,Credit Recovery - Micro-settlement
APP_006994,CLI_01911,BR_035,65,Mass,Unemployed,74,45306.27,Denied,Score - Forgotten Micro-Debt,Credit Recovery - Micro-settlement
APP_006995,CLI_00916,BR_019,49,Mass,Gig-worker,74,1128.95,Denied,Income - Gig Worker with Inconsistent Cash Flow,Income Proof - Open Finance Connect
APP_006996,CLI_01618,BR_015,26,Mass-Affluent,Salaried,34,31869.42,Denied,Policy - Debt-to-Income (DTI) > 30%,Restructuring - Add Co-signer or Increase Term
APP_006997,CLI_01684,BR_008,32,Mass,Salaried,64,21210.43,Denied,Score - Forgotten Micro-Debt,Credit Recovery - Micro-settlement
APP_007002,CLI_04649,BR_030,19,Mass,Unemployed,15,35447.38,Denied,Policy - Debt-to-Income (DTI) > 30%,Restructuring - Add Co-signer or Increase Term
APP_007008,CLI_02378,BR_022,54,Mass-Affluent,Salaried,13,1130.39,Denied,Registry Error - Data Mismatch with Tax Authority,Fast Update - ID Verification
APP_007009,CLI_00691,BR_019,61,Mass,Salaried,77,29751.25,Denied,Document Error - Expired or Illegible ID,Fast Update - Request New ID
APP_007011,CLI_02505,BR_041,38,Mass,Salaried,104,37530.0,Denied,Policy - Debt-to-Income (DTI) > 30%,Restructuring - Add Co-signer or Increase Term
APP_007015,CLI_03940,BR_022,52,Mass-Affluent,Business Owner,66,6013.7,Denied,Registry Error - Data Mismatch with Tax Authority,Fast Update - ID Verification
APP_007016,CLI_04175,BR_024,68,Mass,Self-employed,58,17504.96,Denied,Income - Gig Worker with Inconsistent Cash Flow,Income Proof - Open Finance Connect
APP_007018,CLI_00551,BR_047,54,Mass-Affluent,Gig-worker,71,40338.19,Denied,Policy - Debt-to-Income (DTI) > 30%,Restructuring - Add Co-signer or Increase Term
APP_007020,CLI_00214,BR_007,29,Mass,Unemployed,80,21444.65,Denied,Registry Error - Data Mismatch with Tax Authority,Fast Update - ID Verification
APP_007024,CLI_04255,BR_008,54,Mass,Gig-worker,85,43997.27,Denied,Income - Gig Worker with Inconsistent Cash Flow,Income Proof - Open Finance Connect
APP_007025,CLI_04077,BR_013,43,Mass,Self-employed,38,14048.19,Denied,Income - Gig Worker with Inconsistent Cash Flow,Income Proof - Open Finance Connect
APP_007028,CLI_02249,BR_050,66,Mass,Gig-worker,114,12031.2,Denied,Income - Gig Worker with Inconsistent Cash Flow,Income Proof - Open Finance Connect
APP_007033,CLI_04881,BR_046,18,Mass,Salaried,72,6137.71,Denied,Policy - Debt-to-Income (DTI) > 30%,Restructuring - Add Co-signer or Increase Term
APP_007036,CLI_02816,BR_010,50,Mass,Salaried,101,10928.53,Denied,Score - Forgotten Micro-Debt,Credit Recovery - Micro-settlement
APP_007038,CLI_04585,BR_045,52,Mass,Gig-worker,81,15135.93,Denied,Score - Disabled Positive Credit Registry,Credit Recovery - BACEN Education Journey
APP_007039,CLI_01788,BR_020,74,Mass,Salaried,89,17230.09,Denied,Policy - Debt-to-Income (DTI) > 30%,Restructuring - Add Co-signer or Increase Term
APP_007041,CLI_04318,BR_014,65,Mass,Business Owner,15,13436.46,Denied,Policy - Debt-to-Income (DTI) > 30%,Restructuring - Add Co-signer or Increase Term
APP_007042,CLI_02461,BR_003,33,Mass,Salaried,83,4632.62,Denied,Registry Error - Data Mismatch with Tax Authority,Fast Update - ID Verification
APP_007045,CLI_02177,BR_006,20,Mass,Salaried,88,34732.8,Denied,Document Error - Expired or Illegible ID,Fast Update - Request New ID
APP_007046,CLI_00877,BR_020,68,Mass,Salaried,94,43888.14,Denied,Policy - Debt-to-Income (DTI) > 30%,Restructuring - Add Co-signer or Increase Term
APP_007047,CLI_03493,BR_035,38,Mass-Affluent,Self-employed,39,6138.09,Denied,Income - Gig Worker with Inconsistent Cash Flow,Income Proof - Open Finance Connect
APP_007050,CLI_04120,BR_035,51,Premium,Business Owner,26,36339.56,Denied,Registry Error - Data Mismatch with Tax Authority,Fast Update - ID Verification
APP_007051,CLI_04289,BR_012,49,Premium,Self-employed,56,48541.65,Denied,Score - Disabled Positive Credit Registry,Credit Recovery - BACEN Education Journey
APP_007052,CLI_00878,BR_008,34,Private,Self-employed,76,40952.61,Denied,Income - Gig Worker with Inconsistent Cash Flow,Income Proof - Open Finance Connect
APP_007053,CLI_04486,BR_037,51,Mass-Affluent,Unemployed,60,2728.63,Denied,Score - Forgotten Micro-Debt,Credit Recovery - Micro-settlement
APP_007054,CLI_02545,BR_049,22,Mass,Self-employed,54,16516.33,Denied,Score - Disabled Positive Credit Registry,Credit Recovery - BACEN Education Journey
APP_007059,CLI_02409,BR_045,60,Mass-Affluent,Salaried,16,15905.94,Denied,Policy - Debt-to-Income (DTI) > 30%,Restructuring - Add Co-signer or Increase Term
APP_007062,CLI_03949,BR_031,30,Mass,Self-employed,77,38799.04,Denied,Score - Disabled Positive Credit Registry,Credit Recovery - BACEN Education Journey
APP_007063,CLI_01239,BR_040,46,Premium,Gig-worker,2,7928.76,Denied,Income - Gig Worker with Inconsistent Cash Flow,Income Proof - Open Finance Connect
APP_007068,CLI_03546,BR_004,66,Mass,Self-employed,86,42760.96,Denied,Income - Missing Tax Return,Income Proof - Request Tax Return
APP_007069,CLI_02310,BR_041,56,Mass,Unemployed,80,17123.91,Denied,Policy - Debt-to-Income (DTI) > 30%,Restructuring - Add Co-signer or Increase Term
APP_007075,CLI_04175,BR_031,68,Mass,Self-employed,58,13712.3,Denied,Score - Disabled Positive Credit Registry,Credit Recovery - BACEN Education Journey
APP_007077,CLI_02557,BR_028,63,Mass-Affluent,Self-employed,54,16109.19,Denied,Policy - Debt-to-Income (DTI) > 30%,Restructuring - Add Co-signer or Increase Term
APP_007078,CLI_04162,BR_025,73,Mass,Gig-worker,36,35225.96,Denied,Policy - Debt-to-Income (DTI) > 30%,Restructuring - Add Co-signer or Increase Term
APP_007081,CLI_00287,BR_034,50,Premium,Salaried,29,12561.23,Denied,Document Error - Expired or Illegible ID,Fast Update - Request New ID
APP_007082,CLI_03248,BR_032,44,Mass,Salaried,36,37864.15,Denied,Policy - Debt-to-Income (DTI) > 30%,Restructuring - Add Co-signer or Increase Term
APP_007083,CLI_04219,BR_025,68,Mass,Salaried,60,37122.96,Denied,Score - Forgotten Micro-Debt,Credit Recovery - Micro-settlement
APP_007091,CLI_00158,BR_009,28,Private,Salaried,81,7784.06,Denied,Document Error - Expired or Illegible ID,Fast Update - Request New ID
APP_007093,CLI_02885,BR_037,18,Mass-Affluent,Salaried,20,24323.17,Denied,Document Error - Expired or Illegible ID,Fast Update - Request New ID
APP_007096,CLI_00153,BR_001,23,Mass,Self-employed,6,30043.55,Denied,Income - Gig Worker with Inconsistent Cash Flow,Income Proof - Open Finance Connect
APP_007099,CLI_02882,BR_029,53,Mass-Affluent,Business Owner,13,34164.98,Denied,Policy - Debt-to-Income (DTI) > 30%,Restructuring - Add Co-signer or Increase Term
APP_007102,CLI_04081,BR_003,48,Mass-Affluent,Gig-worker,44,21000.04,Denied,Policy - Debt-to-Income (DTI) > 30%,Restructuring - Add Co-signer or Increase Term
APP_007103,CLI_03471,BR_021,65,Mass,Salaried,105,7734.27,Denied,Policy - Debt-to-Income (DTI) > 30%,Restructuring - Add Co-signer or Increase Term
APP_007104,CLI_01056,BR_013,68,Mass-Affluent,Gig-worker,75,31883.9,Denied,Income - Missing Tax Return,Income Proof - Request Tax Return
APP_007106,CLI_04149,BR_017,65,Mass-Affluent,Salaried,88,4672.71,Denied,Document Error - Expired or Illegible ID,Fast Update - Request New ID
APP_007107,CLI_02766,BR_035,48,Mass-Affluent,Salaried,39,28338.24,Denied,Policy - Debt-to-Income (DTI) > 30%,Restructuring - Add Co-signer or Increase Term
APP_007109,CLI_04045,BR_003,30,Mass,Unemployed,2,2322.8,Denied,Score - Forgotten Micro-Debt,Credit Recovery - Micro-settlement
APP_007110,CLI_02393,BR_045,29,Mass,Business Owner,72,34302.13,Denied,Score - Forgotten Micro-Debt,Credit Recovery - Micro-settlement
APP_007112,CLI_00001,BR_003,62,Mass,Business Owner,84,30432.24,Denied,Registry Error - Data Mismatch with Tax Authority,Fast Update - ID Verification
APP_007114,CLI_03255,BR_048,53,Mass-Affluent,Salaried,29,4962.95,Denied,Score - Forgotten Micro-Debt,Credit Recovery - Micro-settlement
APP_007118,CLI_02249,BR_004,66,Mass,Gig-worker,114,14379.59,Denied,Income - Gig Worker with Inconsistent Cash Flow,Income Proof - Open Finance Connect
APP_007120,CLI_03413,BR_050,58,Mass,Self-employed,43,44825.78,Denied,Income - Missing Tax Return,Income Proof - Request Tax Return
APP_007123,CLI_01220,BR_012,50,Mass,Gig-worker,10,14842.36,Denied,Policy - Debt-to-Income (DTI) > 30%,Restructuring - Add Co-signer or Increase Term
APP_007125,CLI_00360,BR_040,53,Mass,Salaried,70,43342.07,Denied,Document Error - Expired or Illegible ID,Fast Update - Request New ID
APP_007126,CLI_02040,BR_024,61,Mass,Self-employed,13,31128.28,Denied,Income - Gig Worker with Inconsistent Cash Flow,Income Proof - Open Finance Connect
APP_007129,CLI_00334,BR_020,39,Private,Gig-worker,111,34607.16,Denied,Score - Disabled Positive Credit Registry,Credit Recovery - BACEN Education Journey
APP_007132,CLI_01418,BR_021,36,Mass,Salaried,113,3065.1,Denied,Registry Error - Data Mismatch with Tax Authority,Fast Update - ID Verification
APP_007136,CLI_01974,BR_024,39,Mass,Self-employed,94,11887.75,Denied,Income - Missing Tax Return,Income Proof - Request Tax Return
APP_007137,CLI_00879,BR_009,22,Mass-Affluent,Salaried,10,44075.57,Denied,Policy - Debt-to-Income (DTI) > 30%,Restructuring - Add Co-signer or Increase Term
APP_007143,CLI_00661,BR_010,61,Mass,Salaried,19,8610.32,Denied,Registry Error - Data Mismatch with Tax Authority,Fast Update - ID Verification
APP_007144,CLI_03145,BR_045,72,Premium,Gig-worker,11,24605.46,Denied,Income - Gig Worker with Inconsistent Cash Flow,Income Proof - Open Finance Connect
APP_007146,CLI_04222,BR_048,63,Premium,Gig-worker,15,24357.68,Denied,Score - Disabled Positive Credit Registry,Credit Recovery - BACEN Education Journey
APP_007149,CLI_04707,BR_017,30,Private,Self-employed,64,48241.44,Denied,Income - Missing Tax Return,Income Proof - Request Tax Return
APP_007151,CLI_01010,BR_006,27,Premium,Business Owner,107,21882.07,Denied,Policy - Debt-to-Income (DTI) > 30%,Restructuring - Add Co-signer or Increase Term
APP_007153,CLI_01758,BR_043,61,Mass,Gig-worker,90,33133.78,Denied,Income - Gig Worker with Inconsistent Cash Flow,Income Proof - Open Finance Connect
APP_007154,CLI_01965,BR_002,27,Mass,Salaried,109,6728.93,Denied,Policy - Debt-to-Income (DTI) > 30%,Restructuring - Add Co-signer or Increase Term
APP_007155,CLI_04644,BR_007,63,Mass,Gig-worker,81,15537.25,Denied,Score - Disabled Positive Credit Registry,Credit Recovery - BACEN Education Journey
APP_007156,CLI_01192,BR_046,57,Mass,Salaried,34,16368.92,Denied,Score - Forgotten Micro-Debt,Credit Recovery - Micro-settlement
APP_007157,CLI_01054,BR_004,72,Mass-Affluent,Salaried,25,30192.95,Denied,Score - Forgotten Micro-Debt,Credit Recovery - Micro-settlement
APP_007158,CLI_02842,BR_037,54,Mass-Affluent,Gig-worker,69,29418.86,Denied,Score - Disabled Positive Credit Registry,Credit Recovery - BACEN Education Journey
APP_007159,CLI_02405,BR_019,56,Premium,Salaried,75,46251.93,Denied,Policy - Debt-to-Income (DTI) > 30%,Restructuring - Add Co-signer or Increase Term
APP_007162,CLI_01823,BR_030,73,Premium,Salaried,48,44670.2,Denied,Registry Error - Data Mismatch with Tax Authority,Fast Update - ID Verification
APP_007165,CLI_00253,BR_002,58,Mass-Affluent,Self-employed,97,11535.64,Denied,Income - Gig Worker with Inconsistent Cash Flow,Income Proof - Open Finance Connect
APP_007170,CLI_01929,BR_039,40,Mass-Affluent,Salaried,32,48067.76,Denied,Policy - Debt-to-Income (DTI) > 30%,Restructuring - Add Co-signer or Increase Term
APP_007173,CLI_02986,BR_039,40,Mass,Business Owner,103,42301.47,Denied,Score - Forgotten Micro-Debt,Credit Recovery - Micro-settlement
APP_007174,CLI_01923,BR_015,22,Mass-Affluent,Business Owner,63,2189.21,Denied,Policy - Debt-to-Income (DTI) > 30%,Restructuring - Add Co-signer or Increase Term
APP_007175,CLI_03753,BR_003,70,Mass-Affluent,Unemployed,97,7321.62,Denied,Policy - Debt-to-Income (DTI) > 30%,Restructuring - Add Co-signer or Increase Term
APP_007176,CLI_04138,BR_005,60,Mass,Self-employed,47,42437.23,Denied,Income - Gig Worker with Inconsistent Cash Flow,Income Proof - Open Finance Connect
APP_007180,CLI_04439,BR_040,56,Mass,Self-employed,87,18221.46,Denied,Income - Gig Worker with Inconsistent Cash Flow,Income Proof - Open Finance Connect
APP_007184,CLI_02389,BR_005,50,Mass,Self-employed,45,14957.74,Denied,Income - Gig Worker with Inconsistent Cash Flow,Income Proof - Open Finance Connect
APP_007186,CLI_01701,BR_038,59,Mass,Salaried,104,9987.33,Denied,Score - Forgotten Micro-Debt,Credit Recovery - Micro-settlement
APP_007189,CLI_02299,BR_012,19,Mass,Gig-worker,14,5517.67,Denied,Policy - Debt-to-Income (DTI) > 30%,Restructuring - Add Co-signer or Increase Term
APP_007190,CLI_00138,BR_042,19,Mass,Self-employed,96,44836.68,Denied,Income - Gig Worker with Inconsistent Cash Flow,Income Proof - Open Finance Connect
APP_007191,CLI_02799,BR_031,38,Mass,Gig-worker,77,5907.31,Denied,Policy - Debt-to-Income (DTI) > 30%,Restructuring - Add Co-signer or Increase Term
APP_007196,CLI_02140,BR_003,33,Mass-Affluent,Self-employed,77,20027.0,Denied,Income - Gig Worker with Inconsistent Cash Flow,Income Proof - Open Finance Connect
APP_007201,CLI_02204,BR_047,59,Mass,Gig-worker,108,34856.68,Denied,Score - Disabled Positive Credit Registry,Credit Recovery - BACEN Education Journey
APP_007205,CLI_03691,BR_043,41,Mass,Self-employed,41,2769.4,Denied,Policy - Debt-to-Income (DTI) > 30%,Restructuring - Add Co-signer or Increase Term
APP_007207,CLI_02610,BR_032,56,Mass,Unemployed,60,48996.47,Denied,Score - Forgotten Micro-Debt,Credit Recovery - Micro-settlement
APP_007208,CLI_00224,BR_043,33,Premium,Self-employed,22,17390.94,Denied,Score - Disabled Positive Credit Registry,Credit Recovery - BACEN Education Journey
APP_007212,CLI_00323,BR_008,42,Mass,Unemployed,2,19137.35,Denied,Registry Error - Data Mismatch with Tax Authority,Fast Update - ID Verification
APP_007213,CLI_01512,BR_020,34,Mass-Affluent,Unemployed,105,37665.86,Denied,Score - Forgotten Micro-Debt,Credit Recovery - Micro-settlement
APP_007214,CLI_02087,BR_047,37,Mass,Unemployed,63,43448.38,Denied,Document Error - Expired or Illegible ID,Fast Update - Request New ID
APP_007215,CLI_04601,BR_007,28,Mass-Affluent,Self-employed,63,37590.02,Denied,Income - Gig Worker with Inconsistent Cash Flow,Income Proof - Open Finance Connect
APP_007216,CLI_02288,BR_001,52,Mass,Self-employed,28,32677.28,Denied,Policy - Debt-to-Income (DTI) > 30%,Restructuring - Add Co-signer or Increase Term
APP_007218,CLI_02018,BR_026,21,Mass-Affluent,Self-employed,42,37186.38,Denied,Income - Missing Tax Return,Income Proof - Request Tax Return
APP_007221,CLI_04836,BR_040,61,Mass,Business Owner,52,14856.26,Denied,Document Error - Expired or Illegible ID,Fast Update - Request New ID
APP_007224,CLI_02813,BR_014,51,Mass-Affluent,Gig-worker,22,29471.68,Denied,Income - Gig Worker with Inconsistent Cash Flow,Income Proof - Open Finance Connect
APP_007225,CLI_00623,BR_044,28,Premium,Salaried,111,45713.8,Denied,Score - Forgotten Micro-Debt,Credit Recovery - Micro-settlement
APP_007226,CLI_03825,BR_031,73,Mass-Affluent,Salaried,52,1697.24,Denied,Policy - Debt-to-Income (DTI) > 30%,Restructuring - Add Co-signer or Increase Term
APP_007228,CLI_04394,BR_049,21,Mass-Affluent,Self-employed,104,42826.53,Denied,Policy - Debt-to-Income (DTI) > 30%,Restructuring - Add Co-signer or Increase Term
APP_007229,CLI_01076,BR_019,68,Mass-Affluent,Salaried,74,31918.7,Denied,Score - Forgotten Micro-Debt,Credit Recovery - Micro-settlement
APP_007231,CLI_00664,BR_005,44,Mass-Affluent,Salaried,28,29905.74,Denied,Registry Error - Data Mismatch with Tax Authority,Fast Update - ID Verification
APP_007232,CLI_02947,BR_006,24,Mass,Gig-worker,54,12786.31,Denied,Income - Missing Tax Return,Income Proof - Request Tax Return
APP_007235,CLI_03496,BR_031,58,Mass,Unemployed,81,45417.71,Denied,Score - Forgotten Micro-Debt,Credit Recovery - Micro-settlement
APP_007238,CLI_03199,BR_025,69,Mass,Salaried,64,38720.37,Denied,Policy - Debt-to-Income (DTI) > 30%,Restructuring - Add Co-signer or Increase Term
APP_007240,CLI_04434,BR_026,44,Mass,Salaried,68,6721.71,Denied,Document Error - Expired or Illegible ID,Fast Update - Request New ID
APP_007245,CLI_04903,BR_037,59,Mass-Affluent,Salaried,11,7402.78,Denied,Policy - Debt-to-Income (DTI) > 30%,Restructuring - Add Co-signer or Increase Term
APP_007250,CLI_03256,BR_002,39,Mass,Gig-worker,25,47692.41,Denied,Score - Disabled Positive Credit Registry,Credit Recovery - BACEN Education Journey
APP_007251,CLI_02472,BR_026,26,Mass,Salaried,77,44146.11,Denied,Registry Error - Data Mismatch with Tax Authority,Fast Update - ID Verification
APP_007255,CLI_04843,BR_013,73,Mass,Salaried,55,38380.86,Denied,Document Error - Expired or Illegible ID,Fast Update - Request New ID
APP_007256,CLI_04028,BR_017,45,Premium,Self-employed,4,17658.67,Denied,Income - Gig Worker with Inconsistent Cash Flow,Income Proof - Open Finance Connect
APP_007258,CLI_00936,BR_022,43,Private,Gig-worker,63,34448.44,Denied,Policy - Debt-to-Income (DTI) > 30%,Restructuring - Add Co-signer or Increase Term
APP_007259,CLI_01798,BR_027,63,Mass,Salaried,64,7686.16,Denied,Document Error - Expired or Illegible ID,Fast Update - Request New ID
APP_007262,CLI_00268,BR_038,65,Private,Unemployed,69,34314.24,Denied,Policy - Debt-to-Income (DTI) > 30%,Restructuring - Add Co-signer or Increase Term
APP_007266,CLI_02454,BR_005,42,Mass,Self-employed,92,16190.68,Denied,Income - Missing Tax Return,Income Proof - Request Tax Return
APP_007273,CLI_00270,BR_050,68,Mass-Affluent,Salaried,94,40745.02,Denied,Score - Forgotten Micro-Debt,Credit Recovery - Micro-settlement
APP_007274,CLI_01856,BR_016,73,Mass-Affluent,Gig-worker,109,47731.26,Denied,Income - Gig Worker with Inconsistent Cash Flow,Income Proof - Open Finance Connect
APP_007277,CLI_02534,BR_023,43,Mass,Salaried,57,35590.39,Denied,Score - Forgotten Micro-Debt,Credit Recovery - Micro-settlement
APP_007280,CLI_04983,BR_017,52,Mass-Affluent,Gig-worker,96,6335.78,Denied,Income - Missing Tax Return,Income Proof - Request Tax Return
APP_007288,CLI_04582,BR_040,65,Mass,Unemployed,113,46041.13,Denied,Registry Error - Data Mismatch with Tax Authority,Fast Update - ID Verification
APP_007289,CLI_01154,BR_046,58,Mass-Affluent,Gig-worker,87,34480.27,Denied,Income - Gig Worker with Inconsistent Cash Flow,Income Proof - Open Finance Connect
APP_007290,CLI_04162,BR_024,73,Mass,Gig-worker,36,42234.96,Denied,Policy - Debt-to-Income (DTI) > 30%,Restructuring - Add Co-signer or Increase Term
APP_007292,CLI_01337,BR_030,24,Mass,Unemployed,25,31499.29,Denied,Policy - Debt-to-Income (DTI) > 30%,Restructuring - Add Co-signer or Increase Term
APP_007296,CLI_00277,BR_041,55,Mass-Affluent,Gig-worker,54,43179.07,Denied,Score - Disabled Positive Credit Registry,Credit Recovery - BACEN Education Journey
APP_007297,CLI_03481,BR_041,38,Premium,Gig-worker,106,27187.6,Denied,Score - Disabled Positive Credit Registry,Credit Recovery - BACEN Education Journey
APP_007298,CLI_02362,BR_032,54,Mass,Salaried,78,39648.27,Denied,Policy - Debt-to-Income (DTI) > 30%,Restructuring - Add Co-signer or Increase Term
APP_007303,CLI_03740,BR_017,18,Mass,Salaried,58,43970.42,Denied,Score - Forgotten Micro-Debt,Credit Recovery - Micro-settlement
APP_007304,CLI_01583,BR_043,38,Mass-Affluent,Gig-worker,76,5819.37,Denied,Policy - Debt-to-Income (DTI) > 30%,Restructuring - Add Co-signer or Increase Term
APP_007308,CLI_02376,BR_034,19,Mass-Affluent,Gig-worker,32,8744.66,Denied,Income - Gig Worker with Inconsistent Cash Flow,Income Proof - Open Finance Connect
APP_007309,CLI_02740,BR_001,25,Mass,Gig-worker,57,28217.88,Denied,Income - Gig Worker with Inconsistent Cash Flow,Income Proof - Open Finance Connect
APP_007310,CLI_00972,BR_023,41,Mass-Affluent,Gig-worker,31,41914.37,Denied,Income - Gig Worker with Inconsistent Cash Flow,Income Proof - Open Finance Connect
APP_007318,CLI_03968,BR_028,41,Mass-Affluent,Salaried,53,13906.35,Denied,Score - Forgotten Micro-Debt,Credit Recovery - Micro-settlement
APP_007319,CLI_04170,BR_035,63,Mass,Gig-worker,19,8350.19,Denied,Income - Missing Tax Return,Income Proof - Request Tax Return
APP_007321,CLI_04003,BR_004,45,Mass,Self-employed,10,18390.31,Denied,Income - Gig Worker with Inconsistent Cash Flow,Income Proof - Open Finance Connect
APP_007322,CLI_02333,BR_049,28,Mass,Salaried,78,36715.69,Denied,Policy - Debt-to-Income (DTI) > 30%,Restructuring - Add Co-signer or Increase Term
APP_007323,CLI_01574,BR_049,71,Mass-Affluent,Self-employed,114,30306.72,Denied,Income - Gig Worker with Inconsistent Cash Flow,Income Proof - Open Finance Connect
APP_007324,CLI_03269,BR_007,28,Mass-Affluent,Self-employed,61,45741.9,Denied,Income - Gig Worker with Inconsistent Cash Flow,Income Proof - Open Finance Connect
APP_007325,CLI_04376,BR_037,18,Mass,Salaried,118,8124.97,Denied,Policy - Debt-to-Income (DTI) > 30%,Restructuring - Add Co-signer or Increase Term
APP_007326,CLI_04883,BR_025,56,Premium,Unemployed,75,3927.68,Denied,Policy - Debt-to-Income (DTI) > 30%,Restructuring - Add Co-signer or Increase Term
APP_007329,CLI_01580,BR_041,68,Mass,Gig-worker,111,39598.23,Denied,Score - Disabled Positive Credit Registry,Credit Recovery - BACEN Education Journey
APP_007330,CLI_00969,BR_014,45,Mass,Salaried,12,25792.67,Denied,Policy - Debt-to-Income (DTI) > 30%,Restructuring - Add Co-signer or Increase Term
APP_007331,CLI_03738,BR_037,26,Mass,Salaried,59,24915.21,Denied,Document Error - Expired or Illegible ID,Fast Update - Request New ID
APP_007332,CLI_02034,BR_002,37,Mass-Affluent,Self-employed,111,18762.3,Denied,Policy - Debt-to-Income (DTI) > 30%,Restructuring - Add Co-signer or Increase Term
APP_007337,CLI_00637,BR_012,26,Mass-Affluent,Unemployed,22,25747.35,Denied,Policy - Debt-to-Income (DTI) > 30%,Restructuring - Add Co-signer or Increase Term
APP_007340,CLI_00101,BR_005,44,Mass-Affluent,Salaried,113,14449.77,Denied,Policy - Debt-to-Income (DTI) > 30%,Restructuring - Add Co-signer or Increase Term
APP_007341,CLI_03918,BR_001,58,Mass,Salaried,28,5797.08,Denied,Score - Forgotten Micro-Debt,Credit Recovery - Micro-settlement
APP_007342,CLI_04900,BR_043,60,Mass-Affluent,Self-employed,39,12525.29,Denied,Income - Missing Tax Return,Income Proof - Request Tax Return
APP_007344,CLI_04098,BR_039,55,Mass,Salaried,85,2730.51,Denied,Score - Forgotten Micro-Debt,Credit Recovery - Micro-settlement
APP_007345,CLI_00022,BR_034,45,Mass,Gig-worker,67,7942.1,Denied,Income - Gig Worker with Inconsistent Cash Flow,Income Proof - Open Finance Connect
APP_007352,CLI_01936,BR_019,56,Mass,Gig-worker,22,32073.96,Denied,Policy - Debt-to-Income (DTI) > 30%,Restructuring - Add Co-signer or Increase Term
APP_007354,CLI_02451,BR_035,29,Mass-Affluent,Salaried,60,48222.43,Denied,Registry Error - Data Mismatch with Tax Authority,Fast Update - ID Verification
APP_007357,CLI_03319,BR_022,36,Mass-Affluent,Gig-worker,37,36965.4,Denied,Score - Disabled Positive Credit Registry,Credit Recovery - BACEN Education Journey
APP_007359,CLI_04922,BR_008,71,Mass,Self-employed,22,4052.01,Denied,Income - Missing Tax Return,Income Proof - Request Tax Return
APP_007363,CLI_00993,BR_025,72,Mass,Salaried,75,24966.03,Denied,Document Error - Expired or Illegible ID,Fast Update - Request New ID
APP_007364,CLI_01585,BR_029,57,Mass-Affluent,Salaried,88,8749.51,Denied,Registry Error - Data Mismatch with Tax Authority,Fast Update - ID Verification
APP_007370,CLI_02257,BR_008,45,Mass,Gig-worker,89,13727.06,Denied,Income - Gig Worker with Inconsistent Cash Flow,Income Proof - Open Finance Connect
APP_007371,CLI_01123,BR_027,54,Mass,Self-employed,54,23922.77,Denied,Policy - Debt-to-Income (DTI) > 30%,Restructuring - Add Co-signer or Increase Term
APP_007373,CLI_04210,BR_039,39,Private,Gig-worker,101,19719.99,Denied,Score - Disabled Positive Credit Registry,Credit Recovery - BACEN Education Journey
APP_007375,CLI_00063,BR_025,69,Mass,Gig-worker,84,26688.92,Denied,Policy - Debt-to-Income (DTI) > 30%,Restructuring - Add Co-signer or Increase Term
APP_007378,CLI_02273,BR_047,53,Private,Self-employed,65,22523.33,Denied,Income - Gig Worker with Inconsistent Cash Flow,Income Proof - Open Finance Connect
APP_007380,CLI_02429,BR_031,49,Premium,Gig-worker,3,34839.95,Denied,Income - Missing Tax Return,Income Proof - Request Tax Return
APP_007382,CLI_04414,BR_017,72,Mass,Gig-worker,27,24949.16,Denied,Income - Gig Worker with Inconsistent Cash Flow,Income Proof - Open Finance Connect
APP_007385,CLI_01293,BR_016,26,Mass-Affluent,Business Owner,40,39832.35,Denied,Policy - Debt-to-Income (DTI) > 30%,Restructuring - Add Co-signer or Increase Term
APP_007394,CLI_02832,BR_006,43,Mass-Affluent,Salaried,26,25197.43,Denied,Registry Error - Data Mismatch with Tax Authority,Fast Update - ID Verification
APP_007396,CLI_00405,BR_017,72,Mass,Self-employed,6,46237.58,Denied,Policy - Debt-to-Income (DTI) > 30%,Restructuring - Add Co-signer or Increase Term
APP_007404,CLI_03584,BR_034,40,Mass,Self-employed,98,23089.36,Denied,Score - Disabled Positive Credit Registry,Credit Recovery - BACEN Education Journey
APP_007406,CLI_04377,BR_017,32,Private,Salaried,39,33167.42,Denied,Policy - Debt-to-Income (DTI) > 30%,Restructuring - Add Co-signer or Increase Term
APP_007407,CLI_03428,BR_020,47,Mass,Gig-worker,69,4315.15,Denied,Income - Missing Tax Return,Income Proof - Request Tax Return
APP_007409,CLI_00808,BR_049,54,Mass,Gig-worker,2,26112.86,Denied,Income - Gig Worker with Inconsistent Cash Flow,Income Proof - Open Finance Connect
APP_007411,CLI_04525,BR_018,21,Mass-Affluent,Self-employed,10,38828.59,Denied,Policy - Debt-to-Income (DTI) > 30%,Restructuring - Add Co-signer or Increase Term
APP_007412,CLI_01416,BR_036,27,Mass,Gig-worker,39,43830.87,Denied,Income - Gig Worker with Inconsistent Cash Flow,Income Proof - Open Finance Connect
APP_007413,CLI_02450,BR_035,66,Mass,Gig-worker,13,20218.8,Denied,Score - Disabled Positive Credit Registry,Credit Recovery - BACEN Education Journey
APP_007416,CLI_03497,BR_021,50,Premium,Self-employed,79,33356.45,Denied,Income - Gig Worker with Inconsistent Cash Flow,Income Proof - Open Finance Connect
APP_007417,CLI_03589,BR_032,22,Mass-Affluent,Gig-worker,85,6032.66,Denied,Income - Missing Tax Return,Income Proof - Request Tax Return
APP_007419,CLI_04733,BR_041,32,Private,Salaried,50,5692.39,Denied,Registry Error - Data Mismatch with Tax Authority,Fast Update - ID Verification
APP_007422,CLI_02909,BR_027,49,Mass,Unemployed,110,31894.07,Denied,Registry Error - Data Mismatch with Tax Authority,Fast Update - ID Verification
APP_007428,CLI_02469,BR_026,19,Mass,Unemployed,26,19749.93,Denied,Policy - Debt-to-Income (DTI) > 30%,Restructuring - Add Co-signer or Increase Term
APP_007431,CLI_02696,BR_045,38,Mass,Gig-worker,118,14937.54,Denied,Income - Missing Tax Return,Income Proof - Request Tax Return
APP_007433,CLI_03753,BR_048,70,Mass-Affluent,Unemployed,97,11781.31,Denied,Policy - Debt-to-Income (DTI) > 30%,Restructuring - Add Co-signer or Increase Term
APP_007435,CLI_03990,BR_048,61,Mass,Salaried,21,20000.16,Denied,Policy - Debt-to-Income (DTI) > 30%,Restructuring - Add Co-signer or Increase Term
APP_007436,CLI_01102,BR_004,54,Mass-Affluent,Unemployed,43,45144.22,Denied,Registry Error - Data Mismatch with Tax Authority,Fast Update - ID Verification
APP_007437,CLI_00531,BR_024,43,Private,Gig-worker,92,17749.91,Denied,Score - Disabled Positive Credit Registry,Credit Recovery - BACEN Education Journey
APP_007438,CLI_02403,BR_042,46,Private,Gig-worker,54,1423.55,Denied,Policy - Debt-to-Income (DTI) > 30%,Restructuring - Add Co-signer or Increase Term
APP_007445,CLI_01068,BR_003,21,Mass,Unemployed,44,24986.81,Denied,Policy - Debt-to-Income (DTI) > 30%,Restructuring - Add Co-signer or Increase Term
APP_007446,CLI_00728,BR_040,55,Mass,Self-employed,54,26990.0,Denied,Income - Gig Worker with Inconsistent Cash Flow,Income Proof - Open Finance Connect
APP_007449,CLI_00712,BR_030,32,Mass,Gig-worker,53,29696.67,Denied,Score - Disabled Positive Credit Registry,Credit Recovery - BACEN Education Journey
APP_007452,CLI_04182,BR_035,54,Premium,Self-employed,34,25484.53,Denied,Score - Disabled Positive Credit Registry,Credit Recovery - BACEN Education Journey
APP_007453,CLI_01509,BR_012,63,Mass,Salaried,115,45652.79,Denied,Policy - Debt-to-Income (DTI) > 30%,Restructuring - Add Co-signer or Increase Term
APP_007456,CLI_02561,BR_048,62,Mass,Salaried,36,33793.25,Denied,Policy - Debt-to-Income (DTI) > 30%,Restructuring - Add Co-signer or Increase Term
APP_007457,CLI_03561,BR_005,39,Mass,Self-employed,42,19368.22,Denied,Income - Gig Worker with Inconsistent Cash Flow,Income Proof - Open Finance Connect
APP_007458,CLI_04004,BR_019,22,Mass,Gig-worker,12,31547.65,Denied,Income - Gig Worker with Inconsistent Cash Flow,Income Proof - Open Finance Connect
APP_007459,CLI_02178,BR_027,23,Mass-Affluent,Self-employed,1,49875.25,Denied,Score - Disabled Positive Credit Registry,Credit Recovery - BACEN Education Journey
APP_007461,CLI_02818,BR_029,67,Mass,Salaried,1,18331.97,Denied,Score - Forgotten Micro-Debt,Credit Recovery - Micro-settlement
APP_007462,CLI_03715,BR_012,40,Mass,Unemployed,21,25692.34,Denied,Policy - Debt-to-Income (DTI) > 30%,Restructuring - Add Co-signer or Increase Term
APP_007463,CLI_03079,BR_019,57,Mass,Gig-worker,80,45329.82,Denied,Income - Gig Worker with Inconsistent Cash Flow,Income Proof - Open Finance Connect
APP_007464,CLI_02900,BR_009,38,Mass,Business Owner,114,5516.22,Denied,Document Error - Expired or Illegible ID,Fast Update - Request New ID
APP_007465,CLI_01777,BR_018,35,Mass-Affluent,Self-employed,113,23162.89,Denied,Income - Missing Tax Return,Income Proof - Request Tax Return
APP_007469,CLI_02386,BR_030,54,Mass,Salaried,95,36943.92,Denied,Document Error - Expired or Illegible ID,Fast Update - Request New ID
APP_007470,CLI_04415,BR_046,51,Mass,Salaried,68,20048.6,Denied,Registry Error - Data Mismatch with Tax Authority,Fast Update - ID Verification
APP_007471,CLI_02769,BR_024,72,Mass,Gig-worker,29,41622.07,Denied,Income - Missing Tax Return,Income Proof - Request Tax Return
APP_007473,CLI_02705,BR_037,56,Mass,Salaried,15,43768.4,Denied,Document Error - Expired or Illegible ID,Fast Update - Request New ID
APP_007474,CLI_01173,BR_004,56,Mass-Affluent,Unemployed,20,14052.61,Denied,Document Error - Expired or Illegible ID,Fast Update - Request New ID
APP_007477,CLI_00650,BR_013,39,Mass,Salaried,36,27385.55,Denied,Score - Forgotten Micro-Debt,Credit Recovery - Micro-settlement
APP_007479,CLI_03137,BR_048,49,Premium,Gig-worker,8,8208.86,Denied,Score - Disabled Positive Credit Registry,Credit Recovery - BACEN Education Journey
APP_007482,CLI_04359,BR_030,47,Mass,Gig-worker,80,32115.61,Denied,Policy - Debt-to-Income (DTI) > 30%,Restructuring - Add Co-signer or Increase Term
APP_007484,CLI_04862,BR_003,46,Mass,Self-employed,97,46837.67,Denied,Policy - Debt-to-Income (DTI) > 30%,Restructuring - Add Co-signer or Increase Term
APP_007488,CLI_01153,BR_030,28,Mass,Salaried,53,28822.05,Denied,Policy - Debt-to-Income (DTI) > 30%,Restructuring - Add Co-signer or Increase Term
APP_007490,CLI_00629,BR_021,61,Mass-Affluent,Salaried,104,18975.94,Denied,Policy - Debt-to-Income (DTI) > 30%,Restructuring - Add Co-signer or Increase Term
APP_007494,CLI_01129,BR_030,41,Premium,Salaried,43,43888.6,Denied,Policy - Debt-to-Income (DTI) > 30%,Restructuring - Add Co-signer or Increase Term
APP_007496,CLI_00764,BR_001,19,Mass,Unemployed,22,16183.18,Denied,Registry Error - Data Mismatch with Tax Authority,Fast Update - ID Verification
APP_007498,CLI_03974,BR_048,38,Mass,Salaried,69,10569.69,Denied,Policy - Debt-to-Income (DTI) > 30%,Restructuring - Add Co-signer or Increase Term
APP_007500,CLI_02842,BR_034,54,Mass-Affluent,Gig-worker,69,40498.5,Denied,Income - Gig Worker with Inconsistent Cash Flow,Income Proof - Open Finance Connect
APP_007502,CLI_00675,BR_027,45,Mass,Self-employed,74,41445.21,Denied,Income - Missing Tax Return,Income Proof - Request Tax Return
APP_007503,CLI_01009,BR_004,21,Mass,Gig-worker,79,13480.48,Denied,Score - Disabled Positive Credit Registry,Credit Recovery - BACEN Education Journey
APP_007507,CLI_00324,BR_003,59,Mass-Affluent,Unemployed,24,22243.2,Denied,Policy - Debt-to-Income (DTI) > 30%,Restructuring - Add Co-signer or Increase Term
APP_007508,CLI_02839,BR_011,60,Mass,Salaried,43,28267.32,Denied,Score - Forgotten Micro-Debt,Credit Recovery - Micro-settlement
APP_007509,CLI_03811,BR_008,74,Mass,Gig-worker,20,7641.14,Denied,Income - Gig Worker with Inconsistent Cash Flow,Income Proof - Open Finance Connect
APP_007511,CLI_03713,BR_033,28,Mass-Affluent,Salaried,30,33678.29,Denied,Score - Forgotten Micro-Debt,Credit Recovery - Micro-settlement
APP_007512,CLI_00542,BR_008,28,Mass-Affluent,Salaried,85,28368.01,Denied,Score - Forgotten Micro-Debt,Credit Recovery - Micro-settlement
APP_007513,CLI_02945,BR_025,63,Mass,Unemployed,77,27899.52,Denied,Policy - Debt-to-Income (DTI) > 30%,Restructuring - Add Co-signer or Increase Term
APP_007515,CLI_00639,BR_026,44,Private,Salaried,33,47250.36,Denied,Registry Error - Data Mismatch with Tax Authority,Fast Update - ID Verification
APP_007516,CLI_04532,BR_026,66,Private,Salaried,91,46793.92,Denied,Score - Forgotten Micro-Debt,Credit Recovery - Micro-settlement
APP_007517,CLI_02261,BR_017,67,Mass,Unemployed,73,18647.1,Denied,Document Error - Expired or Illegible ID,Fast Update - Request New ID
APP_007520,CLI_00962,BR_043,69,Mass,Self-employed,75,5684.71,Denied,Income - Gig Worker with Inconsistent Cash Flow,Income Proof - Open Finance Connect
APP_007521,CLI_02963,BR_039,56,Mass,Salaried,104,15847.33,Denied,Score - Forgotten Micro-Debt,Credit Recovery - Micro-settlement
APP_007523,CLI_03229,BR_014,25,Mass,Salaried,111,11946.09,Denied,Score - Forgotten Micro-Debt,Credit Recovery - Micro-settlement
APP_007527,CLI_00917,BR_028,20,Mass,Salaried,103,44491.02,Denied,Policy - Debt-to-Income (DTI) > 30%,Restructuring - Add Co-signer or Increase Term
APP_007532,CLI_03788,BR_028,57,Mass,Self-employed,21,6230.36,Denied,Income - Missing Tax Return,Income Proof - Request Tax Return
APP_007533,CLI_00940,BR_036,31,Mass,Self-employed,96,14526.36,Denied,Income - Missing Tax Return,Income Proof - Request Tax Return
APP_007536,CLI_03773,BR_012,51,Mass,Gig-worker,96,49331.55,Denied,Income - Missing Tax Return,Income Proof - Request Tax Return
APP_007537,CLI_02213,BR_007,42,Mass-Affluent,Self-employed,67,41017.01,Denied,Score - Disabled Positive Credit Registry,Credit Recovery - BACEN Education Journey
APP_007539,CLI_01628,BR_028,52,Mass,Self-employed,55,29842.58,Denied,Score - Disabled Positive Credit Registry,Credit Recovery - BACEN Education Journey
APP_007542,CLI_01104,BR_001,53,Mass,Self-employed,12,30465.89,Denied,Score - Disabled Positive Credit Registry,Credit Recovery - BACEN Education Journey
APP_007544,CLI_04226,BR_045,28,Mass,Self-employed,75,9029.06,Denied,Income - Gig Worker with Inconsistent Cash Flow,Income Proof - Open Finance Connect
APP_007546,CLI_02814,BR_032,31,Premium,Salaried,24,17339.96,Denied,Document Error - Expired or Illegible ID,Fast Update - Request New ID
APP_007547,CLI_02494,BR_030,30,Mass,Salaried,19,45602.12,Denied,Registry Error - Data Mismatch with Tax Authority,Fast Update - ID Verification
APP_007548,CLI_03904,BR_001,45,Mass,Self-employed,108,30970.47,Denied,Income - Gig Worker with Inconsistent Cash Flow,Income Proof - Open Finance Connect
APP_007559,CLI_04518,BR_027,18,Mass,Self-employed,97,49765.04,Denied,Income - Missing Tax Return,Income Proof - Request Tax Return
APP_007560,CLI_00694,BR_037,62,Mass,Business Owner,117,10693.21,Denied,Score - Forgotten Micro-Debt,Credit Recovery - Micro-settlement
APP_007563,CLI_03710,BR_031,68,Mass-Affluent,Self-employed,71,23395.13,Denied,Income - Gig Worker with Inconsistent Cash Flow,Income Proof - Open Finance Connect
APP_007564,CLI_02771,BR_002,59,Premium,Salaried,3,5909.08,Denied,Policy - Debt-to-Income (DTI) > 30%,Restructuring - Add Co-signer or Increase Term
APP_007569,CLI_00851,BR_029,38,Mass-Affluent,Unemployed,21,31352.18,Denied,Document Error - Expired or Illegible ID,Fast Update - Request New ID
APP_007570,CLI_01897,BR_025,57,Mass-Affluent,Gig-worker,110,15407.43,Denied,Income - Gig Worker with Inconsistent Cash Flow,Income Proof - Open Finance Connect
APP_007572,CLI_02517,BR_017,49,Premium,Self-employed,12,28032.62,Denied,Policy - Debt-to-Income (DTI) > 30%,Restructuring - Add Co-signer or Increase Term
APP_007573,CLI_04189,BR_045,21,Mass,Gig-worker,26,25002.71,Denied,Income - Missing Tax Return,Income Proof - Request Tax Return
APP_007574,CLI_01516,BR_049,31,Mass,Salaried,11,49366.13,Denied,Policy - Debt-to-Income (DTI) > 30%,Restructuring - Add Co-signer or Increase Term
APP_007577,CLI_03037,BR_011,46,Mass,Self-employed,14,34433.9,Denied,Score - Disabled Positive Credit Registry,Credit Recovery - BACEN Education Journey
APP_007578,CLI_02527,BR_020,31,Private,Salaried,53,7136.07,Denied,Registry Error - Data Mismatch with Tax Authority,Fast Update - ID Verification
APP_007579,CLI_00167,BR_013,39,Mass-Affluent,Salaried,65,18357.75,Denied,Score - Forgotten Micro-Debt,Credit Recovery - Micro-settlement
APP_007580,CLI_04236,BR_024,51,Mass,Self-employed,7,40282.75,Denied,Income - Gig Worker with Inconsistent Cash Flow,Income Proof - Open Finance Connect
APP_007581,CLI_04190,BR_043,35,Mass,Business Owner,30,12601.15,Denied,Policy - Debt-to-Income (DTI) > 30%,Restructuring - Add Co-signer or Increase Term
APP_007583,CLI_00606,BR_042,53,Mass-Affluent,Gig-worker,81,31900.9,Denied,Policy - Debt-to-Income (DTI) > 30%,Restructuring - Add Co-signer or Increase Term
APP_007584,CLI_03344,BR_028,69,Mass,Salaried,82,33886.96,Denied,Document Error - Expired or Illegible ID,Fast Update - Request New ID
APP_007586,CLI_01156,BR_021,31,Mass-Affluent,Unemployed,73,43432.89,Denied,Registry Error - Data Mismatch with Tax Authority,Fast Update - ID Verification
APP_007588,CLI_00816,BR_007,63,Mass,Salaried,79,35624.96,Denied,Policy - Debt-to-Income (DTI) > 30%,Restructuring - Add Co-signer or Increase Term
APP_007589,CLI_02641,BR_029,32,Mass,Gig-worker,47,36876.56,Denied,Policy - Debt-to-Income (DTI) > 30%,Restructuring - Add Co-signer or Increase Term
APP_007592,CLI_00963,BR_022,32,Mass,Salaried,97,43395.74,Denied,Document Error - Expired or Illegible ID,Fast Update - Request New ID
APP_007594,CLI_02048,BR_032,37,Mass-Affluent,Self-employed,69,34078.37,Denied,Income - Gig Worker with Inconsistent Cash Flow,Income Proof - Open Finance Connect
APP_007595,CLI_04542,BR_010,46,Mass,Gig-worker,54,36172.23,Denied,Income - Gig Worker with Inconsistent Cash Flow,Income Proof - Open Finance Connect
APP_007598,CLI_03352,BR_049,50,Mass,Business Owner,27,34821.24,Denied,Policy - Debt-to-Income (DTI) > 30%,Restructuring - Add Co-signer or Increase Term
APP_007601,CLI_03640,BR_007,71,Mass,Gig-worker,105,20984.27,Denied,Income - Gig Worker with Inconsistent Cash Flow,Income Proof - Open Finance Connect
APP_007605,CLI_00101,BR_038,44,Mass-Affluent,Salaried,113,5207.17,Denied,Registry Error - Data Mismatch with Tax Authority,Fast Update - ID Verification
APP_007606,CLI_03533,BR_034,33,Private,Self-employed,20,16077.2,Denied,Policy - Debt-to-Income (DTI) > 30%,Restructuring - Add Co-signer or Increase Term
APP_007607,CLI_02817,BR_046,40,Mass-Affluent,Gig-worker,44,24179.33,Denied,Policy - Debt-to-Income (DTI) > 30%,Restructuring - Add Co-signer or Increase Term
APP_007609,CLI_02516,BR_032,66,Mass,Salaried,25,37434.89,Denied,Policy - Debt-to-Income (DTI) > 30%,Restructuring - Add Co-signer or Increase Term
APP_007610,CLI_01740,BR_016,72,Private,Salaried,63,25036.62,Denied,Document Error - Expired or Illegible ID,Fast Update - Request New ID
APP_007612,CLI_00259,BR_001,38,Mass-Affluent,Business Owner,118,15352.27,Denied,Document Error - Expired or Illegible ID,Fast Update - Request New ID
APP_007615,CLI_04405,BR_023,49,Mass,Salaried,55,9819.33,Denied,Document Error - Expired or Illegible ID,Fast Update - Request New ID
APP_007616,CLI_03684,BR_050,28,Mass,Gig-worker,79,23781.14,Denied,Policy - Debt-to-Income (DTI) > 30%,Restructuring - Add Co-signer or Increase Term
APP_007619,CLI_00679,BR_018,18,Mass-Affluent,Gig-worker,65,49962.79,Denied,Income - Missing Tax Return,Income Proof - Request Tax Return
APP_007620,CLI_01284,BR_042,21,Premium,Gig-worker,15,47693.19,Denied,Income - Gig Worker with Inconsistent Cash Flow,Income Proof - Open Finance Connect
APP_007621,CLI_04838,BR_040,58,Mass-Affluent,Salaried,43,36193.87,Denied,Document Error - Expired or Illegible ID,Fast Update - Request New ID
APP_007624,CLI_03104,BR_034,34,Mass-Affluent,Salaried,73,43267.64,Denied,Score - Forgotten Micro-Debt,Credit Recovery - Micro-settlement
APP_007627,CLI_01117,BR_043,19,Mass,Self-employed,66,21409.03,Denied,Policy - Debt-to-Income (DTI) > 30%,Restructuring - Add Co-signer or Increase Term
APP_007630,CLI_02645,BR_008,59,Mass,Self-employed,37,38996.82,Denied,Score - Disabled Positive Credit Registry,Credit Recovery - BACEN Education Journey
APP_007631,CLI_01059,BR_047,54,Mass-Affluent,Self-employed,61,43656.68,Denied,Income - Gig Worker with Inconsistent Cash Flow,Income Proof - Open Finance Connect
APP_007634,CLI_04495,BR_001,74,Mass,Gig-worker,85,49184.28,Denied,Score - Disabled Positive Credit Registry,Credit Recovery - BACEN Education Journey
APP_007636,CLI_02165,BR_044,56,Mass,Self-employed,66,11878.24,Denied,Income - Missing Tax Return,Income Proof - Request Tax Return
APP_007638,CLI_00204,BR_048,24,Mass,Salaried,80,9803.21,Denied,Score - Forgotten Micro-Debt,Credit Recovery - Micro-settlement
APP_007640,CLI_02492,BR_030,51,Mass,Salaried,98,15326.95,Denied,Score - Forgotten Micro-Debt,Credit Recovery - Micro-settlement
APP_007643,CLI_03369,BR_028,22,Mass,Salaried,32,19302.06,Denied,Score - Forgotten Micro-Debt,Credit Recovery - Micro-settlement
APP_007644,CLI_03559,BR_016,38,Mass,Business Owner,115,23649.47,Denied,Policy - Debt-to-Income (DTI) > 30%,Restructuring - Add Co-signer or Increase Term
APP_007645,CLI_04058,BR_041,44,Mass,Unemployed,76,10597.29,Denied,Policy - Debt-to-Income (DTI) > 30%,Restructuring - Add Co-signer or Increase Term
APP_007647,CLI_01227,BR_025,50,Mass-Affluent,Salaried,36,16420.89,Denied,Policy - Debt-to-Income (DTI) > 30%,Restructuring - Add Co-signer or Increase Term
APP_007649,CLI_04344,BR_026,60,Mass,Gig-worker,43,13355.54,Denied,Policy - Debt-to-Income (DTI) > 30%,Restructuring - Add Co-signer or Increase Term
APP_007651,CLI_00914,BR_038,42,Mass,Self-employed,7,23715.25,Denied,Policy - Debt-to-Income (DTI) > 30%,Restructuring - Add Co-signer or Increase Term
APP_007652,CLI_01420,BR_044,51,Mass,Gig-worker,89,26953.68,Denied,Score - Disabled Positive Credit Registry,Credit Recovery - BACEN Education Journey
APP_007653,CLI_02704,BR_003,28,Private,Self-employed,117,48410.85,Denied,Income - Missing Tax Return,Income Proof - Request Tax Return
APP_007654,CLI_00356,BR_043,41,Private,Gig-worker,73,45329.9,Denied,Score - Disabled Positive Credit Registry,Credit Recovery - BACEN Education Journey
APP_007656,CLI_00241,BR_014,65,Mass,Salaried,80,2906.27,Denied,Registry Error - Data Mismatch with Tax Authority,Fast Update - ID Verification
APP_007658,CLI_02277,BR_016,68,Premium,Self-employed,118,5393.76,Denied,Score - Disabled Positive Credit Registry,Credit Recovery - BACEN Education Journey
APP_007659,CLI_00621,BR_024,46,Mass,Salaried,46,35806.87,Denied,Document Error - Expired or Illegible ID,Fast Update - Request New ID
APP_007664,CLI_03625,BR_017,55,Mass,Self-employed,78,23567.21,Denied,Income - Gig Worker with Inconsistent Cash Flow,Income Proof - Open Finance Connect
APP_007665,CLI_01061,BR_013,41,Mass,Salaried,27,29917.23,Denied,Policy - Debt-to-Income (DTI) > 30%,Restructuring - Add Co-signer or Increase Term
APP_007667,CLI_01133,BR_009,47,Mass,Gig-worker,29,46439.31,Denied,Income - Missing Tax Return,Income Proof - Request Tax Return
APP_007669,CLI_03136,BR_006,49,Mass,Salaried,105,9174.2,Denied,Document Error - Expired or Illegible ID,Fast Update - Request New ID
APP_007670,CLI_02839,BR_030,60,Mass,Salaried,43,38373.86,Denied,Policy - Debt-to-Income (DTI) > 30%,Restructuring - Add Co-signer or Increase Term
APP_007671,CLI_02080,BR_037,24,Mass,Self-employed,27,11738.42,Denied,Score - Disabled Positive Credit Registry,Credit Recovery - BACEN Education Journey
APP_007674,CLI_04202,BR_004,21,Mass,Salaried,108,33903.27,Denied,Document Error - Expired or Illegible ID,Fast Update - Request New ID
APP_007676,CLI_04302,BR_002,68,Mass-Affluent,Salaried,75,33169.02,Denied,Policy - Debt-to-Income (DTI) > 30%,Restructuring - Add Co-signer or Increase Term
APP_007679,CLI_03751,BR_014,52,Mass-Affluent,Gig-worker,63,18493.91,Denied,Income - Missing Tax Return,Income Proof - Request Tax Return
APP_007680,CLI_04185,BR_017,54,Mass,Self-employed,18,48695.06,Denied,Policy - Debt-to-Income (DTI) > 30%,Restructuring - Add Co-signer or Increase Term
APP_007682,CLI_04992,BR_043,24,Mass,Self-employed,51,15616.42,Denied,Income - Gig Worker with Inconsistent Cash Flow,Income Proof - Open Finance Connect
APP_007684,CLI_00207,BR_007,65,Mass-Affluent,Salaried,13,49191.31,Denied,Policy - Debt-to-Income (DTI) > 30%,Restructuring - Add Co-signer or Increase Term
APP_007686,CLI_02053,BR_046,20,Mass,Unemployed,118,4723.91,Denied,Score - Forgotten Micro-Debt,Credit Recovery - Micro-settlement
APP_007687,CLI_04307,BR_023,31,Mass,Self-employed,33,28506.4,Denied,Income - Gig Worker with Inconsistent Cash Flow,Income Proof - Open Finance Connect
APP_007688,CLI_00029,BR_036,65,Mass,Unemployed,36,20606.03,Denied,Score - Forgotten Micro-Debt,Credit Recovery - Micro-settlement
APP_007689,CLI_01214,BR_014,55,Mass,Gig-worker,64,40516.18,Denied,Policy - Debt-to-Income (DTI) > 30%,Restructuring - Add Co-signer or Increase Term
APP_007691,CLI_01861,BR_017,20,Mass,Gig-worker,8,10659.31,Denied,Income - Gig Worker with Inconsistent Cash Flow,Income Proof - Open Finance Connect
APP_007694,CLI_04253,BR_030,22,Mass-Affluent,Gig-worker,23,34943.04,Denied,Policy - Debt-to-Income (DTI) > 30%,Restructuring - Add Co-signer or Increase Term
APP_007700,CLI_01814,BR_045,63,Mass-Affluent,Self-employed,108,13756.59,Denied,Policy - Debt-to-Income (DTI) > 30%,Restructuring - Add Co-signer or Increase Term
APP_007703,CLI_00344,BR_048,26,Mass,Salaried,99,5688.6,Denied,Policy - Debt-to-Income (DTI) > 30%,Restructuring - Add Co-signer or Increase Term
APP_007704,CLI_00205,BR_021,33,Private,Salaried,6,20474.73,Denied,Score - Forgotten Micro-Debt,Credit Recovery - Micro-settlement
APP_007705,CLI_03043,BR_028,45,Mass,Gig-worker,99,47250.43,Denied,Policy - Debt-to-Income (DTI) > 30%,Restructuring - Add Co-signer or Increase Term
APP_007707,CLI_00305,BR_030,52,Mass,Salaried,62,23832.77,Denied,Registry Error - Data Mismatch with Tax Authority,Fast Update - ID Verification
APP_007708,CLI_02718,BR_025,57,Mass,Self-employed,38,7965.77,Denied,Score - Disabled Positive Credit Registry,Credit Recovery - BACEN Education Journey
APP_007709,CLI_03942,BR_011,31,Private,Salaried,78,9727.28,Denied,Document Error - Expired or Illegible ID,Fast Update - Request New ID
APP_007711,CLI_03521,BR_011,51,Mass-Affluent,Gig-worker,29,11293.64,Denied,Income - Missing Tax Return,Income Proof - Request Tax Return
APP_007712,CLI_00986,BR_028,62,Mass-Affluent,Salaried,35,5065.8,Denied,Registry Error - Data Mismatch with Tax Authority,Fast Update - ID Verification
APP_007715,CLI_04302,BR_008,68,Mass-Affluent,Salaried,75,15273.54,Denied,Registry Error - Data Mismatch with Tax Authority,Fast Update - ID Verification
APP_007716,CLI_01460,BR_026,71,Mass,Gig-worker,52,39168.47,Denied,Income - Missing Tax Return,Income Proof - Request Tax Return
APP_007717,CLI_01346,BR_006,71,Premium,Salaried,94,39021.5,Denied,Registry Error - Data Mismatch with Tax Authority,Fast Update - ID Verification
APP_007721,CLI_00883,BR_012,73,Mass-Affluent,Gig-worker,80,33764.37,Denied,Score - Disabled Positive Credit Registry,Credit Recovery - BACEN Education Journey
APP_007723,CLI_02332,BR_013,48,Premium,Business Owner,115,30912.27,Denied,Registry Error - Data Mismatch with Tax Authority,Fast Update - ID Verification
APP_007729,CLI_02413,BR_041,55,Mass,Salaried,67,31072.56,Denied,Score - Forgotten Micro-Debt,Credit Recovery - Micro-settlement
APP_007730,CLI_01818,BR_045,74,Mass,Self-employed,19,4917.68,Denied,Income - Missing Tax Return,Income Proof - Request Tax Return
APP_007731,CLI_00618,BR_017,22,Mass,Salaried,87,4203.3,Denied,Policy - Debt-to-Income (DTI) > 30%,Restructuring - Add Co-signer or Increase Term
APP_007736,CLI_00501,BR_013,29,Mass,Gig-worker,85,10560.29,Denied,Score - Disabled Positive Credit Registry,Credit Recovery - BACEN Education Journey
APP_007737,CLI_04419,BR_014,19,Mass,Business Owner,108,35502.91,Denied,Document Error - Expired or Illegible ID,Fast Update - Request New ID
APP_007738,CLI_02316,BR_017,34,Mass,Self-employed,33,38884.39,Denied,Policy - Debt-to-Income (DTI) > 30%,Restructuring - Add Co-signer or Increase Term
APP_007744,CLI_04197,BR_027,34,Mass,Self-employed,104,30696.35,Denied,Income - Gig Worker with Inconsistent Cash Flow,Income Proof - Open Finance Connect
APP_007746,CLI_04717,BR_044,40,Mass,Gig-worker,48,3544.21,Denied,Policy - Debt-to-Income (DTI) > 30%,Restructuring - Add Co-signer or Increase Term
APP_007747,CLI_01629,BR_035,20,Private,Self-employed,112,37666.71,Denied,Score - Disabled Positive Credit Registry,Credit Recovery - BACEN Education Journey
APP_007750,CLI_04499,BR_026,43,Mass,Self-employed,9,40649.87,Denied,Income - Missing Tax Return,Income Proof - Request Tax Return
APP_007751,CLI_02399,BR_038,60,Mass-Affluent,Unemployed,96,26666.02,Denied,Registry Error - Data Mismatch with Tax Authority,Fast Update - ID Verification
APP_007753,CLI_04355,BR_027,52,Mass-Affluent,Salaried,50,7937.05,Denied,Registry Error - Data Mismatch with Tax Authority,Fast Update - ID Verification
APP_007754,CLI_03670,BR_040,51,Mass-Affluent,Self-employed,69,8864.65,Denied,Policy - Debt-to-Income (DTI) > 30%,Restructuring - Add Co-signer or Increase Term
APP_007757,CLI_01962,BR_024,36,Private,Salaried,25,19850.01,Denied,Document Error - Expired or Illegible ID,Fast Update - Request New ID
APP_007760,CLI_03902,BR_011,72,Mass-Affluent,Self-employed,2,24406.98,Denied,Policy - Debt-to-Income (DTI) > 30%,Restructuring - Add Co-signer or Increase Term
APP_007762,CLI_03517,BR_035,51,Mass,Self-employed,49,37115.68,Denied,Income - Gig Worker with Inconsistent Cash Flow,Income Proof - Open Finance Connect
APP_007765,CLI_04500,BR_043,35,Mass-Affluent,Gig-worker,17,13402.01,Denied,Income - Gig Worker with Inconsistent Cash Flow,Income Proof - Open Finance Connect
APP_007770,CLI_01459,BR_042,54,Mass,Self-employed,57,7378.26,Denied,Income - Missing Tax Return,Income Proof - Request Tax Return
APP_007783,CLI_00682,BR_038,45,Private,Salaried,98,31779.03,Denied,Registry Error - Data Mismatch with Tax Authority,Fast Update - ID Verification
APP_007784,CLI_04865,BR_045,60,Mass,Salaried,118,5608.16,Denied,Document Error - Expired or Illegible ID,Fast Update - Request New ID
APP_007787,CLI_01649,BR_038,29,Premium,Unemployed,52,29934.09,Denied,Policy - Debt-to-Income (DTI) > 30%,Restructuring - Add Co-signer or Increase Term
APP_007788,CLI_04697,BR_046,72,Mass-Affluent,Gig-worker,51,46011.16,Denied,Score - Disabled Positive Credit Registry,Credit Recovery - BACEN Education Journey
APP_007791,CLI_01519,BR_045,19,Mass,Salaried,21,48186.11,Denied,Policy - Debt-to-Income (DTI) > 30%,Restructuring - Add Co-signer or Increase Term
APP_007793,CLI_00871,BR_048,50,Premium,Self-employed,57,1749.32,Denied,Income - Gig Worker with Inconsistent Cash Flow,Income Proof - Open Finance Connect
APP_007797,CLI_01172,BR_048,25,Premium,Salaried,110,3758.76,Denied,Policy - Debt-to-Income (DTI) > 30%,Restructuring - Add Co-signer or Increase Term
APP_007798,CLI_04073,BR_026,18,Mass,Gig-worker,7,32985.47,Denied,Income - Gig Worker with Inconsistent Cash Flow,Income Proof - Open Finance Connect
APP_007799,CLI_01129,BR_026,41,Premium,Salaried,43,19482.02,Denied,Score - Forgotten Micro-Debt,Credit Recovery - Micro-settlement
APP_007800,CLI_03628,BR_012,18,Mass,Self-employed,71,10963.69,Denied,Income - Gig Worker with Inconsistent Cash Flow,Income Proof - Open Finance Connect
APP_007802,CLI_03888,BR_009,36,Mass,Gig-worker,26,37566.05,Denied,Income - Missing Tax Return,Income Proof - Request Tax Return
APP_007803,CLI_01285,BR_003,22,Premium,Unemployed,79,17681.59,Denied,Document Error - Expired or Illegible ID,Fast Update - Request New ID
APP_007813,CLI_02974,BR_039,54,Mass,Self-employed,107,26067.8,Denied,Policy - Debt-to-Income (DTI) > 30%,Restructuring - Add Co-signer or Increase Term
APP_007814,CLI_04627,BR_033,71,Mass,Gig-worker,68,28889.48,Denied,Policy - Debt-to-Income (DTI) > 30%,Restructuring - Add Co-signer or Increase Term
APP_007815,CLI_00119,BR_029,71,Premium,Salaried,48,41585.54,Denied,Score - Forgotten Micro-Debt,Credit Recovery - Micro-settlement
APP_007816,CLI_04162,BR_044,73,Mass,Gig-worker,36,37370.72,Denied,Income - Missing Tax Return,Income Proof - Request Tax Return
APP_007817,CLI_02293,BR_033,47,Mass,Self-employed,10,42956.0,Denied,Income - Missing Tax Return,Income Proof - Request Tax Return
APP_007820,CLI_00424,BR_035,26,Mass,Gig-worker,27,42874.02,Denied,Income - Missing Tax Return,Income Proof - Request Tax Return
APP_007821,CLI_03820,BR_032,57,Mass,Salaried,92,12383.68,Denied,Policy - Debt-to-Income (DTI) > 30%,Restructuring - Add Co-signer or Increase Term
APP_007823,CLI_01281,BR_046,61,Mass-Affluent,Self-employed,17,31411.96,Denied,Income - Missing Tax Return,Income Proof - Request Tax Return
APP_007827,CLI_01630,BR_047,67,Premium,Unemployed,1,12488.07,Denied,Registry Error - Data Mismatch with Tax Authority,Fast Update - ID Verification
APP_007831,CLI_01498,BR_040,70,Mass,Gig-worker,85,44395.39,Denied,Income - Missing Tax Return,Income Proof - Request Tax Return
APP_007833,CLI_00089,BR_025,61,Mass,Salaried,57,12834.8,Denied,Policy - Debt-to-Income (DTI) > 30%,Restructuring - Add Co-signer or Increase Term
APP_007834,CLI_02250,BR_007,47,Private,Salaried,107,43323.89,Denied,Document Error - Expired or Illegible ID,Fast Update - Request New ID
APP_007837,CLI_03553,BR_022,63,Mass,Gig-worker,30,18721.66,Denied,Income - Gig Worker with Inconsistent Cash Flow,Income Proof - Open Finance Connect
APP_007839,CLI_03629,BR_027,72,Mass-Affluent,Gig-worker,96,37207.63,Denied,Policy - Debt-to-Income (DTI) > 30%,Restructuring - Add Co-signer or Increase Term
APP_007841,CLI_00380,BR_045,39,Premium,Self-employed,22,8093.61,Denied,Policy - Debt-to-Income (DTI) > 30%,Restructuring - Add Co-signer or Increase Term
APP_007843,CLI_04647,BR_039,55,Mass,Self-employed,32,16069.58,Denied,Income - Gig Worker with Inconsistent Cash Flow,Income Proof - Open Finance Connect
APP_007844,CLI_02984,BR_032,38,Premium,Salaried,21,38808.3,Denied,Score - Forgotten Micro-Debt,Credit Recovery - Micro-settlement
APP_007845,CLI_03061,BR_001,40,Mass-Affluent,Self-employed,98,32730.75,Denied,Income - Missing Tax Return,Income Proof - Request Tax Return
APP_007846,CLI_02951,BR_010,21,Mass,Gig-worker,112,13944.34,Denied,Income - Gig Worker with Inconsistent Cash Flow,Income Proof - Open Finance Connect
APP_007850,CLI_01932,BR_007,49,Mass-Affluent,Gig-worker,35,8733.62,Denied,Income - Gig Worker with Inconsistent Cash Flow,Income Proof - Open Finance Connect
APP_007857,CLI_04221,BR_039,38,Premium,Self-employed,32,12288.4,Denied,Score - Disabled Positive Credit Registry,Credit Recovery - BACEN Education Journey
APP_007866,CLI_00055,BR_015,32,Mass,Salaried,57,43730.63,Denied,Document Error - Expired or Illegible ID,Fast Update - Request New ID
APP_007867,CLI_00842,BR_019,47,Mass,Salaried,92,5061.54,Denied,Score - Forgotten Micro-Debt,Credit Recovery - Micro-settlement
APP_007868,CLI_04588,BR_042,24,Mass,Gig-worker,83,10259.27,Denied,Policy - Debt-to-Income (DTI) > 30%,Restructuring - Add Co-signer or Increase Term
APP_007870,CLI_02621,BR_025,21,Mass,Gig-worker,94,49768.75,Denied,Income - Gig Worker with Inconsistent Cash Flow,Income Proof - Open Finance Connect
APP_007872,CLI_01995,BR_013,64,Mass-Affluent,Self-employed,64,25583.72,Denied,Income - Missing Tax Return,Income Proof - Request Tax Return
APP_007873,CLI_01933,BR_046,60,Mass-Affluent,Unemployed,22,38715.14,Denied,Document Error - Expired or Illegible ID,Fast Update - Request New ID
APP_007874,CLI_02273,BR_007,53,Private,Self-employed,65,32184.36,Denied,Income - Missing Tax Return,Income Proof - Request Tax Return
APP_007876,CLI_00970,BR_014,40,Mass,Unemployed,43,24835.24,Denied,Score - Forgotten Micro-Debt,Credit Recovery - Micro-settlement
APP_007877,CLI_01072,BR_023,66,Mass-Affluent,Gig-worker,59,48636.71,Denied,Income - Gig Worker with Inconsistent Cash Flow,Income Proof - Open Finance Connect
APP_007879,CLI_01366,BR_017,37,Mass-Affluent,Self-employed,10,20666.9,Denied,Score - Disabled Positive Credit Registry,Credit Recovery - BACEN Education Journey
APP_007882,CLI_03571,BR_002,19,Mass,Self-employed,14,34536.37,Denied,Income - Gig Worker with Inconsistent Cash Flow,Income Proof - Open Finance Connect
APP_007885,CLI_04694,BR_004,70,Mass,Salaried,73,28480.86,Denied,Policy - Debt-to-Income (DTI) > 30%,Restructuring - Add Co-signer or Increase Term
APP_007890,CLI_03627,BR_040,45,Mass,Gig-worker,16,22430.18,Denied,Income - Gig Worker with Inconsistent Cash Flow,Income Proof - Open Finance Connect
APP_007896,CLI_02033,BR_042,31,Mass-Affluent,Salaried,63,9652.37,Denied,Score - Forgotten Micro-Debt,Credit Recovery - Micro-settlement
APP_007897,CLI_04453,BR_001,48,Mass-Affluent,Gig-worker,77,40508.94,Denied,Score - Disabled Positive Credit Registry,Credit Recovery - BACEN Education Journey
APP_007899,CLI_02410,BR_048,67,Mass-Affluent,Unemployed,99,17371.84,Denied,Score - Forgotten Micro-Debt,Credit Recovery - Micro-settlement
APP_007901,CLI_03276,BR_012,36,Private,Salaried,56,8638.52,Denied,Policy - Debt-to-Income (DTI) > 30%,Restructuring - Add Co-signer or Increase Term
APP_007907,CLI_03330,BR_046,55,Mass-Affluent,Gig-worker,47,4279.23,Denied,Policy - Debt-to-Income (DTI) > 30%,Restructuring - Add Co-signer or Increase Term
APP_007909,CLI_00614,BR_033,59,Mass,Salaried,73,2471.85,Denied,Policy - Debt-to-Income (DTI) > 30%,Restructuring - Add Co-signer or Increase Term
APP_007912,CLI_00110,BR_022,44,Mass-Affluent,Salaried,34,11329.29,Denied,Document Error - Expired or Illegible ID,Fast Update - Request New ID
APP_007914,CLI_03013,BR_019,51,Private,Self-employed,112,8138.55,Denied,Policy - Debt-to-Income (DTI) > 30%,Restructuring - Add Co-signer or Increase Term
APP_007915,CLI_02919,BR_011,46,Mass,Salaried,119,47708.83,Denied,Document Error - Expired or Illegible ID,Fast Update - Request New ID
APP_007916,CLI_01161,BR_011,22,Mass,Self-employed,106,34981.72,Denied,Income - Gig Worker with Inconsistent Cash Flow,Income Proof - Open Finance Connect
APP_007918,CLI_03611,BR_039,59,Mass,Gig-worker,43,16801.86,Denied,Income - Missing Tax Return,Income Proof - Request Tax Return
APP_007920,CLI_02004,BR_044,28,Mass,Self-employed,115,5380.89,Denied,Policy - Debt-to-Income (DTI) > 30%,Restructuring - Add Co-signer or Increase Term
APP_007921,CLI_01528,BR_020,21,Mass,Gig-worker,6,49909.44,Denied,Income - Missing Tax Return,Income Proof - Request Tax Return
APP_007928,CLI_04611,BR_047,51,Mass,Gig-worker,71,27927.09,Denied,Income - Gig Worker with Inconsistent Cash Flow,Income Proof - Open Finance Connect
APP_007931,CLI_02007,BR_047,64,Mass,Gig-worker,117,28479.87,Denied,Income - Gig Worker with Inconsistent Cash Flow,Income Proof - Open Finance Connect
APP_007934,CLI_03965,BR_044,71,Mass-Affluent,Self-employed,6,1530.59,Denied,Score - Disabled Positive Credit Registry,Credit Recovery - BACEN Education Journey
APP_007935,CLI_01675,BR_025,33,Mass,Business Owner,114,6262.32,Denied,Registry Error - Data Mismatch with Tax Authority,Fast Update - ID Verification
APP_007938,CLI_01922,BR_012,24,Mass,Self-employed,4,47768.01,Denied,Policy - Debt-to-Income (DTI) > 30%,Restructuring - Add Co-signer or Increase Term
APP_007939,CLI_04390,BR_047,26,Premium,Gig-worker,87,43168.53,Denied,Score - Disabled Positive Credit Registry,Credit Recovery - BACEN Education Journey
APP_007940,CLI_02693,BR_045,19,Premium,Salaried,27,34203.04,Denied,Score - Forgotten Micro-Debt,Credit Recovery - Micro-settlement
APP_007943,CLI_02500,BR_016,18,Mass,Salaried,113,3328.27,Denied,Document Error - Expired or Illegible ID,Fast Update - Request New ID
APP_007944,CLI_00717,BR_014,71,Mass-Affluent,Gig-worker,43,30991.76,Denied,Policy - Debt-to-Income (DTI) > 30%,Restructuring - Add Co-signer or Increase Term
APP_007949,CLI_00737,BR_043,25,Mass,Salaried,115,45424.5,Denied,Registry Error - Data Mismatch with Tax Authority,Fast Update - ID Verification
APP_007950,CLI_02708,BR_013,36,Mass,Salaried,103,26574.54,Denied,Registry Error - Data Mismatch with Tax Authority,Fast Update - ID Verification
APP_007951,CLI_00227,BR_038,41,Mass,Self-employed,101,45317.49,Denied,Income - Missing Tax Return,Income Proof - Request Tax Return
APP_007953,CLI_01308,BR_001,63,Mass,Salaried,71,10654.67,Denied,Policy - Debt-to-Income (DTI) > 30%,Restructuring - Add Co-signer or Increase Term
APP_007956,CLI_04387,BR_018,19,Mass,Gig-worker,73,38973.92,Denied,Income - Missing Tax Return,Income Proof - Request Tax Return
APP_007958,CLI_01653,BR_032,25,Mass-Affluent,Salaried,21,46511.57,Denied,Document Error - Expired or Illegible ID,Fast Update - Request New ID
APP_007960,CLI_00027,BR_034,51,Mass,Unemployed,63,34730.02,Denied,Score - Forgotten Micro-Debt,Credit Recovery - Micro-settlement
APP_007963,CLI_03459,BR_002,50,Mass,Salaried,1,4369.92,Denied,Score - Forgotten Micro-Debt,Credit Recovery - Micro-settlement
APP_007965,CLI_02701,BR_045,56,Mass-Affluent,Gig-worker,33,9812.29,Denied,Income - Missing Tax Return,Income Proof - Request Tax Return
APP_007970,CLI_02688,BR_035,26,Mass,Salaried,74,19310.35,Denied,Registry Error - Data Mismatch with Tax Authority,Fast Update - ID Verification
APP_007971,CLI_01505,BR_004,34,Private,Gig-worker,102,36914.98,Denied,Income - Gig Worker with Inconsistent Cash Flow,Income Proof - Open Finance Connect
APP_007972,CLI_03968,BR_020,41,Mass-Affluent,Salaried,53,1795.71,Denied,Score - Forgotten Micro-Debt,Credit Recovery - Micro-settlement
APP_007973,CLI_00180,BR_035,43,Mass-Affluent,Salaried,116,1725.79,Denied,Score - Forgotten Micro-Debt,Credit Recovery - Micro-settlement
APP_007977,CLI_00922,BR_014,68,Mass,Gig-worker,96,30784.44,Denied,Policy - Debt-to-Income (DTI) > 30%,Restructuring - Add Co-signer or Increase Term
APP_007978,CLI_03093,BR_031,22,Mass,Salaried,107,49309.78,Denied,Score - Forgotten Micro-Debt,Credit Recovery - Micro-settlement
APP_007982,CLI_03277,BR_029,54,Private,Gig-worker,103,44994.74,Denied,Income - Gig Worker with Inconsistent Cash Flow,Income Proof - Open Finance Connect
APP_007983,CLI_02720,BR_036,50,Mass-Affluent,Self-employed,58,35269.58,Denied,Policy - Debt-to-Income (DTI) > 30%,Restructuring - Add Co-signer or Increase Term
APP_007984,CLI_04733,BR_049,32,Private,Salaried,50,39719.84,Denied,Registry Error - Data Mismatch with Tax Authority,Fast Update - ID Verification
APP_007987,CLI_00013,BR_007,34,Premium,Self-employed,46,6500.05,Denied,Income - Missing Tax Return,Income Proof - Request Tax Return
APP_007989,CLI_03151,BR_013,67,Mass,Salaried,13,11288.41,Denied,Registry Error - Data Mismatch with Tax Authority,Fast Update - ID Verification
APP_007995,CLI_03344,BR_048,69,Mass,Salaried,82,3111.93,Denied,Registry Error - Data Mismatch with Tax Authority,Fast Update - ID Verification
APP_007996,CLI_00721,BR_021,74,Mass,Salaried,29,49680.14,Denied,Document Error - Expired or Illegible ID,Fast Update - Request New ID
APP_007997,CLI_04569,BR_044,36,Mass,Salaried,52,2311.19,Denied,Policy - Debt-to-Income (DTI) > 30%,Restructuring - Add Co-signer or Increase Term
APP_007998,CLI_03230,BR_016,18,Mass-Affluent,Salaried,118,3457.67,Denied,Score - Forgotten Micro-Debt,Credit Recovery - Micro-settlement
