client_id,age,account_age_months,employment_type,segment
CLI_00001,62,84,Business Owner,Mass
CLI_00002,18,15,Salaried,Mass
CLI_00003,42,114,Salaried,Mass
CLI_00004,24,116,Gig-worker,Mass
CLI_00005,26,109,Salaried,Mass
CLI_00006,41,93,Salaried,Mass
CLI_00007,18,8,Salaried,Mass
CLI_00008,61,41,Self-employed,Mass
CLI_00009,25,112,Unemployed,Mass
CLI_00010,41,19,Gig-worker,Mass
CLI_00011,28,112,Gig-worker,Mass
CLI_00012,68,103,Salaried,Mass-Affluent
CLI_00013,34,46,Self-employed,Premium
CLI_00014,25,28,Self-employed,Mass
CLI_00015,52,110,Gig-worker,Mass
CLI_00016,52,91,Salaried,Mass
CLI_00017,50,68,Salaried,Premium
CLI_00018,22,15,Salaried,Mass
CLI_00019,59,99,Gig-worker,Mass-Affluent
CLI_00020,56,37,Self-employed,Mass
CLI_00021,58,1,Unemployed,Mass
CLI_00022,45,67,Gig-worker,Mass
CLI_00023,24,111,Self-employed,Mass
CLI_00024,26,24,Unemployed,Premium
CLI_00025,25,27,Salaried,Mass
CLI_00026,29,40,Salaried,Mass
CLI_00027,51,63,Unemployed,Mass
CLI_00028,50,61,Salaried,Mass-Affluent
CLI_00029,65,36,Unemployed,Mass
CLI_00030,72,98,Business Owner,Mass
CLI_00031,40,93,Self-employed,Mass
CLI_00032,41,24,Self-employed,Mass
CLI_00033,54,24,Self-employed,Mass-Affluent
CLI_00034,52,106,Self-employed,Mass
CLI_00035,61,4,Salaried,Mass
CLI_00036,57,67,Salaried,Mass
CLI_00037,39,34,Salaried,Premium
CLI_00038,44,57,Self-employed,Mass
CLI_00039,52,49,Salaried,Mass
CLI_00040,18,87,Salaried,Premium
CLI_00041,52,53,Salaried,Mass
CLI_00042,54,116,Self-employed,Private
CLI_00043,64,23,Business Owner,Mass
CLI_00044,31,109,Business Owner,Mass
CLI_00045,20,69,Gig-worker,Mass-Affluent
CLI_00046,18,95,Unemployed,Premium
CLI_00047,22,53,Self-employed,Mass
CLI_00048,43,62,Gig-worker,Premium
CLI_00049,72,41,Gig-worker,Mass
CLI_00050,31,57,Salaried,Mass-Affluent
CLI_00051,56,60,Unemployed,Mass
CLI_00052,44,54,Salaried,Mass
CLI_00053,26,70,Gig-worker,Premium
CLI_00054,32,101,Self-employed,Premium
CLI_00055,32,57,Salaried,Mass
CLI_00056,43,10,Salaried,Mass
CLI_00057,59,40,Gig-worker,Mass
CLI_00058,30,7,Salaried,Mass
CLI_00059,68,103,Self-employed,Mass
CLI_00060,49,38,Gig-worker,Mass
CLI_00061,56,85,Gig-worker,Mass
CLI_00062,66,61,Gig-worker,Mass-Affluent
CLI_00063,69,84,Gig-worker,Mass
CLI_00064,49,3,Gig-worker,Mass
CLI_00065,21,51,Self-employed,Mass
CLI_00066,47,86,Self-employed,Mass-Affluent
CLI_00067,54,47,Self-employed,Mass
CLI_00068,40,68,Unemployed,Mass
CLI_00069,56,92,Salaried,Mass-Affluent
CLI_00070,62,76,Gig-worker,Mass-Affluent
CLI_00071,32,38,Unemployed,Mass-Affluent
CLI_00072,60,115,Salaried,Premium
CLI_00073,46,36,Salaried,Mass-Affluent
CLI_00074,53,111,Gig-worker,Mass-Affluent
CLI_00075,30,41,Salaried,Mass
CLI_00076,49,69,Salaried,Mass
CLI_00077,24,13,Business Owner,Mass
CLI_00078,68,87,Gig-worker,Mass
CLI_00079,39,58,Salaried,Mass
CLI_00080,45,50,Business Owner,Mass
CLI_00081,19,30,Business Owner,Mass-Affluent
CLI_00082,59,62,Gig-worker,Mass
CLI_00083,62,101,Salaried,Mass
CLI_00084,74,25,Self-employed,Private
CLI_00085,70,112,Self-employed,Mass
CLI_00086,23,27,Self-employed,Mass
CLI_00087,45,51,Unemployed,Mass
CLI_00088,45,78,Self-employed,Premium
CLI_00089,61,57,Salaried,Mass
CLI_00090,61,112,Self-employed,Mass-Affluent
CLI_00091,37,47,Salaried,Mass
CLI_00092,47,118,Self-employed,Mass
CLI_00093,28,100,Gig-worker,Mass
CLI_00094,72,39,Salaried,Mass-Affluent
CLI_00095,45,16,Gig-worker,Mass-Affluent
CLI_00096,42,22,Salaried,Mass-Affluent
CLI_00097,56,85,Salaried,Mass-Affluent
CLI_00098,50,54,Gig-worker,Mass
CLI_00099,18,21,Salaried,Mass-Affluent
CLI_00100,74,72,Self-employed,Mass
CLI_00101,44,113,Salaried,Mass-Affluent
CLI_00102,74,16,Self-employed,Mass
CLI_00103,69,59,Self-employed,Mass
CLI_00104,30,119,Self-employed,Mass
CLI_00105,58,31,Gig-worker,Mass
CLI_00106,20,42,Business Owner,Mass
CLI_00107,56,74,Salaried,Mass-Affluent
CLI_00108,23,32,Salaried,Mass
CLI_00109,25,59,Gig-worker,Mass
CLI_00110,44,34,Salaried,Mass-Affluent
CLI_00111,26,9,Business Owner,Mass
CLI_00112,54,81,Salaried,Mass-Affluent
CLI_00113,50,11,Self-employed,Mass
CLI_00114,68,96,Self-employed,Private
CLI_00115,59,10,Salaried,Mass
CLI_00116,61,86,Gig-worker,Mass
CLI_00117,41,17,Salaried,Mass
CLI_00118,32,68,Gig-worker,Mass
CLI_00119,71,48,Salaried,Premium
CLI_00120,49,52,Unemployed,Mass
CLI_00121,49,111,Business Owner,Mass
CLI_00122,41,25,Salaried,Mass
CLI_00123,58,21,Salaried,Mass-Affluent
CLI_00124,69,101,Self-employed,Mass
CLI_00125,66,102,Salaried,Private
CLI_00126,66,113,Unemployed,Mass
CLI_00127,69,65,Gig-worker,Mass
CLI_00128,29,63,Salaried,Mass
CLI_00129,56,89,Self-employed,Mass-Affluent
CLI_00130,19,51,Gig-worker,Premium
CLI_00131,20,36,Unemployed,Mass
CLI_00132,66,81,Unemployed,Mass
CLI_00133,54,105,Salaried,Mass-Affluent
CLI_00134,66,88,Salaried,Mass
CLI_00135,73,66,Business Owner,Mass
CLI_00136,34,104,Unemployed,Mass
CLI_00137,66,15,Salaried,Mass
CLI_00138,19,96,Self-employed,Mass
CLI_00139,19,39,Gig-worker,Mass
CLI_00140,45,70,Salaried,Mass
CLI_00141,71,1,Unemployed,Mass-Affluent
CLI_00142,40,111,Salaried,Mass
CLI_00143,54,23,Unemployed,Mass-Affluent
CLI_00144,49,39,Salaried,Mass
CLI_00145,50,57,Gig-worker,Mass-Affluent
CLI_00146,18,81,Salaried,Mass
CLI_00147,36,34,Gig-worker,Mass-Affluent
CLI_00148,19,41,Self-employed,Mass
CLI_00149,70,93,Salaried,Premium
CLI_00150,61,73,Gig-worker,Mass
CLI_00151,43,13,Gig-worker,Mass
CLI_00152,49,70,Salaried,Private
CLI_00153,23,6,Self-employed,Mass
CLI_00154,49,84,Salaried,Mass
CLI_00155,72,52,Gig-worker,Premium
CLI_00156,21,117,Gig-worker,Mass
CLI_00157,72,3,Gig-worker,Mass
CLI_00158,28,81,Salaried,Private
CLI_00159,73,63,Gig-worker,Mass
CLI_00160,34,49,Gig-worker,Premium
CLI_00161,55,76,Self-employed,Mass
CLI_00162,41,112,Self-employed,Mass-Affluent
CLI_00163,22,47,Gig-worker,Mass
CLI_00164,69,109,Salaried,Private
CLI_00165,51,55,Salaried,Mass
CLI_00166,23,64,Salaried,Mass
CLI_00167,39,65,Salaried,Mass-Affluent
CLI_00168,28,81,Salaried,Mass
CLI_00169,65,67,Salaried,Mass-Affluent
CLI_00170,33,90,Salaried,Premium
CLI_00171,50,15,Salaried,Mass
CLI_00172,26,100,Salaried,Mass-Affluent
CLI_00173,23,32,Salaried,Mass
CLI_00174,33,96,Salaried,Mass
CLI_00175,46,68,Gig-worker,Mass
CLI_00176,20,18,Gig-worker,Mass-Affluent
CLI_00177,37,113,Salaried,Mass
CLI_00178,53,83,Gig-worker,Mass-Affluent
CLI_00179,36,43,Salaried,Mass
CLI_00180,43,116,Salaried,Mass-Affluent
CLI_00181,20,35,Salaried,Mass
CLI_00182,36,104,Gig-worker,Mass-Affluent
CLI_00183,37,78,Self-employed,Mass
CLI_00184,49,58,Salaried,Mass
CLI_00185,24,33,Salaried,Mass
CLI_00186,69,14,Unemployed,Mass-Affluent
CLI_00187,58,34,Salaried,Mass
CLI_00188,50,61,Salaried,Mass-Affluent
CLI_00189,57,119,Unemployed,Mass
CLI_00190,56,4,Self-employed,Mass-Affluent
CLI_00191,35,88,Gig-worker,Mass
CLI_00192,57,59,Gig-worker,Mass
CLI_00193,18,29,Salaried,Mass
CLI_00194,28,83,Salaried,Mass
CLI_00195,45,6,Gig-worker,Mass
CLI_00196,74,97,Salaried,Premium
CLI_00197,42,49,Gig-worker,Private
CLI_00198,67,40,Unemployed,Mass-Affluent
CLI_00199,40,83,Business Owner,Mass
CLI_00200,48,117,Salaried,Mass
CLI_00201,47,65,Gig-worker,Mass-Affluent
CLI_00202,59,69,Gig-worker,Mass
CLI_00203,52,27,Unemployed,Premium
CLI_00204,24,80,Salaried,Mass
CLI_00205,33,6,Salaried,Private
CLI_00206,43,104,Salaried,Mass
CLI_00207,65,13,Salaried,Mass-Affluent
CLI_00208,74,112,Salaried,Mass
CLI_00209,69,64,Self-employed,Premium
CLI_00210,66,62,Self-employed,Mass
CLI_00211,19,99,Salaried,Mass-Affluent
CLI_00212,18,19,Gig-worker,Mass-Affluent
CLI_00213,65,76,Salaried,Mass
CLI_00214,29,80,Unemployed,Mass
CLI_00215,22,43,Unemployed,Mass
CLI_00216,54,74,Business Owner,Mass
CLI_00217,49,89,Unemployed,Mass
CLI_00218,72,20,Salaried,Mass
CLI_00219,26,95,Salaried,Mass
CLI_00220,58,68,Gig-worker,Mass-Affluent
CLI_00221,52,44,Unemployed,Mass-Affluent
CLI_00222,36,23,Salaried,Mass
CLI_00223,65,2,Salaried,Premium
CLI_00224,33,22,Self-employed,Premium
CLI_00225,20,115,Salaried,Mass
CLI_00226,37,57,Gig-worker,Mass
CLI_00227,41,101,Self-employed,Mass
CLI_00228,71,72,Salaried,Mass-Affluent
CLI_00229,73,7,Salaried,Mass-Affluent
CLI_00230,50,78,Self-employed,Mass
CLI_00231,41,56,Gig-worker,Mass-Affluent
CLI_00232,69,119,Business Owner,Mass
CLI_00233,28,67,Salaried,Mass
CLI_00234,66,114,Salaried,Mass-Affluent
CLI_00235,25,16,Self-employed,Mass-Affluent
CLI_00236,53,119,Gig-worker,Mass
CLI_00237,55,83,Salaried,Mass
CLI_00238,57,51,Self-employed,Premium
CLI_00239,37,82,Salaried,Mass
CLI_00240,52,116,Salaried,Mass-Affluent
CLI_00241,65,80,Salaried,Mass
CLI_00242,42,72,Salaried,Mass
CLI_00243,52,97,Gig-worker,Mass
CLI_00244,42,113,Gig-worker,Mass
CLI_00245,46,12,Self-employed,Mass-Affluent
CLI_00246,35,53,Unemployed,Mass
CLI_00247,63,75,Salaried,Mass
CLI_00248,35,5,Salaried,Mass
CLI_00249,19,27,Salaried,Mass
CLI_00250,71,12,Salaried,Premium
CLI_00251,52,17,Self-employed,Mass-Affluent
CLI_00252,33,6,Self-employed,Mass
CLI_00253,58,97,Self-employed,Mass-Affluent
CLI_00254,53,5,Salaried,Mass-Affluent
CLI_00255,50,57,Salaried,Mass-Affluent
CLI_00256,21,28,Gig-worker,Mass
CLI_00257,50,78,Salaried,Mass
CLI_00258,31,69,Gig-worker,Mass
CLI_00259,38,118,Business Owner,Mass-Affluent
CLI_00260,65,59,Salaried,Mass-Affluent
CLI_00261,37,33,Self-employed,Mass
CLI_00262,73,62,Gig-worker,Mass
CLI_00263,25,50,Salaried,Mass
CLI_00264,24,112,Gig-worker,Mass
CLI_00265,20,105,Salaried,Private
CLI_00266,34,19,Salaried,Mass
CLI_00267,50,86,Gig-worker,Mass
CLI_00268,65,69,Unemployed,Private
CLI_00269,29,66,Salaried,Mass
CLI_00270,68,94,Salaried,Mass-Affluent
CLI_00271,39,47,Unemployed,Mass
CLI_00272,72,39,Self-employed,Mass
CLI_00273,39,68,Self-employed,Mass
CLI_00274,63,33,Salaried,Mass-Affluent
CLI_00275,47,13,Unemployed,Mass
CLI_00276,55,84,Salaried,Mass
CLI_00277,55,54,Gig-worker,Mass-Affluent
CLI_00278,62,7,Salaried,Mass
CLI_00279,68,79,Gig-worker,Mass
CLI_00280,71,87,Salaried,Mass
CLI_00281,25,14,Gig-worker,Mass
CLI_00282,44,87,Salaried,Mass-Affluent
CLI_00283,44,19,Salaried,Mass-Affluent
CLI_00284,51,54,Gig-worker,Private
CLI_00285,38,93,Unemployed,Mass-Affluent
CLI_00286,47,20,Business Owner,Mass
CLI_00287,50,29,Salaried,Premium
CLI_00288,45,24,Self-employed,Mass
CLI_00289,64,82,Self-employed,Mass
CLI_00290,50,63,Salaried,Mass
CLI_00291,22,74,Salaried,Mass
CLI_00292,65,105,Self-employed,Mass-Affluent
CLI_00293,36,57,Unemployed,Mass
CLI_00294,21,8,Gig-worker,Mass
CLI_00295,52,90,Gig-worker,Mass
CLI_00296,66,62,Gig-worker,Mass
CLI_00297,34,29,Salaried,Mass
CLI_00298,61,74,Self-employed,Mass-Affluent
CLI_00299,45,17,Self-employed,Mass
CLI_00300,47,66,Salaried,Mass-Affluent
CLI_00301,46,6,Unemployed,Mass
CLI_00302,63,58,Salaried,Mass
CLI_00303,70,69,Business Owner,Mass-Affluent
CLI_00304,23,28,Salaried,Mass-Affluent
CLI_00305,52,62,Salaried,Mass
CLI_00306,58,41,Salaried,Mass-Affluent
CLI_00307,54,69,Gig-worker,Private
CLI_00308,41,82,Salaried,Private
CLI_00309,46,90,Gig-worker,Mass-Affluent
CLI_00310,66,84,Gig-worker,Mass-Affluent
CLI_00311,63,41,Self-employed,Mass
CLI_00312,70,49,Salaried,Mass-Affluent
CLI_00313,48,91,Gig-worker,Mass
CLI_00314,52,49,Salaried,Private
CLI_00315,50,76,Self-employed,Mass
CLI_00316,69,71,Salaried,Mass
CLI_00317,38,3,Unemployed,Mass
CLI_00318,49,10,Self-employed,Mass
CLI_00319,40,98,Gig-worker,Mass
CLI_00320,50,89,Gig-worker,Mass
CLI_00321,20,35,Salaried,Mass-Affluent
CLI_00322,35,80,Salaried,Mass-Affluent
CLI_00323,42,2,Unemployed,Mass
CLI_00324,59,24,Unemployed,Mass-Affluent
CLI_00325,48,74,Salaried,Mass
CLI_00326,71,38,Gig-worker,Mass
CLI_00327,20,22,Self-employed,Mass-Affluent
CLI_00328,57,26,Gig-worker,Mass-Affluent
CLI_00329,63,43,Salaried,Mass
CLI_00330,41,55,Salaried,Mass
CLI_00331,67,39,Salaried,Mass
CLI_00332,49,91,Self-employed,Mass
CLI_00333,64,29,Gig-worker,Mass
CLI_00334,39,111,Gig-worker,Private
CLI_00335,40,102,Unemployed,Mass-Affluent
CLI_00336,19,20,Gig-worker,Mass-Affluent
CLI_00337,44,91,Unemployed,Mass
CLI_00338,59,41,Gig-worker,Mass-Affluent
CLI_00339,19,54,Salaried,Mass
CLI_00340,43,20,Unemployed,Mass
CLI_00341,34,108,Gig-worker,Mass
CLI_00342,57,19,Salaried,Mass-Affluent
CLI_00343,50,84,Salaried,Premium
CLI_00344,26,99,Salaried,Mass
CLI_00345,60,111,Gig-worker,Mass
CLI_00346,71,66,Unemployed,Mass
CLI_00347,65,30,Unemployed,Mass-Affluent
CLI_00348,56,53,Unemployed,Mass
CLI_00349,46,34,Salaried,Mass
CLI_00350,59,22,Salaried,Mass-Affluent
CLI_00351,72,67,Salaried,Mass
CLI_00352,43,6,Unemployed,Mass
CLI_00353,52,79,Salaried,Mass
CLI_00354,67,27,Gig-worker,Mass-Affluent
CLI_00355,42,10,Self-employed,Mass
CLI_00356,41,73,Gig-worker,Private
CLI_00357,30,97,Salaried,Mass-Affluent
CLI_00358,24,96,Business Owner,Mass
CLI_00359,74,48,Business Owner,Mass
CLI_00360,53,70,Salaried,Mass
CLI_00361,62,105,Gig-worker,Mass
CLI_00362,37,59,Business Owner,Premium
CLI_00363,18,100,Salaried,Mass-Affluent
CLI_00364,25,59,Gig-worker,Mass
CLI_00365,63,2,Salaried,Mass
CLI_00366,33,29,Gig-worker,Mass
CLI_00367,31,68,Salaried,Mass
CLI_00368,29,65,Gig-worker,Mass
CLI_00369,68,83,Salaried,Mass
CLI_00370,40,26,Gig-worker,Private
CLI_00371,32,89,Business Owner,Mass
CLI_00372,45,10,Self-employed,Mass
CLI_00373,51,53,Self-employed,Premium
CLI_00374,19,79,Gig-worker,Mass
CLI_00375,49,59,Salaried,Mass
CLI_00376,40,22,Salaried,Mass
CLI_00377,39,51,Unemployed,Mass
CLI_00378,68,48,Salaried,Private
CLI_00379,42,21,Salaried,Premium
CLI_00380,39,22,Self-employed,Premium
CLI_00381,39,100,Salaried,Mass-Affluent
CLI_00382,66,98,Salaried,Mass
CLI_00383,69,30,Business Owner,Premium
CLI_00384,59,25,Unemployed,Private
CLI_00385,23,109,Gig-worker,Mass
CLI_00386,32,28,Business Owner,Mass
CLI_00387,71,65,Self-employed,Mass
CLI_00388,60,113,Self-employed,Mass
CLI_00389,54,45,Salaried,Mass
CLI_00390,50,68,Salaried,Premium
CLI_00391,25,7,Gig-worker,Premium
CLI_00392,70,49,Unemployed,Mass
CLI_00393,61,9,Gig-worker,Mass
CLI_00394,61,36,Salaried,Mass-Affluent
CLI_00395,22,83,Salaried,Mass-Affluent
CLI_00396,56,1,Self-employed,Mass
CLI_00397,21,10,Salaried,Mass-Affluent
CLI_00398,23,36,Gig-worker,Premium
CLI_00399,62,73,Salaried,Premium
CLI_00400,49,109,Salaried,Mass
CLI_00401,69,46,Self-employed,Mass
CLI_00402,47,106,Self-employed,Premium
CLI_00403,64,32,Salaried,Mass
CLI_00404,52,32,Salaried,Mass-Affluent
CLI_00405,72,6,Self-employed,Mass
CLI_00406,57,48,Salaried,Mass
CLI_00407,69,38,Gig-worker,Mass
CLI_00408,33,17,Business Owner,Mass
CLI_00409,30,74,Salaried,Premium
CLI_00410,67,114,Unemployed,Mass
CLI_00411,59,27,Salaried,Premium
CLI_00412,47,54,Gig-worker,Premium
CLI_00413,36,50,Salaried,Mass
CLI_00414,34,35,Business Owner,Mass-Affluent
CLI_00415,73,116,Salaried,Mass
CLI_00416,36,85,Salaried,Mass-Affluent
CLI_00417,45,25,Business Owner,Mass
CLI_00418,72,28,Gig-worker,Mass
CLI_00419,43,111,Gig-worker,Mass
CLI_00420,54,15,Salaried,Mass-Affluent
CLI_00421,43,4,Self-employed,Premium
CLI_00422,70,93,Salaried,Mass
CLI_00423,40,73,Salaried,Mass
CLI_00424,26,27,Gig-worker,Mass
CLI_00425,29,26,Salaried,Mass-Affluent
CLI_00426,70,19,Business Owner,Mass
CLI_00427,18,92,Unemployed,Mass-Affluent
CLI_00428,18,17,Self-employed,Mass
CLI_00429,64,43,Self-employed,Mass
CLI_00430,51,41,Self-employed,Mass-Affluent
CLI_00431,49,42,Salaried,Mass-Affluent
CLI_00432,71,50,Self-employed,Mass-Affluent
CLI_00433,65,84,Salaried,Mass
CLI_00434,42,109,Salaried,Premium
CLI_00435,57,40,Self-employed,Mass
CLI_00436,62,39,Gig-worker,Premium
CLI_00437,70,113,Unemployed,Mass
CLI_00438,18,117,Salaried,Mass
CLI_00439,33,23,Gig-worker,Mass
CLI_00440,56,111,Salaried,Mass
CLI_00441,22,96,Gig-worker,Mass
CLI_00442,39,52,Self-employed,Premium
CLI_00443,46,47,Gig-worker,Mass-Affluent
CLI_00444,72,63,Salaried,Private
CLI_00445,20,97,Salaried,Mass
CLI_00446,29,110,Salaried,Mass
CLI_00447,43,69,Gig-worker,Premium
CLI_00448,33,43,Unemployed,Mass
CLI_00449,68,48,Salaried,Mass
CLI_00450,54,34,Self-employed,Premium
CLI_00451,39,40,Unemployed,Mass
CLI_00452,74,75,Gig-worker,Mass
CLI_00453,46,61,Self-employed,Premium
CLI_00454,31,50,Self-employed,Mass
CLI_00455,45,67,Salaried,Premium
CLI_00456,22,62,Salaried,Mass
CLI_00457,64,58,Salaried,Mass-Affluent
CLI_00458,66,33,Business Owner,Mass
CLI_00459,47,75,Unemployed,Mass-Affluent
CLI_00460,63,16,Self-employed,Mass
CLI_00461,69,82,Salaried,Mass-Affluent
CLI_00462,22,94,Gig-worker,Mass
CLI_00463,29,48,Salaried,Mass
CLI_00464,33,119,Salaried,Mass-Affluent
CLI_00465,43,10,Gig-worker,Mass
CLI_00466,43,82,Business Owner,Mass
CLI_00467,65,38,Unemployed,Mass
CLI_00468,38,19,Self-employed,Mass
CLI_00469,56,36,Salaried,Mass
CLI_00470,53,59,Salaried,Mass
CLI_00471,50,63,Salaried,Mass
CLI_00472,47,77,Self-employed,Mass-Affluent
CLI_00473,54,46,Self-employed,Mass
CLI_00474,40,3,Salaried,Mass
CLI_00475,27,74,Gig-worker,Private
CLI_00476,71,102,Salaried,Premium
CLI_00477,22,65,Salaried,Mass
CLI_00478,53,119,Gig-worker,Mass
CLI_00479,51,91,Salaried,Premium
CLI_00480,69,110,Gig-worker,Mass
CLI_00481,48,8,Unemployed,Mass
CLI_00482,27,51,Gig-worker,Mass
CLI_00483,36,110,Salaried,Mass-Affluent
CLI_00484,49,106,Salaried,Mass
CLI_00485,18,81,Gig-worker,Mass-Affluent
CLI_00486,73,73,Salaried,Mass-Affluent
CLI_00487,22,6,Salaried,Mass
CLI_00488,62,107,Gig-worker,Premium
CLI_00489,21,89,Gig-worker,Mass
CLI_00490,33,39,Self-employed,Mass
CLI_00491,41,113,Salaried,Mass
CLI_00492,33,60,Self-employed,Mass
CLI_00493,72,28,Salaried,Mass
CLI_00494,19,97,Salaried,Mass
CLI_00495,66,54,Gig-worker,Mass
CLI_00496,45,37,Gig-worker,Mass
CLI_00497,49,9,Unemployed,Mass
CLI_00498,44,82,Self-employed,Mass-Affluent
CLI_00499,37,56,Unemployed,Mass
CLI_00500,41,59,Unemployed,Mass-Affluent
CLI_00501,29,85,Gig-worker,Mass
CLI_00502,67,2,Gig-worker,Mass
CLI_00503,52,61,Gig-worker,Mass
CLI_00504,50,58,Business Owner,Mass
CLI_00505,50,107,Self-employed,Mass
CLI_00506,68,60,Salaried,Mass
CLI_00507,60,102,Self-employed,Private
CLI_00508,54,40,Salaried,Private
CLI_00509,29,36,Gig-worker,Mass
CLI_00510,20,114,Salaried,Mass-Affluent
CLI_00511,18,107,Self-employed,Mass
CLI_00512,50,37,Unemployed,Mass
CLI_00513,57,79,Salaried,Mass-Affluent
CLI_00514,27,92,Salaried,Mass
CLI_00515,60,18,Salaried,Mass
CLI_00516,61,98,Self-employed,Mass
CLI_00517,46,63,Salaried,Mass
CLI_00518,30,22,Salaried,Mass
CLI_00519,29,11,Salaried,Mass
CLI_00520,48,58,Gig-worker,Mass
CLI_00521,63,57,Salaried,Mass
CLI_00522,19,77,Self-employed,Mass-Affluent
CLI_00523,68,4,Salaried,Mass
CLI_00524,67,86,Self-employed,Mass-Affluent
CLI_00525,52,7,Salaried,Mass-Affluent
CLI_00526,40,61,Gig-worker,Mass-Affluent
CLI_00527,34,107,Salaried,Mass-Affluent
CLI_00528,43,54,Self-employed,Mass
CLI_00529,25,88,Unemployed,Mass
CLI_00530,46,68,Unemployed,Mass
CLI_00531,43,92,Gig-worker,Private
CLI_00532,27,79,Gig-worker,Mass
CLI_00533,43,1,Self-employed,Mass
CLI_00534,51,55,Self-employed,Mass
CLI_00535,68,3,Salaried,Private
CLI_00536,58,78,Self-employed,Mass
CLI_00537,24,38,Gig-worker,Mass
CLI_00538,21,114,Salaried,Mass
CLI_00539,70,1,Salaried,Private
CLI_00540,67,102,Salaried,Mass
CLI_00541,62,38,Gig-worker,Mass
CLI_00542,28,85,Salaried,Mass-Affluent
CLI_00543,46,112,Salaried,Mass
CLI_00544,73,29,Salaried,Premium
CLI_00545,53,5,Gig-worker,Mass
CLI_00546,42,113,Self-employed,Mass
CLI_00547,38,74,Salaried,Premium
CLI_00548,74,92,Salaried,Private
CLI_00549,53,21,Salaried,Mass
CLI_00550,27,114,Unemployed,Mass
CLI_00551,54,71,Gig-worker,Mass-Affluent
CLI_00552,26,67,Gig-worker,Mass
CLI_00553,41,109,Salaried,Premium
CLI_00554,52,47,Self-employed,Premium
CLI_00555,66,84,Gig-worker,Mass
CLI_00556,52,83,Salaried,Private
CLI_00557,65,35,Salaried,Mass
CLI_00558,53,68,Salaried,Mass-Affluent
CLI_00559,35,69,Self-employed,Mass
CLI_00560,66,1,Unemployed,Premium
CLI_00561,56,68,Gig-worker,Mass-Affluent
CLI_00562,49,12,Self-employed,Mass-Affluent
CLI_00563,41,60,Salaried,Premium
CLI_00564,40,27,Gig-worker,Mass
CLI_00565,49,56,Self-employed,Mass
CLI_00566,54,106,Salaried,Premium
CLI_00567,29,23,Unemployed,Mass-Affluent
CLI_00568,66,25,Salaried,Premium
CLI_00569,72,21,Salaried,Premium
CLI_00570,30,61,Gig-worker,Mass
CLI_00571,40,63,Gig-worker,Mass
CLI_00572,42,52,Self-employed,Mass
CLI_00573,52,88,Salaried,Mass-Affluent
CLI_00574,58,25,Self-employed,Mass
CLI_00575,47,109,Gig-worker,Mass-Affluent
CLI_00576,34,55,Gig-worker,Mass
CLI_00577,66,46,Business Owner,Mass
CLI_00578,37,32,Self-employed,Mass
CLI_00579,65,55,Salaried,Mass
CLI_00580,42,96,Self-employed,Mass-Affluent
CLI_00581,39,5,Salaried,Mass
CLI_00582,30,36,Salaried,Mass
CLI_00583,36,110,Gig-worker,Mass
CLI_00584,66,106,Business Owner,Mass-Affluent
CLI_00585,53,49,Salaried,Mass-Affluent
CLI_00586,29,106,Self-employed,Mass
CLI_00587,58,58,Salaried,Mass-Affluent
CLI_00588,36,39,Self-employed,Mass
CLI_00589,29,80,Gig-worker,Mass
CLI_00590,26,97,Self-employed,Mass-Affluent
CLI_00591,24,113,Salaried,Mass
CLI_00592,45,85,Self-employed,Mass-Affluent
CLI_00593,31,61,Business Owner,Mass
CLI_00594,48,9,Self-employed,Private
CLI_00595,69,6,Gig-worker,Mass
CLI_00596,36,115,Unemployed,Mass
CLI_00597,64,109,Salaried,Premium
CLI_00598,33,35,Self-employed,Mass
CLI_00599,70,39,Unemployed,Mass
CLI_00600,22,22,Salaried,Mass
CLI_00601,52,41,Gig-worker,Mass
CLI_00602,29,118,Salaried,Mass
CLI_00603,42,5,Gig-worker,Mass
CLI_00604,69,42,Gig-worker,Mass-Affluent
CLI_00605,38,87,Salaried,Mass
CLI_00606,53,81,Gig-worker,Mass-Affluent
CLI_00607,70,76,Salaried,Mass
CLI_00608,40,87,Salaried,Mass
CLI_00609,33,80,Salaried,Mass
CLI_00610,74,67,Unemployed,Mass
CLI_00611,56,30,Salaried,Mass
CLI_00612,62,57,Unemployed,Mass
CLI_00613,70,86,Gig-worker,Mass
CLI_00614,59,73,Salaried,Mass
CLI_00615,56,29,Self-employed,Mass
CLI_00616,31,111,Gig-worker,Mass
CLI_00617,48,37,Gig-worker,Mass-Affluent
CLI_00618,22,87,Salaried,Mass
CLI_00619,52,13,Salaried,Mass
CLI_00620,40,32,Salaried,Mass
CLI_00621,46,46,Salaried,Mass
CLI_00622,60,116,Salaried,Mass
CLI_00623,28,111,Salaried,Premium
CLI_00624,35,112,Salaried,Mass-Affluent
CLI_00625,64,23,Salaried,Mass-Affluent
CLI_00626,29,45,Salaried,Mass-Affluent
CLI_00627,26,17,Salaried,Mass
CLI_00628,27,119,Business Owner,Mass
CLI_00629,61,104,Salaried,Mass-Affluent
CLI_00630,34,85,Gig-worker,Mass
CLI_00631,55,66,Salaried,Mass
CLI_00632,24,101,Unemployed,Mass-Affluent
CLI_00633,63,6,Salaried,Mass-Affluent
CLI_00634,30,108,Business Owner,Mass
CLI_00635,57,18,Gig-worker,Mass
CLI_00636,59,94,Salaried,Mass-Affluent
CLI_00637,26,22,Unemployed,Mass-Affluent
CLI_00638,67,118,Gig-worker,Mass-Affluent
CLI_00639,44,33,Salaried,Private
CLI_00640,19,30,Self-employed,Mass
CLI_00641,22,81,Unemployed,Mass
CLI_00642,46,107,Gig-worker,Mass
CLI_00643,54,32,Salaried,Mass
CLI_00644,55,42,Self-employed,Premium
CLI_00645,36,115,Self-employed,Private
CLI_00646,25,78,Unemployed,Mass
CLI_00647,65,10,Self-employed,Mass
CLI_00648,62,111,Salaried,Mass
CLI_00649,18,115,Unemployed,Mass-Affluent
CLI_00650,39,36,Salaried,Mass
CLI_00651,69,34,Salaried,Mass
CLI_00652,34,73,Gig-worker,Mass
CLI_00653,24,106,Gig-worker,Mass
CLI_00654,42,28,Salaried,Premium
CLI_00655,62,11,Self-employed,Mass
CLI_00656,21,78,Salaried,Mass
CLI_00657,53,39,Gig-worker,Mass
CLI_00658,23,119,Self-employed,Mass
CLI_00659,48,47,Salaried,Mass-Affluent
CLI_00660,36,118,Salaried,Mass
CLI_00661,61,19,Salaried,Mass
CLI_00662,71,118,Business Owner,Mass-Affluent
CLI_00663,56,15,Salaried,Mass
CLI_00664,44,28,Salaried,Mass-Affluent
CLI_00665,27,24,Gig-worker,Mass
CLI_00666,43,72,Gig-worker,Mass
CLI_00667,36,107,Salaried,Mass-Affluent
CLI_00668,56,9,Gig-worker,Mass-Affluent
CLI_00669,20,47,Salaried,Mass
CLI_00670,62,33,Business Owner,Mass
CLI_00671,30,62,Salaried,Mass
CLI_00672,67,97,Salaried,Mass
CLI_00673,45,19,Gig-worker,Mass
CLI_00674,37,67,Salaried,Mass-Affluent
CLI_00675,45,74,Self-employed,Mass
CLI_00676,25,40,Salaried,Mass
CLI_00677,58,47,Salaried,Mass
CLI_00678,56,106,Self-employed,Mass
CLI_00679,18,65,Gig-worker,Mass-Affluent
CLI_00680,20,29,Gig-worker,Mass
CLI_00681,30,50,Salaried,Mass
CLI_00682,45,98,Salaried,Private
CLI_00683,74,115,Salaried,Mass
CLI_00684,66,13,Salaried,Mass
CLI_00685,42,118,Gig-worker,Mass
CLI_00686,73,1,Unemployed,Private
CLI_00687,50,34,Salaried,Private
CLI_00688,55,93,Salaried,Mass
CLI_00689,70,48,Salaried,Mass
CLI_00690,23,111,Salaried,Premium
CLI_00691,61,77,Salaried,Mass
CLI_00692,62,48,Unemployed,Mass
CLI_00693,49,49,Self-employed,Mass-Affluent
CLI_00694,62,117,Business Owner,Mass
CLI_00695,64,64,Unemployed,Mass
CLI_00696,38,61,Gig-worker,Mass-Affluent
CLI_00697,33,29,Gig-worker,Mass
CLI_00698,71,39,Salaried,Mass
CLI_00699,38,88,Gig-worker,Mass
CLI_00700,28,26,Unemployed,Mass
CLI_00701,54,17,Salaried,Mass
CLI_00702,53,71,Unemployed,Mass
CLI_00703,52,13,Salaried,Mass-Affluent
CLI_00704,36,69,Unemployed,Premium
CLI_00705,37,26,Unemployed,Mass
CLI_00706,74,49,Self-employed,Mass-Affluent
CLI_00707,35,67,Self-employed,Mass-Affluent
CLI_00708,64,7,Gig-worker,Mass-Affluent
CLI_00709,58,58,Self-employed,Mass
CLI_00710,66,49,Business Owner,Premium
CLI_00711,31,103,Self-employed,Mass
CLI_00712,32,53,Gig-worker,Mass
CLI_00713,48,65,Gig-worker,Mass
CLI_00714,18,113,Self-employed,Mass-Affluent
CLI_00715,70,62,Gig-worker,Mass
CLI_00716,71,17,Self-employed,Mass
CLI_00717,71,43,Gig-worker,Mass-Affluent
CLI_00718,20,25,Salaried,Premium
CLI_00719,33,3,Salaried,Mass-Affluent
CLI_00720,40,79,Gig-worker,Mass
CLI_00721,74,29,Salaried,Mass
CLI_00722,28,117,Salaried,Mass-Affluent
CLI_00723,29,107,Gig-worker,Mass
CLI_00724,27,32,Salaried,Mass-Affluent
CLI_00725,49,26,Salaried,Mass
CLI_00726,33,16,Self-employed,Premium
CLI_00727,25,25,Business Owner,Mass
CLI_00728,55,54,Self-employed,Mass
CLI_00729,29,28,Business Owner,Premium
CLI_00730,41,73,Self-employed,Mass
CLI_00731,45,56,Salaried,Mass
CLI_00732,70,65,Self-employed,Mass-Affluent
CLI_00733,25,93,Self-employed,Mass
CLI_00734,45,86,Salaried,Mass
CLI_00735,53,80,Salaried,Mass
CLI_00736,43,41,Self-employed,Mass
CLI_00737,25,115,Salaried,Mass
CLI_00738,67,108,Gig-worker,Mass-Affluent
CLI_00739,45,51,Salaried,Mass-Affluent
CLI_00740,45,118,Gig-worker,Mass
CLI_00741,54,105,Gig-worker,Mass
CLI_00742,58,71,Salaried,Premium
CLI_00743,53,78,Salaried,Private
CLI_00744,44,29,Gig-worker,Mass
CLI_00745,71,83,Self-employed,Mass-Affluent
CLI_00746,34,19,Unemployed,Mass-Affluent
CLI_00747,26,66,Gig-worker,Mass
CLI_00748,50,41,Self-employed,Mass
CLI_00749,70,45,Salaried,Mass
CLI_00750,37,15,Salaried,Mass-Affluent
CLI_00751,30,3,Salaried,Mass-Affluent
CLI_00752,45,11,Gig-worker,Mass-Affluent
CLI_00753,65,53,Salaried,Mass
CLI_00754,46,46,Salaried,Mass-Affluent
CLI_00755,30,30,Self-employed,Mass-Affluent
CLI_00756,63,57,Self-employed,Premium
CLI_00757,52,104,Salaried,Mass
CLI_00758,23,18,Salaried,Mass-Affluent
CLI_00759,35,51,Gig-worker,Mass
CLI_00760,68,48,Gig-worker,Mass-Affluent
CLI_00761,22,66,Self-employed,Mass-Affluent
CLI_00762,64,96,Salaried,Mass
CLI_00763,42,8,Self-employed,Mass-Affluent
CLI_00764,19,22,Unemployed,Mass
CLI_00765,27,6,Salaried,Mass-Affluent
CLI_00766,73,76,Business Owner,Mass
CLI_00767,47,111,Salaried,Mass-Affluent
CLI_00768,67,57,Salaried,Premium
CLI_00769,62,104,Gig-worker,Mass
CLI_00770,22,36,Salaried,Mass
CLI_00771,72,79,Salaried,Mass
CLI_00772,73,92,Gig-worker,Mass
CLI_00773,50,116,Self-employed,Mass
CLI_00774,71,57,Unemployed,Mass-Affluent
CLI_00775,18,49,Self-employed,Premium
CLI_00776,35,45,Salaried,Premium
CLI_00777,49,82,Self-employed,Mass
CLI_00778,64,66,Gig-worker,Mass-Affluent
CLI_00779,66,77,Self-employed,Mass-Affluent
CLI_00780,28,45,Self-employed,Mass
CLI_00781,38,118,Unemployed,Mass
CLI_00782,43,79,Gig-worker,Mass
CLI_00783,42,20,Self-employed,Mass-Affluent
CLI_00784,39,64,Salaried,Mass
CLI_00785,44,93,Business Owner,Mass-Affluent
CLI_00786,66,106,Salaried,Mass
CLI_00787,30,93,Salaried,Private
CLI_00788,50,67,Salaried,Mass
CLI_00789,51,83,Self-employed,Mass-Affluent
CLI_00790,58,3,Gig-worker,Mass
CLI_00791,52,54,Gig-worker,Mass
CLI_00792,18,78,Business Owner,Mass-Affluent
CLI_00793,38,64,Unemployed,Private
CLI_00794,65,40,Salaried,Mass
CLI_00795,72,59,Salaried,Mass
CLI_00796,23,55,Self-employed,Mass
CLI_00797,45,62,Unemployed,Mass
CLI_00798,34,4,Gig-worker,Mass
CLI_00799,22,60,Gig-worker,Mass-Affluent
CLI_00800,48,116,Salaried,Premium
CLI_00801,22,75,Self-employed,Mass
CLI_00802,55,95,Gig-worker,Mass
CLI_00803,20,107,Gig-worker,Mass
CLI_00804,70,96,Salaried,Mass
CLI_00805,40,91,Unemployed,Mass
CLI_00806,54,30,Gig-worker,Mass
CLI_00807,70,107,Salaried,Mass
CLI_00808,54,2,Gig-worker,Mass
CLI_00809,27,62,Self-employed,Mass
CLI_00810,27,49,Gig-worker,Mass
CLI_00811,36,9,Self-employed,Mass
CLI_00812,34,92,Gig-worker,Premium
CLI_00813,38,31,Unemployed,Mass-Affluent
CLI_00814,31,98,Salaried,Premium
CLI_00815,26,61,Salaried,Mass
CLI_00816,63,79,Salaried,Mass
CLI_00817,18,48,Self-employed,Mass
CLI_00818,68,25,Gig-worker,Mass
CLI_00819,62,36,Unemployed,Mass-Affluent
CLI_00820,30,8,Self-employed,Mass
CLI_00821,21,73,Gig-worker,Mass
CLI_00822,18,58,Business Owner,Mass
CLI_00823,66,101,Salaried,Mass
CLI_00824,57,112,Self-employed,Private
CLI_00825,49,45,Gig-worker,Mass
CLI_00826,51,62,Gig-worker,Mass-Affluent
CLI_00827,45,39,Self-employed,Mass
CLI_00828,48,96,Gig-worker,Private
CLI_00829,25,58,Salaried,Mass
CLI_00830,56,116,Gig-worker,Mass-Affluent
CLI_00831,43,81,Gig-worker,Mass
CLI_00832,51,99,Self-employed,Mass-Affluent
CLI_00833,71,101,Gig-worker,Mass
CLI_00834,71,83,Unemployed,Mass
CLI_00835,20,64,Gig-worker,Premium
CLI_00836,67,44,Gig-worker,Private
CLI_00837,29,29,Self-employed,Mass
CLI_00838,18,59,Gig-worker,Mass-Affluent
CLI_00839,71,71,Business Owner,Mass
CLI_00840,61,92,Self-employed,Mass-Affluent
CLI_00841,22,9,Gig-worker,Mass-Affluent
CLI_00842,47,92,Salaried,Mass
CLI_00843,47,6,Gig-worker,Premium
CLI_00844,74,29,Salaried,Mass-Affluent
CLI_00845,34,58,Self-employed,Mass
CLI_00846,65,17,Salaried,Mass-Affluent
CLI_00847,64,16,Salaried,Mass
CLI_00848,40,87,Salaried,Mass-Affluent
CLI_00849,32,95,Salaried,Mass-Affluent
CLI_00850,54,3,Salaried,Mass
CLI_00851,38,21,Unemployed,Mass-Affluent
CLI_00852,31,64,Self-employed,Mass
CLI_00853,19,90,Self-employed,Mass
CLI_00854,28,36,Self-employed,Mass
CLI_00855,68,106,Salaried,Mass
CLI_00856,56,101,Unemployed,Mass-Affluent
CLI_00857,55,117,Salaried,Mass
CLI_00858,51,86,Salaried,Mass
CLI_00859,55,62,Gig-worker,Mass-Affluent
CLI_00860,67,42,Salaried,Mass
CLI_00861,51,76,Self-employed,Mass
CLI_00862,35,42,Salaried,Mass
CLI_00863,47,61,Self-employed,Mass-Affluent
CLI_00864,32,13,Gig-worker,Mass
CLI_00865,44,11,Salaried,Mass
CLI_00866,68,54,Self-employed,Mass
CLI_00867,51,16,Salaried,Mass-Affluent
CLI_00868,69,8,Gig-worker,Mass
CLI_00869,74,104,Salaried,Private
CLI_00870,55,59,Gig-worker,Mass-Affluent
CLI_00871,50,57,Self-employed,Premium
CLI_00872,41,40,Salaried,Mass
CLI_00873,32,109,Business Owner,Mass
CLI_00874,47,59,Unemployed,Premium
CLI_00875,72,2,Self-employed,Mass
CLI_00876,59,94,Self-employed,Mass
CLI_00877,68,94,Salaried,Mass
CLI_00878,34,76,Self-employed,Private
CLI_00879,22,10,Salaried,Mass-Affluent
CLI_00880,46,44,Salaried,Mass
CLI_00881,21,11,Business Owner,Mass-Affluent
CLI_00882,27,79,Gig-worker,Mass
CLI_00883,73,80,Gig-worker,Mass-Affluent
CLI_00884,34,81,Salaried,Mass
CLI_00885,27,90,Gig-worker,Mass-Affluent
CLI_00886,34,2,Salaried,Mass
CLI_00887,37,50,Salaried,Mass
CLI_00888,41,12,Salaried,Mass
CLI_00889,22,115,Gig-worker,Mass
CLI_00890,51,90,Gig-worker,Mass-Affluent
CLI_00891,23,23,Salaried,Mass
CLI_00892,70,18,Self-employed,Mass
CLI_00893,19,62,Salaried,Mass
CLI_00894,30,96,Self-employed,Mass
CLI_00895,60,113,Business Owner,Mass
CLI_00896,60,62,Self-employed,Mass
CLI_00897,65,38,Unemployed,Mass
CLI_00898,28,111,Unemployed,Mass
CLI_00899,68,67,Gig-worker,Mass
CLI_00900,64,38,Self-employed,Premium
CLI_00901,74,67,Unemployed,Mass-Affluent
CLI_00902,40,94,Salaried,Mass
CLI_00903,72,61,Salaried,Mass-Affluent
CLI_00904,33,1,Unemployed,Mass-Affluent
CLI_00905,48,94,Self-employed,Mass
CLI_00906,28,45,Salaried,Mass-Affluent
CLI_00907,71,96,Gig-worker,Mass
CLI_00908,33,28,Self-employed,Mass-Affluent
CLI_00909,25,21,Gig-worker,Mass
CLI_00910,21,110,Gig-worker,Mass
CLI_00911,57,13,Self-employed,Mass
CLI_00912,21,27,Gig-worker,Private
CLI_00913,73,100,Gig-worker,Mass-Affluent
CLI_00914,42,7,Self-employed,Mass
CLI_00915,20,22,Self-employed,Mass
CLI_00916,49,74,Gig-worker,Mass
CLI_00917,20,103,Salaried,Mass
CLI_00918,44,53,Gig-worker,Mass
CLI_00919,46,79,Business Owner,Mass
CLI_00920,49,79,Salaried,Premium
CLI_00921,67,4,Salaried,Mass-Affluent
CLI_00922,68,96,Gig-worker,Mass
CLI_00923,36,23,Self-employed,Mass
CLI_00924,38,119,Salaried,Premium
CLI_00925,22,70,Salaried,Mass-Affluent
CLI_00926,35,88,Salaried,Mass-Affluent
CLI_00927,45,84,Self-employed,Private
CLI_00928,59,101,Salaried,Mass-Affluent
CLI_00929,39,84,Salaried,Mass
CLI_00930,38,76,Gig-worker,Mass
CLI_00931,23,33,Unemployed,Private
CLI_00932,18,28,Gig-worker,Mass
CLI_00933,22,8,Salaried,Mass
CLI_00934,58,1,Gig-worker,Mass
CLI_00935,29,37,Business Owner,Mass-Affluent
CLI_00936,43,63,Gig-worker,Private
CLI_00937,63,22,Business Owner,Mass
CLI_00938,51,70,Self-employed,Mass
CLI_00939,66,21,Salaried,Premium
CLI_00940,31,96,Self-employed,Mass
CLI_00941,43,35,Salaried,Mass
CLI_00942,62,79,Gig-worker,Premium
CLI_00943,44,5,Salaried,Mass
CLI_00944,26,60,Salaried,Mass
CLI_00945,43,46,Unemployed,Mass-Affluent
CLI_00946,74,50,Salaried,Mass
CLI_00947,64,48,Unemployed,Premium
CLI_00948,74,6,Salaried,Mass
CLI_00949,39,89,Salaried,Mass
CLI_00950,64,56,Unemployed,Mass
CLI_00951,73,110,Gig-worker,Mass
CLI_00952,47,59,Self-employed,Mass-Affluent
CLI_00953,60,104,Salaried,Mass-Affluent
CLI_00954,65,29,Gig-worker,Premium
CLI_00955,34,71,Self-employed,Mass
CLI_00956,43,104,Gig-worker,Mass-Affluent
CLI_00957,53,77,Gig-worker,Mass
CLI_00958,18,102,Business Owner,Mass-Affluent
CLI_00959,25,18,Self-employed,Mass-Affluent
CLI_00960,66,2,Unemployed,Mass
CLI_00961,52,8,Self-employed,Mass
CLI_00962,69,75,Self-employed,Mass
CLI_00963,32,97,Salaried,Mass
CLI_00964,64,54,Salaried,Private
CLI_00965,73,38,Unemployed,Mass
CLI_00966,39,48,Salaried,Mass
CLI_00967,31,27,Salaried,Mass
CLI_00968,43,20,Salaried,Mass-Affluent
CLI_00969,45,12,Salaried,Mass
CLI_00970,40,43,Unemployed,Mass
CLI_00971,31,61,Unemployed,Mass
CLI_00972,41,31,Gig-worker,Mass-Affluent
CLI_00973,19,91,Salaried,Mass
CLI_00974,62,96,Self-employed,Mass-Affluent
CLI_00975,43,61,Gig-worker,Mass
CLI_00976,31,74,Business Owner,Mass
CLI_00977,73,67,Gig-worker,Mass
CLI_00978,68,109,Salaried,Mass
CLI_00979,24,91,Gig-worker,Mass
CLI_00980,20,35,Business Owner,Mass
CLI_00981,64,95,Self-employed,Mass-Affluent
CLI_00982,40,15,Self-employed,Mass
CLI_00983,63,16,Salaried,Mass
CLI_00984,60,13,Self-employed,Premium
CLI_00985,64,113,Self-employed,Mass
CLI_00986,62,35,Salaried,Mass-Affluent
CLI_00987,35,116,Gig-worker,Mass-Affluent
CLI_00988,55,75,Salaried,Mass
CLI_00989,52,59,Salaried,Mass-Affluent
CLI_00990,68,21,Salaried,Mass
CLI_00991,32,115,Salaried,Mass
CLI_00992,42,54,Gig-worker,Mass
CLI_00993,72,75,Salaried,Mass
CLI_00994,54,30,Salaried,Mass
CLI_00995,45,48,Unemployed,Mass
CLI_00996,27,117,Gig-worker,Mass
CLI_00997,56,35,Gig-worker,Mass
CLI_00998,74,86,Gig-worker,Mass
CLI_00999,34,38,Self-employed,Mass
CLI_01000,56,31,Salaried,Mass
CLI_01001,39,78,Self-employed,Mass
CLI_01002,43,24,Salaried,Mass
CLI_01003,61,114,Self-employed,Mass
CLI_01004,42,49,Salaried,Premium
CLI_01005,34,96,Self-employed,Mass-Affluent
CLI_01006,30,100,Gig-worker,Mass
CLI_01007,37,32,Gig-worker,Mass-Affluent
CLI_01008,42,55,Salaried,Mass
CLI_01009,21,79,Gig-worker,Mass
CLI_01010,27,107,Business Owner,Premium
CLI_01011,20,58,Self-employed,Mass
CLI_01012,58,99,Salaried,Premium
CLI_01013,62,3,Salaried,Mass
CLI_01014,35,80,Unemployed,Mass
CLI_01015,64,69,Gig-worker,Mass
CLI_01016,53,85,Self-employed,Mass
CLI_01017,64,10,Unemployed,Mass
CLI_01018,39,83,Unemployed,Mass
CLI_01019,51,25,Gig-worker,Mass-Affluent
CLI_01020,64,68,Gig-worker,Mass
CLI_01021,25,61,Salaried,Mass
CLI_01022,57,29,Self-employed,Mass
CLI_01023,66,19,Salaried,Premium
CLI_01024,61,43,Salaried,Mass
CLI_01025,36,66,Salaried,Mass
CLI_01026,59,74,Salaried,Private
CLI_01027,58,61,Self-employed,Mass
CLI_01028,54,43,Gig-worker,Mass
CLI_01029,23,25,Gig-worker,Mass-Affluent
CLI_01030,69,20,Salaried,Mass-Affluent
CLI_01031,43,48,Unemployed,Mass
CLI_01032,51,83,Salaried,Mass
CLI_01033,73,87,Self-employed,Mass-Affluent
CLI_01034,62,24,Unemployed,Mass
CLI_01035,23,11,Gig-worker,Premium
CLI_01036,54,110,Gig-worker,Mass
CLI_01037,74,98,Unemployed,Mass
CLI_01038,50,55,Salaried,Mass
CLI_01039,70,28,Gig-worker,Mass-Affluent
CLI_01040,39,69,Gig-worker,Premium
CLI_01041,38,63,Salaried,Mass-Affluent
CLI_01042,23,59,Self-employed,Premium
CLI_01043,23,5,Unemployed,Mass
CLI_01044,72,51,Self-employed,Mass
CLI_01045,65,21,Salaried,Mass-Affluent
CLI_01046,21,12,Salaried,Premium
CLI_01047,47,50,Gig-worker,Mass-Affluent
CLI_01048,28,4,Salaried,Mass-Affluent
CLI_01049,47,118,Self-employed,Mass
CLI_01050,48,113,Gig-worker,Mass
CLI_01051,41,42,Self-employed,Premium
CLI_01052,72,84,Gig-worker,Mass
CLI_01053,26,38,Gig-worker,Mass
CLI_01054,72,25,Salaried,Mass-Affluent
CLI_01055,20,14,Salaried,Mass
CLI_01056,68,75,Gig-worker,Mass-Affluent
CLI_01057,48,32,Self-employed,Mass
CLI_01058,57,11,Self-employed,Mass-Affluent
CLI_01059,54,61,Self-employed,Mass-Affluent
CLI_01060,53,18,Business Owner,Mass
CLI_01061,41,27,Salaried,Mass
CLI_01062,48,55,Salaried,Mass
CLI_01063,23,54,Salaried,Mass
CLI_01064,19,82,Self-employed,Mass
CLI_01065,37,87,Gig-worker,Mass
CLI_01066,45,75,Self-employed,Mass
CLI_01067,28,21,Gig-worker,Mass
CLI_01068,21,44,Unemployed,Mass
CLI_01069,32,5,Unemployed,Mass-Affluent
CLI_01070,23,87,Salaried,Mass
CLI_01071,71,41,Gig-worker,Premium
CLI_01072,66,59,Gig-worker,Mass-Affluent
CLI_01073,47,89,Salaried,Mass-Affluent
CLI_01074,73,105,Gig-worker,Mass-Affluent
CLI_01075,55,54,Self-employed,Mass
CLI_01076,68,74,Salaried,Mass-Affluent
CLI_01077,74,22,Gig-worker,Mass
CLI_01078,19,83,Self-employed,Premium
CLI_01079,32,65,Salaried,Premium
CLI_01080,28,64,Gig-worker,Mass
CLI_01081,25,71,Salaried,Mass
CLI_01082,43,4,Self-employed,Mass
CLI_01083,68,65,Salaried,Mass-Affluent
CLI_01084,62,15,Unemployed,Mass
CLI_01085,61,104,Gig-worker,Mass
CLI_01086,22,76,Salaried,Mass
CLI_01087,23,22,Gig-worker,Mass
CLI_01088,43,86,Gig-worker,Private
CLI_01089,71,114,Gig-worker,Mass-Affluent
CLI_01090,21,47,Gig-worker,Mass
CLI_01091,36,81,Gig-worker,Mass
CLI_01092,37,93,Salaried,Mass
CLI_01093,50,46,Salaried,Mass
CLI_01094,37,14,Self-employed,Mass-Affluent
CLI_01095,66,50,Gig-worker,Mass
CLI_01096,29,20,Salaried,Mass
CLI_01097,64,50,Self-employed,Premium
CLI_01098,18,112,Salaried,Premium
CLI_01099,43,33,Self-employed,Mass
CLI_01100,31,119,Salaried,Mass
CLI_01101,55,59,Salaried,Mass
CLI_01102,54,43,Unemployed,Mass-Affluent
CLI_01103,28,79,Salaried,Private
CLI_01104,53,12,Self-employed,Mass
CLI_01105,30,40,Salaried,Mass
CLI_01106,60,118,Gig-worker,Premium
CLI_01107,20,20,Unemployed,Mass-Affluent
CLI_01108,50,94,Salaried,Private
CLI_01109,23,38,Self-employed,Mass
CLI_01110,67,3,Gig-worker,Mass
CLI_01111,73,28,Gig-worker,Mass
CLI_01112,27,56,Gig-worker,Mass
CLI_01113,22,90,Unemployed,Mass
CLI_01114,40,94,Salaried,Mass
CLI_01115,27,13,Salaried,Mass
CLI_01116,61,77,Unemployed,Premium
CLI_01117,19,66,Self-employed,Mass
CLI_01118,30,37,Salaried,Mass-Affluent
CLI_01119,57,49,Gig-worker,Mass
CLI_01120,19,102,Gig-worker,Mass-Affluent
CLI_01121,37,66,Gig-worker,Mass
CLI_01122,18,36,Salaried,Mass-Affluent
CLI_01123,54,54,Self-employed,Mass
CLI_01124,26,26,Salaried,Mass
CLI_01125,34,75,Self-employed,Mass-Affluent
CLI_01126,26,72,Self-employed,Mass
CLI_01127,28,108,Gig-worker,Mass
CLI_01128,32,40,Salaried,Premium
CLI_01129,41,43,Salaried,Premium
CLI_01130,55,22,Gig-worker,Mass
CLI_01131,72,20,Self-employed,Mass
CLI_01132,52,8,Salaried,Mass
CLI_01133,47,29,Gig-worker,Mass
CLI_01134,48,40,Salaried,Private
CLI_01135,66,90,Salaried,Mass
CLI_01136,22,30,Salaried,Mass
CLI_01137,61,81,Salaried,Private
CLI_01138,67,84,Salaried,Mass
CLI_01139,31,116,Gig-worker,Mass-Affluent
CLI_01140,70,55,Unemployed,Mass
CLI_01141,73,16,Self-employed,Mass
CLI_01142,28,46,Salaried,Mass
CLI_01143,26,62,Salaried,Mass
CLI_01144,51,107,Salaried,Mass
CLI_01145,29,7,Salaried,Mass
CLI_01146,52,80,Gig-worker,Mass
CLI_01147,52,45,Gig-worker,Mass
CLI_01148,18,59,Salaried,Mass
CLI_01149,57,111,Salaried,Mass
CLI_01150,39,56,Salaried,Mass
CLI_01151,46,48,Salaried,Mass-Affluent
CLI_01152,25,27,Self-employed,Mass
CLI_01153,28,53,Salaried,Mass
CLI_01154,58,87,Gig-worker,Mass-Affluent
CLI_01155,54,88,Gig-worker,Mass
CLI_01156,31,73,Unemployed,Mass-Affluent
CLI_01157,47,35,Unemployed,Mass-Affluent
CLI_01158,52,51,Self-employed,Mass
CLI_01159,38,84,Salaried,Mass
CLI_01160,54,37,Gig-worker,Private
CLI_01161,22,106,Self-employed,Mass
CLI_01162,36,81,Salaried,Mass-Affluent
CLI_01163,31,111,Gig-worker,Mass
CLI_01164,43,95,Unemployed,Mass
CLI_01165,21,119,Gig-worker,Mass
CLI_01166,42,57,Salaried,Mass
CLI_01167,62,8,Salaried,Mass
CLI_01168,59,79,Gig-worker,Mass-Affluent
CLI_01169,42,95,Salaried,Premium
CLI_01170,35,117,Self-employed,Mass-Affluent
CLI_01171,57,94,Self-employed,Mass
CLI_01172,25,110,Salaried,Premium
CLI_01173,56,20,Unemployed,Mass-Affluent
CLI_01174,57,103,Gig-worker,Premium
CLI_01175,31,53,Salaried,Mass
CLI_01176,49,119,Self-employed,Mass-Affluent
CLI_01177,68,12,Self-employed,Mass
CLI_01178,55,49,Gig-worker,Mass
CLI_01179,50,17,Unemployed,Private
CLI_01180,40,64,Self-employed,Mass
CLI_01181,32,42,Unemployed,Mass
CLI_01182,50,94,Gig-worker,Premium
CLI_01183,42,29,Self-employed,Mass
CLI_01184,34,19,Business Owner,Premium
CLI_01185,50,110,Self-employed,Mass-Affluent
CLI_01186,64,11,Salaried,Mass
CLI_01187,72,98,Gig-worker,Mass
CLI_01188,19,50,Gig-worker,Mass-Affluent
CLI_01189,31,71,Salaried,Mass
CLI_01190,70,108,Business Owner,Premium
CLI_01191,57,58,Salaried,Premium
CLI_01192,57,34,Salaried,Mass
CLI_01193,68,20,Unemployed,Mass
CLI_01194,56,50,Gig-worker,Premium
CLI_01195,68,102,Salaried,Mass
CLI_01196,23,88,Gig-worker,Mass
CLI_01197,23,10,Gig-worker,Mass-Affluent
CLI_01198,20,32,Salaried,Premium
CLI_01199,24,52,Business Owner,Mass-Affluent
CLI_01200,68,15,Gig-worker,Mass
CLI_01201,25,101,Gig-worker,Mass-Affluent
CLI_01202,59,84,Gig-worker,Mass-Affluent
CLI_01203,69,3,Gig-worker,Premium
CLI_01204,32,37,Salaried,Private
CLI_01205,64,40,Salaried,Mass
CLI_01206,46,72,Gig-worker,Mass-Affluent
CLI_01207,50,40,Self-employed,Private
CLI_01208,69,108,Salaried,Mass
CLI_01209,47,56,Gig-worker,Mass
CLI_01210,56,23,Self-employed,Premium
CLI_01211,44,104,Salaried,Mass
CLI_01212,53,11,Salaried,Mass
CLI_01213,46,110,Salaried,Mass
CLI_01214,55,64,Gig-worker,Mass
CLI_01215,74,8,Salaried,Mass
CLI_01216,50,93,Gig-worker,Mass
CLI_01217,54,94,Gig-worker,Private
CLI_01218,44,56,Gig-worker,Mass-Affluent
CLI_01219,72,60,Salaried,Mass-Affluent
CLI_01220,50,10,Gig-worker,Mass
CLI_01221,21,39,Self-employed,Mass-Affluent
CLI_01222,39,28,Unemployed,Mass-Affluent
CLI_01223,19,49,Unemployed,Mass-Affluent
CLI_01224,27,36,Gig-worker,Mass
CLI_01225,22,13,Gig-worker,Mass
CLI_01226,27,96,Salaried,Mass-Affluent
CLI_01227,50,36,Salaried,Mass-Affluent
CLI_01228,71,101,Salaried,Mass-Affluent
CLI_01229,55,26,Self-employed,Mass
CLI_01230,30,86,Salaried,Mass
CLI_01231,48,4,Salaried,Mass-Affluent
CLI_01232,64,95,Business Owner,Mass
CLI_01233,53,82,Salaried,Mass-Affluent
CLI_01234,62,64,Salaried,Private
CLI_01235,41,38,Salaried,Mass-Affluent
CLI_01236,69,88,Gig-worker,Mass
CLI_01237,73,87,Gig-worker,Mass
CLI_01238,32,22,Salaried,Mass-Affluent
CLI_01239,46,2,Gig-worker,Premium
CLI_01240,25,31,Self-employed,Mass
CLI_01241,22,119,Self-employed,Mass
CLI_01242,46,11,Business Owner,Mass
CLI_01243,64,92,Self-employed,Mass-Affluent
CLI_01244,21,46,Gig-worker,Mass-Affluent
CLI_01245,29,96,Salaried,Private
CLI_01246,62,62,Salaried,Mass
CLI_01247,19,69,Salaried,Mass-Affluent
CLI_01248,44,64,Self-employed,Mass
CLI_01249,48,102,Self-employed,Mass
CLI_01250,68,10,Gig-worker,Mass-Affluent
CLI_01251,68,40,Salaried,Mass
CLI_01252,53,110,Gig-worker,Mass
CLI_01253,53,24,Unemployed,Mass-Affluent
CLI_01254,43,99,Gig-worker,Mass
CLI_01255,60,44,Self-employed,Mass
CLI_01256,44,112,Self-employed,Mass
CLI_01257,22,60,Unemployed,Mass
CLI_01258,37,62,Self-employed,Premium
CLI_01259,28,87,Self-employed,Mass
CLI_01260,27,17,Salaried,Mass-Affluent
CLI_01261,57,65,Salaried,Mass
CLI_01262,55,119,Gig-worker,Mass
CLI_01263,23,95,Salaried,Mass
CLI_01264,25,95,Business Owner,Premium
CLI_01265,40,106,Salaried,Mass
CLI_01266,64,57,Unemployed,Mass-Affluent
CLI_01267,43,55,Salaried,Mass
CLI_01268,63,106,Salaried,Private
CLI_01269,60,53,Unemployed,Mass-Affluent
CLI_01270,29,56,Salaried,Mass-Affluent
CLI_01271,43,98,Salaried,Premium
CLI_01272,30,9,Salaried,Mass-Affluent
CLI_01273,57,22,Self-employed,Mass-Affluent
CLI_01274,35,13,Salaried,Mass
CLI_01275,42,89,Gig-worker,Mass
CLI_01276,50,48,Gig-worker,Mass-Affluent
CLI_01277,64,18,Self-employed,Mass
CLI_01278,57,115,Self-employed,Mass
CLI_01279,60,76,Gig-worker,Mass
CLI_01280,29,40,Salaried,Mass
CLI_01281,61,17,Self-employed,Mass-Affluent
CLI_01282,53,15,Salaried,Mass
CLI_01283,65,106,Gig-worker,Private
CLI_01284,21,15,Gig-worker,Premium
CLI_01285,22,79,Unemployed,Premium
CLI_01286,73,63,Gig-worker,Mass
CLI_01287,54,119,Salaried,Mass
CLI_01288,25,39,Self-employed,Private
CLI_01289,59,13,Gig-worker,Premium
CLI_01290,66,81,Salaried,Mass-Affluent
CLI_01291,45,32,Gig-worker,Mass
CLI_01292,48,9,Self-employed,Mass
CLI_01293,26,40,Business Owner,Mass-Affluent
CLI_01294,71,20,Gig-worker,Mass
CLI_01295,68,90,Salaried,Mass-Affluent
CLI_01296,46,91,Salaried,Mass-Affluent
CLI_01297,31,85,Unemployed,Mass-Affluent
CLI_01298,57,82,Self-employed,Mass
CLI_01299,58,77,Salaried,Mass
CLI_01300,39,80,Salaried,Private
CLI_01301,28,73,Self-employed,Mass-Affluent
CLI_01302,40,63,Salaried,Mass-Affluent
CLI_01303,18,76,Salaried,Mass-Affluent
CLI_01304,63,44,Salaried,Mass-Affluent
CLI_01305,54,38,Salaried,Mass-Affluent
CLI_01306,38,83,Gig-worker,Mass
CLI_01307,43,60,Self-employed,Mass
CLI_01308,63,71,Salaried,Mass
CLI_01309,53,99,Salaried,Mass
CLI_01310,71,48,Salaried,Mass
CLI_01311,40,18,Gig-worker,Mass
CLI_01312,74,16,Salaried,Premium
CLI_01313,18,55,Gig-worker,Mass
CLI_01314,71,39,Self-employed,Mass
CLI_01315,72,68,Salaried,Mass
CLI_01316,68,59,Salaried,Mass-Affluent
CLI_01317,57,89,Salaried,Mass
CLI_01318,32,96,Gig-worker,Mass
CLI_01319,38,62,Unemployed,Mass
CLI_01320,64,104,Salaried,Mass-Affluent
CLI_01321,26,13,Unemployed,Private
CLI_01322,70,109,Salaried,Private
CLI_01323,26,81,Self-employed,Mass
CLI_01324,27,113,Gig-worker,Mass-Affluent
CLI_01325,69,101,Self-employed,Mass
CLI_01326,74,6,Gig-worker,Mass
CLI_01327,70,83,Gig-worker,Mass
CLI_01328,43,77,Self-employed,Mass
CLI_01329,58,60,Self-employed,Mass-Affluent
CLI_01330,52,90,Gig-worker,Mass
CLI_01331,69,14,Salaried,Mass
CLI_01332,42,95,Salaried,Mass
CLI_01333,43,54,Self-employed,Mass
CLI_01334,28,4,Gig-worker,Mass-Affluent
CLI_01335,55,39,Gig-worker,Mass-Affluent
CLI_01336,19,72,Self-employed,Mass-Affluent
CLI_01337,24,25,Unemployed,Mass
CLI_01338,35,77,Gig-worker,Mass
CLI_01339,44,32,Self-employed,Mass
CLI_01340,51,59,Self-employed,Private
CLI_01341,44,102,Salaried,Private
CLI_01342,34,63,Salaried,Mass-Affluent
CLI_01343,60,38,Self-employed,Mass
CLI_01344,61,92,Salaried,Mass
CLI_01345,68,53,Unemployed,Mass
CLI_01346,71,94,Salaried,Premium
CLI_01347,41,67,Salaried,Mass-Affluent
CLI_01348,42,28,Unemployed,Premium
CLI_01349,24,3,Gig-worker,Mass-Affluent
CLI_01350,69,109,Salaried,Mass
CLI_01351,23,118,Self-employed,Mass
CLI_01352,70,98,Self-employed,Mass
CLI_01353,41,80,Gig-worker,Mass
CLI_01354,50,22,Salaried,Mass
CLI_01355,66,96,Self-employed,Mass-Affluent
CLI_01356,46,38,Unemployed,Mass-Affluent
CLI_01357,60,72,Salaried,Mass
CLI_01358,39,119,Unemployed,Mass
CLI_01359,43,72,Unemployed,Mass
CLI_01360,45,62,Gig-worker,Mass-Affluent
CLI_01361,67,57,Self-employed,Mass
CLI_01362,38,6,Salaried,Mass
CLI_01363,66,78,Salaried,Premium
CLI_01364,24,32,Self-employed,Mass
CLI_01365,34,99,Unemployed,Mass
CLI_01366,37,10,Self-employed,Mass-Affluent
CLI_01367,58,3,Gig-worker,Mass-Affluent
CLI_01368,66,59,Salaried,Mass-Affluent
CLI_01369,37,76,Salaried,Mass
CLI_01370,71,49,Gig-worker,Mass
CLI_01371,39,59,Salaried,Mass-Affluent
CLI_01372,45,31,Gig-worker,Mass
CLI_01373,57,93,Salaried,Mass-Affluent
CLI_01374,66,69,Self-employed,Premium
CLI_01375,24,62,Salaried,Premium
CLI_01376,18,52,Gig-worker,Mass
CLI_01377,49,89,Gig-worker,Mass
CLI_01378,30,41,Salaried,Mass
CLI_01379,47,31,Salaried,Mass-Affluent
CLI_01380,40,85,Salaried,Mass
CLI_01381,68,84,Unemployed,Mass
CLI_01382,73,103,Salaried,Mass
CLI_01383,36,22,Self-employed,Mass
CLI_01384,49,4,Business Owner,Mass
CLI_01385,47,13,Self-employed,Mass
CLI_01386,46,45,Salaried,Mass-Affluent
CLI_01387,66,42,Unemployed,Mass
CLI_01388,62,114,Salaried,Mass
CLI_01389,46,49,Gig-worker,Mass-Affluent
CLI_01390,47,20,Unemployed,Mass-Affluent
CLI_01391,33,116,Gig-worker,Mass
CLI_01392,57,77,Gig-worker,Mass
CLI_01393,36,81,Salaried,Mass-Affluent
CLI_01394,35,54,Salaried,Mass
CLI_01395,18,36,Gig-worker,Mass
CLI_01396,31,97,Salaried,Mass
CLI_01397,68,1,Business Owner,Mass
CLI_01398,64,15,Unemployed,Mass
CLI_01399,67,77,Unemployed,Premium
CLI_01400,19,17,Gig-worker,Mass-Affluent
CLI_01401,71,24,Self-employed,Mass
CLI_01402,45,58,Unemployed,Mass
CLI_01403,66,72,Unemployed,Mass-Affluent
CLI_01404,67,114,Gig-worker,Mass
CLI_01405,47,91,Salaried,Mass
CLI_01406,55,109,Salaried,Mass-Affluent
CLI_01407,68,23,Gig-worker,Premium
CLI_01408,21,46,Gig-worker,Mass
CLI_01409,18,72,Self-employed,Mass-Affluent
CLI_01410,25,8,Salaried,Mass
CLI_01411,46,59,Salaried,Mass
CLI_01412,72,90,Salaried,Mass
CLI_01413,56,111,Salaried,Mass-Affluent
CLI_01414,20,59,Salaried,Mass-Affluent
CLI_01415,49,13,Self-employed,Mass-Affluent
CLI_01416,27,39,Gig-worker,Mass
CLI_01417,27,101,Self-employed,Mass
CLI_01418,36,113,Salaried,Mass
CLI_01419,63,28,Salaried,Mass
CLI_01420,51,89,Gig-worker,Mass
CLI_01421,50,61,Unemployed,Private
CLI_01422,40,16,Salaried,Mass-Affluent
CLI_01423,72,119,Self-employed,Mass
CLI_01424,45,2,Salaried,Mass
CLI_01425,49,118,Unemployed,Mass
CLI_01426,67,82,Self-employed,Mass-Affluent
CLI_01427,24,17,Salaried,Mass-Affluent
CLI_01428,46,30,Self-employed,Mass-Affluent
CLI_01429,25,103,Salaried,Mass
CLI_01430,18,13,Unemployed,Mass
CLI_01431,74,96,Gig-worker,Private
CLI_01432,72,114,Gig-worker,Private
CLI_01433,20,93,Self-employed,Mass
CLI_01434,41,110,Self-employed,Mass
CLI_01435,40,94,Salaried,Mass
CLI_01436,25,82,Self-employed,Premium
CLI_01437,71,13,Salaried,Mass-Affluent
CLI_01438,74,43,Salaried,Mass-Affluent
CLI_01439,64,85,Self-employed,Mass
CLI_01440,54,94,Salaried,Mass
CLI_01441,20,21,Salaried,Mass
CLI_01442,68,112,Self-employed,Premium
CLI_01443,50,55,Salaried,Mass
CLI_01444,45,81,Self-employed,Mass-Affluent
CLI_01445,64,40,Salaried,Mass
CLI_01446,25,83,Salaried,Premium
CLI_01447,51,116,Salaried,Mass-Affluent
CLI_01448,52,15,Gig-worker,Mass
CLI_01449,49,73,Self-employed,Premium
CLI_01450,41,52,Salaried,Mass
CLI_01451,31,74,Salaried,Mass
CLI_01452,49,108,Unemployed,Mass
CLI_01453,73,95,Salaried,Premium
CLI_01454,63,53,Unemployed,Premium
CLI_01455,60,87,Salaried,Mass
CLI_01456,33,52,Self-employed,Mass-Affluent
CLI_01457,21,30,Salaried,Mass-Affluent
CLI_01458,69,33,Unemployed,Mass-Affluent
CLI_01459,54,57,Self-employed,Mass
CLI_01460,71,52,Gig-worker,Mass
CLI_01461,38,9,Salaried,Mass-Affluent
CLI_01462,31,54,Self-employed,Mass
CLI_01463,48,111,Gig-worker,Mass
CLI_01464,72,1,Salaried,Mass-Affluent
CLI_01465,65,44,Salaried,Mass
CLI_01466,35,99,Self-employed,Private
CLI_01467,24,75,Salaried,Mass
CLI_01468,27,98,Gig-worker,Private
CLI_01469,24,80,Gig-worker,Mass
CLI_01470,50,9,Unemployed,Mass
CLI_01471,40,32,Unemployed,Mass
CLI_01472,38,15,Business Owner,Mass-Affluent
CLI_01473,36,12,Salaried,Mass-Affluent
CLI_01474,65,97,Unemployed,Mass
CLI_01475,36,109,Salaried,Mass
CLI_01476,53,78,Gig-worker,Mass-Affluent
CLI_01477,46,57,Gig-worker,Mass
CLI_01478,35,8,Salaried,Mass-Affluent
CLI_01479,19,72,Unemployed,Mass
CLI_01480,18,27,Salaried,Mass-Affluent
CLI_01481,64,62,Self-employed,Mass-Affluent
CLI_01482,22,12,Self-employed,Private
CLI_01483,37,65,Self-employed,Mass-Affluent
CLI_01484,28,107,Salaried,Mass
CLI_01485,59,104,Gig-worker,Mass
CLI_01486,19,42,Self-employed,Mass-Affluent
CLI_01487,20,62,Salaried,Mass
CLI_01488,40,115,Gig-worker,Premium
CLI_01489,72,11,Salaried,Mass-Affluent
CLI_01490,29,103,Gig-worker,Mass
CLI_01491,37,43,Unemployed,Mass
CLI_01492,22,95,Gig-worker,Mass
CLI_01493,54,17,Gig-worker,Mass
CLI_01494,55,97,Gig-worker,Mass
CLI_01495,47,32,Gig-worker,Mass
CLI_01496,26,93,Salaried,Mass
CLI_01497,51,85,Salaried,Mass
CLI_01498,70,85,Gig-worker,Mass
CLI_01499,61,40,Gig-worker,Mass
CLI_01500,52,23,Gig-worker,Mass
CLI_01501,69,56,Salaried,Mass-Affluent
CLI_01502,39,6,Salaried,Mass
CLI_01503,61,86,Salaried,Mass
CLI_01504,41,50,Unemployed,Mass-Affluent
CLI_01505,34,102,Gig-worker,Private
CLI_01506,27,37,Salaried,Mass
CLI_01507,47,109,Salaried,Mass
CLI_01508,73,64,Business Owner,Mass
CLI_01509,63,115,Salaried,Mass
CLI_01510,40,54,Self-employed,Premium
CLI_01511,49,72,Salaried,Mass-Affluent
CLI_01512,34,105,Unemployed,Mass-Affluent
CLI_01513,67,49,Unemployed,Mass
CLI_01514,68,99,Gig-worker,Mass-Affluent
CLI_01515,34,115,Salaried,Mass
CLI_01516,31,11,Salaried,Mass
CLI_01517,26,88,Gig-worker,Mass
CLI_01518,57,49,Gig-worker,Mass
CLI_01519,19,21,Salaried,Mass
CLI_01520,62,115,Salaried,Mass-Affluent
CLI_01521,42,66,Gig-worker,Mass
CLI_01522,56,63,Gig-worker,Mass
CLI_01523,26,104,Salaried,Mass
CLI_01524,71,83,Salaried,Mass
CLI_01525,39,103,Business Owner,Mass-Affluent
CLI_01526,60,28,Gig-worker,Mass-Affluent
CLI_01527,63,17,Self-employed,Mass-Affluent
CLI_01528,21,6,Gig-worker,Mass
CLI_01529,43,19,Salaried,Mass-Affluent
CLI_01530,46,56,Salaried,Premium
CLI_01531,62,102,Salaried,Mass
CLI_01532,51,28,Self-employed,Mass
CLI_01533,40,66,Self-employed,Premium
CLI_01534,54,38,Salaried,Mass
CLI_01535,28,119,Business Owner,Mass
CLI_01536,23,37,Salaried,Mass
CLI_01537,35,115,Business Owner,Mass
CLI_01538,38,116,Business Owner,Mass
CLI_01539,59,68,Salaried,Mass
CLI_01540,53,86,Salaried,Mass-Affluent
CLI_01541,58,90,Gig-worker,Mass
CLI_01542,55,49,Self-employed,Mass-Affluent
CLI_01543,51,43,Gig-worker,Mass
CLI_01544,34,36,Business Owner,Private
CLI_01545,54,58,Self-employed,Private
CLI_01546,42,13,Salaried,Mass-Affluent
CLI_01547,55,52,Salaried,Premium
CLI_01548,29,58,Self-employed,Mass-Affluent
CLI_01549,40,32,Salaried,Premium
CLI_01550,70,81,Self-employed,Mass
CLI_01551,59,105,Salaried,Mass
CLI_01552,39,100,Salaried,Mass-Affluent
CLI_01553,38,119,Salaried,Mass
CLI_01554,44,60,Self-employed,Mass-Affluent
CLI_01555,74,110,Salaried,Premium
CLI_01556,48,83,Self-employed,Mass
CLI_01557,23,58,Gig-worker,Mass-Affluent
CLI_01558,44,99,Self-employed,Mass
CLI_01559,57,110,Gig-worker,Mass
CLI_01560,51,104,Salaried,Mass
CLI_01561,29,56,Self-employed,Mass
CLI_01562,62,28,Salaried,Mass
CLI_01563,74,1,Gig-worker,Mass
CLI_01564,70,42,Salaried,Mass
CLI_01565,24,82,Self-employed,Mass-Affluent
CLI_01566,27,48,Unemployed,Mass-Affluent
CLI_01567,62,40,Gig-worker,Mass
CLI_01568,34,97,Gig-worker,Mass
CLI_01569,43,63,Self-employed,Premium
CLI_01570,38,76,Salaried,Mass-Affluent
CLI_01571,45,72,Unemployed,Mass
CLI_01572,63,88,Salaried,Mass
CLI_01573,19,80,Business Owner,Mass-Affluent
CLI_01574,71,114,Self-employed,Mass-Affluent
CLI_01575,60,4,Self-employed,Mass
CLI_01576,18,38,Self-employed,Mass
CLI_01577,68,108,Gig-worker,Mass
CLI_01578,70,27,Gig-worker,Mass-Affluent
CLI_01579,53,9,Salaried,Mass
CLI_01580,68,111,Gig-worker,Mass
CLI_01581,43,16,Gig-worker,Mass
CLI_01582,46,56,Unemployed,Private
CLI_01583,38,76,Gig-worker,Mass-Affluent
CLI_01584,28,31,Salaried,Mass-Affluent
CLI_01585,57,88,Salaried,Mass-Affluent
CLI_01586,28,119,Self-employed,Mass
CLI_01587,53,14,Salaried,Premium
CLI_01588,66,109,Salaried,Mass
CLI_01589,56,25,Self-employed,Mass-Affluent
CLI_01590,57,34,Gig-worker,Mass
CLI_01591,52,67,Gig-worker,Mass
CLI_01592,71,24,Salaried,Mass
CLI_01593,51,118,Self-employed,Mass-Affluent
CLI_01594,72,106,Salaried,Mass-Affluent
CLI_01595,64,73,Self-employed,Mass
CLI_01596,41,26,Salaried,Mass
CLI_01597,71,20,Unemployed,Premium
CLI_01598,39,64,Gig-worker,Mass
CLI_01599,22,104,Gig-worker,Mass-Affluent
CLI_01600,73,10,Gig-worker,Mass-Affluent
CLI_01601,50,83,Gig-worker,Mass
CLI_01602,53,67,Salaried,Mass
CLI_01603,64,24,Self-employed,Mass
CLI_01604,37,5,Salaried,Mass
CLI_01605,36,67,Unemployed,Mass
CLI_01606,52,58,Self-employed,Mass
CLI_01607,69,27,Salaried,Mass
CLI_01608,60,80,Self-employed,Mass-Affluent
CLI_01609,34,113,Salaried,Mass-Affluent
CLI_01610,62,15,Salaried,Mass
CLI_01611,60,35,Business Owner,Mass
CLI_01612,51,76,Self-employed,Mass
CLI_01613,26,105,Gig-worker,Mass
CLI_01614,43,53,Salaried,Mass-Affluent
CLI_01615,19,44,Salaried,Mass
CLI_01616,70,26,Business Owner,Mass-Affluent
CLI_01617,26,47,Salaried,Mass
CLI_01618,26,34,Salaried,Mass-Affluent
CLI_01619,57,87,Gig-worker,Mass
CLI_01620,34,95,Gig-worker,Mass-Affluent
CLI_01621,18,50,Gig-worker,Premium
CLI_01622,42,84,Salaried,Mass-Affluent
CLI_01623,60,12,Salaried,Mass-Affluent
CLI_01624,57,87,Salaried,Mass
CLI_01625,59,4,Unemployed,Premium
CLI_01626,42,87,Salaried,Mass
CLI_01627,56,48,Self-employed,Mass
CLI_01628,52,55,Self-employed,Mass
CLI_01629,20,112,Self-employed,Private
CLI_01630,67,1,Unemployed,Premium
CLI_01631,54,118,Salaried,Premium
CLI_01632,61,89,Salaried,Mass-Affluent
CLI_01633,61,66,Gig-worker,Mass
CLI_01634,68,30,Salaried,Premium
CLI_01635,47,3,Self-employed,Private
CLI_01636,55,21,Gig-worker,Mass
CLI_01637,51,89,Unemployed,Mass
CLI_01638,29,84,Salaried,Mass-Affluent
CLI_01639,36,49,Unemployed,Private
CLI_01640,54,116,Salaried,Premium
CLI_01641,61,86,Gig-worker,Premium
CLI_01642,66,85,Gig-worker,Premium
CLI_01643,34,62,Self-employed,Premium
CLI_01644,27,97,Gig-worker,Mass-Affluent
CLI_01645,74,116,Unemployed,Mass-Affluent
CLI_01646,72,38,Unemployed,Mass
CLI_01647,66,15,Unemployed,Mass-Affluent
CLI_01648,64,110,Salaried,Mass
CLI_01649,29,52,Unemployed,Premium
CLI_01650,33,79,Self-employed,Mass
CLI_01651,41,46,Salaried,Mass
CLI_01652,36,25,Salaried,Mass
CLI_01653,25,21,Salaried,Mass-Affluent
CLI_01654,48,88,Salaried,Mass
CLI_01655,38,5,Gig-worker,Mass
CLI_01656,34,70,Business Owner,Mass
CLI_01657,40,113,Gig-worker,Mass
CLI_01658,54,107,Gig-worker,Mass
CLI_01659,71,112,Business Owner,Mass
CLI_01660,33,108,Salaried,Mass
CLI_01661,23,47,Unemployed,Mass
CLI_01662,25,87,Gig-worker,Mass
CLI_01663,42,68,Gig-worker,Mass
CLI_01664,35,91,Salaried,Premium
CLI_01665,42,18,Gig-worker,Mass
CLI_01666,29,21,Salaried,Mass
CLI_01667,32,92,Self-employed,Mass
CLI_01668,43,99,Salaried,Mass
CLI_01669,58,86,Unemployed,Mass
CLI_01670,62,104,Salaried,Mass
CLI_01671,43,23,Salaried,Mass-Affluent
CLI_01672,64,64,Self-employed,Mass-Affluent
CLI_01673,49,67,Salaried,Mass
CLI_01674,27,40,Self-employed,Mass-Affluent
CLI_01675,33,114,Business Owner,Mass
CLI_01676,24,10,Self-employed,Premium
CLI_01677,34,89,Salaried,Mass
CLI_01678,40,52,Gig-worker,Mass-Affluent
CLI_01679,43,113,Self-employed,Mass
CLI_01680,38,72,Self-employed,Premium
CLI_01681,39,119,Salaried,Mass
CLI_01682,24,75,Gig-worker,Mass
CLI_01683,31,61,Gig-worker,Mass-Affluent
CLI_01684,32,64,Salaried,Mass
CLI_01685,70,5,Salaried,Mass-Affluent
CLI_01686,24,109,Gig-worker,Mass-Affluent
CLI_01687,26,53,Self-employed,Mass
CLI_01688,68,55,Unemployed,Mass
CLI_01689,65,37,Gig-worker,Mass
CLI_01690,25,56,Salaried,Mass-Affluent
CLI_01691,67,59,Salaried,Mass
CLI_01692,40,109,Business Owner,Mass
CLI_01693,46,102,Business Owner,Private
CLI_01694,35,93,Unemployed,Mass
CLI_01695,48,69,Self-employed,Private
CLI_01696,47,73,Salaried,Mass-Affluent
CLI_01697,69,59,Self-employed,Mass
CLI_01698,56,112,Gig-worker,Mass
CLI_01699,52,2,Salaried,Mass-Affluent
CLI_01700,35,65,Self-employed,Mass
CLI_01701,59,104,Salaried,Mass
CLI_01702,56,60,Salaried,Mass
CLI_01703,34,51,Gig-worker,Mass-Affluent
CLI_01704,31,30,Gig-worker,Mass-Affluent
CLI_01705,48,11,Unemployed,Mass
CLI_01706,41,92,Salaried,Mass
CLI_01707,52,108,Salaried,Mass-Affluent
CLI_01708,61,76,Salaried,Private
CLI_01709,62,39,Salaried,Mass
CLI_01710,51,90,Salaried,Mass
CLI_01711,20,77,Self-employed,Premium
CLI_01712,54,72,Gig-worker,Mass-Affluent
CLI_01713,60,63,Self-employed,Mass-Affluent
CLI_01714,57,64,Business Owner,Premium
CLI_01715,43,61,Self-employed,Mass-Affluent
CLI_01716,72,54,Salaried,Mass
CLI_01717,40,92,Salaried,Mass-Affluent
CLI_01718,61,94,Unemployed,Mass-Affluent
CLI_01719,56,73,Gig-worker,Private
CLI_01720,32,103,Self-employed,Mass
CLI_01721,73,95,Unemployed,Mass
CLI_01722,66,58,Unemployed,Mass-Affluent
CLI_01723,21,85,Unemployed,Mass
CLI_01724,46,56,Gig-worker,Mass
CLI_01725,39,111,Salaried,Premium
CLI_01726,42,34,Business Owner,Mass
CLI_01727,30,119,Gig-worker,Mass-Affluent
CLI_01728,35,31,Salaried,Premium
CLI_01729,50,52,Gig-worker,Mass
CLI_01730,33,89,Gig-worker,Private
CLI_01731,62,76,Unemployed,Mass-Affluent
CLI_01732,59,1,Self-employed,Mass
CLI_01733,61,55,Salaried,Mass
CLI_01734,19,22,Business Owner,Private
CLI_01735,72,40,Self-employed,Mass
CLI_01736,52,101,Gig-worker,Mass
CLI_01737,59,111,Salaried,Mass
CLI_01738,51,1,Salaried,Mass
CLI_01739,47,65,Self-employed,Mass
CLI_01740,72,63,Salaried,Private
CLI_01741,30,106,Salaried,Premium
CLI_01742,30,54,Self-employed,Mass
CLI_01743,35,42,Gig-worker,Mass
CLI_01744,49,21,Gig-worker,Mass-Affluent
CLI_01745,49,79,Salaried,Mass
CLI_01746,52,81,Gig-worker,Mass-Affluent
CLI_01747,56,22,Self-employed,Premium
CLI_01748,63,38,Salaried,Premium
CLI_01749,69,99,Salaried,Mass
CLI_01750,46,109,Self-employed,Mass
CLI_01751,66,80,Business Owner,Mass
CLI_01752,46,8,Gig-worker,Mass
CLI_01753,70,62,Salaried,Mass
CLI_01754,61,47,Salaried,Premium
CLI_01755,74,17,Unemployed,Premium
CLI_01756,33,17,Salaried,Private
CLI_01757,73,118,Gig-worker,Premium
CLI_01758,61,90,Gig-worker,Mass
CLI_01759,64,13,Salaried,Mass-Affluent
CLI_01760,74,17,Self-employed,Mass
CLI_01761,27,38,Self-employed,Mass
CLI_01762,47,81,Self-employed,Mass
CLI_01763,42,112,Salaried,Mass-Affluent
CLI_01764,56,78,Salaried,Mass-Affluent
CLI_01765,37,45,Gig-worker,Mass
CLI_01766,22,6,Gig-worker,Mass
CLI_01767,18,35,Salaried,Mass
CLI_01768,47,110,Salaried,Mass
CLI_01769,66,14,Salaried,Mass
CLI_01770,20,111,Business Owner,Mass-Affluent
CLI_01771,62,72,Self-employed,Mass-Affluent
CLI_01772,31,61,Unemployed,Mass
CLI_01773,73,15,Salaried,Mass-Affluent
CLI_01774,47,54,Business Owner,Mass
CLI_01775,67,27,Salaried,Private
CLI_01776,21,13,Gig-worker,Mass
CLI_01777,35,113,Self-employed,Mass-Affluent
CLI_01778,54,31,Salaried,Premium
CLI_01779,42,117,Gig-worker,Premium
CLI_01780,65,35,Salaried,Mass
CLI_01781,18,60,Salaried,Mass-Affluent
CLI_01782,70,6,Gig-worker,Mass
CLI_01783,63,69,Self-employed,Mass
CLI_01784,32,86,Self-employed,Mass
CLI_01785,26,58,Gig-worker,Premium
CLI_01786,32,49,Gig-worker,Premium
CLI_01787,66,23,Salaried,Mass
CLI_01788,74,89,Salaried,Mass
CLI_01789,41,34,Business Owner,Private
CLI_01790,21,26,Salaried,Mass
CLI_01791,29,47,Self-employed,Mass
CLI_01792,54,5,Salaried,Mass
CLI_01793,54,90,Self-employed,Mass-Affluent
CLI_01794,60,20,Self-employed,Mass
CLI_01795,23,6,Salaried,Mass-Affluent
CLI_01796,56,70,Salaried,Mass
CLI_01797,73,59,Self-employed,Mass
CLI_01798,63,64,Salaried,Mass
CLI_01799,41,114,Salaried,Mass
CLI_01800,28,18,Self-employed,Mass
CLI_01801,30,4,Salaried,Mass
CLI_01802,51,17,Unemployed,Mass-Affluent
CLI_01803,42,14,Gig-worker,Mass
CLI_01804,24,78,Salaried,Mass-Affluent
CLI_01805,69,13,Self-employed,Private
CLI_01806,21,7,Gig-worker,Mass-Affluent
CLI_01807,25,44,Salaried,Private
CLI_01808,37,119,Gig-worker,Mass
CLI_01809,46,15,Salaried,Mass
CLI_01810,71,19,Salaried,Premium
CLI_01811,70,63,Salaried,Premium
CLI_01812,68,107,Salaried,Premium
CLI_01813,62,111,Salaried,Mass-Affluent
CLI_01814,63,108,Self-employed,Mass-Affluent
CLI_01815,27,35,Self-employed,Mass
CLI_01816,60,81,Gig-worker,Mass-Affluent
CLI_01817,51,35,Self-employed,Mass
CLI_01818,74,19,Self-employed,Mass
CLI_01819,43,20,Gig-worker,Mass
CLI_01820,58,100,Gig-worker,Mass
CLI_01821,66,35,Salaried,Mass
CLI_01822,20,32,Unemployed,Mass-Affluent
CLI_01823,73,48,Salaried,Premium
CLI_01824,23,44,Salaried,Mass-Affluent
CLI_01825,22,104,Self-employed,Mass
CLI_01826,22,24,Salaried,Private
CLI_01827,71,61,Salaried,Mass
CLI_01828,64,17,Gig-worker,Mass-Affluent
CLI_01829,40,71,Gig-worker,Mass
CLI_01830,66,107,Self-employed,Mass
CLI_01831,26,50,Self-employed,Mass
CLI_01832,52,65,Salaried,Mass-Affluent
CLI_01833,37,99,Salaried,Mass
CLI_01834,66,32,Self-employed,Mass
CLI_01835,59,36,Salaried,Mass
CLI_01836,52,13,Gig-worker,Mass
CLI_01837,67,70,Salaried,Mass-Affluent
CLI_01838,35,58,Gig-worker,Mass
CLI_01839,34,14,Gig-worker,Mass
CLI_01840,41,37,Gig-worker,Mass
CLI_01841,20,112,Gig-worker,Mass
CLI_01842,49,79,Gig-worker,Mass
CLI_01843,52,111,Salaried,Mass-Affluent
CLI_01844,55,68,Salaried,Mass
CLI_01845,30,40,Salaried,Mass
CLI_01846,73,59,Gig-worker,Mass
CLI_01847,64,80,Salaried,Mass
CLI_01848,42,92,Gig-worker,Mass
CLI_01849,26,16,Salaried,Mass
CLI_01850,21,62,Self-employed,Mass
CLI_01851,31,4,Unemployed,Mass
CLI_01852,54,45,Salaried,Premium
CLI_01853,51,90,Salaried,Mass-Affluent
CLI_01854,28,28,Salaried,Mass-Affluent
CLI_01855,58,96,Gig-worker,Mass
CLI_01856,73,109,Gig-worker,Mass-Affluent
CLI_01857,20,66,Salaried,Premium
CLI_01858,45,31,Self-employed,Mass-Affluent
CLI_01859,46,3,Salaried,Mass
CLI_01860,26,118,Gig-worker,Mass
CLI_01861,20,8,Gig-worker,Mass
CLI_01862,42,24,Self-employed,Mass
CLI_01863,51,15,Salaried,Mass
CLI_01864,29,43,Unemployed,Premium
CLI_01865,59,31,Self-employed,Mass-Affluent
CLI_01866,26,73,Salaried,Mass
CLI_01867,32,103,Salaried,Mass
CLI_01868,57,45,Gig-worker,Mass
CLI_01869,42,66,Self-employed,Mass
CLI_01870,22,8,Self-employed,Mass
CLI_01871,28,71,Gig-worker,Mass
CLI_01872,51,108,Unemployed,Mass
CLI_01873,41,115,Salaried,Private
CLI_01874,32,103,Salaried,Mass
CLI_01875,55,106,Unemployed,Mass
CLI_01876,25,57,Self-employed,Mass
CLI_01877,22,80,Gig-worker,Mass
CLI_01878,65,99,Self-employed,Mass
CLI_01879,43,30,Business Owner,Mass-Affluent
CLI_01880,35,74,Self-employed,Mass
CLI_01881,23,102,Self-employed,Mass
CLI_01882,54,18,Self-employed,Mass-Affluent
CLI_01883,65,114,Salaried,Mass
CLI_01884,30,69,Self-employed,Mass
CLI_01885,45,117,Salaried,Mass
CLI_01886,22,93,Unemployed,Mass-Affluent
CLI_01887,30,39,Gig-worker,Mass
CLI_01888,34,60,Self-employed,Mass
CLI_01889,67,98,Gig-worker,Mass-Affluent
CLI_01890,57,43,Salaried,Mass
CLI_01891,62,45,Salaried,Mass
CLI_01892,49,23,Business Owner,Mass
CLI_01893,46,69,Business Owner,Mass-Affluent
CLI_01894,68,94,Salaried,Premium
CLI_01895,20,6,Business Owner,Private
CLI_01896,73,56,Self-employed,Premium
CLI_01897,57,110,Gig-worker,Mass-Affluent
CLI_01898,51,108,Salaried,Mass-Affluent
CLI_01899,57,4,Unemployed,Mass-Affluent
CLI_01900,44,93,Gig-worker,Mass
CLI_01901,30,23,Unemployed,Mass
CLI_01902,62,6,Self-employed,Mass
CLI_01903,50,32,Self-employed,Mass
CLI_01904,23,106,Self-employed,Mass-Affluent
CLI_01905,41,18,Salaried,Mass
CLI_01906,36,15,Salaried,Mass
CLI_01907,33,40,Salaried,Mass
CLI_01908,57,96,Salaried,Premium
CLI_01909,45,73,Gig-worker,Mass-Affluent
CLI_01910,50,101,Self-employed,Mass
CLI_01911,65,74,Unemployed,Mass
CLI_01912,58,84,Salaried,Mass
CLI_01913,30,6,Gig-worker,Mass
CLI_01914,60,112,Salaried,Mass
CLI_01915,62,63,Salaried,Mass-Affluent
CLI_01916,42,67,Salaried,Mass
CLI_01917,70,106,Self-employed,Mass
CLI_01918,59,11,Salaried,Mass
CLI_01919,53,43,Self-employed,Mass
CLI_01920,44,17,Salaried,Mass
CLI_01921,55,96,Unemployed,Mass
CLI_01922,24,4,Self-employed,Mass
CLI_01923,22,63,Business Owner,Mass-Affluent
CLI_01924,60,68,Unemployed,Mass
CLI_01925,62,81,Unemployed,Mass
CLI_01926,74,41,Unemployed,Mass
CLI_01927,68,83,Self-employed,Mass-Affluent
CLI_01928,48,5,Salaried,Mass
CLI_01929,40,32,Salaried,Mass-Affluent
CLI_01930,59,86,Salaried,Premium
CLI_01931,27,70,Gig-worker,Mass
CLI_01932,49,35,Gig-worker,Mass-Affluent
CLI_01933,60,22,Unemployed,Mass-Affluent
CLI_01934,70,65,Business Owner,Mass
CLI_01935,47,84,Gig-worker,Mass-Affluent
CLI_01936,56,22,Gig-worker,Mass
CLI_01937,48,112,Business Owner,Mass
CLI_01938,35,119,Salaried,Mass-Affluent
CLI_01939,53,11,Self-employed,Mass-Affluent
CLI_01940,19,77,Salaried,Premium
CLI_01941,31,106,Self-employed,Mass
CLI_01942,30,3,Salaried,Mass
CLI_01943,46,9,Unemployed,Mass
CLI_01944,29,60,Gig-worker,Mass
CLI_01945,56,76,Salaried,Mass
CLI_01946,19,87,Salaried,Mass
CLI_01947,49,14,Gig-worker,Mass
CLI_01948,30,97,Business Owner,Mass
CLI_01949,63,18,Self-employed,Mass
CLI_01950,44,113,Gig-worker,Private
CLI_01951,66,105,Salaried,Mass-Affluent
CLI_01952,58,73,Gig-worker,Mass
CLI_01953,34,23,Self-employed,Premium
CLI_01954,57,74,Self-employed,Mass-Affluent
CLI_01955,48,83,Salaried,Premium
CLI_01956,51,47,Self-employed,Mass
CLI_01957,41,69,Self-employed,Mass
CLI_01958,62,47,Business Owner,Premium
CLI_01959,52,116,Unemployed,Mass
CLI_01960,65,87,Self-employed,Premium
CLI_01961,23,30,Self-employed,Mass-Affluent
CLI_01962,36,25,Salaried,Private
CLI_01963,47,28,Self-employed,Mass
CLI_01964,24,98,Gig-worker,Mass
CLI_01965,27,109,Salaried,Mass
CLI_01966,58,112,Salaried,Private
CLI_01967,49,111,Self-employed,Mass
CLI_01968,51,25,Salaried,Mass
CLI_01969,45,74,Gig-worker,Mass
CLI_01970,32,78,Gig-worker,Mass
CLI_01971,47,106,Salaried,Mass
CLI_01972,54,110,Salaried,Mass
CLI_01973,46,58,Self-employed,Mass-Affluent
CLI_01974,39,94,Self-employed,Mass
CLI_01975,21,119,Salaried,Premium
CLI_01976,37,41,Unemployed,Mass-Affluent
CLI_01977,49,25,Self-employed,Mass-Affluent
CLI_01978,53,78,Gig-worker,Mass-Affluent
CLI_01979,67,99,Self-employed,Mass
CLI_01980,21,116,Business Owner,Mass
CLI_01981,44,48,Gig-worker,Mass-Affluent
CLI_01982,34,98,Salaried,Mass
CLI_01983,29,10,Unemployed,Mass
CLI_01984,39,99,Gig-worker,Mass
CLI_01985,34,75,Salaried,Mass-Affluent
CLI_01986,27,11,Gig-worker,Mass
CLI_01987,71,85,Gig-worker,Mass
CLI_01988,18,21,Unemployed,Mass
CLI_01989,39,86,Gig-worker,Private
CLI_01990,43,45,Salaried,Mass
CLI_01991,73,7,Self-employed,Mass-Affluent
CLI_01992,35,119,Gig-worker,Mass
CLI_01993,67,81,Salaried,Mass-Affluent
CLI_01994,31,64,Gig-worker,Mass
CLI_01995,64,64,Self-employed,Mass-Affluent
CLI_01996,46,2,Salaried,Mass
CLI_01997,29,76,Gig-worker,Mass
CLI_01998,53,42,Salaried,Mass-Affluent
CLI_01999,52,82,Salaried,Mass-Affluent
CLI_02000,69,54,Salaried,Mass-Affluent
CLI_02001,29,75,Salaried,Premium
CLI_02002,24,16,Self-employed,Mass
CLI_02003,46,113,Salaried,Premium
CLI_02004,28,115,Self-employed,Mass
CLI_02005,50,18,Salaried,Mass-Affluent
CLI_02006,23,99,Business Owner,Mass
CLI_02007,64,117,Gig-worker,Mass
CLI_02008,32,59,Self-employed,Mass
CLI_02009,49,90,Salaried,Mass
CLI_02010,68,16,Gig-worker,Mass
CLI_02011,28,6,Salaried,Mass
CLI_02012,40,57,Unemployed,Mass
CLI_02013,43,108,Gig-worker,Mass
CLI_02014,51,107,Gig-worker,Mass
CLI_02015,63,47,Self-employed,Mass
CLI_02016,51,111,Salaried,Mass
CLI_02017,46,48,Self-employed,Mass
CLI_02018,21,42,Self-employed,Mass-Affluent
CLI_02019,34,76,Self-employed,Premium
CLI_02020,52,60,Gig-worker,Mass
CLI_02021,30,77,Salaried,Mass-Affluent
CLI_02022,58,4,Salaried,Mass-Affluent
CLI_02023,56,103,Self-employed,Mass
CLI_02024,32,118,Gig-worker,Mass-Affluent
CLI_02025,72,2,Gig-worker,Mass
CLI_02026,46,90,Unemployed,Mass
CLI_02027,46,59,Salaried,Mass
CLI_02028,28,27,Unemployed,Mass
CLI_02029,69,27,Business Owner,Mass-Affluent
CLI_02030,49,79,Unemployed,Mass
CLI_02031,19,72,Self-employed,Mass
CLI_02032,64,7,Salaried,Mass
CLI_02033,31,63,Salaried,Mass-Affluent
CLI_02034,37,111,Self-employed,Mass-Affluent
CLI_02035,39,119,Salaried,Mass-Affluent
CLI_02036,28,46,Salaried,Mass
CLI_02037,44,63,Self-employed,Mass
CLI_02038,20,104,Salaried,Mass
CLI_02039,34,12,Unemployed,Mass
CLI_02040,61,13,Self-employed,Mass
CLI_02041,73,43,Self-employed,Mass
CLI_02042,45,17,Self-employed,Mass
CLI_02043,46,63,Unemployed,Premium
CLI_02044,38,81,Self-employed,Mass-Affluent
CLI_02045,64,36,Gig-worker,Mass
CLI_02046,33,85,Salaried,Mass
CLI_02047,54,8,Unemployed,Mass
CLI_02048,37,69,Self-employed,Mass-Affluent
CLI_02049,23,90,Gig-worker,Mass-Affluent
CLI_02050,36,80,Salaried,Private
CLI_02051,74,36,Gig-worker,Mass
CLI_02052,22,28,Salaried,Mass-Affluent
CLI_02053,20,118,Unemployed,Mass
CLI_02054,18,93,Business Owner,Premium
CLI_02055,55,47,Salaried,Mass-Affluent
CLI_02056,32,76,Self-employed,Mass-Affluent
CLI_02057,51,101,Salaried,Mass
CLI_02058,52,30,Self-employed,Mass-Affluent
CLI_02059,66,23,Salaried,Mass
CLI_02060,42,16,Self-employed,Mass
CLI_02061,41,14,Salaried,Mass
CLI_02062,29,74,Salaried,Mass
CLI_02063,35,71,Gig-worker,Mass
CLI_02064,32,109,Salaried,Mass
CLI_02065,61,52,Gig-worker,Mass
CLI_02066,33,37,Salaried,Mass
CLI_02067,44,29,Gig-worker,Mass
CLI_02068,25,67,Unemployed,Mass
CLI_02069,63,15,Self-employed,Mass
CLI_02070,42,100,Unemployed,Mass
CLI_02071,34,47,Unemployed,Mass
CLI_02072,46,46,Salaried,Mass-Affluent
CLI_02073,70,52,Salaried,Mass
CLI_02074,25,19,Gig-worker,Mass-Affluent
CLI_02075,32,77,Unemployed,Mass
CLI_02076,44,106,Business Owner,Private
CLI_02077,63,21,Salaried,Mass
CLI_02078,67,64,Salaried,Mass
CLI_02079,69,37,Salaried,Mass
CLI_02080,24,27,Self-employed,Mass
CLI_02081,20,55,Gig-worker,Mass-Affluent
CLI_02082,46,116,Salaried,Mass
CLI_02083,61,29,Gig-worker,Mass
CLI_02084,70,20,Self-employed,Premium
CLI_02085,41,25,Self-employed,Mass
CLI_02086,20,70,Salaried,Mass
CLI_02087,37,63,Unemployed,Mass
CLI_02088,63,36,Gig-worker,Mass
CLI_02089,32,2,Self-employed,Premium
CLI_02090,42,22,Self-employed,Mass-Affluent
CLI_02091,47,96,Salaried,Mass-Affluent
CLI_02092,31,16,Salaried,Premium
CLI_02093,24,18,Self-employed,Mass
CLI_02094,34,69,Salaried,Mass
CLI_02095,61,54,Self-employed,Mass
CLI_02096,37,100,Self-employed,Mass-Affluent
CLI_02097,53,30,Self-employed,Premium
CLI_02098,26,45,Salaried,Mass
CLI_02099,55,19,Salaried,Mass
CLI_02100,65,87,Self-employed,Premium
CLI_02101,74,34,Salaried,Mass
CLI_02102,39,13,Self-employed,Premium
CLI_02103,71,43,Self-employed,Mass
CLI_02104,70,62,Gig-worker,Mass
CLI_02105,70,118,Self-employed,Mass
CLI_02106,19,93,Salaried,Mass-Affluent
CLI_02107,41,100,Salaried,Mass
CLI_02108,25,22,Business Owner,Mass
CLI_02109,28,52,Business Owner,Premium
CLI_02110,30,52,Gig-worker,Mass-Affluent
CLI_02111,34,111,Unemployed,Mass-Affluent
CLI_02112,25,36,Gig-worker,Mass
CLI_02113,38,73,Salaried,Premium
CLI_02114,35,103,Salaried,Mass
CLI_02115,47,115,Unemployed,Mass
CLI_02116,35,19,Salaried,Mass
CLI_02117,63,38,Gig-worker,Mass
CLI_02118,64,70,Gig-worker,Premium
CLI_02119,48,116,Self-employed,Mass
CLI_02120,55,111,Gig-worker,Mass
CLI_02121,49,79,Salaried,Mass-Affluent
CLI_02122,28,57,Salaried,Mass-Affluent
CLI_02123,62,20,Gig-worker,Mass-Affluent
CLI_02124,42,9,Self-employed,Mass
CLI_02125,50,32,Gig-worker,Mass-Affluent
CLI_02126,55,4,Self-employed,Mass
CLI_02127,58,50,Salaried,Private
CLI_02128,25,82,Unemployed,Mass
CLI_02129,28,5,Gig-worker,Mass-Affluent
CLI_02130,39,20,Salaried,Mass
CLI_02131,68,87,Gig-worker,Mass
CLI_02132,41,75,Self-employed,Mass
CLI_02133,58,37,Unemployed,Mass
CLI_02134,34,22,Salaried,Mass
CLI_02135,29,58,Self-employed,Mass-Affluent
CLI_02136,74,68,Salaried,Mass
CLI_02137,63,93,Salaried,Mass-Affluent
CLI_02138,49,44,Gig-worker,Mass
CLI_02139,32,34,Self-employed,Mass
CLI_02140,33,77,Self-employed,Mass-Affluent
CLI_02141,71,42,Salaried,Mass-Affluent
CLI_02142,39,9,Salaried,Mass
CLI_02143,45,106,Gig-worker,Mass
CLI_02144,37,95,Salaried,Mass-Affluent
CLI_02145,50,7,Salaried,Mass
CLI_02146,27,68,Salaried,Mass
CLI_02147,57,19,Gig-worker,Mass-Affluent
CLI_02148,49,106,Salaried,Mass
CLI_02149,67,94,Gig-worker,Mass
CLI_02150,50,31,Salaried,Premium
CLI_02151,19,35,Salaried,Mass-Affluent
CLI_02152,50,57,Self-employed,Mass
CLI_02153,50,85,Salaried,Mass
CLI_02154,58,61,Gig-worker,Mass
CLI_02155,30,31,Salaried,Mass-Affluent
CLI_02156,47,83,Gig-worker,Mass-Affluent
CLI_02157,50,95,Salaried,Mass
CLI_02158,30,53,Salaried,Mass
CLI_02159,69,32,Gig-worker,Mass
CLI_02160,43,66,Unemployed,Mass
CLI_02161,39,59,Salaried,Mass-Affluent
CLI_02162,56,116,Gig-worker,Mass
CLI_02163,19,10,Self-employed,Mass
CLI_02164,55,2,Gig-worker,Mass
CLI_02165,56,66,Self-employed,Mass
CLI_02166,43,60,Salaried,Mass
CLI_02167,63,88,Business Owner,Mass
CLI_02168,67,17,Salaried,Mass-Affluent
CLI_02169,32,96,Salaried,Private
CLI_02170,51,16,Unemployed,Premium
CLI_02171,59,16,Gig-worker,Mass
CLI_02172,72,46,Gig-worker,Mass-Affluent
CLI_02173,61,39,Self-employed,Private
CLI_02174,66,117,Gig-worker,Mass
CLI_02175,57,31,Salaried,Mass
CLI_02176,28,107,Self-employed,Mass
CLI_02177,20,88,Salaried,Mass
CLI_02178,23,1,Self-employed,Mass-Affluent
CLI_02179,26,11,Business Owner,Mass
CLI_02180,23,119,Salaried,Mass
CLI_02181,26,85,Gig-worker,Mass
CLI_02182,56,4,Salaried,Mass
CLI_02183,48,71,Salaried,Mass
CLI_02184,49,26,Unemployed,Mass
CLI_02185,58,111,Salaried,Mass
CLI_02186,67,50,Gig-worker,Mass-Affluent
CLI_02187,29,12,Self-employed,Mass-Affluent
CLI_02188,25,95,Unemployed,Mass-Affluent
CLI_02189,25,81,Gig-worker,Mass-Affluent
CLI_02190,67,97,Gig-worker,Mass-Affluent
CLI_02191,45,75,Self-employed,Mass-Affluent
CLI_02192,37,92,Business Owner,Mass-Affluent
CLI_02193,64,96,Gig-worker,Mass-Affluent
CLI_02194,24,65,Gig-worker,Mass
CLI_02195,28,47,Salaried,Mass
CLI_02196,37,92,Salaried,Mass-Affluent
CLI_02197,33,53,Gig-worker,Mass
CLI_02198,21,106,Unemployed,Mass
CLI_02199,23,71,Unemployed,Mass
CLI_02200,39,2,Business Owner,Mass
CLI_02201,43,106,Gig-worker,Private
CLI_02202,20,24,Self-employed,Mass
CLI_02203,58,4,Self-employed,Mass
CLI_02204,59,108,Gig-worker,Mass
CLI_02205,31,19,Salaried,Mass-Affluent
CLI_02206,28,26,Gig-worker,Mass
CLI_02207,35,75,Unemployed,Mass-Affluent
CLI_02208,71,40,Salaried,Mass-Affluent
CLI_02209,29,50,Unemployed,Mass
CLI_02210,40,43,Salaried,Mass
CLI_02211,29,75,Self-employed,Mass
CLI_02212,30,109,Gig-worker,Mass-Affluent
CLI_02213,42,67,Self-employed,Mass-Affluent
CLI_02214,62,12,Gig-worker,Mass
CLI_02215,68,67,Unemployed,Mass
CLI_02216,36,106,Gig-worker,Mass
CLI_02217,72,27,Salaried,Mass-Affluent
CLI_02218,63,113,Gig-worker,Mass
CLI_02219,53,54,Salaried,Mass
CLI_02220,62,66,Salaried,Mass
CLI_02221,25,49,Salaried,Mass-Affluent
CLI_02222,46,16,Unemployed,Mass-Affluent
CLI_02223,72,2,Gig-worker,Mass
CLI_02224,70,60,Self-employed,Mass-Affluent
CLI_02225,72,54,Salaried,Mass
CLI_02226,49,30,Salaried,Private
CLI_02227,68,84,Business Owner,Mass
CLI_02228,61,38,Gig-worker,Mass-Affluent
CLI_02229,35,28,Unemployed,Mass
CLI_02230,23,25,Salaried,Mass
CLI_02231,35,96,Salaried,Mass-Affluent
CLI_02232,36,10,Unemployed,Mass
CLI_02233,39,60,Self-employed,Mass
CLI_02234,54,42,Salaried,Mass
CLI_02235,49,40,Salaried,Mass
CLI_02236,73,97,Self-employed,Mass
CLI_02237,58,77,Gig-worker,Mass
CLI_02238,20,105,Self-employed,Mass-Affluent
CLI_02239,45,118,Salaried,Mass-Affluent
CLI_02240,27,42,Salaried,Mass
CLI_02241,68,47,Business Owner,Mass
CLI_02242,52,37,Salaried,Premium
CLI_02243,46,118,Gig-worker,Mass
CLI_02244,71,80,Self-employed,Mass
CLI_02245,32,109,Salaried,Mass-Affluent
CLI_02246,50,22,Gig-worker,Mass-Affluent
CLI_02247,24,57,Gig-worker,Mass
CLI_02248,29,84,Gig-worker,Mass
CLI_02249,66,114,Gig-worker,Mass
CLI_02250,47,107,Salaried,Private
CLI_02251,38,27,Gig-worker,Mass
CLI_02252,48,41,Gig-worker,Private
CLI_02253,41,80,Self-employed,Mass
CLI_02254,37,34,Salaried,Mass
CLI_02255,54,32,Gig-worker,Mass
CLI_02256,21,90,Business Owner,Mass-Affluent
CLI_02257,45,89,Gig-worker,Mass
CLI_02258,61,66,Self-employed,Mass
CLI_02259,37,12,Gig-worker,Premium
CLI_02260,41,40,Unemployed,Private
CLI_02261,67,73,Unemployed,Mass
CLI_02262,66,76,Salaried,Mass
CLI_02263,68,90,Gig-worker,Mass-Affluent
CLI_02264,49,73,Salaried,Mass-Affluent
CLI_02265,58,10,Gig-worker,Mass
CLI_02266,53,96,Salaried,Premium
CLI_02267,70,98,Self-employed,Mass
CLI_02268,51,48,Salaried,Mass-Affluent
CLI_02269,53,20,Gig-worker,Mass
CLI_02270,19,39,Self-employed,Mass
CLI_02271,32,60,Salaried,Mass
CLI_02272,51,66,Unemployed,Mass-Affluent
CLI_02273,53,65,Self-employed,Private
CLI_02274,23,51,Gig-worker,Mass
CLI_02275,56,36,Gig-worker,Mass
CLI_02276,59,24,Salaried,Mass
CLI_02277,68,118,Self-employed,Premium
CLI_02278,68,27,Salaried,Private
CLI_02279,71,2,Self-employed,Mass-Affluent
CLI_02280,29,31,Self-employed,Mass
CLI_02281,20,57,Salaried,Private
CLI_02282,62,78,Unemployed,Mass
CLI_02283,35,66,Salaried,Mass
CLI_02284,57,29,Unemployed,Mass
CLI_02285,38,15,Salaried,Mass
CLI_02286,32,12,Gig-worker,Mass-Affluent
CLI_02287,50,101,Salaried,Mass-Affluent
CLI_02288,52,28,Self-employed,Mass
CLI_02289,43,84,Gig-worker,Mass
CLI_02290,25,103,Salaried,Mass
CLI_02291,53,24,Gig-worker,Mass
CLI_02292,65,21,Gig-worker,Mass
CLI_02293,47,10,Self-employed,Mass
CLI_02294,40,110,Unemployed,Mass-Affluent
CLI_02295,59,78,Gig-worker,Premium
CLI_02296,61,101,Salaried,Premium
CLI_02297,31,18,Salaried,Private
CLI_02298,31,88,Gig-worker,Mass-Affluent
CLI_02299,19,14,Gig-worker,Mass
CLI_02300,72,34,Salaried,Premium
CLI_02301,54,58,Salaried,Mass
CLI_02302,22,76,Gig-worker,Mass-Affluent
CLI_02303,55,22,Business Owner,Mass
CLI_02304,62,70,Salaried,Mass-Affluent
CLI_02305,58,36,Gig-worker,Mass
CLI_02306,71,45,Self-employed,Mass
CLI_02307,64,36,Self-employed,Mass
CLI_02308,31,22,Salaried,Mass
CLI_02309,73,78,Gig-worker,Private
CLI_02310,56,80,Unemployed,Mass
CLI_02311,42,61,Salaried,Mass
CLI_02312,37,100,Gig-worker,Premium
CLI_02313,19,56,Salaried,Mass-Affluent
CLI_02314,56,89,Salaried,Mass
CLI_02315,23,96,Gig-worker,Mass
CLI_02316,34,33,Self-employed,Mass
CLI_02317,42,45,Salaried,Premium
CLI_02318,74,36,Gig-worker,Mass-Affluent
CLI_02319,45,20,Gig-worker,Private
CLI_02320,19,18,Gig-worker,Mass
CLI_02321,52,38,Self-employed,Mass
CLI_02322,54,67,Salaried,Mass
CLI_02323,22,23,Unemployed,Mass-Affluent
CLI_02324,18,96,Gig-worker,Mass
CLI_02325,57,109,Gig-worker,Mass
CLI_02326,29,16,Self-employed,Mass
CLI_02327,73,59,Salaried,Mass
CLI_02328,53,69,Salaried,Mass-Affluent
CLI_02329,62,68,Self-employed,Mass
CLI_02330,40,21,Gig-worker,Mass
CLI_02331,64,104,Unemployed,Mass
CLI_02332,48,115,Business Owner,Premium
CLI_02333,28,78,Salaried,Mass
CLI_02334,27,103,Gig-worker,Mass
CLI_02335,20,95,Gig-worker,Mass
CLI_02336,71,78,Salaried,Mass
CLI_02337,31,70,Self-employed,Premium
CLI_02338,33,12,Self-employed,Mass
CLI_02339,27,16,Gig-worker,Premium
CLI_02340,46,81,Salaried,Mass
CLI_02341,27,109,Salaried,Premium
CLI_02342,29,87,Salaried,Mass-Affluent
CLI_02343,47,14,Self-employed,Mass
CLI_02344,58,61,Salaried,Mass-Affluent
CLI_02345,18,71,Self-employed,Mass
CLI_02346,22,46,Self-employed,Mass
CLI_02347,37,32,Self-employed,Mass
CLI_02348,25,15,Gig-worker,Mass
CLI_02349,60,44,Self-employed,Mass-Affluent
CLI_02350,29,17,Gig-worker,Mass
CLI_02351,18,41,Self-employed,Mass-Affluent
CLI_02352,74,54,Gig-worker,Mass
CLI_02353,71,111,Gig-worker,Mass
CLI_02354,37,44,Gig-worker,Premium
CLI_02355,45,98,Salaried,Mass-Affluent
CLI_02356,74,5,Gig-worker,Mass-Affluent
CLI_02357,60,109,Business Owner,Mass-Affluent
CLI_02358,54,27,Salaried,Premium
CLI_02359,64,116,Salaried,Mass
CLI_02360,54,87,Salaried,Mass-Affluent
CLI_02361,29,104,Gig-worker,Mass
CLI_02362,54,78,Salaried,Mass
CLI_02363,66,79,Gig-worker,Mass
CLI_02364,66,43,Salaried,Mass
CLI_02365,73,97,Salaried,Mass
CLI_02366,61,117,Self-employed,Premium
CLI_02367,73,31,Salaried,Mass-Affluent
CLI_02368,45,99,Business Owner,Mass
CLI_02369,64,17,Salaried,Mass
CLI_02370,32,92,Gig-worker,Mass
CLI_02371,23,83,Salaried,Mass
CLI_02372,61,110,Salaried,Mass-Affluent
CLI_02373,37,54,Business Owner,Mass
CLI_02374,67,62,Unemployed,Mass
CLI_02375,31,87,Salaried,Premium
CLI_02376,19,32,Gig-worker,Mass-Affluent
CLI_02377,26,40,Gig-worker,Mass-Affluent
CLI_02378,54,13,Salaried,Mass-Affluent
CLI_02379,37,84,Salaried,Mass
CLI_02380,43,35,Unemployed,Mass
CLI_02381,46,5,Business Owner,Mass-Affluent
CLI_02382,18,73,Business Owner,Mass-Affluent
CLI_02383,72,29,Self-employed,Mass
CLI_02384,52,70,Self-employed,Mass
CLI_02385,23,25,Salaried,Mass-Affluent
CLI_02386,54,95,Salaried,Mass
CLI_02387,70,22,Salaried,Mass
CLI_02388,22,66,Self-employed,Mass
CLI_02389,50,45,Self-employed,Mass
CLI_02390,66,69,Self-employed,Mass
CLI_02391,68,91,Unemployed,Mass
CLI_02392,31,89,Unemployed,Mass-Affluent
CLI_02393,29,72,Business Owner,Mass
CLI_02394,59,119,Salaried,Mass
CLI_02395,37,1,Self-employed,Mass
CLI_02396,70,84,Gig-worker,Private
CLI_02397,67,44,Salaried,Mass
CLI_02398,41,87,Business Owner,Mass
CLI_02399,60,96,Unemployed,Mass-Affluent
CLI_02400,51,75,Salaried,Mass
CLI_02401,42,39,Salaried,Mass
CLI_02402,67,111,Self-employed,Mass
CLI_02403,46,54,Gig-worker,Private
CLI_02404,74,88,Unemployed,Premium
CLI_02405,56,75,Salaried,Premium
CLI_02406,48,29,Salaried,Mass
CLI_02407,73,54,Salaried,Premium
CLI_02408,64,90,Salaried,Mass
CLI_02409,60,16,Salaried,Mass-Affluent
CLI_02410,67,99,Unemployed,Mass-Affluent
CLI_02411,40,20,Salaried,Mass
CLI_02412,61,46,Gig-worker,Mass-Affluent
CLI_02413,55,67,Salaried,Mass
CLI_02414,37,65,Salaried,Mass
CLI_02415,40,58,Self-employed,Premium
CLI_02416,62,53,Gig-worker,Mass
CLI_02417,69,111,Self-employed,Mass
CLI_02418,33,1,Gig-worker,Mass
CLI_02419,67,81,Salaried,Premium
CLI_02420,59,66,Gig-worker,Mass
CLI_02421,72,29,Salaried,Mass
CLI_02422,25,84,Self-employed,Premium
CLI_02423,67,70,Salaried,Mass
CLI_02424,38,8,Self-employed,Mass
CLI_02425,18,29,Salaried,Mass-Affluent
CLI_02426,72,112,Self-employed,Mass
CLI_02427,25,51,Unemployed,Mass-Affluent
CLI_02428,46,33,Gig-worker,Mass
CLI_02429,49,3,Gig-worker,Premium
CLI_02430,55,60,Business Owner,Premium
CLI_02431,22,35,Gig-worker,Mass
CLI_02432,64,69,Salaried,Mass
CLI_02433,39,91,Salaried,Private
CLI_02434,64,108,Self-employed,Mass
CLI_02435,51,76,Self-employed,Mass
CLI_02436,18,84,Salaried,Mass-Affluent
CLI_02437,72,109,Salaried,Mass-Affluent
CLI_02438,72,20,Business Owner,Mass-Affluent
CLI_02439,43,73,Salaried,Mass
CLI_02440,60,39,Gig-worker,Mass
CLI_02441,27,4,Salaried,Premium
CLI_02442,47,115,Self-employed,Mass-Affluent
CLI_02443,67,118,Salaried,Mass-Affluent
CLI_02444,35,19,Self-employed,Private
CLI_02445,34,102,Salaried,Mass-Affluent
CLI_02446,43,91,Self-employed,Mass
CLI_02447,25,45,Self-employed,Mass-Affluent
CLI_02448,64,43,Salaried,Mass
CLI_02449,57,13,Gig-worker,Mass
CLI_02450,66,13,Gig-worker,Mass
CLI_02451,29,60,Salaried,Mass-Affluent
CLI_02452,44,57,Self-employed,Private
CLI_02453,25,86,Salaried,Mass
CLI_02454,42,92,Self-employed,Mass
CLI_02455,63,52,Salaried,Mass
CLI_02456,21,111,Salaried,Mass-Affluent
CLI_02457,50,53,Salaried,Mass-Affluent
CLI_02458,18,109,Gig-worker,Mass
CLI_02459,36,86,Gig-worker,Mass-Affluent
CLI_02460,48,43,Self-employed,Mass
CLI_02461,33,83,Salaried,Mass
CLI_02462,31,72,Salaried,Mass
CLI_02463,70,116,Self-employed,Premium
CLI_02464,65,72,Self-employed,Mass
CLI_02465,22,42,Salaried,Mass-Affluent
CLI_02466,58,90,Gig-worker,Mass
CLI_02467,43,112,Salaried,Mass
CLI_02468,45,115,Self-employed,Mass
CLI_02469,19,26,Unemployed,Mass
CLI_02470,67,23,Unemployed,Mass
CLI_02471,23,43,Self-employed,Mass-Affluent
CLI_02472,26,77,Salaried,Mass
CLI_02473,50,28,Self-employed,Mass-Affluent
CLI_02474,58,9,Gig-worker,Mass
CLI_02475,42,20,Salaried,Mass
CLI_02476,65,56,Gig-worker,Mass
CLI_02477,30,83,Unemployed,Private
CLI_02478,26,112,Unemployed,Mass
CLI_02479,70,39,Salaried,Mass
CLI_02480,30,51,Self-employed,Premium
CLI_02481,48,12,Self-employed,Mass
CLI_02482,58,79,Salaried,Mass-Affluent
CLI_02483,28,95,Gig-worker,Mass
CLI_02484,21,55,Self-employed,Mass-Affluent
CLI_02485,51,78,Gig-worker,Mass
CLI_02486,55,11,Salaried,Premium
CLI_02487,63,26,Self-employed,Mass
CLI_02488,21,42,Unemployed,Mass
CLI_02489,55,27,Self-employed,Mass
CLI_02490,36,11,Self-employed,Mass
CLI_02491,23,38,Salaried,Mass-Affluent
CLI_02492,51,98,Salaried,Mass
CLI_02493,35,43,Gig-worker,Mass
CLI_02494,30,19,Salaried,Mass
CLI_02495,58,64,Unemployed,Mass
CLI_02496,40,6,Salaried,Mass
CLI_02497,36,46,Gig-worker,Mass
CLI_02498,62,116,Salaried,Mass-Affluent
CLI_02499,28,102,Unemployed,Private
CLI_02500,18,113,Salaried,Mass
CLI_02501,41,42,Salaried,Mass-Affluent
CLI_02502,71,92,Salaried,Mass
CLI_02503,24,65,Self-employed,Mass
CLI_02504,42,99,Salaried,Mass
CLI_02505,38,104,Salaried,Mass
CLI_02506,32,72,Salaried,Mass
CLI_02507,18,59,Self-employed,Premium
CLI_02508,29,52,Salaried,Premium
CLI_02509,24,118,Salaried,Mass
CLI_02510,32,47,Salaried,Mass
CLI_02511,38,7,Gig-worker,Private
CLI_02512,36,11,Self-employed,Mass
CLI_02513,46,103,Gig-worker,Mass-Affluent
CLI_02514,42,61,Unemployed,Mass
CLI_02515,50,68,Business Owner,Mass
CLI_02516,66,25,Salaried,Mass
CLI_02517,49,12,Self-employed,Premium
CLI_02518,66,26,Self-employed,Premium
CLI_02519,52,102,Unemployed,Mass
CLI_02520,61,110,Gig-worker,Mass-Affluent
CLI_02521,55,12,Gig-worker,Mass
CLI_02522,43,43,Gig-worker,Mass
CLI_02523,28,51,Unemployed,Mass-Affluent
CLI_02524,52,117,Salaried,Mass
CLI_02525,25,37,Salaried,Mass
CLI_02526,63,46,Salaried,Mass
CLI_02527,31,53,Salaried,Private
CLI_02528,27,88,Gig-worker,Premium
CLI_02529,19,80,Salaried,Mass-Affluent
CLI_02530,63,13,Salaried,Mass
CLI_02531,26,89,Unemployed,Mass-Affluent
CLI_02532,20,118,Gig-worker,Mass
CLI_02533,38,54,Self-employed,Private
CLI_02534,43,57,Salaried,Mass
CLI_02535,25,116,Salaried,Mass
CLI_02536,65,118,Self-employed,Mass
CLI_02537,19,4,Self-employed,Mass-Affluent
CLI_02538,23,75,Salaried,Mass-Affluent
CLI_02539,45,96,Business Owner,Mass
CLI_02540,70,49,Unemployed,Mass
CLI_02541,46,7,Business Owner,Mass-Affluent
CLI_02542,43,110,Gig-worker,Mass
CLI_02543,42,11,Salaried,Mass-Affluent
CLI_02544,29,92,Gig-worker,Premium
CLI_02545,22,54,Self-employed,Mass
CLI_02546,51,105,Salaried,Mass
CLI_02547,65,87,Self-employed,Mass
CLI_02548,54,45,Salaried,Mass
CLI_02549,32,23,Gig-worker,Mass
CLI_02550,61,114,Salaried,Mass-Affluent
CLI_02551,53,28,Self-employed,Mass
CLI_02552,32,107,Salaried,Mass
CLI_02553,60,111,Self-employed,Mass-Affluent
CLI_02554,65,57,Gig-worker,Mass-Affluent
CLI_02555,40,26,Self-employed,Premium
CLI_02556,23,25,Business Owner,Mass
CLI_02557,63,54,Self-employed,Mass-Affluent
CLI_02558,67,29,Business Owner,Premium
CLI_02559,61,83,Salaried,Mass
CLI_02560,60,97,Salaried,Mass
CLI_02561,62,36,Salaried,Mass
CLI_02562,38,14,Salaried,Premium
CLI_02563,40,78,Self-employed,Mass
CLI_02564,60,35,Salaried,Premium
CLI_02565,72,30,Gig-worker,Mass-Affluent
CLI_02566,33,92,Gig-worker,Mass
CLI_02567,64,17,Gig-worker,Mass
CLI_02568,70,67,Gig-worker,Mass
CLI_02569,32,80,Self-employed,Mass
CLI_02570,42,110,Salaried,Mass-Affluent
CLI_02571,53,30,Salaried,Mass-Affluent
CLI_02572,28,116,Gig-worker,Mass
CLI_02573,68,93,Self-employed,Mass-Affluent
CLI_02574,32,45,Gig-worker,Mass
CLI_02575,21,79,Unemployed,Mass
CLI_02576,38,110,Gig-worker,Mass
CLI_02577,30,89,Gig-worker,Mass
CLI_02578,39,51,Salaried,Private
CLI_02579,36,102,Gig-worker,Mass-Affluent
CLI_02580,51,106,Self-employed,Mass
CLI_02581,31,47,Salaried,Mass
CLI_02582,21,53,Salaried,Mass
CLI_02583,65,64,Self-employed,Mass
CLI_02584,70,118,Salaried,Mass-Affluent
CLI_02585,69,116,Salaried,Premium
CLI_02586,63,38,Self-employed,Mass-Affluent
CLI_02587,44,64,Salaried,Mass
CLI_02588,46,87,Unemployed,Mass
CLI_02589,64,89,Salaried,Mass
CLI_02590,45,106,Self-employed,Mass
CLI_02591,52,7,Gig-worker,Mass
CLI_02592,25,22,Unemployed,Mass
CLI_02593,33,81,Salaried,Mass
CLI_02594,59,82,Self-employed,Mass-Affluent
CLI_02595,53,113,Gig-worker,Mass-Affluent
CLI_02596,47,41,Gig-worker,Mass
CLI_02597,35,74,Gig-worker,Mass-Affluent
CLI_02598,19,10,Self-employed,Mass
CLI_02599,66,57,Unemployed,Mass
CLI_02600,30,7,Salaried,Mass-Affluent
CLI_02601,21,112,Salaried,Mass
CLI_02602,43,50,Self-employed,Premium
CLI_02603,42,102,Salaried,Mass
CLI_02604,47,91,Business Owner,Mass
CLI_02605,28,52,Gig-worker,Mass
CLI_02606,24,33,Self-employed,Mass-Affluent
CLI_02607,48,1,Salaried,Mass-Affluent
CLI_02608,61,108,Salaried,Mass-Affluent
CLI_02609,27,53,Self-employed,Mass-Affluent
CLI_02610,56,60,Unemployed,Mass
CLI_02611,30,34,Business Owner,Mass
CLI_02612,48,4,Salaried,Mass-Affluent
CLI_02613,24,17,Salaried,Mass
CLI_02614,73,4,Salaried,Private
CLI_02615,66,43,Unemployed,Mass
CLI_02616,59,118,Salaried,Mass
CLI_02617,59,90,Salaried,Mass
CLI_02618,73,4,Salaried,Premium
CLI_02619,53,1,Salaried,Premium
CLI_02620,37,71,Business Owner,Mass
CLI_02621,21,94,Gig-worker,Mass
CLI_02622,71,50,Salaried,Mass
CLI_02623,24,73,Salaried,Mass
CLI_02624,71,61,Salaried,Private
CLI_02625,18,35,Salaried,Mass
CLI_02626,61,8,Salaried,Mass
CLI_02627,73,24,Self-employed,Mass
CLI_02628,62,83,Salaried,Mass
CLI_02629,59,36,Salaried,Mass-Affluent
CLI_02630,64,50,Salaried,Mass
CLI_02631,30,116,Self-employed,Mass
CLI_02632,72,43,Gig-worker,Private
CLI_02633,39,27,Self-employed,Mass
CLI_02634,71,32,Gig-worker,Mass-Affluent
CLI_02635,38,78,Self-employed,Mass
CLI_02636,39,18,Salaried,Mass
CLI_02637,45,28,Unemployed,Mass
CLI_02638,26,29,Salaried,Mass
CLI_02639,43,16,Gig-worker,Mass
CLI_02640,26,99,Self-employed,Mass
CLI_02641,32,47,Gig-worker,Mass
CLI_02642,27,59,Unemployed,Mass
CLI_02643,41,31,Gig-worker,Mass-Affluent
CLI_02644,74,4,Unemployed,Premium
CLI_02645,59,37,Self-employed,Mass
CLI_02646,25,17,Business Owner,Mass
CLI_02647,41,39,Unemployed,Mass-Affluent
CLI_02648,33,48,Unemployed,Mass-Affluent
CLI_02649,66,46,Self-employed,Mass
CLI_02650,43,90,Salaried,Mass
CLI_02651,44,48,Salaried,Mass
CLI_02652,54,39,Self-employed,Mass
CLI_02653,21,105,Business Owner,Premium
CLI_02654,67,4,Self-employed,Mass-Affluent
CLI_02655,41,30,Unemployed,Mass-Affluent
CLI_02656,36,30,Self-employed,Mass
CLI_02657,53,22,Salaried,Mass
CLI_02658,56,75,Salaried,Premium
CLI_02659,27,66,Salaried,Mass
CLI_02660,42,108,Salaried,Mass
CLI_02661,35,12,Gig-worker,Mass
CLI_02662,36,94,Business Owner,Mass
CLI_02663,53,36,Self-employed,Mass
CLI_02664,27,18,Gig-worker,Mass
CLI_02665,50,90,Salaried,Premium
CLI_02666,72,53,Salaried,Mass-Affluent
CLI_02667,67,71,Gig-worker,Mass
CLI_02668,22,1,Salaried,Mass-Affluent
CLI_02669,64,58,Salaried,Mass
CLI_02670,66,90,Gig-worker,Mass
CLI_02671,52,87,Salaried,Mass-Affluent
CLI_02672,61,90,Unemployed,Mass
CLI_02673,51,109,Salaried,Mass
CLI_02674,50,6,Salaried,Mass-Affluent
CLI_02675,72,70,Salaried,Premium
CLI_02676,38,44,Salaried,Mass
CLI_02677,34,72,Self-employed,Mass
CLI_02678,39,24,Self-employed,Mass
CLI_02679,65,86,Gig-worker,Mass
CLI_02680,54,19,Self-employed,Mass
CLI_02681,32,101,Salaried,Mass
CLI_02682,52,18,Self-employed,Mass-Affluent
CLI_02683,45,95,Salaried,Mass
CLI_02684,24,101,Salaried,Mass
CLI_02685,49,30,Self-employed,Mass
CLI_02686,28,42,Self-employed,Mass
CLI_02687,27,33,Self-employed,Private
CLI_02688,26,74,Salaried,Mass
CLI_02689,31,101,Salaried,Premium
CLI_02690,30,12,Business Owner,Premium
CLI_02691,74,118,Salaried,Mass-Affluent
CLI_02692,42,94,Salaried,Mass
CLI_02693,19,27,Salaried,Premium
CLI_02694,52,39,Salaried,Mass
CLI_02695,24,9,Salaried,Mass
CLI_02696,38,118,Gig-worker,Mass
CLI_02697,35,21,Gig-worker,Mass
CLI_02698,20,76,Unemployed,Mass
CLI_02699,59,119,Salaried,Mass
CLI_02700,71,29,Salaried,Mass
CLI_02701,56,33,Gig-worker,Mass-Affluent
CLI_02702,58,107,Gig-worker,Mass
CLI_02703,66,62,Gig-worker,Mass
CLI_02704,28,117,Self-employed,Private
CLI_02705,56,15,Salaried,Mass
CLI_02706,41,2,Self-employed,Mass-Affluent
CLI_02707,63,52,Gig-worker,Private
CLI_02708,36,103,Salaried,Mass
CLI_02709,21,117,Unemployed,Mass
CLI_02710,43,44,Gig-worker,Premium
CLI_02711,55,54,Salaried,Premium
CLI_02712,59,18,Salaried,Mass-Affluent
CLI_02713,49,3,Salaried,Mass
CLI_02714,56,7,Gig-worker,Premium
CLI_02715,62,43,Salaried,Mass
CLI_02716,63,82,Salaried,Mass
CLI_02717,53,108,Salaried,Mass
CLI_02718,57,38,Self-employed,Mass
CLI_02719,54,37,Self-employed,Mass-Affluent
CLI_02720,50,58,Self-employed,Mass-Affluent
CLI_02721,53,33,Salaried,Mass-Affluent
CLI_02722,20,108,Unemployed,Mass
CLI_02723,26,59,Self-employed,Mass
CLI_02724,25,95,Unemployed,Mass-Affluent
CLI_02725,50,11,Gig-worker,Mass
CLI_02726,23,68,Gig-worker,Premium
CLI_02727,58,82,Self-employed,Mass-Affluent
CLI_02728,56,68,Salaried,Mass-Affluent
CLI_02729,21,113,Gig-worker,Mass
CLI_02730,30,98,Self-employed,Mass-Affluent
CLI_02731,66,93,Self-employed,Premium
CLI_02732,19,88,Business Owner,Mass
CLI_02733,22,22,Self-employed,Mass-Affluent
CLI_02734,61,66,Salaried,Mass
CLI_02735,44,44,Salaried,Mass
CLI_02736,49,6,Gig-worker,Mass-Affluent
CLI_02737,38,42,Gig-worker,Mass-Affluent
CLI_02738,25,25,Salaried,Premium
CLI_02739,55,119,Salaried,Mass
CLI_02740,25,57,Gig-worker,Mass
CLI_02741,67,85,Self-employed,Mass-Affluent
CLI_02742,20,55,Business Owner,Mass
CLI_02743,71,16,Self-employed,Mass
CLI_02744,61,95,Self-employed,Mass
CLI_02745,20,14,Gig-worker,Mass
CLI_02746,39,39,Business Owner,Mass-Affluent
CLI_02747,23,28,Gig-worker,Mass-Affluent
CLI_02748,19,96,Unemployed,Mass
CLI_02749,40,92,Unemployed,Mass
CLI_02750,61,51,Unemployed,Mass
CLI_02751,19,119,Salaried,Mass
CLI_02752,55,49,Salaried,Mass
CLI_02753,34,9,Salaried,Mass
CLI_02754,52,58,Salaried,Mass-Affluent
CLI_02755,51,45,Salaried,Mass-Affluent
CLI_02756,40,22,Salaried,Mass
CLI_02757,47,32,Salaried,Mass-Affluent
CLI_02758,69,69,Gig-worker,Premium
CLI_02759,25,87,Self-employed,Mass
CLI_02760,39,69,Salaried,Mass
CLI_02761,61,42,Self-employed,Mass
CLI_02762,53,53,Self-employed,Mass
CLI_02763,22,96,Gig-worker,Mass-Affluent
CLI_02764,30,59,Unemployed,Mass-Affluent
CLI_02765,46,74,Salaried,Mass
CLI_02766,48,39,Salaried,Mass-Affluent
CLI_02767,64,15,Gig-worker,Mass-Affluent
CLI_02768,74,71,Salaried,Mass
CLI_02769,72,29,Gig-worker,Mass
CLI_02770,33,111,Salaried,Premium
CLI_02771,59,3,Salaried,Premium
CLI_02772,47,83,Salaried,Mass-Affluent
CLI_02773,74,10,Salaried,Premium
CLI_02774,72,92,Gig-worker,Mass
CLI_02775,33,29,Gig-worker,Mass
CLI_02776,29,79,Salaried,Mass
CLI_02777,34,35,Salaried,Mass
CLI_02778,33,6,Salaried,Mass-Affluent
CLI_02779,29,12,Salaried,Private
CLI_02780,25,111,Unemployed,Mass-Affluent
CLI_02781,37,38,Salaried,Mass
CLI_02782,20,77,Self-employed,Mass
CLI_02783,33,93,Unemployed,Mass
CLI_02784,47,19,Salaried,Mass
CLI_02785,62,67,Gig-worker,Mass-Affluent
CLI_02786,40,8,Business Owner,Mass
CLI_02787,45,8,Self-employed,Premium
CLI_02788,68,119,Gig-worker,Premium
CLI_02789,57,84,Self-employed,Mass
CLI_02790,71,47,Self-employed,Mass
CLI_02791,22,4,Salaried,Mass-Affluent
CLI_02792,37,51,Unemployed,Mass
CLI_02793,57,85,Gig-worker,Mass-Affluent
CLI_02794,73,67,Gig-worker,Mass
CLI_02795,61,45,Business Owner,Mass
CLI_02796,18,8,Self-employed,Mass
CLI_02797,74,87,Salaried,Mass
CLI_02798,47,16,Salaried,Premium
CLI_02799,38,77,Gig-worker,Mass
CLI_02800,37,67,Self-employed,Premium
CLI_02801,23,112,Self-employed,Mass-Affluent
CLI_02802,39,9,Business Owner,Mass-Affluent
CLI_02803,35,60,Unemployed,Mass
CLI_02804,25,78,Gig-worker,Mass-Affluent
CLI_02805,56,77,Salaried,Mass
CLI_02806,49,117,Gig-worker,Mass
CLI_02807,50,71,Self-employed,Mass-Affluent
CLI_02808,70,15,Gig-worker,Mass
CLI_02809,33,71,Gig-worker,Premium
CLI_02810,29,102,Gig-worker,Mass
CLI_02811,55,98,Salaried,Mass-Affluent
CLI_02812,69,41,Salaried,Mass
CLI_02813,51,22,Gig-worker,Mass-Affluent
CLI_02814,31,24,Salaried,Premium
CLI_02815,53,113,Salaried,Mass
CLI_02816,50,101,Salaried,Mass
CLI_02817,40,44,Gig-worker,Mass-Affluent
CLI_02818,67,1,Salaried,Mass
CLI_02819,62,10,Self-employed,Mass
CLI_02820,19,107,Gig-worker,Mass
CLI_02821,58,80,Self-employed,Premium
CLI_02822,38,110,Self-employed,Premium
CLI_02823,19,72,Salaried,Mass-Affluent
CLI_02824,44,56,Gig-worker,Mass-Affluent
CLI_02825,74,113,Business Owner,Mass-Affluent
CLI_02826,26,89,Self-employed,Mass
CLI_02827,18,50,Business Owner,Mass
CLI_02828,28,12,Self-employed,Mass
CLI_02829,20,89,Salaried,Premium
CLI_02830,69,81,Salaried,Mass-Affluent
CLI_02831,40,60,Gig-worker,Mass
CLI_02832,43,26,Salaried,Mass-Affluent
CLI_02833,21,110,Salaried,Mass
CLI_02834,35,112,Self-employed,Mass-Affluent
CLI_02835,72,78,Salaried,Mass
CLI_02836,23,41,Salaried,Mass
CLI_02837,52,36,Self-employed,Mass-Affluent
CLI_02838,39,23,Self-employed,Mass-Affluent
CLI_02839,60,43,Salaried,Mass
CLI_02840,32,6,Self-employed,Mass
CLI_02841,39,111,Unemployed,Mass-Affluent
CLI_02842,54,69,Gig-worker,Mass-Affluent
CLI_02843,69,43,Salaried,Premium
CLI_02844,59,25,Salaried,Mass
CLI_02845,29,18,Gig-worker,Private
CLI_02846,64,62,Salaried,Mass-Affluent
CLI_02847,66,13,Business Owner,Mass-Affluent
CLI_02848,59,43,Self-employed,Mass-Affluent
CLI_02849,55,78,Self-employed,Mass
CLI_02850,35,28,Business Owner,Mass
CLI_02851,62,18,Unemployed,Mass-Affluent
CLI_02852,52,59,Salaried,Mass
CLI_02853,47,60,Salaried,Mass-Affluent
CLI_02854,41,63,Self-employed,Mass
CLI_02855,59,57,Salaried,Mass
CLI_02856,47,92,Gig-worker,Mass
CLI_02857,31,51,Gig-worker,Mass-Affluent
CLI_02858,23,56,Unemployed,Mass
CLI_02859,20,27,Gig-worker,Mass-Affluent
CLI_02860,33,32,Self-employed,Mass
CLI_02861,24,111,Salaried,Mass-Affluent
CLI_02862,69,9,Self-employed,Mass
CLI_02863,31,104,Salaried,Mass
CLI_02864,26,96,Unemployed,Mass-Affluent
CLI_02865,32,84,Salaried,Mass
CLI_02866,38,92,Self-employed,Mass
CLI_02867,52,97,Salaried,Premium
CLI_02868,19,68,Salaried,Mass
CLI_02869,44,46,Gig-worker,Mass
CLI_02870,19,98,Gig-worker,Mass
CLI_02871,52,112,Salaried,Mass
CLI_02872,35,67,Salaried,Mass
CLI_02873,31,26,Self-employed,Mass
CLI_02874,37,8,Self-employed,Mass-Affluent
CLI_02875,35,6,Salaried,Mass
CLI_02876,27,80,Self-employed,Mass-Affluent
CLI_02877,42,24,Salaried,Mass
CLI_02878,19,48,Gig-worker,Mass
CLI_02879,42,103,Salaried,Mass
CLI_02880,71,94,Gig-worker,Mass-Affluent
CLI_02881,50,45,Salaried,Mass-Affluent
CLI_02882,53,13,Business Owner,Mass-Affluent
CLI_02883,48,69,Salaried,Mass
CLI_02884,31,25,Salaried,Mass-Affluent
CLI_02885,18,20,Salaried,Mass-Affluent
CLI_02886,63,118,Unemployed,Mass
CLI_02887,33,82,Gig-worker,Mass
CLI_02888,71,111,Self-employed,Mass
CLI_02889,63,82,Unemployed,Mass-Affluent
CLI_02890,69,66,Unemployed,Mass
CLI_02891,20,74,Self-employed,Mass-Affluent
CLI_02892,52,119,Salaried,Mass
CLI_02893,58,45,Self-employed,Mass
CLI_02894,23,114,Salaried,Mass
CLI_02895,42,47,Self-employed,Mass
CLI_02896,30,63,Self-employed,Mass
CLI_02897,70,76,Self-employed,Mass
CLI_02898,51,111,Gig-worker,Mass-Affluent
CLI_02899,25,77,Gig-worker,Mass
CLI_02900,38,114,Business Owner,Mass
CLI_02901,51,111,Salaried,Mass
CLI_02902,21,55,Salaried,Mass
CLI_02903,42,75,Gig-worker,Mass
CLI_02904,32,19,Business Owner,Mass
CLI_02905,21,35,Salaried,Mass
CLI_02906,62,103,Salaried,Mass
CLI_02907,29,53,Salaried,Private
CLI_02908,49,26,Salaried,Mass
CLI_02909,49,110,Unemployed,Mass
CLI_02910,45,14,Self-employed,Mass
CLI_02911,30,118,Self-employed,Mass
CLI_02912,48,45,Gig-worker,Premium
CLI_02913,31,44,Self-employed,Mass
CLI_02914,37,88,Salaried,Mass
CLI_02915,35,105,Salaried,Mass-Affluent
CLI_02916,46,65,Gig-worker,Mass
CLI_02917,23,51,Salaried,Private
CLI_02918,49,43,Gig-worker,Premium
CLI_02919,46,119,Salaried,Mass
CLI_02920,60,86,Salaried,Mass
CLI_02921,19,23,Salaried,Mass
CLI_02922,40,56,Self-employed,Mass
CLI_02923,36,118,Salaried,Mass
CLI_02924,48,19,Unemployed,Mass
CLI_02925,68,82,Salaried,Premium
CLI_02926,22,76,Self-employed,Mass
CLI_02927,36,55,Unemployed,Mass-Affluent
CLI_02928,51,92,Unemployed,Mass-Affluent
CLI_02929,27,92,Unemployed,Premium
CLI_02930,42,60,Salaried,Mass
CLI_02931,19,59,Salaried,Mass
CLI_02932,28,33,Gig-worker,Mass-Affluent
CLI_02933,67,19,Salaried,Mass-Affluent
CLI_02934,48,28,Salaried,Premium
CLI_02935,73,52,Unemployed,Mass-Affluent
CLI_02936,32,49,Gig-worker,Mass
CLI_02937,26,37,Gig-worker,Mass
CLI_02938,40,26,Unemployed,Mass
CLI_02939,36,99,Self-employed,Mass-Affluent
CLI_02940,26,98,Self-employed,Mass
CLI_02941,52,99,Self-employed,Mass-Affluent
CLI_02942,38,40,Salaried,Premium
CLI_02943,26,80,Salaried,Mass-Affluent
CLI_02944,45,38,Business Owner,Mass
CLI_02945,63,77,Unemployed,Mass
CLI_02946,68,87,Unemployed,Premium
CLI_02947,24,54,Gig-worker,Mass
CLI_02948,33,22,Unemployed,Mass
CLI_02949,33,16,Salaried,Mass
CLI_02950,50,28,Salaried,Mass
CLI_02951,21,112,Gig-worker,Mass
CLI_02952,21,35,Gig-worker,Premium
CLI_02953,56,60,Salaried,Private
CLI_02954,57,45,Salaried,Private
CLI_02955,34,46,Salaried,Mass
CLI_02956,54,72,Gig-worker,Premium
CLI_02957,56,108,Self-employed,Private
CLI_02958,69,55,Self-employed,Premium
CLI_02959,46,119,Salaried,Mass-Affluent
CLI_02960,69,86,Gig-worker,Mass-Affluent
CLI_02961,53,85,Self-employed,Mass
CLI_02962,55,26,Gig-worker,Premium
CLI_02963,56,104,Salaried,Mass
CLI_02964,67,85,Gig-worker,Mass
CLI_02965,54,25,Business Owner,Private
CLI_02966,69,105,Salaried,Mass
CLI_02967,52,65,Salaried,Mass
CLI_02968,24,6,Gig-worker,Private
CLI_02969,44,23,Gig-worker,Private
CLI_02970,45,115,Salaried,Mass
CLI_02971,39,64,Salaried,Premium
CLI_02972,31,87,Salaried,Mass
CLI_02973,24,43,Business Owner,Mass
CLI_02974,54,107,Self-employed,Mass
CLI_02975,39,23,Self-employed,Mass
CLI_02976,22,96,Self-employed,Mass
CLI_02977,72,30,Salaried,Mass
CLI_02978,19,77,Unemployed,Premium
CLI_02979,44,107,Gig-worker,Mass-Affluent
CLI_02980,38,18,Salaried,Premium
CLI_02981,71,87,Self-employed,Mass-Affluent
CLI_02982,55,79,Self-employed,Mass
CLI_02983,32,97,Self-employed,Premium
CLI_02984,38,21,Salaried,Premium
CLI_02985,27,57,Business Owner,Mass
CLI_02986,40,103,Business Owner,Mass
CLI_02987,73,23,Salaried,Mass-Affluent
CLI_02988,56,91,Salaried,Mass-Affluent
CLI_02989,22,45,Salaried,Premium
CLI_02990,18,44,Business Owner,Mass
CLI_02991,30,82,Gig-worker,Mass
CLI_02992,38,88,Salaried,Mass
CLI_02993,43,115,Salaried,Mass-Affluent
CLI_02994,67,47,Salaried,Mass
CLI_02995,62,40,Self-employed,Mass
CLI_02996,38,51,Gig-worker,Mass
CLI_02997,70,42,Business Owner,Mass-Affluent
CLI_02998,35,7,Self-employed,Mass
CLI_02999,54,50,Self-employed,Mass
CLI_03000,62,48,Salaried,Mass-Affluent
CLI_03001,49,84,Salaried,Private
CLI_03002,53,91,Gig-worker,Mass
CLI_03003,34,6,Salaried,Mass
CLI_03004,52,91,Salaried,Premium
CLI_03005,66,9,Business Owner,Mass
CLI_03006,28,117,Gig-worker,Mass-Affluent
CLI_03007,38,109,Salaried,Mass-Affluent
CLI_03008,69,57,Salaried,Mass
CLI_03009,72,31,Salaried,Mass-Affluent
CLI_03010,70,21,Business Owner,Mass-Affluent
CLI_03011,43,90,Salaried,Mass
CLI_03012,21,40,Salaried,Mass
CLI_03013,51,112,Self-employed,Private
CLI_03014,69,45,Salaried,Mass
CLI_03015,65,77,Salaried,Mass-Affluent
CLI_03016,35,49,Salaried,Premium
CLI_03017,57,87,Salaried,Mass
CLI_03018,52,20,Salaried,Mass-Affluent
CLI_03019,58,101,Salaried,Private
CLI_03020,46,118,Self-employed,Mass
CLI_03021,69,117,Salaried,Mass
CLI_03022,46,92,Self-employed,Premium
CLI_03023,55,17,Self-employed,Mass
CLI_03024,59,28,Gig-worker,Mass
CLI_03025,38,41,Salaried,Premium
CLI_03026,59,66,Salaried,Mass-Affluent
CLI_03027,30,25,Self-employed,Private
CLI_03028,66,58,Gig-worker,Mass
CLI_03029,58,114,Self-employed,Mass
CLI_03030,34,41,Salaried,Mass
CLI_03031,73,6,Unemployed,Mass-Affluent
CLI_03032,26,75,Salaried,Mass-Affluent
CLI_03033,58,38,Salaried,Mass
CLI_03034,18,6,Gig-worker,Mass
CLI_03035,19,45,Salaried,Mass-Affluent
CLI_03036,65,75,Gig-worker,Mass
CLI_03037,46,14,Self-employed,Mass
CLI_03038,50,66,Self-employed,Premium
CLI_03039,27,40,Unemployed,Mass
CLI_03040,67,3,Gig-worker,Mass-Affluent
CLI_03041,57,119,Gig-worker,Premium
CLI_03042,38,117,Salaried,Mass
CLI_03043,45,99,Gig-worker,Mass
CLI_03044,28,97,Salaried,Mass
CLI_03045,72,24,Salaried,Premium
CLI_03046,51,19,Salaried,Mass
CLI_03047,25,18,Gig-worker,Mass-Affluent
CLI_03048,39,64,Gig-worker,Private
CLI_03049,25,113,Unemployed,Private
CLI_03050,66,116,Salaried,Mass
CLI_03051,32,88,Business Owner,Mass-Affluent
CLI_03052,34,109,Self-employed,Private
CLI_03053,40,35,Gig-worker,Mass
CLI_03054,41,62,Gig-worker,Mass
CLI_03055,62,1,Salaried,Mass
CLI_03056,36,100,Self-employed,Mass
CLI_03057,22,25,Gig-worker,Premium
CLI_03058,49,45,Business Owner,Mass
CLI_03059,61,49,Gig-worker,Premium
CLI_03060,18,107,Self-employed,Mass-Affluent
CLI_03061,40,98,Self-employed,Mass-Affluent
CLI_03062,54,89,Salaried,Mass-Affluent
CLI_03063,25,16,Salaried,Mass
CLI_03064,30,98,Gig-worker,Premium
CLI_03065,25,93,Gig-worker,Mass
CLI_03066,74,19,Salaried,Mass
CLI_03067,40,23,Unemployed,Mass
CLI_03068,60,83,Gig-worker,Premium
CLI_03069,18,25,Business Owner,Premium
CLI_03070,62,16,Self-employed,Mass
CLI_03071,68,54,Gig-worker,Mass
CLI_03072,41,115,Unemployed,Mass-Affluent
CLI_03073,52,73,Gig-worker,Mass
CLI_03074,41,1,Unemployed,Mass
CLI_03075,34,42,Salaried,Mass-Affluent
CLI_03076,22,19,Salaried,Mass
CLI_03077,37,97,Gig-worker,Mass
CLI_03078,38,34,Gig-worker,Mass
CLI_03079,57,80,Gig-worker,Mass
CLI_03080,48,108,Gig-worker,Mass
CLI_03081,63,104,Salaried,Mass
CLI_03082,53,55,Unemployed,Mass
CLI_03083,28,18,Gig-worker,Mass
CLI_03084,69,34,Gig-worker,Mass-Affluent
CLI_03085,32,89,Self-employed,Private
CLI_03086,36,45,Self-employed,Mass
CLI_03087,24,6,Business Owner,Premium
CLI_03088,68,21,Gig-worker,Mass
CLI_03089,45,70,Salaried,Mass
CLI_03090,68,96,Gig-worker,Mass
CLI_03091,60,105,Gig-worker,Mass
CLI_03092,22,48,Unemployed,Mass-Affluent
CLI_03093,22,107,Salaried,Mass
CLI_03094,47,39,Business Owner,Mass
CLI_03095,71,31,Gig-worker,Premium
CLI_03096,49,106,Business Owner,Mass
CLI_03097,25,10,Salaried,Mass
CLI_03098,27,30,Unemployed,Mass
CLI_03099,55,116,Unemployed,Mass
CLI_03100,64,18,Business Owner,Mass
CLI_03101,49,60,Salaried,Mass
CLI_03102,65,88,Salaried,Mass
CLI_03103,45,116,Self-employed,Mass
CLI_03104,34,73,Salaried,Mass-Affluent
CLI_03105,48,95,Salaried,Mass-Affluent
CLI_03106,25,15,Salaried,Private
CLI_03107,57,4,Gig-worker,Premium
CLI_03108,42,63,Gig-worker,Premium
CLI_03109,26,40,Salaried,Mass-Affluent
CLI_03110,19,9,Salaried,Mass-Affluent
CLI_03111,32,109,Gig-worker,Mass
CLI_03112,67,9,Gig-worker,Mass-Affluent
CLI_03113,20,26,Salaried,Mass
CLI_03114,66,4,Salaried,Premium
CLI_03115,53,81,Unemployed,Mass
CLI_03116,21,16,Business Owner,Mass-Affluent
CLI_03117,31,15,Business Owner,Mass
CLI_03118,58,99,Unemployed,Mass
CLI_03119,58,52,Salaried,Mass
CLI_03120,42,69,Self-employed,Mass
CLI_03121,72,119,Gig-worker,Mass
CLI_03122,67,5,Gig-worker,Mass
CLI_03123,27,20,Salaried,Mass
CLI_03124,38,79,Gig-worker,Mass
CLI_03125,53,18,Gig-worker,Premium
CLI_03126,29,111,Salaried,Mass
CLI_03127,44,2,Self-employed,Mass
CLI_03128,57,93,Salaried,Private
CLI_03129,19,13,Salaried,Mass
CLI_03130,71,4,Salaried,Mass
CLI_03131,30,42,Salaried,Mass
CLI_03132,70,109,Salaried,Mass-Affluent
CLI_03133,49,74,Unemployed,Mass
CLI_03134,48,61,Gig-worker,Mass
CLI_03135,33,95,Gig-worker,Mass-Affluent
CLI_03136,49,105,Salaried,Mass
CLI_03137,49,8,Gig-worker,Premium
CLI_03138,51,67,Self-employed,Mass
CLI_03139,28,112,Gig-worker,Mass
CLI_03140,27,63,Self-employed,Mass-Affluent
CLI_03141,32,110,Unemployed,Mass
CLI_03142,34,9,Unemployed,Premium
CLI_03143,57,94,Self-employed,Private
CLI_03144,35,117,Salaried,Mass
CLI_03145,72,11,Gig-worker,Premium
CLI_03146,26,99,Gig-worker,Mass
CLI_03147,42,101,Self-employed,Premium
CLI_03148,57,42,Self-employed,Mass
CLI_03149,31,13,Self-employed,Mass
CLI_03150,42,36,Self-employed,Mass
CLI_03151,67,13,Salaried,Mass
CLI_03152,39,12,Salaried,Mass
CLI_03153,69,37,Salaried,Premium
CLI_03154,47,74,Unemployed,Premium
CLI_03155,37,73,Self-employed,Mass
CLI_03156,38,52,Self-employed,Mass
CLI_03157,61,71,Self-employed,Premium
CLI_03158,49,2,Self-employed,Mass
CLI_03159,68,118,Unemployed,Mass
CLI_03160,63,56,Self-employed,Mass
CLI_03161,66,60,Gig-worker,Mass
CLI_03162,73,23,Self-employed,Mass
CLI_03163,38,103,Salaried,Mass-Affluent
CLI_03164,52,40,Self-employed,Mass-Affluent
CLI_03165,49,64,Gig-worker,Mass
CLI_03166,47,103,Salaried,Premium
CLI_03167,72,85,Self-employed,Mass
CLI_03168,56,23,Gig-worker,Mass
CLI_03169,66,29,Business Owner,Mass
CLI_03170,29,78,Salaried,Mass
CLI_03171,58,90,Gig-worker,Mass
CLI_03172,64,51,Gig-worker,Mass
CLI_03173,35,69,Salaried,Mass
CLI_03174,38,119,Gig-worker,Mass
CLI_03175,30,95,Salaried,Mass-Affluent
CLI_03176,38,89,Salaried,Mass-Affluent
CLI_03177,25,31,Salaried,Mass
CLI_03178,63,50,Salaried,Mass-Affluent
CLI_03179,57,20,Self-employed,Premium
CLI_03180,63,108,Salaried,Mass-Affluent
CLI_03181,24,55,Gig-worker,Mass
CLI_03182,40,81,Self-employed,Mass
CLI_03183,61,109,Gig-worker,Premium
CLI_03184,49,2,Unemployed,Mass
CLI_03185,28,25,Self-employed,Mass
CLI_03186,39,13,Self-employed,Mass
CLI_03187,39,103,Salaried,Mass-Affluent
CLI_03188,60,92,Self-employed,Mass-Affluent
CLI_03189,42,106,Self-employed,Mass
CLI_03190,39,119,Salaried,Mass
CLI_03191,45,70,Salaried,Private
CLI_03192,46,67,Salaried,Mass
CLI_03193,30,58,Self-employed,Mass
CLI_03194,35,99,Gig-worker,Mass
CLI_03195,19,82,Self-employed,Mass-Affluent
CLI_03196,46,75,Salaried,Mass-Affluent
CLI_03197,38,118,Self-employed,Premium
CLI_03198,32,84,Salaried,Mass
CLI_03199,69,64,Salaried,Mass
CLI_03200,44,69,Gig-worker,Mass
CLI_03201,67,83,Salaried,Premium
CLI_03202,48,86,Salaried,Mass
CLI_03203,32,59,Salaried,Mass
CLI_03204,68,60,Gig-worker,Mass-Affluent
CLI_03205,40,83,Unemployed,Mass
CLI_03206,41,111,Self-employed,Mass
CLI_03207,61,62,Gig-worker,Premium
CLI_03208,30,16,Salaried,Mass
CLI_03209,39,88,Gig-worker,Mass
CLI_03210,60,105,Self-employed,Mass
CLI_03211,54,68,Salaried,Mass
CLI_03212,50,15,Salaried,Mass
CLI_03213,73,89,Salaried,Mass-Affluent
CLI_03214,20,108,Self-employed,Mass
CLI_03215,71,55,Salaried,Premium
CLI_03216,36,35,Self-employed,Mass
CLI_03217,40,55,Salaried,Mass
CLI_03218,46,14,Salaried,Mass
CLI_03219,47,49,Gig-worker,Mass-Affluent
CLI_03220,56,83,Gig-worker,Mass
CLI_03221,61,102,Salaried,Mass-Affluent
CLI_03222,64,100,Salaried,Mass-Affluent
CLI_03223,42,7,Salaried,Premium
CLI_03224,54,30,Salaried,Mass-Affluent
CLI_03225,64,83,Salaried,Mass
CLI_03226,25,49,Business Owner,Mass-Affluent
CLI_03227,59,89,Gig-worker,Premium
CLI_03228,33,16,Gig-worker,Private
CLI_03229,25,111,Salaried,Mass
CLI_03230,18,118,Salaried,Mass-Affluent
CLI_03231,61,104,Salaried,Mass
CLI_03232,22,51,Gig-worker,Mass
CLI_03233,20,72,Gig-worker,Mass-Affluent
CLI_03234,18,82,Salaried,Private
CLI_03235,21,92,Self-employed,Mass
CLI_03236,57,80,Gig-worker,Premium
CLI_03237,52,116,Salaried,Mass
CLI_03238,49,83,Salaried,Mass
CLI_03239,59,42,Gig-worker,Mass
CLI_03240,51,17,Self-employed,Mass
CLI_03241,60,63,Salaried,Premium
CLI_03242,42,45,Salaried,Mass
CLI_03243,27,77,Gig-worker,Mass
CLI_03244,38,7,Salaried,Mass
CLI_03245,63,27,Self-employed,Mass
CLI_03246,56,10,Gig-worker,Premium
CLI_03247,44,34,Salaried,Mass
CLI_03248,44,36,Salaried,Mass
CLI_03249,19,25,Gig-worker,Mass-Affluent
CLI_03250,58,6,Salaried,Mass
CLI_03251,65,24,Salaried,Mass-Affluent
CLI_03252,30,18,Self-employed,Mass
CLI_03253,26,87,Salaried,Mass
CLI_03254,69,6,Gig-worker,Private
CLI_03255,53,29,Salaried,Mass-Affluent
CLI_03256,39,25,Gig-worker,Mass
CLI_03257,59,55,Salaried,Mass-Affluent
CLI_03258,43,81,Business Owner,Premium
CLI_03259,71,46,Self-employed,Mass
CLI_03260,29,24,Salaried,Mass
CLI_03261,34,75,Gig-worker,Mass
CLI_03262,31,26,Salaried,Mass
CLI_03263,31,115,Gig-worker,Mass
CLI_03264,74,98,Self-employed,Premium
CLI_03265,51,28,Gig-worker,Mass
CLI_03266,70,3,Salaried,Mass-Affluent
CLI_03267,74,75,Self-employed,Mass
CLI_03268,37,38,Salaried,Mass
CLI_03269,28,61,Self-employed,Mass-Affluent
CLI_03270,33,78,Self-employed,Mass
CLI_03271,68,51,Salaried,Mass
CLI_03272,48,90,Salaried,Mass
CLI_03273,72,48,Self-employed,Mass-Affluent
CLI_03274,23,21,Self-employed,Mass
CLI_03275,73,54,Salaried,Mass
CLI_03276,36,56,Salaried,Private
CLI_03277,54,103,Gig-worker,Private
CLI_03278,21,94,Salaried,Mass
CLI_03279,64,59,Salaried,Mass
CLI_03280,21,72,Salaried,Mass-Affluent
CLI_03281,37,51,Salaried,Mass-Affluent
CLI_03282,27,20,Gig-worker,Mass
CLI_03283,41,112,Business Owner,Mass
CLI_03284,71,96,Self-employed,Mass-Affluent
CLI_03285,52,86,Salaried,Premium
CLI_03286,43,59,Gig-worker,Mass-Affluent
CLI_03287,54,71,Gig-worker,Mass
CLI_03288,55,9,Salaried,Mass
CLI_03289,38,109,Unemployed,Mass-Affluent
CLI_03290,71,1,Gig-worker,Mass
CLI_03291,57,29,Business Owner,Mass
CLI_03292,56,63,Gig-worker,Mass
CLI_03293,38,72,Gig-worker,Mass
CLI_03294,27,56,Salaried,Mass
CLI_03295,55,118,Gig-worker,Mass-Affluent
CLI_03296,63,68,Salaried,Mass-Affluent
CLI_03297,21,35,Self-employed,Premium
CLI_03298,74,3,Self-employed,Mass-Affluent
CLI_03299,62,118,Self-employed,Mass
CLI_03300,37,109,Self-employed,Mass
CLI_03301,34,104,Self-employed,Mass
CLI_03302,72,7,Salaried,Mass
CLI_03303,24,27,Gig-worker,Premium
CLI_03304,21,1,Self-employed,Mass
CLI_03305,46,91,Gig-worker,Mass
CLI_03306,31,80,Self-employed,Mass
CLI_03307,20,102,Salaried,Mass
CLI_03308,41,71,Salaried,Mass-Affluent
CLI_03309,54,44,Unemployed,Mass
CLI_03310,33,87,Gig-worker,Mass
CLI_03311,72,41,Salaried,Mass
CLI_03312,69,75,Self-employed,Premium
CLI_03313,21,42,Unemployed,Mass
CLI_03314,73,117,Salaried,Mass
CLI_03315,41,33,Self-employed,Mass
CLI_03316,51,50,Unemployed,Mass
CLI_03317,47,63,Unemployed,Mass
CLI_03318,35,100,Unemployed,Mass-Affluent
CLI_03319,36,37,Gig-worker,Mass-Affluent
CLI_03320,48,105,Salaried,Mass-Affluent
CLI_03321,36,59,Salaried,Mass
CLI_03322,66,81,Salaried,Mass
CLI_03323,63,99,Gig-worker,Mass
CLI_03324,36,48,Salaried,Mass
CLI_03325,39,5,Salaried,Mass
CLI_03326,41,48,Salaried,Mass
CLI_03327,62,96,Salaried,Mass-Affluent
CLI_03328,29,3,Self-employed,Mass-Affluent
CLI_03329,47,116,Salaried,Premium
CLI_03330,55,47,Gig-worker,Mass-Affluent
CLI_03331,70,62,Gig-worker,Mass
CLI_03332,48,99,Salaried,Mass
CLI_03333,53,116,Unemployed,Mass
CLI_03334,36,14,Gig-worker,Mass
CLI_03335,65,63,Salaried,Mass
CLI_03336,62,112,Salaried,Mass
CLI_03337,53,61,Salaried,Mass
CLI_03338,47,31,Salaried,Mass-Affluent
CLI_03339,72,95,Salaried,Mass-Affluent
CLI_03340,66,17,Gig-worker,Mass
CLI_03341,72,24,Unemployed,Mass
CLI_03342,50,116,Self-employed,Mass
CLI_03343,35,23,Salaried,Mass-Affluent
CLI_03344,69,82,Salaried,Mass
CLI_03345,66,50,Gig-worker,Mass-Affluent
CLI_03346,45,118,Salaried,Mass
CLI_03347,64,78,Salaried,Mass
CLI_03348,28,114,Self-employed,Mass
CLI_03349,74,79,Salaried,Mass
CLI_03350,71,79,Self-employed,Mass
CLI_03351,62,70,Salaried,Mass-Affluent
CLI_03352,50,27,Business Owner,Mass
CLI_03353,34,15,Gig-worker,Mass
CLI_03354,23,50,Self-employed,Premium
CLI_03355,21,36,Salaried,Mass
CLI_03356,37,119,Unemployed,Mass
CLI_03357,65,8,Self-employed,Mass
CLI_03358,64,79,Self-employed,Mass-Affluent
CLI_03359,44,3,Gig-worker,Mass-Affluent
CLI_03360,32,62,Self-employed,Mass
CLI_03361,23,47,Salaried,Private
CLI_03362,64,77,Gig-worker,Mass-Affluent
CLI_03363,31,105,Self-employed,Mass
CLI_03364,28,98,Salaried,Mass-Affluent
CLI_03365,56,88,Salaried,Mass
CLI_03366,26,104,Gig-worker,Mass-Affluent
CLI_03367,43,96,Self-employed,Mass
CLI_03368,33,61,Salaried,Mass-Affluent
CLI_03369,22,32,Salaried,Mass
CLI_03370,74,94,Salaried,Premium
CLI_03371,69,116,Self-employed,Mass
CLI_03372,27,113,Salaried,Mass-Affluent
CLI_03373,67,13,Self-employed,Mass
CLI_03374,20,1,Salaried,Premium
CLI_03375,30,34,Self-employed,Mass-Affluent
CLI_03376,60,62,Business Owner,Mass
CLI_03377,66,79,Salaried,Premium
CLI_03378,47,108,Salaried,Mass
CLI_03379,71,78,Self-employed,Mass-Affluent
CLI_03380,62,93,Salaried,Mass-Affluent
CLI_03381,23,98,Salaried,Mass
CLI_03382,34,82,Self-employed,Private
CLI_03383,62,118,Business Owner,Mass
CLI_03384,68,71,Gig-worker,Mass
CLI_03385,70,93,Salaried,Premium
CLI_03386,36,119,Salaried,Mass-Affluent
CLI_03387,59,31,Salaried,Mass
CLI_03388,52,64,Self-employed,Mass
CLI_03389,63,25,Self-employed,Mass-Affluent
CLI_03390,43,38,Unemployed,Mass
CLI_03391,68,14,Salaried,Premium
CLI_03392,22,8,Gig-worker,Mass-Affluent
CLI_03393,46,91,Salaried,Mass
CLI_03394,54,54,Salaried,Mass
CLI_03395,37,2,Self-employed,Mass
CLI_03396,66,81,Salaried,Mass
CLI_03397,38,101,Gig-worker,Mass-Affluent
CLI_03398,27,78,Self-employed,Private
CLI_03399,22,89,Business Owner,Mass
CLI_03400,53,56,Self-employed,Mass
CLI_03401,23,94,Self-employed,Mass
CLI_03402,43,93,Gig-worker,Mass-Affluent
CLI_03403,21,84,Salaried,Mass-Affluent
CLI_03404,56,85,Gig-worker,Mass-Affluent
CLI_03405,56,61,Gig-worker,Mass
CLI_03406,67,117,Self-employed,Premium
CLI_03407,52,22,Gig-worker,Mass
CLI_03408,18,35,Salaried,Mass-Affluent
CLI_03409,41,101,Salaried,Mass-Affluent
CLI_03410,74,16,Salaried,Mass-Affluent
CLI_03411,53,50,Self-employed,Mass
CLI_03412,23,113,Gig-worker,Mass-Affluent
CLI_03413,58,43,Self-employed,Mass
CLI_03414,71,17,Salaried,Mass-Affluent
CLI_03415,63,80,Salaried,Mass
CLI_03416,61,58,Self-employed,Mass
CLI_03417,74,119,Self-employed,Mass
CLI_03418,48,2,Gig-worker,Mass-Affluent
CLI_03419,37,4,Gig-worker,Mass
CLI_03420,41,85,Salaried,Mass-Affluent
CLI_03421,42,39,Self-employed,Mass-Affluent
CLI_03422,53,98,Self-employed,Mass-Affluent
CLI_03423,38,94,Self-employed,Mass
CLI_03424,47,6,Gig-worker,Mass-Affluent
CLI_03425,41,81,Gig-worker,Mass
CLI_03426,61,103,Gig-worker,Mass
CLI_03427,59,89,Self-employed,Mass
CLI_03428,47,69,Gig-worker,Mass
CLI_03429,39,69,Gig-worker,Mass
CLI_03430,45,20,Salaried,Mass
CLI_03431,24,64,Business Owner,Mass
CLI_03432,52,16,Self-employed,Mass
CLI_03433,72,51,Salaried,Mass
CLI_03434,45,105,Gig-worker,Mass
CLI_03435,31,37,Salaried,Premium
CLI_03436,73,104,Salaried,Mass
CLI_03437,27,73,Salaried,Mass
CLI_03438,33,69,Self-employed,Mass
CLI_03439,33,42,Unemployed,Mass
CLI_03440,71,57,Gig-worker,Mass
CLI_03441,48,66,Gig-worker,Mass
CLI_03442,59,9,Gig-worker,Private
CLI_03443,42,107,Salaried,Mass-Affluent
CLI_03444,30,100,Salaried,Mass-Affluent
CLI_03445,23,86,Self-employed,Private
CLI_03446,61,64,Unemployed,Premium
CLI_03447,26,86,Gig-worker,Mass-Affluent
CLI_03448,62,22,Self-employed,Mass-Affluent
CLI_03449,53,34,Unemployed,Mass
CLI_03450,73,55,Salaried,Mass
CLI_03451,60,29,Self-employed,Mass
CLI_03452,37,38,Gig-worker,Mass
CLI_03453,35,110,Gig-worker,Private
CLI_03454,60,97,Salaried,Mass
CLI_03455,74,18,Self-employed,Mass-Affluent
CLI_03456,38,71,Self-employed,Mass
CLI_03457,21,65,Salaried,Mass
CLI_03458,67,97,Gig-worker,Mass
CLI_03459,50,1,Salaried,Mass
CLI_03460,44,88,Unemployed,Mass
CLI_03461,24,4,Gig-worker,Mass
CLI_03462,23,4,Self-employed,Mass
CLI_03463,32,82,Salaried,Mass
CLI_03464,35,27,Salaried,Mass-Affluent
CLI_03465,49,43,Salaried,Mass
CLI_03466,73,59,Salaried,Mass
CLI_03467,28,32,Salaried,Mass
CLI_03468,37,33,Gig-worker,Mass
CLI_03469,41,28,Salaried,Mass
CLI_03470,32,106,Gig-worker,Mass
CLI_03471,65,105,Salaried,Mass
CLI_03472,24,55,Gig-worker,Premium
CLI_03473,38,100,Self-employed,Mass
CLI_03474,59,60,Gig-worker,Mass
CLI_03475,43,70,Business Owner,Mass
CLI_03476,61,62,Salaried,Mass
CLI_03477,73,80,Gig-worker,Mass
CLI_03478,31,34,Gig-worker,Mass-Affluent
CLI_03479,74,87,Gig-worker,Mass-Affluent
CLI_03480,54,114,Self-employed,Mass
CLI_03481,38,106,Gig-worker,Premium
CLI_03482,35,88,Gig-worker,Mass
CLI_03483,22,56,Gig-worker,Mass-Affluent
CLI_03484,20,113,Business Owner,Mass-Affluent
CLI_03485,40,13,Unemployed,Mass-Affluent
CLI_03486,43,56,Salaried,Mass
CLI_03487,54,18,Salaried,Mass
CLI_03488,41,54,Self-employed,Mass
CLI_03489,66,77,Business Owner,Mass
CLI_03490,36,113,Salaried,Mass
CLI_03491,68,101,Salaried,Mass
CLI_03492,42,43,Unemployed,Mass
CLI_03493,38,39,Self-employed,Mass-Affluent
CLI_03494,29,61,Salaried,Mass
CLI_03495,74,42,Gig-worker,Mass-Affluent
CLI_03496,58,81,Unemployed,Mass
CLI_03497,50,79,Self-employed,Premium
CLI_03498,67,18,Self-employed,Mass
CLI_03499,70,23,Self-employed,Mass
CLI_03500,21,54,Salaried,Premium
CLI_03501,59,115,Self-employed,Mass
CLI_03502,74,30,Salaried,Mass
CLI_03503,24,98,Unemployed,Mass
CLI_03504,39,58,Salaried,Mass
CLI_03505,72,68,Unemployed,Mass
CLI_03506,50,67,Salaried,Mass
CLI_03507,34,71,Gig-worker,Premium
CLI_03508,41,18,Salaried,Mass-Affluent
CLI_03509,51,106,Self-employed,Mass
CLI_03510,45,7,Self-employed,Mass-Affluent
CLI_03511,60,40,Self-employed,Mass
CLI_03512,58,70,Gig-worker,Mass
CLI_03513,56,86,Salaried,Mass
CLI_03514,39,65,Unemployed,Mass-Affluent
CLI_03515,66,68,Self-employed,Mass
CLI_03516,34,110,Self-employed,Mass-Affluent
CLI_03517,51,49,Self-employed,Mass
CLI_03518,23,52,Self-employed,Private
CLI_03519,63,114,Gig-worker,Mass-Affluent
CLI_03520,23,107,Self-employed,Mass
CLI_03521,51,29,Gig-worker,Mass-Affluent
CLI_03522,18,21,Unemployed,Mass
CLI_03523,27,90,Self-employed,Mass
CLI_03524,38,78,Salaried,Mass
CLI_03525,22,9,Salaried,Mass
CLI_03526,19,47,Salaried,Mass-Affluent
CLI_03527,39,76,Salaried,Mass
CLI_03528,65,42,Gig-worker,Mass
CLI_03529,74,51,Unemployed,Mass
CLI_03530,19,56,Salaried,Mass
CLI_03531,27,51,Gig-worker,Mass
CLI_03532,51,70,Unemployed,Mass-Affluent
CLI_03533,33,20,Self-employed,Private
CLI_03534,65,88,Gig-worker,Mass
CLI_03535,68,27,Self-employed,Mass
CLI_03536,56,38,Gig-worker,Mass
CLI_03537,39,72,Salaried,Mass-Affluent
CLI_03538,29,65,Salaried,Mass
CLI_03539,41,54,Salaried,Mass
CLI_03540,64,113,Salaried,Mass-Affluent
CLI_03541,57,113,Unemployed,Mass
CLI_03542,55,24,Self-employed,Mass
CLI_03543,27,47,Gig-worker,Mass-Affluent
CLI_03544,52,71,Gig-worker,Mass
CLI_03545,68,83,Salaried,Mass
CLI_03546,66,86,Self-employed,Mass
CLI_03547,49,63,Self-employed,Mass
CLI_03548,24,57,Salaried,Mass
CLI_03549,38,55,Salaried,Premium
CLI_03550,37,60,Gig-worker,Mass
CLI_03551,43,99,Gig-worker,Mass-Affluent
CLI_03552,21,62,Gig-worker,Mass
CLI_03553,63,30,Gig-worker,Mass
CLI_03554,69,93,Gig-worker,Mass
CLI_03555,39,22,Salaried,Mass
CLI_03556,32,75,Salaried,Mass
CLI_03557,73,84,Gig-worker,Mass
CLI_03558,57,29,Unemployed,Mass
CLI_03559,38,115,Business Owner,Mass
CLI_03560,32,41,Unemployed,Private
CLI_03561,39,42,Self-employed,Mass
CLI_03562,69,98,Gig-worker,Mass
CLI_03563,45,65,Self-employed,Mass
CLI_03564,31,31,Unemployed,Mass
CLI_03565,44,30,Salaried,Mass-Affluent
CLI_03566,58,112,Gig-worker,Mass
CLI_03567,57,18,Self-employed,Mass
CLI_03568,45,119,Self-employed,Mass
CLI_03569,43,17,Salaried,Mass-Affluent
CLI_03570,66,38,Gig-worker,Mass
CLI_03571,19,14,Self-employed,Mass
CLI_03572,42,87,Gig-worker,Mass
CLI_03573,73,89,Self-employed,Mass
CLI_03574,20,79,Salaried,Mass
CLI_03575,25,110,Unemployed,Premium
CLI_03576,61,56,Gig-worker,Mass-Affluent
CLI_03577,50,22,Gig-worker,Mass
CLI_03578,59,67,Salaried,Mass
CLI_03579,69,56,Salaried,Mass
CLI_03580,52,119,Gig-worker,Mass
CLI_03581,23,19,Gig-worker,Mass
CLI_03582,56,57,Gig-worker,Mass
CLI_03583,69,44,Salaried,Private
CLI_03584,40,98,Self-employed,Mass
CLI_03585,42,35,Self-employed,Premium
CLI_03586,67,114,Salaried,Mass
CLI_03587,60,1,Gig-worker,Mass
CLI_03588,36,52,Self-employed,Mass
CLI_03589,22,85,Gig-worker,Mass-Affluent
CLI_03590,68,93,Salaried,Mass
CLI_03591,28,70,Self-employed,Mass-Affluent
CLI_03592,73,37,Salaried,Mass-Affluent
CLI_03593,29,65,Salaried,Mass-Affluent
CLI_03594,27,51,Salaried,Mass-Affluent
CLI_03595,25,1,Gig-worker,Mass-Affluent
CLI_03596,41,91,Salaried,Mass-Affluent
CLI_03597,45,21,Unemployed,Mass
CLI_03598,58,53,Salaried,Mass-Affluent
CLI_03599,53,16,Salaried,Premium
CLI_03600,54,108,Gig-worker,Mass
CLI_03601,38,61,Salaried,Premium
CLI_03602,25,54,Gig-worker,Mass
CLI_03603,72,40,Salaried,Mass
CLI_03604,26,26,Salaried,Mass
CLI_03605,64,80,Salaried,Mass
CLI_03606,32,92,Gig-worker,Mass-Affluent
CLI_03607,65,65,Salaried,Premium
CLI_03608,63,100,Self-employed,Mass-Affluent
CLI_03609,57,74,Gig-worker,Private
CLI_03610,35,64,Gig-worker,Mass
CLI_03611,59,43,Gig-worker,Mass
CLI_03612,37,17,Gig-worker,Mass
CLI_03613,23,59,Unemployed,Mass-Affluent
CLI_03614,29,23,Salaried,Mass
CLI_03615,19,7,Salaried,Private
CLI_03616,24,44,Salaried,Mass-Affluent
CLI_03617,33,53,Salaried,Private
CLI_03618,20,71,Salaried,Mass
CLI_03619,62,108,Self-employed,Mass
CLI_03620,20,79,Gig-worker,Mass-Affluent
CLI_03621,44,34,Business Owner,Mass-Affluent
CLI_03622,67,46,Salaried,Mass
CLI_03623,60,109,Salaried,Premium
CLI_03624,57,68,Business Owner,Premium
CLI_03625,55,78,Self-employed,Mass
CLI_03626,50,78,Gig-worker,Mass
CLI_03627,45,16,Gig-worker,Mass
CLI_03628,18,71,Self-employed,Mass
CLI_03629,72,96,Gig-worker,Mass-Affluent
CLI_03630,25,19,Salaried,Mass
CLI_03631,54,2,Self-employed,Mass-Affluent
CLI_03632,49,10,Gig-worker,Mass-Affluent
CLI_03633,65,50,Salaried,Mass
CLI_03634,60,81,Gig-worker,Mass
CLI_03635,54,101,Gig-worker,Mass
CLI_03636,21,12,Unemployed,Mass
CLI_03637,47,70,Salaried,Mass
CLI_03638,23,22,Unemployed,Private
CLI_03639,63,32,Gig-worker,Mass
CLI_03640,71,105,Gig-worker,Mass
CLI_03641,36,84,Salaried,Mass
CLI_03642,49,1,Self-employed,Mass
CLI_03643,26,54,Unemployed,Mass
CLI_03644,29,111,Salaried,Mass-Affluent
CLI_03645,28,117,Salaried,Mass
CLI_03646,63,58,Gig-worker,Private
CLI_03647,72,70,Self-employed,Mass
CLI_03648,33,83,Salaried,Premium
CLI_03649,18,18,Gig-worker,Premium
CLI_03650,62,6,Gig-worker,Mass
CLI_03651,72,45,Salaried,Mass
CLI_03652,70,97,Gig-worker,Mass
CLI_03653,38,23,Salaried,Mass-Affluent
CLI_03654,47,23,Self-employed,Premium
CLI_03655,30,26,Gig-worker,Mass
CLI_03656,51,77,Gig-worker,Mass
CLI_03657,21,7,Salaried,Mass-Affluent
CLI_03658,45,79,Salaried,Private
CLI_03659,55,44,Self-employed,Mass-Affluent
CLI_03660,48,27,Gig-worker,Premium
CLI_03661,72,26,Gig-worker,Mass
CLI_03662,44,97,Gig-worker,Mass-Affluent
CLI_03663,22,79,Gig-worker,Mass-Affluent
CLI_03664,42,36,Salaried,Mass-Affluent
CLI_03665,20,109,Salaried,Mass
CLI_03666,50,55,Salaried,Mass
CLI_03667,21,64,Self-employed,Mass
CLI_03668,42,91,Salaried,Mass
CLI_03669,37,57,Salaried,Mass
CLI_03670,51,69,Self-employed,Mass-Affluent
CLI_03671,43,61,Salaried,Mass
CLI_03672,22,2,Gig-worker,Mass
CLI_03673,52,55,Salaried,Mass-Affluent
CLI_03674,45,97,Salaried,Premium
CLI_03675,46,80,Gig-worker,Mass
CLI_03676,26,87,Salaried,Mass
CLI_03677,69,38,Self-employed,Premium
CLI_03678,55,119,Gig-worker,Premium
CLI_03679,67,80,Salaried,Mass
CLI_03680,23,78,Salaried,Mass
CLI_03681,36,29,Gig-worker,Mass
CLI_03682,61,26,Salaried,Mass-Affluent
CLI_03683,74,35,Salaried,Mass
CLI_03684,28,79,Gig-worker,Mass
CLI_03685,19,67,Self-employed,Mass
CLI_03686,64,87,Gig-worker,Premium
CLI_03687,61,29,Self-employed,Mass
CLI_03688,61,34,Unemployed,Mass
CLI_03689,26,97,Salaried,Private
CLI_03690,38,41,Self-employed,Mass
CLI_03691,41,41,Self-employed,Mass
CLI_03692,51,23,Salaried,Mass-Affluent
CLI_03693,39,71,Business Owner,Mass
CLI_03694,20,3,Salaried,Mass-Affluent
CLI_03695,29,58,Salaried,Mass
CLI_03696,45,32,Self-employed,Mass
CLI_03697,47,31,Gig-worker,Premium
CLI_03698,43,82,Salaried,Mass
CLI_03699,65,43,Salaried,Mass-Affluent
CLI_03700,38,7,Self-employed,Mass
CLI_03701,45,105,Self-employed,Mass
CLI_03702,73,1,Gig-worker,Mass-Affluent
CLI_03703,43,61,Business Owner,Mass
CLI_03704,50,14,Salaried,Mass
CLI_03705,38,52,Salaried,Mass
CLI_03706,52,96,Self-employed,Mass
CLI_03707,69,6,Self-employed,Mass-Affluent
CLI_03708,51,103,Salaried,Mass-Affluent
CLI_03709,58,10,Salaried,Mass-Affluent
CLI_03710,68,71,Self-employed,Mass-Affluent
CLI_03711,64,90,Business Owner,Mass
CLI_03712,35,98,Gig-worker,Mass
CLI_03713,28,30,Salaried,Mass-Affluent
CLI_03714,74,100,Business Owner,Mass
CLI_03715,40,21,Unemployed,Mass
CLI_03716,65,60,Gig-worker,Premium
CLI_03717,39,81,Self-employed,Mass
CLI_03718,34,97,Self-employed,Mass
CLI_03719,22,74,Unemployed,Mass
CLI_03720,61,115,Self-employed,Mass-Affluent
CLI_03721,28,63,Gig-worker,Mass
CLI_03722,47,111,Gig-worker,Mass
CLI_03723,32,42,Gig-worker,Private
CLI_03724,44,51,Gig-worker,Mass-Affluent
CLI_03725,52,64,Self-employed,Mass-Affluent
CLI_03726,50,76,Business Owner,Mass
CLI_03727,37,56,Gig-worker,Mass
CLI_03728,33,80,Gig-worker,Mass
CLI_03729,51,41,Gig-worker,Mass
CLI_03730,19,32,Self-employed,Mass
CLI_03731,52,15,Gig-worker,Mass
CLI_03732,57,62,Salaried,Mass
CLI_03733,73,27,Gig-worker,Mass-Affluent
CLI_03734,45,28,Salaried,Mass-Affluent
CLI_03735,64,81,Salaried,Mass
CLI_03736,56,64,Self-employed,Mass
CLI_03737,23,110,Salaried,Mass
CLI_03738,26,59,Salaried,Mass
CLI_03739,37,114,Salaried,Mass
CLI_03740,18,58,Salaried,Mass
CLI_03741,25,2,Self-employed,Premium
CLI_03742,72,36,Gig-worker,Mass-Affluent
CLI_03743,40,114,Unemployed,Mass-Affluent
CLI_03744,20,71,Salaried,Premium
CLI_03745,21,13,Salaried,Mass-Affluent
CLI_03746,42,15,Salaried,Mass-Affluent
CLI_03747,64,89,Self-employed,Mass
CLI_03748,55,87,Gig-worker,Mass
CLI_03749,32,60,Unemployed,Mass-Affluent
CLI_03750,38,22,Gig-worker,Mass
CLI_03751,52,63,Gig-worker,Mass-Affluent
CLI_03752,74,90,Self-employed,Premium
CLI_03753,70,97,Unemployed,Mass-Affluent
CLI_03754,70,75,Salaried,Mass
CLI_03755,63,74,Salaried,Mass
CLI_03756,69,25,Gig-worker,Mass-Affluent
CLI_03757,31,101,Gig-worker,Private
CLI_03758,53,48,Business Owner,Mass
CLI_03759,29,43,Gig-worker,Mass-Affluent
CLI_03760,34,117,Salaried,Premium
CLI_03761,56,38,Business Owner,Mass
CLI_03762,26,41,Self-employed,Mass-Affluent
CLI_03763,52,45,Salaried,Mass
CLI_03764,30,88,Unemployed,Mass
CLI_03765,32,40,Salaried,Mass
CLI_03766,35,110,Salaried,Mass-Affluent
CLI_03767,68,97,Unemployed,Mass-Affluent
CLI_03768,50,17,Gig-worker,Mass
CLI_03769,23,88,Salaried,Premium
CLI_03770,44,101,Salaried,Mass-Affluent
CLI_03771,40,57,Self-employed,Mass-Affluent
CLI_03772,44,2,Salaried,Mass
CLI_03773,51,96,Gig-worker,Mass
CLI_03774,73,62,Self-employed,Mass
CLI_03775,63,88,Salaried,Premium
CLI_03776,55,9,Self-employed,Mass
CLI_03777,31,68,Unemployed,Private
CLI_03778,53,81,Gig-worker,Mass-Affluent
CLI_03779,70,17,Salaried,Mass-Affluent
CLI_03780,25,117,Salaried,Mass-Affluent
CLI_03781,52,50,Gig-worker,Mass
CLI_03782,36,112,Unemployed,Mass-Affluent
CLI_03783,47,94,Salaried,Mass
CLI_03784,31,40,Salaried,Mass-Affluent
CLI_03785,37,58,Gig-worker,Mass-Affluent
CLI_03786,66,75,Gig-worker,Mass-Affluent
CLI_03787,42,85,Salaried,Mass-Affluent
CLI_03788,57,21,Self-employed,Mass
CLI_03789,41,18,Salaried,Mass
CLI_03790,31,55,Self-employed,Mass-Affluent
CLI_03791,43,29,Gig-worker,Mass
CLI_03792,55,24,Gig-worker,Mass
CLI_03793,40,74,Salaried,Mass
CLI_03794,39,109,Self-employed,Mass
CLI_03795,65,17,Salaried,Mass
CLI_03796,74,18,Salaried,Mass-Affluent
CLI_03797,36,42,Gig-worker,Mass-Affluent
CLI_03798,63,112,Self-employed,Mass
CLI_03799,68,84,Salaried,Premium
CLI_03800,20,101,Salaried,Mass
CLI_03801,59,45,Self-employed,Mass
CLI_03802,36,82,Self-employed,Mass-Affluent
CLI_03803,26,17,Salaried,Mass-Affluent
CLI_03804,45,73,Gig-worker,Mass
CLI_03805,37,14,Gig-worker,Private
CLI_03806,62,49,Gig-worker,Premium
CLI_03807,24,29,Unemployed,Mass
CLI_03808,31,95,Salaried,Mass
CLI_03809,26,4,Self-employed,Mass-Affluent
CLI_03810,72,82,Gig-worker,Mass
CLI_03811,74,20,Gig-worker,Mass
CLI_03812,36,47,Self-employed,Mass-Affluent
CLI_03813,64,107,Unemployed,Mass
CLI_03814,69,108,Salaried,Mass
CLI_03815,31,9,Salaried,Mass
CLI_03816,73,77,Salaried,Mass-Affluent
CLI_03817,55,79,Business Owner,Mass
CLI_03818,70,27,Self-employed,Mass
CLI_03819,53,15,Gig-worker,Mass
CLI_03820,57,92,Salaried,Mass
CLI_03821,34,101,Unemployed,Premium
CLI_03822,47,119,Self-employed,Premium
CLI_03823,26,19,Self-employed,Mass
CLI_03824,50,90,Salaried,Mass-Affluent
CLI_03825,73,52,Salaried,Mass-Affluent
CLI_03826,69,26,Gig-worker,Mass-Affluent
CLI_03827,42,89,Self-employed,Mass
CLI_03828,31,26,Salaried,Mass
CLI_03829,28,26,Gig-worker,Mass-Affluent
CLI_03830,70,46,Salaried,Mass
CLI_03831,52,92,Self-employed,Mass
CLI_03832,58,49,Gig-worker,Mass-Affluent
CLI_03833,31,82,Salaried,Private
CLI_03834,47,96,Gig-worker,Mass
CLI_03835,58,53,Salaried,Mass-Affluent
CLI_03836,21,3,Salaried,Mass
CLI_03837,21,66,Self-employed,Premium
CLI_03838,45,97,Salaried,Mass
CLI_03839,25,42,Salaried,Mass
CLI_03840,19,19,Salaried,Mass
CLI_03841,58,17,Salaried,Mass
CLI_03842,63,108,Salaried,Mass
CLI_03843,39,33,Salaried,Mass
CLI_03844,58,76,Gig-worker,Mass-Affluent
CLI_03845,73,49,Salaried,Mass
CLI_03846,72,56,Self-employed,Mass-Affluent
CLI_03847,33,63,Salaried,Mass
CLI_03848,46,3,Salaried,Mass-Affluent
CLI_03849,66,107,Salaried,Mass
CLI_03850,65,49,Unemployed,Mass
CLI_03851,47,55,Gig-worker,Mass
CLI_03852,29,26,Self-employed,Mass
CLI_03853,52,99,Salaried,Mass-Affluent
CLI_03854,28,72,Self-employed,Mass-Affluent
CLI_03855,63,52,Salaried,Mass
CLI_03856,67,100,Salaried,Mass
CLI_03857,38,117,Gig-worker,Mass
CLI_03858,38,118,Salaried,Mass
CLI_03859,22,7,Business Owner,Mass-Affluent
CLI_03860,65,46,Salaried,Mass
CLI_03861,37,46,Business Owner,Mass
CLI_03862,54,100,Gig-worker,Mass
CLI_03863,20,16,Gig-worker,Mass
CLI_03864,61,24,Salaried,Mass
CLI_03865,50,61,Salaried,Mass
CLI_03866,70,54,Unemployed,Mass
CLI_03867,26,62,Salaried,Mass
CLI_03868,26,1,Self-employed,Mass
CLI_03869,21,49,Business Owner,Mass-Affluent
CLI_03870,52,25,Salaried,Mass
CLI_03871,34,10,Gig-worker,Mass
CLI_03872,51,118,Self-employed,Mass
CLI_03873,41,80,Salaried,Mass
CLI_03874,49,16,Salaried,Mass
CLI_03875,18,58,Gig-worker,Mass-Affluent
CLI_03876,25,72,Salaried,Premium
CLI_03877,62,29,Self-employed,Mass
CLI_03878,40,103,Salaried,Mass-Affluent
CLI_03879,64,92,Business Owner,Mass
CLI_03880,57,6,Salaried,Mass
CLI_03881,29,16,Gig-worker,Private
CLI_03882,71,20,Gig-worker,Mass-Affluent
CLI_03883,29,80,Salaried,Private
CLI_03884,63,71,Salaried,Mass
CLI_03885,64,105,Self-employed,Mass
CLI_03886,32,78,Unemployed,Mass
CLI_03887,58,43,Salaried,Mass-Affluent
CLI_03888,36,26,Gig-worker,Mass
CLI_03889,43,90,Salaried,Premium
CLI_03890,69,78,Salaried,Mass
CLI_03891,46,71,Self-employed,Mass
CLI_03892,39,33,Self-employed,Mass-Affluent
CLI_03893,57,26,Salaried,Mass-Affluent
CLI_03894,38,45,Business Owner,Mass
CLI_03895,68,84,Salaried,Private
CLI_03896,55,63,Self-employed,Mass
CLI_03897,37,67,Gig-worker,Mass
CLI_03898,74,52,Gig-worker,Premium
CLI_03899,46,68,Gig-worker,Private
CLI_03900,68,26,Salaried,Mass-Affluent
CLI_03901,21,75,Self-employed,Premium
CLI_03902,72,2,Self-employed,Mass-Affluent
CLI_03903,24,14,Salaried,Premium
CLI_03904,45,108,Self-employed,Mass
CLI_03905,45,30,Salaried,Mass-Affluent
CLI_03906,21,49,Self-employed,Mass-Affluent
CLI_03907,39,12,Salaried,Mass
CLI_03908,29,90,Salaried,Mass
CLI_03909,62,44,Salaried,Mass
CLI_03910,20,33,Gig-worker,Mass-Affluent
CLI_03911,39,13,Gig-worker,Mass
CLI_03912,61,78,Salaried,Mass-Affluent
CLI_03913,19,88,Salaried,Mass
CLI_03914,41,98,Salaried,Mass
CLI_03915,51,108,Self-employed,Premium
CLI_03916,44,26,Self-employed,Mass
CLI_03917,72,21,Salaried,Mass
CLI_03918,58,28,Salaried,Mass
CLI_03919,18,48,Self-employed,Mass-Affluent
CLI_03920,25,100,Salaried,Private
CLI_03921,40,40,Salaried,Premium
CLI_03922,55,66,Salaried,Mass-Affluent
CLI_03923,23,106,Gig-worker,Mass
CLI_03924,39,73,Gig-worker,Mass
CLI_03925,42,87,Gig-worker,Mass
CLI_03926,35,79,Salaried,Mass
CLI_03927,34,77,Self-employed,Mass
CLI_03928,29,23,Salaried,Mass
CLI_03929,23,81,Self-employed,Mass-Affluent
CLI_03930,43,48,Gig-worker,Mass
CLI_03931,44,2,Gig-worker,Mass-Affluent
CLI_03932,25,84,Salaried,Premium
CLI_03933,36,20,Salaried,Mass-Affluent
CLI_03934,59,59,Gig-worker,Mass-Affluent
CLI_03935,18,46,Gig-worker,Mass-Affluent
CLI_03936,74,3,Salaried,Mass
CLI_03937,46,55,Business Owner,Mass
CLI_03938,62,12,Business Owner,Mass
CLI_03939,66,40,Gig-worker,Mass
CLI_03940,52,66,Business Owner,Mass-Affluent
CLI_03941,57,100,Salaried,Premium
CLI_03942,31,78,Salaried,Private
CLI_03943,52,16,Salaried,Mass
CLI_03944,65,83,Gig-worker,Private
CLI_03945,62,34,Salaried,Mass
CLI_03946,37,44,Business Owner,Mass-Affluent
CLI_03947,73,110,Salaried,Mass
CLI_03948,66,6,Salaried,Mass
CLI_03949,30,77,Self-employed,Mass
CLI_03950,55,64,Salaried,Premium
CLI_03951,66,100,Salaried,Mass
CLI_03952,63,22,Gig-worker,Mass
CLI_03953,66,18,Salaried,Premium
CLI_03954,25,12,Salaried,Premium
CLI_03955,60,52,Salaried,Mass
CLI_03956,37,118,Gig-worker,Mass-Affluent
CLI_03957,50,94,Business Owner,Mass
CLI_03958,43,117,Self-employed,Mass
CLI_03959,56,51,Salaried,Mass
CLI_03960,38,104,Salaried,Mass
CLI_03961,70,71,Gig-worker,Mass
CLI_03962,66,96,Business Owner,Mass
CLI_03963,59,48,Salaried,Mass
CLI_03964,60,19,Salaried,Mass-Affluent
CLI_03965,71,6,Self-employed,Mass-Affluent
CLI_03966,58,84,Business Owner,Mass
CLI_03967,26,27,Salaried,Mass
CLI_03968,41,53,Salaried,Mass-Affluent
CLI_03969,54,107,Salaried,Mass-Affluent
CLI_03970,66,101,Salaried,Mass-Affluent
CLI_03971,58,48,Gig-worker,Mass
CLI_03972,34,7,Self-employed,Mass
CLI_03973,41,59,Gig-worker,Mass-Affluent
CLI_03974,38,69,Salaried,Mass
CLI_03975,68,11,Salaried,Premium
CLI_03976,56,15,Salaried,Mass-Affluent
CLI_03977,72,64,Salaried,Mass
CLI_03978,58,3,Self-employed,Mass
CLI_03979,56,69,Salaried,Mass-Affluent
CLI_03980,30,23,Salaried,Mass
CLI_03981,28,53,Salaried,Mass
CLI_03982,63,37,Gig-worker,Mass-Affluent
CLI_03983,36,9,Gig-worker,Mass-Affluent
CLI_03984,28,15,Self-employed,Mass
CLI_03985,30,3,Salaried,Mass
CLI_03986,63,93,Self-employed,Premium
CLI_03987,62,70,Salaried,Private
CLI_03988,18,17,Salaried,Mass-Affluent
CLI_03989,57,26,Unemployed,Private
CLI_03990,61,21,Salaried,Mass
CLI_03991,36,72,Gig-worker,Mass
CLI_03992,29,21,Salaried,Mass
CLI_03993,25,11,Gig-worker,Mass
CLI_03994,25,38,Self-employed,Mass
CLI_03995,70,72,Unemployed,Mass
CLI_03996,62,106,Self-employed,Mass-Affluent
CLI_03997,29,88,Gig-worker,Mass-Affluent
CLI_03998,65,35,Salaried,Mass-Affluent
CLI_03999,50,119,Self-employed,Mass
CLI_04000,62,14,Self-employed,Mass
CLI_04001,43,119,Salaried,Mass
CLI_04002,56,14,Gig-worker,Mass-Affluent
CLI_04003,45,10,Self-employed,Mass
CLI_04004,22,12,Gig-worker,Mass
CLI_04005,25,38,Salaried,Mass
CLI_04006,42,108,Unemployed,Mass-Affluent
CLI_04007,44,119,Salaried,Premium
CLI_04008,63,110,Salaried,Mass-Affluent
CLI_04009,40,34,Self-employed,Mass
CLI_04010,47,41,Salaried,Mass
CLI_04011,62,10,Self-employed,Mass
CLI_04012,64,17,Salaried,Mass
CLI_04013,40,17,Salaried,Mass
CLI_04014,66,67,Salaried,Mass
CLI_04015,64,62,Business Owner,Mass
CLI_04016,37,95,Gig-worker,Mass
CLI_04017,35,115,Salaried,Mass
CLI_04018,35,1,Salaried,Mass-Affluent
CLI_04019,19,12,Salaried,Private
CLI_04020,21,103,Gig-worker,Premium
CLI_04021,47,4,Salaried,Mass
CLI_04022,50,42,Gig-worker,Mass
CLI_04023,53,13,Gig-worker,Premium
CLI_04024,35,98,Self-employed,Mass
CLI_04025,54,106,Self-employed,Mass-Affluent
CLI_04026,36,85,Gig-worker,Mass
CLI_04027,64,86,Salaried,Premium
CLI_04028,45,4,Self-employed,Premium
CLI_04029,57,82,Self-employed,Mass-Affluent
CLI_04030,37,69,Salaried,Mass-Affluent
CLI_04031,66,19,Unemployed,Mass
CLI_04032,50,2,Salaried,Mass
CLI_04033,29,12,Salaried,Mass
CLI_04034,68,81,Salaried,Mass
CLI_04035,32,74,Unemployed,Mass
CLI_04036,58,98,Gig-worker,Mass
CLI_04037,56,6,Self-employed,Premium
CLI_04038,19,8,Salaried,Mass
CLI_04039,46,51,Gig-worker,Mass
CLI_04040,58,11,Salaried,Mass
CLI_04041,27,63,Self-employed,Mass
CLI_04042,19,57,Salaried,Mass
CLI_04043,68,12,Salaried,Private
CLI_04044,28,73,Salaried,Mass
CLI_04045,30,2,Unemployed,Mass
CLI_04046,27,8,Gig-worker,Mass
CLI_04047,31,11,Gig-worker,Mass
CLI_04048,35,53,Gig-worker,Mass-Affluent
CLI_04049,68,100,Business Owner,Mass
CLI_04050,71,10,Unemployed,Mass
CLI_04051,26,85,Self-employed,Mass
CLI_04052,74,84,Salaried,Private
CLI_04053,56,112,Salaried,Mass
CLI_04054,45,8,Unemployed,Premium
CLI_04055,20,36,Gig-worker,Mass
CLI_04056,37,93,Salaried,Mass
CLI_04057,23,106,Gig-worker,Mass-Affluent
CLI_04058,44,76,Unemployed,Mass
CLI_04059,70,14,Salaried,Mass
CLI_04060,19,112,Gig-worker,Mass
CLI_04061,46,54,Self-employed,Mass
CLI_04062,55,114,Gig-worker,Mass-Affluent
CLI_04063,20,85,Salaried,Mass
CLI_04064,33,86,Business Owner,Mass-Affluent
CLI_04065,47,21,Business Owner,Mass
CLI_04066,57,108,Self-employed,Mass
CLI_04067,19,50,Self-employed,Mass-Affluent
CLI_04068,34,94,Salaried,Mass
CLI_04069,58,39,Unemployed,Mass
CLI_04070,29,20,Salaried,Mass
CLI_04071,52,88,Self-employed,Mass
CLI_04072,60,87,Unemployed,Premium
CLI_04073,18,7,Gig-worker,Mass
CLI_04074,72,9,Self-employed,Mass
CLI_04075,62,1,Self-employed,Mass-Affluent
CLI_04076,32,26,Salaried,Mass
CLI_04077,43,38,Self-employed,Mass
CLI_04078,54,38,Salaried,Mass
CLI_04079,38,118,Gig-worker,Premium
CLI_04080,66,61,Salaried,Private
CLI_04081,48,44,Gig-worker,Mass-Affluent
CLI_04082,42,86,Self-employed,Mass
CLI_04083,40,44,Business Owner,Mass-Affluent
CLI_04084,41,74,Salaried,Mass
CLI_04085,74,119,Gig-worker,Mass
CLI_04086,55,62,Gig-worker,Private
CLI_04087,45,6,Business Owner,Mass
CLI_04088,38,17,Gig-worker,Mass
CLI_04089,71,51,Self-employed,Premium
CLI_04090,60,114,Unemployed,Mass-Affluent
CLI_04091,35,38,Salaried,Mass
CLI_04092,53,24,Unemployed,Mass
CLI_04093,52,51,Unemployed,Mass
CLI_04094,62,10,Unemployed,Mass
CLI_04095,72,72,Salaried,Mass
CLI_04096,26,21,Gig-worker,Mass
CLI_04097,70,70,Unemployed,Private
CLI_04098,55,85,Salaried,Mass
CLI_04099,47,57,Gig-worker,Mass
CLI_04100,61,39,Salaried,Mass
CLI_04101,51,88,Salaried,Mass
CLI_04102,49,33,Gig-worker,Mass
CLI_04103,20,59,Gig-worker,Premium
CLI_04104,20,18,Salaried,Premium
CLI_04105,45,56,Gig-worker,Mass
CLI_04106,61,92,Gig-worker,Premium
CLI_04107,32,57,Self-employed,Mass
CLI_04108,58,116,Gig-worker,Mass-Affluent
CLI_04109,40,96,Gig-worker,Mass
CLI_04110,57,76,Gig-worker,Premium
CLI_04111,28,48,Salaried,Mass
CLI_04112,65,42,Gig-worker,Mass
CLI_04113,49,27,Gig-worker,Mass-Affluent
CLI_04114,74,74,Gig-worker,Mass
CLI_04115,71,110,Salaried,Mass
CLI_04116,53,52,Self-employed,Mass
CLI_04117,50,42,Salaried,Mass-Affluent
CLI_04118,41,32,Unemployed,Mass
CLI_04119,56,106,Salaried,Mass
CLI_04120,51,26,Business Owner,Premium
CLI_04121,73,25,Gig-worker,Mass
CLI_04122,45,75,Gig-worker,Mass
CLI_04123,54,23,Salaried,Mass-Affluent
CLI_04124,24,98,Salaried,Mass-Affluent
CLI_04125,21,57,Salaried,Private
CLI_04126,54,52,Salaried,Mass
CLI_04127,73,104,Self-employed,Mass
CLI_04128,18,87,Salaried,Mass-Affluent
CLI_04129,18,93,Self-employed,Mass-Affluent
CLI_04130,64,31,Salaried,Mass-Affluent
CLI_04131,37,64,Unemployed,Mass
CLI_04132,36,71,Gig-worker,Mass
CLI_04133,46,104,Salaried,Mass
CLI_04134,27,33,Gig-worker,Premium
CLI_04135,35,85,Salaried,Mass
CLI_04136,45,2,Salaried,Mass
CLI_04137,52,18,Gig-worker,Mass
CLI_04138,60,47,Self-employed,Mass
CLI_04139,64,33,Unemployed,Mass
CLI_04140,48,101,Gig-worker,Mass-Affluent
CLI_04141,44,98,Business Owner,Mass
CLI_04142,28,84,Unemployed,Mass
CLI_04143,66,35,Unemployed,Mass
CLI_04144,66,51,Gig-worker,Mass-Affluent
CLI_04145,55,114,Salaried,Private
CLI_04146,22,118,Salaried,Mass-Affluent
CLI_04147,25,18,Gig-worker,Mass-Affluent
CLI_04148,51,110,Gig-worker,Mass
CLI_04149,65,88,Salaried,Mass-Affluent
CLI_04150,69,72,Gig-worker,Private
CLI_04151,73,30,Salaried,Mass
CLI_04152,29,44,Self-employed,Mass
CLI_04153,55,53,Salaried,Private
CLI_04154,18,10,Gig-worker,Mass-Affluent
CLI_04155,48,87,Self-employed,Mass
CLI_04156,21,52,Salaried,Private
CLI_04157,66,49,Gig-worker,Mass
CLI_04158,62,11,Self-employed,Mass
CLI_04159,67,66,Salaried,Mass-Affluent
CLI_04160,22,58,Salaried,Mass
CLI_04161,47,90,Salaried,Mass-Affluent
CLI_04162,73,36,Gig-worker,Mass
CLI_04163,41,33,Gig-worker,Mass
CLI_04164,20,47,Salaried,Mass
CLI_04165,28,13,Gig-worker,Mass
CLI_04166,62,40,Salaried,Mass
CLI_04167,21,89,Self-employed,Private
CLI_04168,43,68,Salaried,Mass
CLI_04169,44,42,Self-employed,Mass
CLI_04170,63,19,Gig-worker,Mass
CLI_04171,71,82,Self-employed,Mass-Affluent
CLI_04172,60,101,Gig-worker,Mass
CLI_04173,44,94,Gig-worker,Mass
CLI_04174,59,19,Salaried,Mass
CLI_04175,68,58,Self-employed,Mass
CLI_04176,67,23,Gig-worker,Mass
CLI_04177,23,54,Gig-worker,Mass-Affluent
CLI_04178,32,80,Gig-worker,Premium
CLI_04179,70,65,Self-employed,Mass
CLI_04180,47,12,Self-employed,Premium
CLI_04181,59,24,Salaried,Premium
CLI_04182,54,34,Self-employed,Premium
CLI_04183,54,53,Gig-worker,Private
CLI_04184,59,8,Unemployed,Mass-Affluent
CLI_04185,54,18,Self-employed,Mass
CLI_04186,52,57,Gig-worker,Mass
CLI_04187,40,112,Salaried,Mass
CLI_04188,23,5,Self-employed,Premium
CLI_04189,21,26,Gig-worker,Mass
CLI_04190,35,30,Business Owner,Mass
CLI_04191,26,54,Salaried,Mass
CLI_04192,66,13,Salaried,Mass-Affluent
CLI_04193,46,83,Salaried,Mass-Affluent
CLI_04194,30,29,Gig-worker,Mass
CLI_04195,64,3,Unemployed,Mass
CLI_04196,69,90,Salaried,Mass-Affluent
CLI_04197,34,104,Self-employed,Mass
CLI_04198,62,58,Self-employed,Mass
CLI_04199,49,76,Self-employed,Mass
CLI_04200,65,2,Salaried,Private
CLI_04201,39,75,Self-employed,Mass
CLI_04202,21,108,Salaried,Mass
CLI_04203,22,28,Self-employed,Mass-Affluent
CLI_04204,54,82,Salaried,Mass
CLI_04205,58,77,Gig-worker,Mass
CLI_04206,66,101,Self-employed,Mass
CLI_04207,30,86,Salaried,Premium
CLI_04208,51,76,Salaried,Mass
CLI_04209,62,2,Self-employed,Mass-Affluent
CLI_04210,39,101,Gig-worker,Private
CLI_04211,70,7,Gig-worker,Mass-Affluent
CLI_04212,40,26,Salaried,Mass-Affluent
CLI_04213,68,90,Salaried,Mass-Affluent
CLI_04214,20,88,Gig-worker,Premium
CLI_04215,59,76,Salaried,Private
CLI_04216,51,16,Unemployed,Private
CLI_04217,49,23,Salaried,Mass-Affluent
CLI_04218,62,40,Gig-worker,Mass
CLI_04219,68,60,Salaried,Mass
CLI_04220,66,73,Salaried,Mass
CLI_04221,38,32,Self-employed,Premium
CLI_04222,63,15,Gig-worker,Premium
CLI_04223,61,101,Salaried,Mass
CLI_04224,38,13,Salaried,Mass
CLI_04225,61,5,Salaried,Mass
CLI_04226,28,75,Self-employed,Mass
CLI_04227,56,74,Gig-worker,Mass-Affluent
CLI_04228,21,52,Salaried,Mass
CLI_04229,68,77,Gig-worker,Mass
CLI_04230,18,41,Self-employed,Mass
CLI_04231,45,53,Unemployed,Mass
CLI_04232,41,110,Unemployed,Private
CLI_04233,52,50,Salaried,Mass
CLI_04234,30,15,Salaried,Premium
CLI_04235,64,106,Salaried,Mass
CLI_04236,51,7,Self-employed,Mass
CLI_04237,28,40,Business Owner,Mass-Affluent
CLI_04238,53,28,Gig-worker,Mass-Affluent
CLI_04239,68,32,Salaried,Mass
CLI_04240,34,99,Gig-worker,Mass
CLI_04241,52,15,Salaried,Mass
CLI_04242,35,112,Salaried,Mass-Affluent
CLI_04243,57,100,Gig-worker,Mass
CLI_04244,39,85,Salaried,Mass
CLI_04245,74,70,Salaried,Mass-Affluent
CLI_04246,41,65,Self-employed,Mass
CLI_04247,36,4,Salaried,Mass
CLI_04248,54,11,Salaried,Mass
CLI_04249,56,108,Salaried,Private
CLI_04250,38,26,Unemployed,Mass
CLI_04251,25,61,Self-employed,Premium
CLI_04252,45,37,Salaried,Mass
CLI_04253,22,23,Gig-worker,Mass-Affluent
CLI_04254,34,93,Salaried,Mass
CLI_04255,54,85,Gig-worker,Mass
CLI_04256,53,112,Self-employed,Mass-Affluent
CLI_04257,71,109,Unemployed,Mass-Affluent
CLI_04258,36,109,Gig-worker,Mass-Affluent
CLI_04259,44,113,Business Owner,Mass-Affluent
CLI_04260,70,91,Business Owner,Mass
CLI_04261,51,103,Unemployed,Mass
CLI_04262,28,40,Gig-worker,Mass
CLI_04263,71,77,Salaried,Premium
CLI_04264,62,23,Salaried,Mass
CLI_04265,64,16,Salaried,Premium
CLI_04266,29,94,Salaried,Mass
CLI_04267,71,61,Self-employed,Mass-Affluent
CLI_04268,38,68,Gig-worker,Mass
CLI_04269,71,104,Unemployed,Mass
CLI_04270,28,80,Salaried,Mass-Affluent
CLI_04271,56,31,Salaried,Mass
CLI_04272,45,53,Self-employed,Premium
CLI_04273,22,106,Salaried,Mass-Affluent
CLI_04274,34,25,Salaried,Mass
CLI_04275,73,44,Business Owner,Premium
CLI_04276,37,12,Self-employed,Mass-Affluent
CLI_04277,58,90,Gig-worker,Mass-Affluent
CLI_04278,63,101,Self-employed,Mass
CLI_04279,29,112,Self-employed,Mass
CLI_04280,23,97,Self-employed,Mass-Affluent
CLI_04281,34,92,Self-employed,Premium
CLI_04282,68,9,Salaried,Mass
CLI_04283,36,12,Gig-worker,Mass
CLI_04284,43,69,Salaried,Mass
CLI_04285,65,54,Salaried,Mass
CLI_04286,61,116,Unemployed,Mass-Affluent
CLI_04287,61,54,Gig-worker,Mass-Affluent
CLI_04288,69,28,Self-employed,Mass
CLI_04289,49,56,Self-employed,Premium
CLI_04290,23,99,Unemployed,Mass
CLI_04291,72,69,Unemployed,Mass-Affluent
CLI_04292,53,98,Gig-worker,Mass
CLI_04293,55,110,Salaried,Mass
CLI_04294,28,98,Salaried,Premium
CLI_04295,50,77,Gig-worker,Mass
CLI_04296,41,103,Salaried,Mass
CLI_04297,40,106,Gig-worker,Mass
CLI_04298,32,109,Self-employed,Mass
CLI_04299,44,112,Business Owner,Mass
CLI_04300,28,58,Self-employed,Mass
CLI_04301,74,78,Gig-worker,Premium
CLI_04302,68,75,Salaried,Mass-Affluent
CLI_04303,67,42,Salaried,Mass
CLI_04304,34,38,Salaried,Mass-Affluent
CLI_04305,68,68,Self-employed,Mass
CLI_04306,70,53,Salaried,Mass
CLI_04307,31,33,Self-employed,Mass
CLI_04308,44,71,Gig-worker,Mass
CLI_04309,35,56,Salaried,Premium
CLI_04310,45,105,Salaried,Mass
CLI_04311,68,72,Gig-worker,Mass-Affluent
CLI_04312,64,101,Gig-worker,Mass
CLI_04313,64,51,Self-employed,Mass
CLI_04314,21,74,Self-employed,Mass-Affluent
CLI_04315,24,43,Gig-worker,Mass
CLI_04316,62,15,Self-employed,Mass
CLI_04317,52,38,Gig-worker,Mass
CLI_04318,65,15,Business Owner,Mass
CLI_04319,26,5,Salaried,Premium
CLI_04320,25,93,Self-employed,Mass
CLI_04321,69,83,Salaried,Mass
CLI_04322,62,54,Salaried,Premium
CLI_04323,34,51,Salaried,Mass
CLI_04324,34,10,Gig-worker,Mass
CLI_04325,66,12,Salaried,Mass
CLI_04326,50,118,Salaried,Mass
CLI_04327,49,4,Business Owner,Mass
CLI_04328,25,95,Self-employed,Mass
CLI_04329,36,18,Self-employed,Premium
CLI_04330,55,80,Self-employed,Mass
CLI_04331,20,104,Business Owner,Mass
CLI_04332,22,36,Gig-worker,Mass
CLI_04333,30,25,Salaried,Mass
CLI_04334,64,87,Unemployed,Premium
CLI_04335,63,76,Self-employed,Mass
CLI_04336,48,98,Gig-worker,Mass
CLI_04337,72,36,Gig-worker,Mass
CLI_04338,33,101,Gig-worker,Mass
CLI_04339,67,67,Unemployed,Mass-Affluent
CLI_04340,49,9,Salaried,Mass
CLI_04341,39,61,Business Owner,Mass
CLI_04342,46,53,Unemployed,Mass
CLI_04343,39,18,Gig-worker,Mass
CLI_04344,60,43,Gig-worker,Mass
CLI_04345,20,35,Salaried,Mass
CLI_04346,71,63,Salaried,Premium
CLI_04347,27,119,Salaried,Mass
CLI_04348,59,98,Self-employed,Premium
CLI_04349,38,105,Gig-worker,Mass
CLI_04350,33,78,Salaried,Mass-Affluent
CLI_04351,29,4,Salaried,Mass
CLI_04352,19,93,Unemployed,Mass-Affluent
CLI_04353,58,41,Salaried,Mass
CLI_04354,41,45,Unemployed,Mass
CLI_04355,52,50,Salaried,Mass-Affluent
CLI_04356,73,79,Gig-worker,Mass
CLI_04357,47,28,Salaried,Mass
CLI_04358,74,42,Gig-worker,Mass
CLI_04359,47,80,Gig-worker,Mass
CLI_04360,64,76,Salaried,Mass
CLI_04361,52,116,Gig-worker,Mass
CLI_04362,36,69,Gig-worker,Mass
CLI_04363,67,98,Self-employed,Mass
CLI_04364,25,106,Self-employed,Mass
CLI_04365,43,1,Salaried,Mass
CLI_04366,66,39,Gig-worker,Mass
CLI_04367,57,96,Business Owner,Premium
CLI_04368,24,90,Unemployed,Mass
CLI_04369,47,17,Business Owner,Premium
CLI_04370,24,112,Salaried,Mass-Affluent
CLI_04371,20,91,Self-employed,Premium
CLI_04372,18,88,Gig-worker,Mass-Affluent
CLI_04373,53,35,Salaried,Mass-Affluent
CLI_04374,42,46,Self-employed,Mass
CLI_04375,54,42,Self-employed,Mass
CLI_04376,18,118,Salaried,Mass
CLI_04377,32,39,Salaried,Private
CLI_04378,54,90,Self-employed,Private
CLI_04379,30,49,Salaried,Mass-Affluent
CLI_04380,57,62,Salaried,Premium
CLI_04381,25,38,Gig-worker,Premium
CLI_04382,22,23,Salaried,Mass
CLI_04383,26,22,Unemployed,Mass-Affluent
CLI_04384,18,4,Gig-worker,Mass
CLI_04385,53,49,Gig-worker,Mass
CLI_04386,52,59,Unemployed,Mass
CLI_04387,19,73,Gig-worker,Mass
CLI_04388,57,68,Salaried,Mass-Affluent
CLI_04389,40,71,Self-employed,Mass
CLI_04390,26,87,Gig-worker,Premium
CLI_04391,51,2,Salaried,Mass
CLI_04392,63,49,Self-employed,Mass
CLI_04393,31,88,Self-employed,Mass-Affluent
CLI_04394,21,104,Self-employed,Mass-Affluent
CLI_04395,47,119,Business Owner,Mass
CLI_04396,48,95,Self-employed,Mass
CLI_04397,55,111,Self-employed,Mass
CLI_04398,28,31,Unemployed,Premium
CLI_04399,52,111,Salaried,Mass-Affluent
CLI_04400,25,40,Salaried,Mass
CLI_04401,20,48,Self-employed,Mass
CLI_04402,31,51,Gig-worker,Premium
CLI_04403,30,43,Salaried,Mass-Affluent
CLI_04404,62,98,Salaried,Mass-Affluent
CLI_04405,49,55,Salaried,Mass
CLI_04406,51,88,Gig-worker,Premium
CLI_04407,62,49,Self-employed,Mass-Affluent
CLI_04408,36,90,Unemployed,Mass-Affluent
CLI_04409,55,80,Self-employed,Mass
CLI_04410,33,57,Self-employed,Premium
CLI_04411,19,111,Gig-worker,Mass-Affluent
CLI_04412,57,77,Salaried,Premium
CLI_04413,34,15,Salaried,Mass
CLI_04414,72,27,Gig-worker,Mass
CLI_04415,51,68,Salaried,Mass
CLI_04416,59,80,Gig-worker,Mass
CLI_04417,33,64,Self-employed,Mass
CLI_04418,55,94,Gig-worker,Mass
CLI_04419,19,108,Business Owner,Mass
CLI_04420,19,30,Gig-worker,Mass-Affluent
CLI_04421,43,36,Salaried,Mass
CLI_04422,30,67,Gig-worker,Mass
CLI_04423,73,86,Self-employed,Premium
CLI_04424,64,113,Salaried,Mass
CLI_04425,48,86,Salaried,Mass
CLI_04426,51,114,Gig-worker,Mass
CLI_04427,56,114,Unemployed,Mass
CLI_04428,20,119,Gig-worker,Mass
CLI_04429,25,49,Unemployed,Mass
CLI_04430,40,76,Self-employed,Private
CLI_04431,31,55,Salaried,Mass
CLI_04432,73,85,Self-employed,Mass
CLI_04433,72,56,Gig-worker,Mass-Affluent
CLI_04434,44,68,Salaried,Mass
CLI_04435,71,95,Self-employed,Mass
CLI_04436,46,44,Self-employed,Premium
CLI_04437,56,31,Salaried,Mass
CLI_04438,70,58,Unemployed,Premium
CLI_04439,56,87,Self-employed,Mass
CLI_04440,18,118,Unemployed,Mass-Affluent
CLI_04441,34,53,Salaried,Mass
CLI_04442,58,84,Unemployed,Mass
CLI_04443,47,79,Salaried,Mass-Affluent
CLI_04444,70,23,Salaried,Private
CLI_04445,30,28,Self-employed,Mass-Affluent
CLI_04446,38,16,Self-employed,Mass-Affluent
CLI_04447,36,37,Gig-worker,Private
CLI_04448,70,21,Gig-worker,Mass
CLI_04449,36,79,Salaried,Mass
CLI_04450,74,17,Gig-worker,Mass
CLI_04451,42,114,Gig-worker,Mass-Affluent
CLI_04452,39,37,Gig-worker,Mass-Affluent
CLI_04453,48,77,Gig-worker,Mass-Affluent
CLI_04454,34,19,Business Owner,Premium
CLI_04455,72,30,Gig-worker,Mass-Affluent
CLI_04456,40,45,Self-employed,Mass
CLI_04457,49,18,Unemployed,Mass
CLI_04458,27,78,Gig-worker,Premium
CLI_04459,27,62,Salaried,Mass
CLI_04460,53,36,Salaried,Mass
CLI_04461,25,100,Self-employed,Mass
CLI_04462,71,84,Salaried,Mass
CLI_04463,69,52,Gig-worker,Mass-Affluent
CLI_04464,37,19,Salaried,Mass
CLI_04465,49,109,Salaried,Premium
CLI_04466,67,44,Gig-worker,Mass
CLI_04467,31,7,Business Owner,Mass-Affluent
CLI_04468,67,44,Gig-worker,Mass-Affluent
CLI_04469,45,117,Unemployed,Mass-Affluent
CLI_04470,63,68,Business Owner,Premium
CLI_04471,69,34,Salaried,Mass
CLI_04472,70,66,Salaried,Mass
CLI_04473,41,69,Self-employed,Mass
CLI_04474,32,55,Unemployed,Premium
CLI_04475,39,10,Gig-worker,Private
CLI_04476,47,96,Business Owner,Mass
CLI_04477,21,42,Salaried,Mass-Affluent
CLI_04478,30,41,Salaried,Mass
CLI_04479,40,77,Gig-worker,Mass
CLI_04480,25,103,Gig-worker,Mass-Affluent
CLI_04481,35,69,Salaried,Mass
CLI_04482,29,10,Salaried,Mass
CLI_04483,72,10,Salaried,Mass-Affluent
CLI_04484,48,102,Gig-worker,Mass-Affluent
CLI_04485,31,91,Unemployed,Mass
CLI_04486,51,60,Unemployed,Mass-Affluent
CLI_04487,35,51,Self-employed,Mass
CLI_04488,73,21,Gig-worker,Mass
CLI_04489,51,8,Gig-worker,Mass-Affluent
CLI_04490,28,65,Salaried,Mass
CLI_04491,58,92,Salaried,Mass
CLI_04492,29,113,Salaried,Mass
CLI_04493,66,103,Self-employed,Premium
CLI_04494,32,78,Unemployed,Mass
CLI_04495,74,85,Gig-worker,Mass
CLI_04496,48,30,Self-employed,Mass
CLI_04497,66,85,Salaried,Mass
CLI_04498,46,49,Gig-worker,Mass
CLI_04499,43,9,Self-employed,Mass
CLI_04500,35,17,Gig-worker,Mass-Affluent
CLI_04501,49,69,Salaried,Mass-Affluent
CLI_04502,39,58,Unemployed,Mass-Affluent
CLI_04503,55,57,Self-employed,Mass
CLI_04504,34,62,Unemployed,Mass
CLI_04505,40,95,Self-employed,Mass
CLI_04506,41,52,Business Owner,Mass
CLI_04507,67,61,Salaried,Mass
CLI_04508,25,40,Salaried,Mass-Affluent
CLI_04509,58,38,Salaried,Mass
CLI_04510,23,43,Salaried,Mass
CLI_04511,22,63,Gig-worker,Mass
CLI_04512,61,19,Gig-worker,Mass
CLI_04513,74,100,Gig-worker,Premium
CLI_04514,46,50,Salaried,Mass
CLI_04515,45,33,Unemployed,Premium
CLI_04516,28,13,Salaried,Mass
CLI_04517,74,78,Salaried,Premium
CLI_04518,18,97,Self-employed,Mass
CLI_04519,60,62,Self-employed,Premium
CLI_04520,36,93,Gig-worker,Mass
CLI_04521,26,43,Salaried,Mass
CLI_04522,44,49,Gig-worker,Mass
CLI_04523,51,36,Salaried,Mass
CLI_04524,61,108,Salaried,Mass
CLI_04525,21,10,Self-employed,Mass-Affluent
CLI_04526,53,95,Salaried,Mass
CLI_04527,35,6,Salaried,Mass
CLI_04528,32,57,Gig-worker,Mass-Affluent
CLI_04529,68,1,Business Owner,Mass
CLI_04530,30,71,Business Owner,Mass
CLI_04531,36,58,Gig-worker,Premium
CLI_04532,66,91,Salaried,Private
CLI_04533,23,21,Salaried,Premium
CLI_04534,65,92,Salaried,Mass-Affluent
CLI_04535,73,80,Gig-worker,Mass
CLI_04536,29,56,Gig-worker,Private
CLI_04537,68,110,Gig-worker,Mass
CLI_04538,54,87,Gig-worker,Mass
CLI_04539,34,116,Salaried,Mass-Affluent
CLI_04540,40,20,Gig-worker,Mass
CLI_04541,43,102,Salaried,Mass
CLI_04542,46,54,Gig-worker,Mass
CLI_04543,50,25,Self-employed,Mass
CLI_04544,44,28,Gig-worker,Mass
CLI_04545,42,5,Gig-worker,Mass
CLI_04546,73,21,Gig-worker,Mass
CLI_04547,72,18,Salaried,Mass
CLI_04548,27,47,Salaried,Mass
CLI_04549,64,70,Gig-worker,Mass
CLI_04550,40,57,Salaried,Premium
CLI_04551,38,93,Self-employed,Mass
CLI_04552,38,19,Self-employed,Premium
CLI_04553,60,97,Unemployed,Mass
CLI_04554,30,65,Business Owner,Mass
CLI_04555,54,109,Salaried,Mass
CLI_04556,50,3,Business Owner,Mass
CLI_04557,41,42,Self-employed,Mass
CLI_04558,61,21,Gig-worker,Mass
CLI_04559,28,99,Salaried,Mass
CLI_04560,34,105,Unemployed,Mass
CLI_04561,21,40,Salaried,Mass-Affluent
CLI_04562,64,67,Self-employed,Private
CLI_04563,42,25,Salaried,Mass
CLI_04564,47,109,Gig-worker,Mass-Affluent
CLI_04565,26,102,Gig-worker,Mass-Affluent
CLI_04566,38,109,Salaried,Mass
CLI_04567,37,55,Salaried,Premium
CLI_04568,36,84,Gig-worker,Private
CLI_04569,36,52,Salaried,Mass
CLI_04570,29,44,Gig-worker,Mass-Affluent
CLI_04571,54,109,Gig-worker,Mass-Affluent
CLI_04572,59,98,Self-employed,Mass
CLI_04573,34,85,Self-employed,Mass
CLI_04574,54,56,Salaried,Premium
CLI_04575,71,55,Salaried,Mass-Affluent
CLI_04576,65,112,Salaried,Mass
CLI_04577,56,87,Unemployed,Mass
CLI_04578,45,70,Unemployed,Premium
CLI_04579,58,115,Salaried,Mass
CLI_04580,52,117,Salaried,Mass-Affluent
CLI_04581,64,77,Unemployed,Mass
CLI_04582,65,113,Unemployed,Mass
CLI_04583,35,87,Unemployed,Mass
CLI_04584,31,73,Self-employed,Mass
CLI_04585,52,81,Gig-worker,Mass
CLI_04586,61,66,Salaried,Mass
CLI_04587,58,19,Gig-worker,Mass-Affluent
CLI_04588,24,83,Gig-worker,Mass
CLI_04589,58,7,Gig-worker,Mass-Affluent
CLI_04590,30,118,Gig-worker,Mass
CLI_04591,35,63,Salaried,Mass
CLI_04592,54,42,Salaried,Mass
CLI_04593,30,42,Gig-worker,Mass
CLI_04594,53,59,Salaried,Private
CLI_04595,48,20,Gig-worker,Mass-Affluent
CLI_04596,19,73,Self-employed,Mass
CLI_04597,33,17,Self-employed,Mass-Affluent
CLI_04598,26,27,Gig-worker,Mass
CLI_04599,26,47,Gig-worker,Mass
CLI_04600,55,2,Salaried,Mass
CLI_04601,28,63,Self-employed,Mass-Affluent
CLI_04602,71,62,Gig-worker,Mass
CLI_04603,73,100,Gig-worker,Premium
CLI_04604,39,19,Unemployed,Mass
CLI_04605,50,17,Gig-worker,Mass
CLI_04606,53,69,Salaried,Private
CLI_04607,62,39,Salaried,Mass
CLI_04608,40,82,Gig-worker,Mass-Affluent
CLI_04609,62,117,Gig-worker,Mass-Affluent
CLI_04610,62,118,Unemployed,Premium
CLI_04611,51,71,Gig-worker,Mass
CLI_04612,26,81,Self-employed,Mass
CLI_04613,41,39,Gig-worker,Mass-Affluent
CLI_04614,25,36,Gig-worker,Mass
CLI_04615,24,40,Gig-worker,Mass
CLI_04616,53,45,Gig-worker,Mass
CLI_04617,35,4,Gig-worker,Mass
CLI_04618,20,102,Salaried,Mass
CLI_04619,45,25,Unemployed,Mass
CLI_04620,23,69,Salaried,Mass
CLI_04621,61,30,Salaried,Mass
CLI_04622,61,76,Salaried,Mass
CLI_04623,38,68,Salaried,Mass-Affluent
CLI_04624,45,88,Gig-worker,Mass-Affluent
CLI_04625,57,29,Salaried,Mass
CLI_04626,71,73,Salaried,Mass
CLI_04627,71,68,Gig-worker,Mass
CLI_04628,18,51,Self-employed,Mass
CLI_04629,53,24,Salaried,Mass-Affluent
CLI_04630,38,14,Gig-worker,Mass-Affluent
CLI_04631,60,69,Self-employed,Premium
CLI_04632,52,18,Business Owner,Mass
CLI_04633,30,42,Self-employed,Mass
CLI_04634,74,57,Salaried,Mass-Affluent
CLI_04635,66,83,Self-employed,Mass
CLI_04636,71,12,Gig-worker,Mass
CLI_04637,71,82,Salaried,Mass
CLI_04638,27,17,Unemployed,Mass
CLI_04639,70,30,Gig-worker,Mass
CLI_04640,61,88,Business Owner,Mass
CLI_04641,64,75,Self-employed,Mass-Affluent
CLI_04642,70,99,Gig-worker,Private
CLI_04643,27,23,Self-employed,Mass
CLI_04644,63,81,Gig-worker,Mass
CLI_04645,30,1,Gig-worker,Mass
CLI_04646,54,79,Unemployed,Premium
CLI_04647,55,32,Self-employed,Mass
CLI_04648,41,9,Unemployed,Premium
CLI_04649,19,15,Unemployed,Mass
CLI_04650,39,28,Business Owner,Mass-Affluent
CLI_04651,34,24,Self-employed,Mass
CLI_04652,53,60,Gig-worker,Mass
CLI_04653,31,35,Salaried,Mass
CLI_04654,27,86,Self-employed,Mass
CLI_04655,52,27,Salaried,Mass-Affluent
CLI_04656,42,83,Salaried,Mass-Affluent
CLI_04657,20,109,Salaried,Mass
CLI_04658,64,76,Unemployed,Private
CLI_04659,55,20,Unemployed,Mass
CLI_04660,34,65,Gig-worker,Private
CLI_04661,29,85,Gig-worker,Mass
CLI_04662,71,49,Self-employed,Premium
CLI_04663,69,109,Gig-worker,Mass
CLI_04664,41,1,Gig-worker,Mass
CLI_04665,46,10,Salaried,Mass
CLI_04666,60,47,Salaried,Mass
CLI_04667,42,59,Gig-worker,Mass
CLI_04668,53,96,Gig-worker,Mass
CLI_04669,43,62,Gig-worker,Private
CLI_04670,55,103,Business Owner,Private
CLI_04671,18,86,Salaried,Private
CLI_04672,37,18,Salaried,Private
CLI_04673,72,112,Gig-worker,Mass-Affluent
CLI_04674,45,46,Salaried,Private
CLI_04675,33,32,Salaried,Premium
CLI_04676,64,27,Salaried,Mass
CLI_04677,34,92,Gig-worker,Mass-Affluent
CLI_04678,57,18,Salaried,Premium
CLI_04679,45,39,Self-employed,Mass-Affluent
CLI_04680,29,49,Gig-worker,Mass
CLI_04681,44,93,Salaried,Mass
CLI_04682,71,82,Self-employed,Mass-Affluent
CLI_04683,70,44,Salaried,Private
CLI_04684,59,72,Self-employed,Mass
CLI_04685,64,54,Unemployed,Mass
CLI_04686,47,95,Salaried,Mass
CLI_04687,58,34,Unemployed,Mass
CLI_04688,51,71,Self-employed,Mass
CLI_04689,54,36,Unemployed,Mass-Affluent
CLI_04690,23,18,Self-employed,Private
CLI_04691,24,38,Salaried,Mass-Affluent
CLI_04692,49,59,Unemployed,Mass
CLI_04693,49,9,Salaried,Premium
CLI_04694,70,73,Salaried,Mass
CLI_04695,42,110,Salaried,Mass
CLI_04696,50,72,Salaried,Mass
CLI_04697,72,51,Gig-worker,Mass-Affluent
CLI_04698,24,35,Self-employed,Mass-Affluent
CLI_04699,69,82,Unemployed,Premium
CLI_04700,74,5,Salaried,Mass
CLI_04701,29,14,Business Owner,Mass
CLI_04702,33,92,Unemployed,Mass
CLI_04703,33,30,Salaried,Mass-Affluent
CLI_04704,60,4,Salaried,Mass-Affluent
CLI_04705,70,39,Self-employed,Mass
CLI_04706,53,84,Gig-worker,Mass
CLI_04707,30,64,Self-employed,Private
CLI_04708,24,25,Self-employed,Premium
CLI_04709,53,28,Gig-worker,Mass
CLI_04710,64,76,Salaried,Mass-Affluent
CLI_04711,68,66,Gig-worker,Mass-Affluent
CLI_04712,26,107,Salaried,Mass
CLI_04713,49,78,Gig-worker,Mass
CLI_04714,28,22,Self-employed,Mass
CLI_04715,25,31,Gig-worker,Mass
CLI_04716,50,23,Business Owner,Mass-Affluent
CLI_04717,40,48,Gig-worker,Mass
CLI_04718,42,20,Self-employed,Mass
CLI_04719,73,38,Self-employed,Mass
CLI_04720,25,55,Business Owner,Mass
CLI_04721,62,68,Self-employed,Mass-Affluent
CLI_04722,39,79,Salaried,Mass
CLI_04723,21,88,Business Owner,Mass
CLI_04724,57,89,Self-employed,Private
CLI_04725,20,1,Salaried,Mass
CLI_04726,46,7,Self-employed,Mass-Affluent
CLI_04727,58,57,Unemployed,Mass
CLI_04728,46,95,Gig-worker,Premium
CLI_04729,51,12,Salaried,Mass-Affluent
CLI_04730,51,106,Self-employed,Mass
CLI_04731,45,5,Self-employed,Mass-Affluent
CLI_04732,30,108,Gig-worker,Mass
CLI_04733,32,50,Salaried,Private
CLI_04734,40,42,Salaried,Mass
CLI_04735,61,102,Self-employed,Mass-Affluent
CLI_04736,43,12,Self-employed,Mass
CLI_04737,21,103,Salaried,Mass-Affluent
CLI_04738,43,18,Salaried,Private
CLI_04739,57,66,Salaried,Premium
CLI_04740,26,74,Self-employed,Mass
CLI_04741,72,79,Salaried,Mass
CLI_04742,22,94,Salaried,Mass
CLI_04743,73,108,Salaried,Mass
CLI_04744,49,17,Gig-worker,Mass
CLI_04745,37,68,Gig-worker,Mass
CLI_04746,67,71,Salaried,Mass
CLI_04747,28,62,Unemployed,Mass
CLI_04748,32,41,Salaried,Mass
CLI_04749,49,95,Salaried,Mass
CLI_04750,45,115,Unemployed,Mass
CLI_04751,39,119,Gig-worker,Mass-Affluent
CLI_04752,58,103,Gig-worker,Mass
CLI_04753,34,119,Salaried,Mass
CLI_04754,43,34,Self-employed,Mass
CLI_04755,61,70,Gig-worker,Mass
CLI_04756,24,114,Self-employed,Mass-Affluent
CLI_04757,59,102,Salaried,Mass
CLI_04758,74,45,Gig-worker,Mass
CLI_04759,43,58,Self-employed,Premium
CLI_04760,42,51,Business Owner,Private
CLI_04761,27,34,Salaried,Mass
CLI_04762,62,44,Self-employed,Mass
CLI_04763,36,15,Salaried,Mass
CLI_04764,28,78,Gig-worker,Mass
CLI_04765,30,70,Salaried,Mass
CLI_04766,70,50,Gig-worker,Mass-Affluent
CLI_04767,25,101,Salaried,Mass
CLI_04768,57,114,Salaried,Premium
CLI_04769,21,32,Salaried,Mass
CLI_04770,64,67,Salaried,Mass
CLI_04771,48,3,Unemployed,Mass-Affluent
CLI_04772,45,86,Business Owner,Mass
CLI_04773,28,86,Self-employed,Mass
CLI_04774,60,74,Salaried,Mass
CLI_04775,18,51,Gig-worker,Mass
CLI_04776,66,67,Self-employed,Mass
CLI_04777,64,76,Business Owner,Mass
CLI_04778,69,93,Gig-worker,Mass
CLI_04779,55,48,Self-employed,Mass
CLI_04780,41,17,Business Owner,Private
CLI_04781,71,7,Unemployed,Mass
CLI_04782,74,13,Salaried,Mass
CLI_04783,64,66,Salaried,Private
CLI_04784,48,4,Gig-worker,Mass-Affluent
CLI_04785,58,10,Gig-worker,Mass
CLI_04786,63,103,Salaried,Mass
CLI_04787,67,88,Salaried,Mass-Affluent
CLI_04788,43,17,Self-employed,Mass
CLI_04789,66,52,Gig-worker,Mass-Affluent
CLI_04790,67,6,Salaried,Private
CLI_04791,22,83,Gig-worker,Mass
CLI_04792,37,69,Self-employed,Mass
CLI_04793,69,96,Self-employed,Mass-Affluent
CLI_04794,58,74,Salaried,Mass
CLI_04795,28,9,Self-employed,Mass
CLI_04796,73,91,Gig-worker,Mass
CLI_04797,71,77,Salaried,Mass-Affluent
CLI_04798,50,83,Self-employed,Mass
CLI_04799,67,21,Salaried,Private
CLI_04800,55,24,Salaried,Mass-Affluent
CLI_04801,44,102,Gig-worker,Mass
CLI_04802,51,4,Salaried,Mass-Affluent
CLI_04803,32,24,Salaried,Mass
CLI_04804,49,59,Self-employed,Mass-Affluent
CLI_04805,38,99,Salaried,Mass
CLI_04806,63,3,Business Owner,Mass
CLI_04807,22,68,Gig-worker,Mass-Affluent
CLI_04808,23,101,Salaried,Mass
CLI_04809,55,40,Salaried,Mass-Affluent
CLI_04810,39,48,Gig-worker,Mass-Affluent
CLI_04811,35,54,Gig-worker,Mass
CLI_04812,31,35,Salaried,Mass
CLI_04813,27,95,Salaried,Premium
CLI_04814,63,56,Self-employed,Mass
CLI_04815,30,108,Salaried,Mass-Affluent
CLI_04816,48,89,Unemployed,Mass-Affluent
CLI_04817,47,40,Self-employed,Premium
CLI_04818,20,77,Gig-worker,Mass-Affluent
CLI_04819,47,68,Salaried,Mass
CLI_04820,23,46,Salaried,Premium
CLI_04821,46,78,Self-employed,Mass-Affluent
CLI_04822,25,13,Salaried,Mass-Affluent
CLI_04823,61,27,Salaried,Mass
CLI_04824,62,6,Gig-worker,Mass
CLI_04825,60,17,Salaried,Mass-Affluent
CLI_04826,61,36,Gig-worker,Mass
CLI_04827,50,104,Self-employed,Mass
CLI_04828,34,113,Gig-worker,Mass
CLI_04829,65,99,Unemployed,Mass
CLI_04830,28,81,Self-employed,Mass
CLI_04831,30,105,Salaried,Mass
CLI_04832,67,2,Salaried,Mass
CLI_04833,28,77,Gig-worker,Mass-Affluent
CLI_04834,48,52,Gig-worker,Mass
CLI_04835,45,66,Salaried,Mass
CLI_04836,61,52,Business Owner,Mass
CLI_04837,23,92,Gig-worker,Mass
CLI_04838,58,43,Salaried,Mass-Affluent
CLI_04839,33,90,Gig-worker,Mass-Affluent
CLI_04840,21,22,Salaried,Mass
CLI_04841,52,111,Self-employed,Mass
CLI_04842,65,107,Gig-worker,Premium
CLI_04843,73,55,Salaried,Mass
CLI_04844,43,67,Salaried,Mass
CLI_04845,74,99,Unemployed,Mass
CLI_04846,29,60,Gig-worker,Mass
CLI_04847,28,58,Business Owner,Mass
CLI_04848,54,12,Salaried,Mass
CLI_04849,42,88,Salaried,Mass
CLI_04850,35,69,Salaried,Mass
CLI_04851,36,84,Gig-worker,Mass
CLI_04852,40,103,Salaried,Mass
CLI_04853,72,39,Salaried,Mass
CLI_04854,55,13,Gig-worker,Mass
CLI_04855,71,41,Gig-worker,Mass
CLI_04856,35,57,Salaried,Mass-Affluent
CLI_04857,43,53,Gig-worker,Mass-Affluent
CLI_04858,23,109,Self-employed,Mass
CLI_04859,21,12,Salaried,Mass
CLI_04860,61,13,Salaried,Mass-Affluent
CLI_04861,68,74,Salaried,Mass
CLI_04862,46,97,Self-employed,Mass
CLI_04863,51,57,Self-employed,Mass-Affluent
CLI_04864,34,40,Salaried,Premium
CLI_04865,60,118,Salaried,Mass
CLI_04866,60,80,Unemployed,Mass
CLI_04867,70,45,Business Owner,Premium
CLI_04868,33,35,Self-employed,Mass
CLI_04869,19,3,Business Owner,Premium
CLI_04870,51,5,Self-employed,Mass
CLI_04871,72,90,Self-employed,Mass
CLI_04872,25,11,Salaried,Mass
CLI_04873,30,71,Gig-worker,Private
CLI_04874,59,117,Salaried,Premium
CLI_04875,25,56,Self-employed,Mass
CLI_04876,47,10,Unemployed,Mass-Affluent
CLI_04877,49,106,Gig-worker,Mass
CLI_04878,53,116,Salaried,Mass-Affluent
CLI_04879,64,34,Salaried,Mass-Affluent
CLI_04880,47,67,Salaried,Mass
CLI_04881,18,72,Salaried,Mass
CLI_04882,60,31,Gig-worker,Private
CLI_04883,56,75,Unemployed,Premium
CLI_04884,34,109,Salaried,Mass
CLI_04885,37,71,Salaried,Mass
CLI_04886,41,109,Gig-worker,Private
CLI_04887,67,66,Salaried,Mass
CLI_04888,39,70,Unemployed,Mass
CLI_04889,46,41,Salaried,Mass
CLI_04890,39,63,Salaried,Premium
CLI_04891,61,32,Salaried,Mass
CLI_04892,26,20,Salaried,Mass
CLI_04893,54,57,Gig-worker,Mass
CLI_04894,27,98,Salaried,Premium
CLI_04895,53,50,Gig-worker,Mass-Affluent
CLI_04896,54,80,Gig-worker,Mass-Affluent
CLI_04897,45,25,Salaried,Mass
CLI_04898,45,12,Salaried,Premium
CLI_04899,59,71,Gig-worker,Mass-Affluent
CLI_04900,60,39,Self-employed,Mass-Affluent
CLI_04901,38,17,Unemployed,Private
CLI_04902,41,45,Salaried,Mass
CLI_04903,59,11,Salaried,Mass-Affluent
CLI_04904,57,70,Salaried,Premium
CLI_04905,19,23,Gig-worker,Mass-Affluent
CLI_04906,72,91,Gig-worker,Mass
CLI_04907,25,110,Self-employed,Mass
CLI_04908,65,70,Self-employed,Mass-Affluent
CLI_04909,44,38,Salaried,Mass
CLI_04910,39,2,Gig-worker,Mass
CLI_04911,54,86,Unemployed,Premium
CLI_04912,44,84,Salaried,Mass
CLI_04913,74,89,Gig-worker,Mass
CLI_04914,46,79,Business Owner,Mass-Affluent
CLI_04915,20,113,Self-employed,Mass
CLI_04916,61,93,Self-employed,Mass
CLI_04917,30,72,Salaried,Mass
CLI_04918,62,37,Gig-worker,Mass
CLI_04919,27,49,Salaried,Mass
CLI_04920,53,52,Gig-worker,Mass
CLI_04921,26,33,Salaried,Mass
CLI_04922,71,22,Self-employed,Mass
CLI_04923,73,114,Self-employed,Mass
CLI_04924,72,111,Gig-worker,Premium
CLI_04925,44,5,Salaried,Mass
CLI_04926,51,103,Salaried,Mass-Affluent
CLI_04927,68,18,Self-employed,Mass
CLI_04928,18,38,Gig-worker,Mass-Affluent
CLI_04929,49,118,Self-employed,Mass-Affluent
CLI_04930,42,117,Salaried,Mass
CLI_04931,46,37,Gig-worker,Mass
CLI_04932,24,94,Self-employed,Mass
CLI_04933,66,115,Gig-worker,Mass-Affluent
CLI_04934,20,95,Gig-worker,Mass
CLI_04935,37,64,Self-employed,Premium
CLI_04936,37,10,Salaried,Mass
CLI_04937,70,79,Salaried,Mass
CLI_04938,47,42,Gig-worker,Mass
CLI_04939,52,48,Salaried,Premium
CLI_04940,52,44,Self-employed,Mass
CLI_04941,66,82,Self-employed,Mass-Affluent
CLI_04942,56,87,Unemployed,Mass
CLI_04943,44,97,Gig-worker,Mass
CLI_04944,43,16,Salaried,Mass-Affluent
CLI_04945,31,54,Salaried,Premium
CLI_04946,34,102,Self-employed,Mass
CLI_04947,35,35,Salaried,Mass
CLI_04948,62,98,Self-employed,Mass-Affluent
CLI_04949,69,28,Self-employed,Mass
CLI_04950,46,2,Salaried,Mass-Affluent
CLI_04951,37,94,Salaried,Mass
CLI_04952,70,13,Gig-worker,Mass
CLI_04953,44,41,Unemployed,Mass-Affluent
CLI_04954,35,80,Salaried,Mass
CLI_04955,21,59,Unemployed,Private
CLI_04956,18,69,Gig-worker,Mass-Affluent
CLI_04957,67,119,Business Owner,Mass-Affluent
CLI_04958,18,92,Salaried,Mass
CLI_04959,43,53,Salaried,Premium
CLI_04960,62,103,Self-employed,Mass-Affluent
CLI_04961,37,45,Unemployed,Mass
CLI_04962,69,20,Gig-worker,Mass
CLI_04963,40,24,Self-employed,Mass
CLI_04964,27,61,Unemployed,Private
CLI_04965,28,91,Salaried,Premium
CLI_04966,58,94,Gig-worker,Premium
CLI_04967,58,58,Unemployed,Mass-Affluent
CLI_04968,22,109,Salaried,Mass
CLI_04969,18,27,Salaried,Mass
CLI_04970,34,26,Self-employed,Mass
CLI_04971,39,7,Salaried,Mass
CLI_04972,51,42,Salaried,Mass
CLI_04973,73,47,Business Owner,Premium
CLI_04974,62,53,Gig-worker,Private
CLI_04975,58,59,Self-employed,Mass
CLI_04976,46,38,Self-employed,Mass-Affluent
CLI_04977,21,69,Salaried,Mass
CLI_04978,22,87,Salaried,Mass
CLI_04979,28,92,Salaried,Mass-Affluent
CLI_04980,73,98,Salaried,Mass
CLI_04981,68,53,Self-employed,Premium
CLI_04982,38,15,Gig-worker,Mass-Affluent
CLI_04983,52,96,Gig-worker,Mass-Affluent
CLI_04984,29,26,Salaried,Mass
CLI_04985,43,48,Salaried,Mass
CLI_04986,68,95,Gig-worker,Mass
CLI_04987,36,19,Gig-worker,Mass-Affluent
CLI_04988,62,9,Salaried,Premium
CLI_04989,24,64,Gig-worker,Mass
CLI_04990,64,93,Salaried,Mass-Affluent
CLI_04991,72,54,Salaried,Mass
CLI_04992,24,51,Self-employed,Mass
CLI_04993,43,39,Salaried,Mass-Affluent
CLI_04994,57,4,Gig-worker,Mass-Affluent
CLI_04995,22,3,Salaried,Mass
CLI_04996,38,64,Salaried,Mass
CLI_04997,31,29,Salaried,Mass
CLI_04998,21,116,Unemployed,Mass
CLI_04999,40,11,Gig-worker,Premium
CLI_05000,59,97,Business Owner,Mass
