application_id,client_id,branch_id,requested_amount,status,rejection_reason,application_date
APP_000001,CLI_03466,BR_014,23205.5,Denied,Thin File,2026-06-02
APP_000002,CLI_00672,BR_035,33326.15,Denied,High DTI,2026-08-29
APP_000003,CLI_04440,BR_028,39936.71,Denied,Fraud Suspicion,2026-08-23
APP_000004,CLI_03291,BR_037,32059.75,Denied,High DTI,2026-03-24
APP_000005,CLI_02381,BR_036,6449.61,Denied,Low Score,2026-05-26
APP_000006,CLI_02007,BR_035,19638.57,Approved,None,2026-04-24
APP_000007,CLI_03241,BR_001,28913.37,Denied,Low Score,2026-06-04
APP_000008,CLI_01538,BR_042,5142.74,Denied,High DTI,2026-08-13
APP_000009,CLI_00882,BR_045,34367.92,Denied,Thin File,2026-05-29
APP_000010,CLI_02965,BR_050,28952.04,Approved,None,2026-07-06
APP_000011,CLI_00989,BR_044,27769.17,Approved,None,2026-07-14
APP_000012,CLI_03589,BR_028,42286.83,Denied,Thin File,2026-07-06
APP_000013,CLI_02549,BR_020,36196.22,Approved,None,2026-05-12
APP_000014,CLI_01402,BR_038,6316.42,Approved,None,2026-06-01
APP_000015,CLI_03012,BR_014,43191.7,Denied,High DTI,2026-07-26
APP_000016,CLI_03942,BR_048,33496.6,Denied,Fraud Suspicion,2026-08-04
APP_000017,CLI_02748,BR_039,30523.06,Denied,Low Score,2026-07-16
APP_000018,CLI_01798,BR_001,12615.03,Denied,Low Score,2026-05-25
APP_000019,CLI_01831,BR_009,20369.33,Denied,Thin File,2026-05-01
APP_000020,CLI_01540,BR_030,24613.51,Approved,None,2026-04-25
APP_000021,CLI_00515,BR_048,43806.12,Denied,Active Default,2026-04-01
APP_000022,CLI_03743,BR_007,3714.15,Denied,Low Score,2026-08-22
APP_000023,CLI_01843,BR_009,45643.17,Denied,Fraud Suspicion,2026-06-12
APP_000024,CLI_00715,BR_024,41181.36,Denied,Low Score,2026-08-22
APP_000025,CLI_00955,BR_039,39659.88,Denied,Thin File,2026-03-25
APP_000026,CLI_03832,BR_003,14192.43,Denied,High DTI,2026-06-12
APP_000027,CLI_02520,BR_048,42765.16,Denied,Low Score,2026-08-05
APP_000028,CLI_00888,BR_033,46996.83,Denied,Low Score,2026-03-23
APP_000029,CLI_00176,BR_006,3170.48,Denied,Thin File,2026-04-25
APP_000030,CLI_01395,BR_009,2704.46,Denied,High DTI,2026-03-05
APP_000031,CLI_03356,BR_024,44231.77,Approved,None,2026-05-04
APP_000032,CLI_02577,BR_043,20685.52,Approved,None,2026-03-23
APP_000033,CLI_01438,BR_043,3497.73,Denied,High DTI,2026-05-14
APP_000034,CLI_04015,BR_047,3372.55,Approved,None,2026-08-29
APP_000035,CLI_00932,BR_014,46212.05,Approved,None,2026-03-23
APP_000036,CLI_01930,BR_045,37800.62,Denied,Thin File,2026-06-07
APP_000037,CLI_03167,BR_014,35920.4,Approved,None,2026-05-29
APP_000038,CLI_01892,BR_014,30993.37,Approved,None,2026-08-17
APP_000039,CLI_04693,BR_024,5227.04,Approved,None,2026-06-14
APP_000040,CLI_00356,BR_003,48174.11,Approved,None,2026-04-18
APP_000041,CLI_03523,BR_011,6735.03,Approved,None,2026-03-21
APP_000042,CLI_03664,BR_042,28037.71,Approved,None,2026-08-15
APP_000043,CLI_03888,BR_014,31967.12,Approved,None,2026-08-25
APP_000044,CLI_01646,BR_020,5089.15,Approved,None,2026-04-26
APP_000045,CLI_02127,BR_024,18001.48,Denied,Active Default,2026-08-02
APP_000046,CLI_03706,BR_048,26101.85,Denied,Thin File,2026-08-18
APP_000047,CLI_01506,BR_032,22387.88,Denied,Thin File,2026-06-14
APP_000048,CLI_02375,BR_026,13549.25,Approved,None,2026-06-13
APP_000049,CLI_02135,BR_032,11814.32,Approved,None,2026-03-05
APP_000050,CLI_05000,BR_049,6989.48,Denied,High DTI,2026-05-09
APP_000051,CLI_01309,BR_022,9728.5,Approved,None,2026-05-19
APP_000052,CLI_00491,BR_012,41232.85,Denied,Low Score,2026-08-20
APP_000053,CLI_04696,BR_016,36052.31,Denied,Low Score,2026-05-13
APP_000054,CLI_00417,BR_048,45660.04,Approved,None,2026-08-14
APP_000055,CLI_00746,BR_024,39836.77,Denied,Low Score,2026-03-23
APP_000056,CLI_02647,BR_024,28476.42,Denied,Low Score,2026-07-09
APP_000057,CLI_02599,BR_010,25409.27,Denied,Low Score,2026-04-22
APP_000058,CLI_00680,BR_047,31983.81,Approved,None,2026-06-26
APP_000059,CLI_01485,BR_020,11641.06,Approved,None,2026-03-06
APP_000060,CLI_04543,BR_041,29870.84,Approved,None,2026-04-29
APP_000061,CLI_00638,BR_013,9666.3,Denied,Low Score,2026-04-30
APP_000062,CLI_03458,BR_004,7799.24,Denied,Low Score,2026-08-01
APP_000063,CLI_00250,BR_013,2175.8,Approved,None,2026-08-08
APP_000064,CLI_00458,BR_048,5588.28,Denied,Fraud Suspicion,2026-07-23
APP_000065,CLI_04070,BR_039,3171.17,Approved,None,2026-05-10
APP_000066,CLI_01248,BR_014,32918.62,Denied,Low Score,2026-04-28
APP_000067,CLI_01307,BR_008,21533.86,Approved,None,2026-08-20
APP_000068,CLI_01460,BR_017,40071.29,Denied,Low Score,2026-06-09
APP_000069,CLI_00871,BR_014,11018.11,Denied,Low Score,2026-03-28
APP_000070,CLI_00861,BR_029,17803.55,Denied,Low Score,2026-07-30
APP_000071,CLI_03795,BR_024,21953.75,Denied,High DTI,2026-04-21
APP_000072,CLI_02236,BR_042,12406.2,Denied,Low Score,2026-03-29
APP_000073,CLI_00676,BR_032,3721.64,Approved,None,2026-07-05
APP_000074,CLI_03248,BR_050,46717.73,Denied,Low Score,2026-07-30
APP_000075,CLI_03748,BR_006,13878.33,Denied,High DTI,2026-04-23
APP_000076,CLI_03448,BR_006,44609.88,Approved,None,2026-06-28
APP_000077,CLI_04653,BR_029,44086.76,Denied,Fraud Suspicion,2026-03-12
APP_000078,CLI_02656,BR_025,19038.55,Approved,None,2026-07-28
APP_000079,CLI_04704,BR_003,7607.47,Denied,Fraud Suspicion,2026-06-03
APP_000080,CLI_03649,BR_041,35510.28,Approved,None,2026-06-09
APP_000081,CLI_00028,BR_035,7963.24,Denied,Low Score,2026-06-16
APP_000082,CLI_02162,BR_013,38827.46,Denied,Low Score,2026-03-19
APP_000083,CLI_01895,BR_028,8407.96,Denied,Low Score,2026-03-24
APP_000084,CLI_01746,BR_050,49038.88,Denied,Low Score,2026-06-25
APP_000085,CLI_01497,BR_034,14000.01,Denied,Active Default,2026-07-21
APP_000086,CLI_04501,BR_002,19677.58,Denied,Active Default,2026-04-30
APP_000087,CLI_00827,BR_016,2684.04,Denied,Thin File,2026-03-31
APP_000088,CLI_03692,BR_008,23888.08,Approved,None,2026-07-26
APP_000089,CLI_00150,BR_017,43637.01,Denied,Low Score,2026-07-25
APP_000090,CLI_02737,BR_013,28791.01,Approved,None,2026-07-02
APP_000091,CLI_02646,BR_021,37465.12,Approved,None,2026-04-04
APP_000092,CLI_01936,BR_021,48276.33,Approved,None,2026-07-16
APP_000093,CLI_01502,BR_032,31927.1,Approved,None,2026-03-15
APP_000094,CLI_03907,BR_003,48297.83,Approved,None,2026-06-22
APP_000095,CLI_04419,BR_031,11881.19,Denied,Fraud Suspicion,2026-05-23
APP_000096,CLI_03650,BR_033,30807.45,Denied,Thin File,2026-05-30
APP_000097,CLI_01722,BR_032,12548.74,Denied,Fraud Suspicion,2026-08-31
APP_000098,CLI_01129,BR_013,48446.62,Approved,None,2026-07-18
APP_000099,CLI_02626,BR_040,22616.29,Approved,None,2026-07-05
APP_000100,CLI_02002,BR_043,13419.99,Approved,None,2026-07-25
APP_000101,CLI_01432,BR_048,21473.12,Denied,Low Score,2026-07-24
APP_000102,CLI_01329,BR_007,19975.83,Approved,None,2026-05-24
APP_000103,CLI_04466,BR_029,2738.01,Denied,Low Score,2026-05-19
APP_000104,CLI_04185,BR_011,28780.57,Denied,Low Score,2026-06-10
APP_000105,CLI_03922,BR_025,31612.23,Approved,None,2026-07-25
APP_000106,CLI_02561,BR_025,49391.7,Denied,Active Default,2026-04-29
APP_000107,CLI_04492,BR_033,42161.39,Approved,None,2026-07-31
APP_000108,CLI_03098,BR_035,46806.91,Denied,Low Score,2026-04-24
APP_000109,CLI_01687,BR_028,11629.73,Approved,None,2026-05-09
APP_000110,CLI_00498,BR_044,18218.25,Approved,None,2026-04-15
APP_000111,CLI_03968,BR_021,4421.0,Denied,Low Score,2026-05-17
APP_000112,CLI_01546,BR_016,15157.95,Denied,High DTI,2026-06-24
APP_000113,CLI_01509,BR_018,47362.51,Denied,High DTI,2026-07-10
APP_000114,CLI_03626,BR_026,44105.69,Approved,None,2026-08-21
APP_000115,CLI_00339,BR_020,26865.84,Denied,Low Score,2026-07-01
APP_000116,CLI_00103,BR_040,28929.38,Approved,None,2026-08-02
APP_000117,CLI_04033,BR_040,42590.64,Approved,None,2026-08-02
APP_000118,CLI_03210,BR_042,12266.33,Denied,Low Score,2026-07-27
APP_000119,CLI_02800,BR_020,44311.19,Approved,None,2026-06-04
APP_000120,CLI_04084,BR_025,12469.06,Approved,None,2026-06-06
APP_000121,CLI_02748,BR_035,19472.7,Approved,None,2026-06-23
APP_000122,CLI_04036,BR_045,11151.89,Denied,Thin File,2026-08-31
APP_000123,CLI_01930,BR_024,48723.56,Approved,None,2026-05-11
APP_000124,CLI_01978,BR_031,32403.69,Denied,Thin File,2026-04-16
APP_000125,CLI_01761,BR_021,44811.27,Denied,Thin File,2026-04-09
APP_000126,CLI_00975,BR_030,35159.93,Denied,Low Score,2026-06-29
APP_000127,CLI_04619,BR_018,28334.84,Approved,None,2026-05-19
APP_000128,CLI_02898,BR_004,8446.37,Approved,None,2026-08-20
APP_000129,CLI_03995,BR_042,10694.88,Denied,Low Score,2026-06-06
APP_000130,CLI_00878,BR_044,20020.87,Approved,None,2026-05-28
APP_000131,CLI_01675,BR_026,32829.47,Approved,None,2026-03-30
APP_000132,CLI_01813,BR_038,47180.43,Approved,None,2026-04-25
APP_000133,CLI_01865,BR_036,49356.22,Denied,Thin File,2026-05-12
APP_000134,CLI_02065,BR_012,39794.18,Denied,High DTI,2026-03-05
APP_000135,CLI_02249,BR_003,7034.62,Approved,None,2026-05-07
APP_000136,CLI_00576,BR_037,49507.33,Denied,Low Score,2026-08-18
APP_000137,CLI_02528,BR_033,35795.43,Approved,None,2026-05-09
APP_000138,CLI_00942,BR_007,14165.08,Approved,None,2026-04-29
APP_000139,CLI_00628,BR_040,46885.87,Approved,None,2026-06-03
APP_000140,CLI_01059,BR_021,27720.57,Approved,None,2026-07-22
APP_000141,CLI_02854,BR_023,7421.73,Denied,Thin File,2026-06-30
APP_000142,CLI_04148,BR_021,31255.37,Denied,Fraud Suspicion,2026-08-27
APP_000143,CLI_03953,BR_013,47322.55,Denied,Active Default,2026-06-07
APP_000144,CLI_04826,BR_002,39669.85,Approved,None,2026-08-29
APP_000145,CLI_02052,BR_020,36010.31,Approved,None,2026-05-21
APP_000146,CLI_04404,BR_026,44068.5,Denied,Active Default,2026-07-27
APP_000147,CLI_04979,BR_005,39451.89,Denied,Active Default,2026-05-27
APP_000148,CLI_03670,BR_045,3250.08,Denied,Low Score,2026-08-15
APP_000149,CLI_01211,BR_017,34960.68,Denied,Low Score,2026-06-11
APP_000150,CLI_01927,BR_040,1992.22,Approved,None,2026-07-23
APP_000151,CLI_04275,BR_017,30561.39,Denied,Active Default,2026-03-26
APP_000152,CLI_02874,BR_040,43915.17,Approved,None,2026-08-02
APP_000153,CLI_03206,BR_013,14310.2,Denied,Thin File,2026-05-09
APP_000154,CLI_03174,BR_024,28033.75,Denied,Low Score,2026-08-21
APP_000155,CLI_02152,BR_038,9859.72,Approved,None,2026-06-24
APP_000156,CLI_02853,BR_036,35669.3,Approved,None,2026-06-18
APP_000157,CLI_04550,BR_032,42395.48,Denied,Low Score,2026-03-20
APP_000158,CLI_03716,BR_009,33150.72,Denied,High DTI,2026-05-17
APP_000159,CLI_02227,BR_020,1008.6,Approved,None,2026-04-29
APP_000160,CLI_03625,BR_023,15382.87,Approved,None,2026-07-28
APP_000161,CLI_04912,BR_037,40032.96,Approved,None,2026-07-05
APP_000162,CLI_01959,BR_019,12939.39,Approved,None,2026-07-01
APP_000163,CLI_04190,BR_050,1628.1,Denied,Fraud Suspicion,2026-03-06
APP_000164,CLI_00764,BR_036,15091.02,Approved,None,2026-07-30
APP_000165,CLI_03720,BR_006,10681.47,Approved,None,2026-08-09
APP_000166,CLI_01022,BR_009,10159.83,Approved,None,2026-04-04
APP_000167,CLI_00108,BR_048,44577.06,Denied,Active Default,2026-06-25
APP_000168,CLI_02000,BR_015,37834.14,Denied,Thin File,2026-06-28
APP_000169,CLI_00447,BR_045,1785.78,Denied,Thin File,2026-05-10
APP_000170,CLI_01917,BR_022,25823.34,Denied,Thin File,2026-03-08
APP_000171,CLI_01356,BR_007,14212.75,Denied,High DTI,2026-03-15
APP_000172,CLI_04351,BR_030,43020.1,Approved,None,2026-05-11
APP_000173,CLI_00991,BR_002,19513.1,Approved,None,2026-03-14
APP_000174,CLI_01227,BR_033,29816.55,Denied,Fraud Suspicion,2026-07-11
APP_000175,CLI_02888,BR_026,19729.3,Denied,High DTI,2026-07-02
APP_000176,CLI_00095,BR_002,47498.07,Denied,Thin File,2026-04-21
APP_000177,CLI_03282,BR_042,36996.48,Denied,Thin File,2026-06-24
APP_000178,CLI_00202,BR_022,31225.08,Denied,Low Score,2026-08-01
APP_000179,CLI_01949,BR_021,45521.09,Denied,Thin File,2026-05-30
APP_000180,CLI_01722,BR_040,44087.0,Denied,Active Default,2026-08-10
APP_000181,CLI_01011,BR_038,8431.98,Denied,Low Score,2026-04-09
APP_000182,CLI_01679,BR_011,19289.49,Approved,None,2026-03-07
APP_000183,CLI_00946,BR_036,36699.7,Denied,High DTI,2026-08-05
APP_000184,CLI_02985,BR_006,25469.65,Approved,None,2026-04-27
APP_000185,CLI_02258,BR_003,4133.94,Denied,High DTI,2026-07-17
APP_000186,CLI_02813,BR_005,36057.1,Denied,Thin File,2026-08-23
APP_000187,CLI_00777,BR_022,35500.88,Denied,Thin File,2026-03-15
APP_000188,CLI_04863,BR_010,8684.85,Denied,Low Score,2026-06-09
APP_000189,CLI_00089,BR_006,9037.07,Denied,Low Score,2026-04-11
APP_000190,CLI_01555,BR_015,25605.84,Denied,High DTI,2026-04-24
APP_000191,CLI_03141,BR_024,14276.73,Denied,High DTI,2026-05-26
APP_000192,CLI_03614,BR_037,42053.46,Approved,None,2026-07-03
APP_000193,CLI_00028,BR_008,24593.19,Approved,None,2026-04-15
APP_000194,CLI_01295,BR_046,17781.16,Approved,None,2026-04-27
APP_000195,CLI_04840,BR_004,42321.83,Denied,Active Default,2026-04-20
APP_000196,CLI_04529,BR_026,18344.62,Denied,Fraud Suspicion,2026-04-20
APP_000197,CLI_01574,BR_026,32731.35,Denied,Thin File,2026-08-22
APP_000198,CLI_00370,BR_023,2512.54,Denied,Thin File,2026-05-08
APP_000199,CLI_01703,BR_025,5755.65,Approved,None,2026-05-29
APP_000200,CLI_04125,BR_008,15509.74,Approved,None,2026-06-08
APP_000201,CLI_00656,BR_046,4079.68,Denied,Active Default,2026-08-12
APP_000202,CLI_03551,BR_039,28090.6,Denied,Low Score,2026-04-08
APP_000203,CLI_00118,BR_035,31520.93,Denied,Thin File,2026-03-26
APP_000204,CLI_04559,BR_024,39569.02,Denied,High DTI,2026-08-19
APP_000205,CLI_00071,BR_016,34329.76,Denied,High DTI,2026-07-19
APP_000206,CLI_03443,BR_031,5801.74,Approved,None,2026-07-05
APP_000207,CLI_04265,BR_042,1857.28,Denied,Low Score,2026-06-12
APP_000208,CLI_01351,BR_039,12866.86,Denied,Low Score,2026-06-07
APP_000209,CLI_00760,BR_032,49601.85,Denied,Thin File,2026-04-28
APP_000210,CLI_03417,BR_048,6590.23,Denied,Low Score,2026-05-30
APP_000211,CLI_00731,BR_015,17469.37,Denied,High DTI,2026-04-21
APP_000212,CLI_00392,BR_034,1012.37,Denied,Low Score,2026-04-04
APP_000213,CLI_01419,BR_038,8616.23,Denied,Low Score,2026-04-11
APP_000214,CLI_03314,BR_014,15642.19,Denied,Active Default,2026-08-29
APP_000215,CLI_01008,BR_041,6176.5,Denied,High DTI,2026-04-20
APP_000216,CLI_03723,BR_007,3359.39,Approved,None,2026-07-22
APP_000217,CLI_04336,BR_039,33665.73,Approved,None,2026-06-30
APP_000218,CLI_04550,BR_027,14273.42,Approved,None,2026-03-21
APP_000219,CLI_04806,BR_036,33003.4,Approved,None,2026-05-17
APP_000220,CLI_03241,BR_045,31720.44,Denied,Active Default,2026-05-25
APP_000221,CLI_03029,BR_006,34515.04,Approved,None,2026-08-09
APP_000222,CLI_04803,BR_017,11351.48,Denied,Low Score,2026-04-01
APP_000223,CLI_03420,BR_024,26768.76,Denied,Active Default,2026-03-19
APP_000224,CLI_01977,BR_016,9915.13,Denied,Low Score,2026-05-02
APP_000225,CLI_04329,BR_025,29476.25,Approved,None,2026-04-15
APP_000226,CLI_03629,BR_046,29123.32,Denied,Low Score,2026-07-23
APP_000227,CLI_02424,BR_036,14308.35,Approved,None,2026-05-24
APP_000228,CLI_03394,BR_035,47734.7,Approved,None,2026-08-22
APP_000229,CLI_02036,BR_047,36058.38,Denied,High DTI,2026-08-28
APP_000230,CLI_02368,BR_017,30213.46,Denied,High DTI,2026-04-01
APP_000231,CLI_03510,BR_016,7888.38,Approved,None,2026-06-17
APP_000232,CLI_01296,BR_015,20380.58,Approved,None,2026-05-29
APP_000233,CLI_03291,BR_042,9344.93,Approved,None,2026-04-18
APP_000234,CLI_02091,BR_003,8136.64,Denied,Low Score,2026-03-14
APP_000235,CLI_02355,BR_024,8728.3,Approved,None,2026-03-14
APP_000236,CLI_00827,BR_012,29781.8,Denied,Thin File,2026-04-11
APP_000237,CLI_00594,BR_016,21739.7,Approved,None,2026-05-01
APP_000238,CLI_01634,BR_007,46593.56,Approved,None,2026-05-20
APP_000239,CLI_01195,BR_018,5135.15,Approved,None,2026-06-22
APP_000240,CLI_00125,BR_011,27689.72,Denied,Low Score,2026-04-06
APP_000241,CLI_02752,BR_028,9590.76,Approved,None,2026-05-18
APP_000242,CLI_04955,BR_024,24596.12,Approved,None,2026-05-03
APP_000243,CLI_04672,BR_041,26197.86,Denied,High DTI,2026-05-24
APP_000244,CLI_03393,BR_030,48706.77,Approved,None,2026-05-18
APP_000245,CLI_03298,BR_048,40271.2,Denied,Low Score,2026-08-17
APP_000246,CLI_03618,BR_009,46426.39,Approved,None,2026-05-25
APP_000247,CLI_03047,BR_016,42450.66,Denied,Thin File,2026-05-28
APP_000248,CLI_02084,BR_005,40347.95,Denied,Thin File,2026-05-31
APP_000249,CLI_03518,BR_009,29328.89,Denied,Thin File,2026-04-04
APP_000250,CLI_00684,BR_017,45932.19,Denied,Active Default,2026-07-08
APP_000251,CLI_03837,BR_050,26326.07,Denied,High DTI,2026-08-14
APP_000252,CLI_02027,BR_011,22451.04,Denied,Low Score,2026-06-04
APP_000253,CLI_00490,BR_038,13167.61,Denied,Thin File,2026-03-12
APP_000254,CLI_02555,BR_015,8537.5,Approved,None,2026-08-09
APP_000255,CLI_01768,BR_041,24422.9,Denied,High DTI,2026-05-15
APP_000256,CLI_00750,BR_048,16833.92,Denied,Thin File,2026-07-22
APP_000257,CLI_01101,BR_019,42942.82,Denied,Active Default,2026-03-07
APP_000258,CLI_00196,BR_010,48556.57,Approved,None,2026-03-16
APP_000259,CLI_03055,BR_046,16406.09,Denied,Low Score,2026-03-05
APP_000260,CLI_00643,BR_018,25221.4,Denied,Low Score,2026-05-17
APP_000261,CLI_00302,BR_009,27886.36,Approved,None,2026-05-31
APP_000262,CLI_03153,BR_036,3086.96,Approved,None,2026-06-30
APP_000263,CLI_01944,BR_029,14771.66,Approved,None,2026-08-02
APP_000264,CLI_00256,BR_050,29648.35,Denied,Low Score,2026-03-16
APP_000265,CLI_02897,BR_009,48395.48,Approved,None,2026-07-17
APP_000266,CLI_03740,BR_050,47306.07,Denied,Low Score,2026-04-18
APP_000267,CLI_02493,BR_037,26398.21,Approved,None,2026-05-31
APP_000268,CLI_01641,BR_044,26571.78,Denied,Low Score,2026-05-12
APP_000269,CLI_02353,BR_034,26038.84,Denied,Thin File,2026-04-28
APP_000270,CLI_02352,BR_015,27949.88,Denied,Low Score,2026-07-11
APP_000271,CLI_04068,BR_038,36393.49,Approved,None,2026-05-17
APP_000272,CLI_02871,BR_002,37299.82,Denied,Low Score,2026-04-17
APP_000273,CLI_03701,BR_010,37503.29,Approved,None,2026-06-24
APP_000274,CLI_02606,BR_030,33462.42,Approved,None,2026-08-16
APP_000275,CLI_02558,BR_024,35018.1,Denied,High DTI,2026-07-05
APP_000276,CLI_01369,BR_039,34689.7,Approved,None,2026-08-18
APP_000277,CLI_00993,BR_010,5965.44,Approved,None,2026-03-26
APP_000278,CLI_04825,BR_018,19558.82,Denied,Low Score,2026-03-23
APP_000279,CLI_03419,BR_039,28308.29,Approved,None,2026-07-08
APP_000280,CLI_00487,BR_044,1781.34,Approved,None,2026-05-12
APP_000281,CLI_01507,BR_015,12137.82,Approved,None,2026-03-29
APP_000282,CLI_01071,BR_039,38396.14,Approved,None,2026-05-21
APP_000283,CLI_02973,BR_002,33063.12,Denied,Active Default,2026-07-03
APP_000284,CLI_04378,BR_005,40031.13,Approved,None,2026-06-19
APP_000285,CLI_03168,BR_043,29638.0,Denied,High DTI,2026-04-06
APP_000286,CLI_00354,BR_013,14991.6,Denied,High DTI,2026-08-04
APP_000287,CLI_00712,BR_025,13894.36,Denied,Low Score,2026-07-13
APP_000288,CLI_02493,BR_021,41213.71,Approved,None,2026-05-31
APP_000289,CLI_03492,BR_032,10783.32,Approved,None,2026-06-02
APP_000290,CLI_03424,BR_039,38525.45,Denied,Low Score,2026-04-26
APP_000291,CLI_04208,BR_034,36623.61,Approved,None,2026-06-06
APP_000292,CLI_01162,BR_003,12561.64,Denied,Active Default,2026-08-06
APP_000293,CLI_03203,BR_022,2967.24,Denied,Low Score,2026-07-27
APP_000294,CLI_04681,BR_027,7818.59,Denied,Low Score,2026-03-23
APP_000295,CLI_00918,BR_042,10134.43,Denied,Low Score,2026-03-13
APP_000296,CLI_01783,BR_014,4861.53,Approved,None,2026-05-28
APP_000297,CLI_02645,BR_036,32538.43,Approved,None,2026-06-22
APP_000298,CLI_01826,BR_030,35209.72,Denied,Low Score,2026-04-21
APP_000299,CLI_00615,BR_024,11985.34,Denied,Low Score,2026-07-03
APP_000300,CLI_02911,BR_032,25798.09,Denied,Low Score,2026-06-23
APP_000301,CLI_02925,BR_014,5875.47,Denied,Active Default,2026-06-16
APP_000302,CLI_03664,BR_034,42685.8,Approved,None,2026-06-13
APP_000303,CLI_02613,BR_045,44608.27,Denied,Low Score,2026-04-19
APP_000304,CLI_00241,BR_050,2586.06,Denied,High DTI,2026-03-05
APP_000305,CLI_04252,BR_010,33398.35,Approved,None,2026-06-13
APP_000306,CLI_04850,BR_006,44564.67,Denied,High DTI,2026-07-13
APP_000307,CLI_04158,BR_010,19676.02,Denied,Low Score,2026-08-01
APP_000308,CLI_01193,BR_003,5738.22,Denied,High DTI,2026-06-15
APP_000309,CLI_02439,BR_015,16651.68,Denied,Low Score,2026-06-19
APP_000310,CLI_03332,BR_036,19972.16,Approved,None,2026-05-05
APP_000311,CLI_01094,BR_050,42834.39,Approved,None,2026-08-24
APP_000312,CLI_04068,BR_010,27772.06,Approved,None,2026-07-16
APP_000313,CLI_01564,BR_049,41803.43,Approved,None,2026-03-10
APP_000314,CLI_01563,BR_041,25978.71,Denied,Fraud Suspicion,2026-05-02
APP_000315,CLI_03655,BR_019,9879.37,Denied,Thin File,2026-07-31
APP_000316,CLI_03585,BR_044,32713.25,Approved,None,2026-03-16
APP_000317,CLI_01800,BR_032,22300.03,Denied,Low Score,2026-05-19
APP_000318,CLI_02365,BR_039,4793.17,Denied,High DTI,2026-03-17
APP_000319,CLI_04216,BR_048,46297.01,Denied,Fraud Suspicion,2026-03-13
APP_000320,CLI_00697,BR_045,18345.78,Denied,Thin File,2026-07-17
APP_000321,CLI_03412,BR_012,8025.41,Denied,High DTI,2026-05-31
APP_000322,CLI_00989,BR_030,32498.36,Denied,Thin File,2026-04-10
APP_000323,CLI_01085,BR_020,39236.57,Approved,None,2026-07-15
APP_000324,CLI_00077,BR_028,15204.88,Denied,High DTI,2026-04-07
APP_000325,CLI_04562,BR_040,37607.22,Approved,None,2026-06-06
APP_000326,CLI_00947,BR_045,32002.81,Denied,Low Score,2026-04-09
APP_000327,CLI_01003,BR_035,2901.79,Denied,Thin File,2026-05-30
APP_000328,CLI_01424,BR_024,21921.35,Denied,Thin File,2026-03-15
APP_000329,CLI_02304,BR_042,8697.1,Denied,Active Default,2026-07-02
APP_000330,CLI_01178,BR_040,26842.28,Denied,Low Score,2026-07-07
APP_000331,CLI_02996,BR_038,29119.28,Approved,None,2026-08-08
APP_000332,CLI_02300,BR_016,38737.82,Denied,Thin File,2026-04-06
APP_000333,CLI_03416,BR_047,47021.14,Denied,Low Score,2026-05-12
APP_000334,CLI_04692,BR_037,41670.82,Denied,Active Default,2026-08-11
APP_000335,CLI_02662,BR_006,46662.28,Approved,None,2026-07-03
APP_000336,CLI_04507,BR_021,19192.08,Approved,None,2026-03-08
APP_000337,CLI_02662,BR_031,16025.77,Approved,None,2026-08-13
APP_000338,CLI_04755,BR_027,17366.72,Approved,None,2026-03-18
APP_000339,CLI_01974,BR_007,4412.77,Denied,Thin File,2026-06-15
APP_000340,CLI_00741,BR_018,45844.49,Approved,None,2026-04-07
APP_000341,CLI_04761,BR_032,18471.72,Denied,Low Score,2026-05-22
APP_000342,CLI_00327,BR_007,10214.39,Denied,Thin File,2026-03-14
APP_000343,CLI_04016,BR_019,38324.32,Approved,None,2026-07-12
APP_000344,CLI_03558,BR_006,23614.92,Approved,None,2026-03-31
APP_000345,CLI_03382,BR_050,1041.83,Denied,High DTI,2026-04-18
APP_000346,CLI_01496,BR_007,15492.54,Denied,Low Score,2026-07-27
APP_000347,CLI_04159,BR_002,44400.32,Denied,Low Score,2026-05-02
APP_000348,CLI_01138,BR_022,26668.92,Denied,Active Default,2026-03-22
APP_000349,CLI_02558,BR_004,23047.74,Approved,None,2026-08-31
APP_000350,CLI_03329,BR_017,31480.92,Approved,None,2026-03-10
APP_000351,CLI_03591,BR_050,7492.45,Approved,None,2026-08-29
APP_000352,CLI_01342,BR_028,12786.36,Approved,None,2026-05-16
APP_000353,CLI_03750,BR_008,48610.88,Approved,None,2026-06-27
APP_000354,CLI_00618,BR_002,5462.25,Denied,Active Default,2026-06-14
APP_000355,CLI_01120,BR_043,35444.52,Approved,None,2026-04-13
APP_000356,CLI_01953,BR_022,20807.55,Approved,None,2026-08-19
APP_000357,CLI_02674,BR_046,12044.3,Denied,Low Score,2026-08-02
APP_000358,CLI_03850,BR_019,35232.04,Approved,None,2026-05-30
APP_000359,CLI_02947,BR_014,17422.5,Approved,None,2026-03-19
APP_000360,CLI_02742,BR_041,48500.61,Denied,Active Default,2026-04-23
APP_000361,CLI_01632,BR_004,25455.08,Denied,Fraud Suspicion,2026-06-14
APP_000362,CLI_04874,BR_003,15325.02,Denied,High DTI,2026-07-16
APP_000363,CLI_01558,BR_003,42304.09,Denied,Thin File,2026-05-20
APP_000364,CLI_02858,BR_027,9921.31,Denied,Low Score,2026-07-15
APP_000365,CLI_03437,BR_041,22362.49,Approved,None,2026-08-23
APP_000366,CLI_01977,BR_020,25593.01,Denied,Thin File,2026-04-28
APP_000367,CLI_03515,BR_002,31148.19,Denied,Fraud Suspicion,2026-06-21
APP_000368,CLI_00306,BR_031,13985.58,Denied,High DTI,2026-03-05
APP_000369,CLI_02253,BR_015,36557.62,Denied,Thin File,2026-04-30
APP_000370,CLI_04653,BR_010,1056.15,Denied,Low Score,2026-04-26
APP_000371,CLI_01633,BR_012,25790.39,Denied,Thin File,2026-07-19
APP_000372,CLI_02364,BR_044,8194.18,Denied,Active Default,2026-08-14
APP_000373,CLI_02870,BR_043,6728.77,Denied,Low Score,2026-07-04
APP_000374,CLI_04706,BR_001,14212.17,Denied,High DTI,2026-04-20
APP_000375,CLI_03186,BR_016,36178.6,Denied,Low Score,2026-08-09
APP_000376,CLI_02104,BR_042,1859.83,Denied,Fraud Suspicion,2026-04-25
APP_000377,CLI_03374,BR_038,39825.2,Approved,None,2026-05-25
APP_000378,CLI_01586,BR_009,28828.1,Denied,Thin File,2026-07-19
APP_000379,CLI_01398,BR_048,23590.0,Denied,Active Default,2026-07-26
APP_000380,CLI_03085,BR_048,40462.53,Denied,Low Score,2026-04-26
APP_000381,CLI_04177,BR_042,7849.07,Denied,Thin File,2026-04-05
APP_000382,CLI_00515,BR_049,2477.05,Approved,None,2026-05-31
APP_000383,CLI_04389,BR_004,34403.23,Denied,Low Score,2026-08-31
APP_000384,CLI_02414,BR_022,24517.87,Approved,None,2026-08-31
APP_000385,CLI_00918,BR_022,3594.83,Denied,Low Score,2026-05-05
APP_000386,CLI_04290,BR_044,24323.17,Denied,Active Default,2026-08-12
APP_000387,CLI_02003,BR_021,25266.98,Denied,Active Default,2026-04-24
APP_000388,CLI_02291,BR_017,32292.64,Denied,Fraud Suspicion,2026-04-24
APP_000389,CLI_02136,BR_023,23010.05,Denied,Active Default,2026-04-28
APP_000390,CLI_01624,BR_025,6411.28,Denied,Low Score,2026-04-23
APP_000391,CLI_03610,BR_005,19565.24,Approved,None,2026-08-24
APP_000392,CLI_04579,BR_048,22901.8,Denied,Low Score,2026-04-07
APP_000393,CLI_03261,BR_010,4208.59,Denied,Thin File,2026-04-08
APP_000394,CLI_00140,BR_038,8234.53,Approved,None,2026-07-17
APP_000395,CLI_00521,BR_034,38094.62,Approved,None,2026-04-21
APP_000396,CLI_01834,BR_028,24597.86,Denied,High DTI,2026-05-17
APP_000397,CLI_00904,BR_019,46769.77,Approved,None,2026-07-31
APP_000398,CLI_01745,BR_012,8196.72,Approved,None,2026-08-14
APP_000399,CLI_01016,BR_022,21547.5,Denied,Thin File,2026-04-03
APP_000400,CLI_03895,BR_008,26848.77,Denied,Active Default,2026-03-17
APP_000401,CLI_02201,BR_010,8141.32,Denied,Low Score,2026-05-14
APP_000402,CLI_04861,BR_020,35863.79,Approved,None,2026-03-09
APP_000403,CLI_02379,BR_046,18988.67,Approved,None,2026-08-13
APP_000404,CLI_02872,BR_011,17784.42,Denied,Fraud Suspicion,2026-05-15
APP_000405,CLI_03400,BR_029,8125.72,Denied,Low Score,2026-07-11
APP_000406,CLI_03887,BR_020,25547.13,Approved,None,2026-04-11
APP_000407,CLI_01313,BR_004,22001.53,Approved,None,2026-08-30
APP_000408,CLI_03337,BR_008,46172.54,Denied,Thin File,2026-08-16
APP_000409,CLI_03582,BR_043,26443.21,Denied,Low Score,2026-08-09
APP_000410,CLI_00017,BR_007,30099.94,Denied,High DTI,2026-05-14
APP_000411,CLI_01466,BR_016,42778.98,Denied,Thin File,2026-08-24
APP_000412,CLI_03288,BR_030,30899.55,Denied,Low Score,2026-08-27
APP_000413,CLI_01010,BR_035,46698.23,Approved,None,2026-04-13
APP_000414,CLI_03180,BR_020,42085.65,Approved,None,2026-06-11
APP_000415,CLI_04271,BR_011,45294.83,Approved,None,2026-06-12
APP_000416,CLI_03506,BR_049,32061.26,Approved,None,2026-03-16
APP_000417,CLI_04436,BR_019,47469.82,Approved,None,2026-07-30
APP_000418,CLI_01989,BR_022,49680.69,Denied,Thin File,2026-05-28
APP_000419,CLI_00397,BR_049,42992.21,Denied,Active Default,2026-04-21
APP_000420,CLI_02437,BR_006,19723.32,Denied,Active Default,2026-05-29
APP_000421,CLI_01229,BR_011,18406.54,Approved,None,2026-03-05
APP_000422,CLI_01704,BR_020,32406.66,Approved,None,2026-03-06
APP_000423,CLI_01029,BR_048,44052.92,Approved,None,2026-06-25
APP_000424,CLI_01539,BR_019,44975.69,Approved,None,2026-05-24
APP_000425,CLI_00393,BR_010,39592.46,Denied,Low Score,2026-03-22
APP_000426,CLI_00462,BR_030,28909.56,Denied,Thin File,2026-04-25
APP_000427,CLI_01786,BR_005,14000.88,Denied,Low Score,2026-04-11
APP_000428,CLI_01076,BR_013,13282.44,Denied,High DTI,2026-05-12
APP_000429,CLI_01421,BR_004,2449.56,Denied,Active Default,2026-07-30
APP_000430,CLI_03652,BR_035,33251.67,Denied,High DTI,2026-05-22
APP_000431,CLI_00018,BR_033,24282.21,Approved,None,2026-06-17
APP_000432,CLI_03083,BR_003,38067.71,Denied,Low Score,2026-05-20
APP_000433,CLI_03117,BR_038,28630.71,Denied,Active Default,2026-04-04
APP_000434,CLI_01066,BR_013,30789.9,Approved,None,2026-08-14
APP_000435,CLI_01738,BR_039,13925.44,Approved,None,2026-08-26
APP_000436,CLI_04505,BR_020,22800.1,Approved,None,2026-05-30
APP_000437,CLI_03088,BR_029,23631.36,Approved,None,2026-06-23
APP_000438,CLI_04261,BR_044,5448.02,Denied,Low Score,2026-04-07
APP_000439,CLI_04910,BR_037,26609.53,Approved,None,2026-07-25
APP_000440,CLI_03952,BR_044,3252.15,Denied,Low Score,2026-04-24
APP_000441,CLI_02940,BR_030,49747.64,Approved,None,2026-07-15
APP_000442,CLI_04807,BR_033,10433.42,Denied,Thin File,2026-08-14
APP_000443,CLI_02938,BR_038,20627.18,Approved,None,2026-03-19
APP_000444,CLI_04434,BR_025,49528.82,Denied,High DTI,2026-08-09
APP_000445,CLI_04815,BR_011,26207.87,Approved,None,2026-08-15
APP_000446,CLI_00896,BR_001,43975.3,Denied,Thin File,2026-08-01
APP_000447,CLI_02544,BR_034,31698.66,Denied,Thin File,2026-04-23
APP_000448,CLI_03331,BR_050,6826.25,Denied,Thin File,2026-06-24
APP_000449,CLI_00722,BR_039,25970.49,Approved,None,2026-07-11
APP_000450,CLI_02445,BR_046,18631.77,Denied,Low Score,2026-08-03
APP_000451,CLI_01748,BR_049,32445.58,Denied,High DTI,2026-05-22
APP_000452,CLI_02280,BR_010,20524.11,Approved,None,2026-03-21
APP_000453,CLI_00757,BR_047,1759.5,Denied,High DTI,2026-05-20
APP_000454,CLI_01965,BR_025,42071.41,Denied,Low Score,2026-08-17
APP_000455,CLI_01146,BR_005,17007.23,Denied,Low Score,2026-06-26
APP_000456,CLI_00322,BR_010,22355.52,Approved,None,2026-07-03
APP_000457,CLI_02213,BR_038,8068.31,Approved,None,2026-06-01
APP_000458,CLI_01581,BR_003,38023.28,Denied,Thin File,2026-03-24
APP_000459,CLI_03433,BR_008,28898.0,Approved,None,2026-04-03
APP_000460,CLI_01236,BR_050,33757.73,Denied,Thin File,2026-03-29
APP_000461,CLI_00841,BR_017,7204.43,Denied,Fraud Suspicion,2026-03-29
APP_000462,CLI_04844,BR_005,15915.32,Approved,None,2026-08-27
APP_000463,CLI_02039,BR_045,6869.14,Denied,Fraud Suspicion,2026-04-04
APP_000464,CLI_02316,BR_028,39223.62,Approved,None,2026-08-16
APP_000465,CLI_03462,BR_031,45865.24,Approved,None,2026-05-21
APP_000466,CLI_02989,BR_035,31130.94,Approved,None,2026-04-17
APP_000467,CLI_01780,BR_024,41868.07,Approved,None,2026-07-08
APP_000468,CLI_04261,BR_001,18170.71,Approved,None,2026-05-01
APP_000469,CLI_03619,BR_040,42787.46,Denied,Low Score,2026-06-17
APP_000470,CLI_02452,BR_007,10682.72,Denied,Thin File,2026-06-15
APP_000471,CLI_01316,BR_019,2226.78,Approved,None,2026-07-09
APP_000472,CLI_02020,BR_042,48602.38,Denied,High DTI,2026-07-15
APP_000473,CLI_04098,BR_017,23472.8,Denied,Low Score,2026-05-18
APP_000474,CLI_04686,BR_042,14095.1,Approved,None,2026-07-30
APP_000475,CLI_04222,BR_005,17227.12,Denied,Low Score,2026-08-27
APP_000476,CLI_04589,BR_017,26165.97,Denied,Thin File,2026-03-16
APP_000477,CLI_04720,BR_033,9494.69,Denied,Low Score,2026-05-11
APP_000478,CLI_00548,BR_048,12465.83,Denied,Thin File,2026-04-21
APP_000479,CLI_04443,BR_032,22106.77,Denied,Low Score,2026-04-12
APP_000480,CLI_00336,BR_016,36048.82,Denied,Thin File,2026-05-13
APP_000481,CLI_03538,BR_003,49529.49,Denied,Active Default,2026-08-30
APP_000482,CLI_02888,BR_024,44031.35,Denied,Thin File,2026-04-17
APP_000483,CLI_01040,BR_007,23699.57,Approved,None,2026-06-07
APP_000484,CLI_01600,BR_046,5415.59,Denied,Low Score,2026-06-04
APP_000485,CLI_01583,BR_019,4040.22,Approved,None,2026-06-10
APP_000486,CLI_04064,BR_012,3196.0,Denied,Active Default,2026-08-27
APP_000487,CLI_02729,BR_006,3702.41,Denied,Low Score,2026-07-19
APP_000488,CLI_01482,BR_037,39290.79,Denied,Low Score,2026-03-22
APP_000489,CLI_00950,BR_016,17344.13,Denied,Active Default,2026-05-17
APP_000490,CLI_04512,BR_009,18356.81,Denied,Thin File,2026-08-02
APP_000491,CLI_01339,BR_033,29058.25,Denied,Thin File,2026-05-10
APP_000492,CLI_02559,BR_047,19871.9,Denied,High DTI,2026-03-05
APP_000493,CLI_02812,BR_011,5320.82,Approved,None,2026-05-04
APP_000494,CLI_02709,BR_021,6898.64,Approved,None,2026-04-01
APP_000495,CLI_03655,BR_006,14504.2,Denied,Low Score,2026-04-05
APP_000496,CLI_04776,BR_032,44220.67,Denied,High DTI,2026-05-08
APP_000497,CLI_02153,BR_049,13922.98,Approved,None,2026-08-07
APP_000498,CLI_00489,BR_023,3999.36,Approved,None,2026-07-13
APP_000499,CLI_03073,BR_008,26340.64,Approved,None,2026-04-16
APP_000500,CLI_02067,BR_025,38571.76,Denied,Low Score,2026-03-09
APP_000501,CLI_01108,BR_003,32577.09,Approved,None,2026-06-24
APP_000502,CLI_00618,BR_004,20317.86,Approved,None,2026-03-19
APP_000503,CLI_03943,BR_013,21978.61,Approved,None,2026-04-09
APP_000504,CLI_00225,BR_004,44360.76,Approved,None,2026-04-10
APP_000505,CLI_03697,BR_002,16583.53,Denied,High DTI,2026-05-07
APP_000506,CLI_00410,BR_033,18589.55,Denied,Low Score,2026-07-19
APP_000507,CLI_02052,BR_041,20660.27,Approved,None,2026-04-01
APP_000508,CLI_01843,BR_039,18969.11,Approved,None,2026-06-12
APP_000509,CLI_02640,BR_035,22498.12,Denied,Thin File,2026-07-30
APP_000510,CLI_04376,BR_025,25202.02,Denied,Low Score,2026-07-24
APP_000511,CLI_01019,BR_005,35721.57,Denied,Thin File,2026-04-15
APP_000512,CLI_01387,BR_011,27717.42,Denied,High DTI,2026-08-21
APP_000513,CLI_02164,BR_029,36558.9,Approved,None,2026-08-07
APP_000514,CLI_03183,BR_024,25994.82,Approved,None,2026-08-20
APP_000515,CLI_02687,BR_033,14338.72,Denied,Thin File,2026-04-03
APP_000516,CLI_01989,BR_014,25235.95,Approved,None,2026-06-19
APP_000517,CLI_04606,BR_048,11194.29,Approved,None,2026-07-10
APP_000518,CLI_04721,BR_044,15932.07,Denied,Fraud Suspicion,2026-08-21
APP_000519,CLI_04056,BR_037,34857.73,Denied,Active Default,2026-05-31
APP_000520,CLI_01372,BR_014,25881.09,Denied,Thin File,2026-08-21
APP_000521,CLI_00764,BR_020,47565.9,Denied,Fraud Suspicion,2026-05-17
APP_000522,CLI_03198,BR_024,27808.64,Approved,None,2026-05-14
APP_000523,CLI_03642,BR_043,42613.67,Denied,Fraud Suspicion,2026-05-20
APP_000524,CLI_02644,BR_010,24539.48,Denied,High DTI,2026-04-05
APP_000525,CLI_01663,BR_038,11261.31,Approved,None,2026-04-29
APP_000526,CLI_02442,BR_050,49897.56,Denied,Low Score,2026-03-22
APP_000527,CLI_04088,BR_014,39905.77,Approved,None,2026-08-16
APP_000528,CLI_01115,BR_015,21420.9,Approved,None,2026-08-10
APP_000529,CLI_03091,BR_037,47365.41,Denied,Low Score,2026-07-20
APP_000530,CLI_02733,BR_031,34404.69,Approved,None,2026-03-07
APP_000531,CLI_03718,BR_013,20073.73,Denied,Thin File,2026-05-27
APP_000532,CLI_03237,BR_044,18287.49,Approved,None,2026-03-09
APP_000533,CLI_00479,BR_037,24802.29,Approved,None,2026-07-30
APP_000534,CLI_01369,BR_050,7751.49,Denied,Fraud Suspicion,2026-03-17
APP_000535,CLI_01645,BR_040,37775.23,Denied,Active Default,2026-04-08
APP_000536,CLI_04183,BR_034,3279.41,Denied,Thin File,2026-06-30
APP_000537,CLI_03632,BR_006,18796.37,Approved,None,2026-08-05
APP_000538,CLI_03334,BR_021,38399.08,Approved,None,2026-05-30
APP_000539,CLI_03415,BR_007,49752.55,Denied,Low Score,2026-08-07
APP_000540,CLI_04500,BR_040,39613.72,Approved,None,2026-05-18
APP_000541,CLI_01059,BR_007,3054.86,Denied,Thin File,2026-06-21
APP_000542,CLI_02432,BR_030,44899.55,Approved,None,2026-05-20
APP_000543,CLI_01730,BR_021,25318.56,Denied,Low Score,2026-07-26
APP_000544,CLI_00685,BR_012,31848.39,Denied,Thin File,2026-08-16
APP_000545,CLI_03544,BR_038,16627.36,Approved,None,2026-08-09
APP_000546,CLI_00888,BR_013,39212.29,Denied,Low Score,2026-03-31
APP_000547,CLI_03997,BR_005,34136.09,Approved,None,2026-03-18
APP_000548,CLI_02145,BR_036,19512.17,Approved,None,2026-06-16
APP_000549,CLI_00291,BR_047,9757.29,Denied,Active Default,2026-05-11
APP_000550,CLI_02296,BR_016,36865.16,Denied,Fraud Suspicion,2026-06-20
APP_000551,CLI_00699,BR_027,2861.13,Denied,High DTI,2026-07-09
APP_000552,CLI_03183,BR_003,28708.83,Denied,Thin File,2026-05-31
APP_000553,CLI_00924,BR_031,9055.57,Approved,None,2026-07-03
APP_000554,CLI_01377,BR_029,38667.73,Denied,Thin File,2026-05-14
APP_000555,CLI_03469,BR_036,6469.71,Denied,High DTI,2026-07-05
APP_000556,CLI_01530,BR_025,10433.33,Approved,None,2026-05-17
APP_000557,CLI_04713,BR_050,33746.18,Denied,Low Score,2026-06-17
APP_000558,CLI_02770,BR_031,31065.63,Denied,Active Default,2026-06-16
APP_000559,CLI_03382,BR_049,29414.88,Denied,Low Score,2026-05-17
APP_000560,CLI_02752,BR_024,11258.06,Approved,None,2026-08-11
APP_000561,CLI_04509,BR_028,12180.2,Approved,None,2026-05-05
APP_000562,CLI_03120,BR_033,6130.55,Denied,Thin File,2026-04-03
APP_000563,CLI_04352,BR_013,18326.72,Denied,Low Score,2026-04-14
APP_000564,CLI_03515,BR_013,5748.51,Denied,Low Score,2026-06-22
APP_000565,CLI_02977,BR_008,28472.19,Approved,None,2026-04-08
APP_000566,CLI_03102,BR_017,41585.87,Denied,High DTI,2026-03-18
APP_000567,CLI_02839,BR_026,16016.43,Approved,None,2026-08-10
APP_000568,CLI_02825,BR_007,49665.38,Approved,None,2026-06-03
APP_000569,CLI_02456,BR_045,39603.83,Denied,High DTI,2026-07-25
APP_000570,CLI_02836,BR_008,8622.7,Approved,None,2026-07-21
APP_000571,CLI_04431,BR_043,3987.61,Denied,Active Default,2026-06-26
APP_000572,CLI_00611,BR_034,36254.37,Denied,Thin File,2026-05-14
APP_000573,CLI_03274,BR_002,42978.21,Denied,Thin File,2026-03-11
APP_000574,CLI_03651,BR_022,11906.66,Denied,High DTI,2026-07-18
APP_000575,CLI_04350,BR_024,23591.61,Approved,None,2026-07-06
APP_000576,CLI_00501,BR_007,33761.77,Approved,None,2026-03-15
APP_000577,CLI_03675,BR_034,10188.87,Approved,None,2026-03-16
APP_000578,CLI_02566,BR_010,44527.77,Denied,Low Score,2026-06-27
APP_000579,CLI_02949,BR_050,43094.81,Denied,Low Score,2026-06-22
APP_000580,CLI_00988,BR_025,38172.16,Approved,None,2026-07-01
APP_000581,CLI_02589,BR_045,12712.76,Denied,Active Default,2026-03-13
APP_000582,CLI_02520,BR_034,6107.92,Denied,Thin File,2026-07-19
APP_000583,CLI_02425,BR_012,27909.65,Approved,None,2026-06-29
APP_000584,CLI_01318,BR_011,38636.41,Denied,Low Score,2026-06-30
APP_000585,CLI_00130,BR_024,23941.01,Denied,Thin File,2026-07-18
APP_000586,CLI_02737,BR_041,2483.58,Approved,None,2026-03-30
APP_000587,CLI_00301,BR_022,14056.88,Approved,None,2026-05-16
APP_000588,CLI_00026,BR_006,34664.17,Denied,Thin File,2026-08-06
APP_000589,CLI_02844,BR_040,31881.7,Denied,Active Default,2026-04-25
APP_000590,CLI_02036,BR_013,6569.14,Approved,None,2026-05-15
APP_000591,CLI_03897,BR_042,7629.68,Denied,Thin File,2026-03-15
APP_000592,CLI_00425,BR_026,36929.78,Denied,High DTI,2026-05-13
APP_000593,CLI_03211,BR_038,48112.07,Approved,None,2026-08-20
APP_000594,CLI_01658,BR_036,1644.98,Denied,Thin File,2026-03-25
APP_000595,CLI_04389,BR_021,11971.5,Denied,Low Score,2026-08-31
APP_000596,CLI_04112,BR_001,16147.58,Denied,Low Score,2026-05-12
APP_000597,CLI_00426,BR_003,9014.72,Denied,Thin File,2026-06-01
APP_000598,CLI_00044,BR_020,32805.67,Approved,None,2026-08-08
APP_000599,CLI_03469,BR_048,42992.42,Approved,None,2026-04-06
APP_000600,CLI_04164,BR_032,38489.97,Denied,High DTI,2026-04-30
APP_000601,CLI_03617,BR_038,38433.82,Denied,High DTI,2026-03-25
APP_000602,CLI_02234,BR_012,11795.73,Denied,Active Default,2026-04-02
APP_000603,CLI_01309,BR_009,17509.5,Denied,Low Score,2026-04-09
APP_000604,CLI_00060,BR_020,38515.05,Approved,None,2026-05-05
APP_000605,CLI_00336,BR_018,39121.32,Denied,Thin File,2026-04-30
APP_000606,CLI_04167,BR_041,16872.48,Denied,Thin File,2026-03-09
APP_000607,CLI_00143,BR_013,2569.83,Denied,Fraud Suspicion,2026-06-01
APP_000608,CLI_03436,BR_006,4894.01,Denied,Active Default,2026-03-17
APP_000609,CLI_02435,BR_010,35003.02,Denied,Thin File,2026-07-13
APP_000610,CLI_04628,BR_029,7633.72,Approved,None,2026-06-01
APP_000611,CLI_03125,BR_004,14974.59,Denied,High DTI,2026-08-23
APP_000612,CLI_02816,BR_016,38384.22,Approved,None,2026-04-17
APP_000613,CLI_04359,BR_030,23962.19,Denied,Thin File,2026-06-02
APP_000614,CLI_03795,BR_021,39908.9,Approved,None,2026-07-18
APP_000615,CLI_03330,BR_045,7208.39,Approved,None,2026-07-26
APP_000616,CLI_01070,BR_032,33643.56,Approved,None,2026-07-18
APP_000617,CLI_02839,BR_050,20567.21,Denied,Active Default,2026-06-24
APP_000618,CLI_03016,BR_036,37465.78,Denied,Low Score,2026-03-28
APP_000619,CLI_03524,BR_049,27862.58,Approved,None,2026-08-15
APP_000620,CLI_02126,BR_017,40224.97,Denied,Thin File,2026-07-18
APP_000621,CLI_01067,BR_008,12397.09,Approved,None,2026-05-15
APP_000622,CLI_04833,BR_033,16357.12,Denied,Thin File,2026-06-09
APP_000623,CLI_04587,BR_033,26430.78,Approved,None,2026-05-18
APP_000624,CLI_01494,BR_020,10556.93,Denied,Thin File,2026-05-07
APP_000625,CLI_02892,BR_018,39215.87,Approved,None,2026-04-12
APP_000626,CLI_00222,BR_034,14322.33,Denied,Active Default,2026-07-14
APP_000627,CLI_03271,BR_008,7651.14,Approved,None,2026-06-07
APP_000628,CLI_03994,BR_003,5357.83,Approved,None,2026-08-22
APP_000629,CLI_04758,BR_034,47895.76,Denied,Fraud Suspicion,2026-07-01
APP_000630,CLI_00088,BR_016,37285.53,Approved,None,2026-04-10
APP_000631,CLI_04148,BR_039,37731.44,Denied,Low Score,2026-06-02
APP_000632,CLI_03680,BR_017,43480.23,Denied,High DTI,2026-07-20
APP_000633,CLI_02524,BR_025,34920.51,Denied,Low Score,2026-06-01
APP_000634,CLI_02125,BR_043,35318.87,Denied,Low Score,2026-07-26
APP_000635,CLI_00823,BR_050,14133.62,Approved,None,2026-07-27
APP_000636,CLI_04584,BR_011,10257.5,Approved,None,2026-06-01
APP_000637,CLI_01635,BR_003,16936.04,Denied,Low Score,2026-07-16
APP_000638,CLI_03506,BR_046,32492.03,Approved,None,2026-08-18
APP_000639,CLI_04720,BR_007,20384.42,Approved,None,2026-07-14
APP_000640,CLI_03468,BR_047,14563.53,Denied,Thin File,2026-04-27
APP_000641,CLI_03328,BR_042,27614.5,Denied,Thin File,2026-06-02
APP_000642,CLI_01986,BR_030,24735.45,Approved,None,2026-03-09
APP_000643,CLI_00441,BR_017,6419.49,Approved,None,2026-08-29
APP_000644,CLI_02056,BR_038,37351.48,Denied,Low Score,2026-06-19
APP_000645,CLI_00430,BR_003,37630.75,Denied,Low Score,2026-06-15
APP_000646,CLI_01021,BR_010,40367.75,Approved,None,2026-07-23
APP_000647,CLI_02536,BR_012,2455.71,Denied,Thin File,2026-03-21
APP_000648,CLI_01027,BR_013,47868.93,Denied,High DTI,2026-05-29
APP_000649,CLI_03165,BR_028,2277.26,Denied,Thin File,2026-06-10
APP_000650,CLI_04675,BR_050,2453.21,Approved,None,2026-04-24
APP_000651,CLI_00257,BR_030,48784.43,Denied,Active Default,2026-06-12
APP_000652,CLI_04115,BR_032,23318.43,Approved,None,2026-07-29
APP_000653,CLI_04351,BR_039,47404.54,Denied,Active Default,2026-04-13
APP_000654,CLI_02695,BR_030,45273.42,Approved,None,2026-06-28
APP_000655,CLI_02167,BR_039,23918.88,Denied,Low Score,2026-05-24
APP_000656,CLI_02271,BR_035,34551.4,Approved,None,2026-07-12
APP_000657,CLI_01646,BR_045,1098.55,Approved,None,2026-04-27
APP_000658,CLI_04615,BR_046,34251.49,Denied,Thin File,2026-06-28
APP_000659,CLI_02396,BR_035,19892.58,Approved,None,2026-03-31
APP_000660,CLI_03783,BR_003,41416.98,Denied,High DTI,2026-08-01
APP_000661,CLI_04410,BR_049,35950.8,Denied,Low Score,2026-07-26
APP_000662,CLI_00613,BR_008,49107.2,Denied,Low Score,2026-05-20
APP_000663,CLI_01811,BR_041,5611.29,Denied,Low Score,2026-03-28
APP_000664,CLI_01342,BR_027,31193.89,Denied,High DTI,2026-05-24
APP_000665,CLI_04148,BR_016,32406.46,Approved,None,2026-05-24
APP_000666,CLI_04485,BR_017,49756.53,Denied,Active Default,2026-04-06
APP_000667,CLI_03669,BR_005,34403.23,Denied,High DTI,2026-03-27
APP_000668,CLI_01713,BR_036,38819.09,Denied,Low Score,2026-05-09
APP_000669,CLI_00294,BR_041,33323.63,Denied,Thin File,2026-08-03
APP_000670,CLI_01773,BR_035,44324.36,Denied,Fraud Suspicion,2026-08-10
APP_000671,CLI_01925,BR_031,10686.52,Denied,Active Default,2026-06-12
APP_000672,CLI_04321,BR_048,29015.13,Denied,Active Default,2026-03-20
APP_000673,CLI_01021,BR_027,39194.93,Approved,None,2026-06-05
APP_000674,CLI_01471,BR_041,2413.57,Denied,High DTI,2026-08-11
APP_000675,CLI_01243,BR_027,8063.84,Approved,None,2026-03-09
APP_000676,CLI_02595,BR_017,27602.79,Denied,Low Score,2026-07-07
APP_000677,CLI_04692,BR_002,13507.54,Denied,Active Default,2026-04-08
APP_000678,CLI_04808,BR_026,21693.38,Approved,None,2026-04-12
APP_000679,CLI_04152,BR_039,36788.11,Approved,None,2026-04-22
APP_000680,CLI_03574,BR_012,48025.24,Denied,High DTI,2026-04-24
APP_000681,CLI_04651,BR_009,6201.09,Denied,Thin File,2026-05-31
APP_000682,CLI_03824,BR_004,34188.76,Approved,None,2026-03-24
APP_000683,CLI_03982,BR_049,44005.79,Approved,None,2026-08-06
APP_000684,CLI_02193,BR_003,36452.6,Denied,Low Score,2026-05-14
APP_000685,CLI_00513,BR_007,8428.83,Denied,Active Default,2026-03-09
APP_000686,CLI_00808,BR_045,10214.8,Approved,None,2026-03-11
APP_000687,CLI_02587,BR_013,31874.6,Approved,None,2026-07-13
APP_000688,CLI_01620,BR_024,3812.04,Approved,None,2026-08-24
APP_000689,CLI_02081,BR_011,2635.65,Denied,Thin File,2026-03-25
APP_000690,CLI_03812,BR_012,20768.1,Denied,Thin File,2026-07-10
APP_000691,CLI_00982,BR_024,29188.1,Approved,None,2026-07-23
APP_000692,CLI_00600,BR_034,10311.85,Denied,Low Score,2026-05-22
APP_000693,CLI_00572,BR_034,49545.89,Denied,Low Score,2026-07-28
APP_000694,CLI_01426,BR_032,30171.58,Approved,None,2026-03-14
APP_000695,CLI_00189,BR_014,18157.92,Denied,High DTI,2026-06-05
APP_000696,CLI_03577,BR_015,43713.74,Denied,Thin File,2026-06-03
APP_000697,CLI_04330,BR_031,32609.14,Denied,Low Score,2026-07-27
APP_000698,CLI_02366,BR_018,46171.46,Denied,Low Score,2026-04-29
APP_000699,CLI_02497,BR_015,26156.11,Denied,Thin File,2026-04-22
APP_000700,CLI_03322,BR_011,32564.73,Approved,None,2026-08-10
APP_000701,CLI_04186,BR_008,5242.0,Denied,Low Score,2026-08-25
APP_000702,CLI_00243,BR_046,29120.41,Denied,Low Score,2026-08-23
APP_000703,CLI_00013,BR_003,31225.64,Denied,Thin File,2026-03-07
APP_000704,CLI_00677,BR_044,15525.88,Denied,Active Default,2026-08-16
APP_000705,CLI_02503,BR_018,42491.86,Approved,None,2026-04-20
APP_000706,CLI_01986,BR_036,21119.6,Approved,None,2026-06-04
APP_000707,CLI_01308,BR_036,32349.54,Denied,High DTI,2026-07-22
APP_000708,CLI_01643,BR_006,7352.87,Denied,Thin File,2026-04-16
APP_000709,CLI_04077,BR_033,22035.45,Denied,Thin File,2026-08-12
APP_000710,CLI_02610,BR_024,7911.29,Approved,None,2026-07-26
APP_000711,CLI_04927,BR_015,20930.29,Approved,None,2026-06-14
APP_000712,CLI_02702,BR_033,25573.36,Denied,Thin File,2026-06-09
APP_000713,CLI_02135,BR_025,12942.21,Denied,Thin File,2026-07-28
APP_000714,CLI_01272,BR_028,43403.4,Approved,None,2026-04-08
APP_000715,CLI_01932,BR_004,32953.43,Denied,Low Score,2026-03-20
APP_000716,CLI_02925,BR_032,24530.15,Denied,High DTI,2026-08-25
APP_000717,CLI_02248,BR_029,35013.61,Denied,High DTI,2026-03-09
APP_000718,CLI_01318,BR_040,40340.45,Denied,Low Score,2026-03-05
APP_000719,CLI_01265,BR_035,8684.69,Denied,Low Score,2026-07-14
APP_000720,CLI_04936,BR_007,4623.49,Approved,None,2026-05-15
APP_000721,CLI_04443,BR_010,32554.41,Approved,None,2026-06-12
APP_000722,CLI_02958,BR_027,12273.56,Denied,Low Score,2026-08-14
APP_000723,CLI_01675,BR_004,29688.03,Denied,Low Score,2026-05-12
APP_000724,CLI_04088,BR_004,31298.68,Denied,Thin File,2026-04-29
APP_000725,CLI_01987,BR_011,23060.48,Denied,Thin File,2026-03-10
APP_000726,CLI_02472,BR_042,18799.32,Denied,Low Score,2026-03-20
APP_000727,CLI_02941,BR_037,48151.17,Approved,None,2026-08-03
APP_000728,CLI_03796,BR_049,10892.91,Denied,Active Default,2026-04-21
APP_000729,CLI_03861,BR_005,1214.31,Denied,Thin File,2026-08-09
APP_000730,CLI_04923,BR_001,34009.06,Approved,None,2026-07-11
APP_000731,CLI_01489,BR_044,5602.07,Denied,Low Score,2026-03-29
APP_000732,CLI_00783,BR_006,48513.43,Approved,None,2026-06-21
APP_000733,CLI_00290,BR_016,22845.27,Denied,Active Default,2026-03-18
APP_000734,CLI_04495,BR_010,20254.3,Denied,High DTI,2026-07-04
APP_000735,CLI_02762,BR_046,25813.44,Denied,Low Score,2026-06-14
APP_000736,CLI_02163,BR_005,26932.68,Denied,High DTI,2026-06-03
APP_000737,CLI_03174,BR_001,2799.68,Approved,None,2026-06-01
APP_000738,CLI_03779,BR_042,16079.95,Approved,None,2026-08-07
APP_000739,CLI_01165,BR_019,6299.33,Denied,Thin File,2026-07-19
APP_000740,CLI_04688,BR_048,46376.1,Denied,Thin File,2026-08-20
APP_000741,CLI_01524,BR_013,2416.68,Denied,Low Score,2026-07-29
APP_000742,CLI_03303,BR_013,21024.33,Approved,None,2026-07-24
APP_000743,CLI_03163,BR_026,14523.17,Denied,Thin File,2026-06-11
APP_000744,CLI_00031,BR_014,41350.34,Denied,Low Score,2026-06-10
APP_000745,CLI_01437,BR_037,44949.8,Approved,None,2026-07-13
APP_000746,CLI_00068,BR_019,12774.98,Denied,High DTI,2026-05-18
APP_000747,CLI_00128,BR_009,31277.99,Approved,None,2026-03-14
APP_000748,CLI_03739,BR_025,19784.67,Approved,None,2026-07-05
APP_000749,CLI_02641,BR_039,28391.15,Approved,None,2026-03-24
APP_000750,CLI_00786,BR_042,46986.26,Approved,None,2026-05-08
APP_000751,CLI_00957,BR_048,36062.91,Denied,High DTI,2026-07-01
APP_000752,CLI_00497,BR_048,31063.99,Approved,None,2026-07-13
APP_000753,CLI_02845,BR_009,23313.02,Denied,Low Score,2026-08-01
APP_000754,CLI_04433,BR_004,41243.3,Denied,Low Score,2026-04-18
APP_000755,CLI_02328,BR_036,45197.42,Denied,Active Default,2026-03-11
APP_000756,CLI_03724,BR_037,26589.92,Approved,None,2026-03-09
APP_000757,CLI_03533,BR_007,41618.99,Approved,None,2026-08-24
APP_000758,CLI_02106,BR_008,39116.73,Denied,Fraud Suspicion,2026-06-09
APP_000759,CLI_01762,BR_008,26680.41,Denied,Thin File,2026-04-09
APP_000760,CLI_02839,BR_031,14297.08,Approved,None,2026-08-22
APP_000761,CLI_02454,BR_035,47970.31,Denied,Low Score,2026-03-14
APP_000762,CLI_03042,BR_004,42895.54,Denied,Low Score,2026-05-07
APP_000763,CLI_00262,BR_044,49288.29,Denied,Thin File,2026-06-24
APP_000764,CLI_03943,BR_040,32494.56,Denied,Active Default,2026-03-25
APP_000765,CLI_02566,BR_005,43708.26,Approved,None,2026-08-04
APP_000766,CLI_03382,BR_013,11102.08,Approved,None,2026-08-14
APP_000767,CLI_00157,BR_044,11824.75,Approved,None,2026-06-04
APP_000768,CLI_02977,BR_016,18727.1,Denied,Low Score,2026-08-01
APP_000769,CLI_00442,BR_006,2589.86,Approved,None,2026-07-27
APP_000770,CLI_04967,BR_044,42016.39,Approved,None,2026-05-08
APP_000771,CLI_04176,BR_049,1863.94,Approved,None,2026-04-07
APP_000772,CLI_04666,BR_044,26120.81,Denied,High DTI,2026-06-15
APP_000773,CLI_00821,BR_013,40243.45,Approved,None,2026-08-09
APP_000774,CLI_02663,BR_047,44570.87,Denied,Low Score,2026-05-22
APP_000775,CLI_04489,BR_025,34483.3,Approved,None,2026-06-20
APP_000776,CLI_00984,BR_017,2579.78,Denied,High DTI,2026-08-12
APP_000777,CLI_03418,BR_043,48683.44,Denied,Low Score,2026-04-23
APP_000778,CLI_04822,BR_016,23039.12,Denied,Low Score,2026-03-11
APP_000779,CLI_01311,BR_011,44216.02,Denied,Low Score,2026-08-01
APP_000780,CLI_01819,BR_033,38731.93,Denied,Thin File,2026-07-03
APP_000781,CLI_01231,BR_047,37351.65,Approved,None,2026-08-10
APP_000782,CLI_00670,BR_027,47618.87,Approved,None,2026-07-16
APP_000783,CLI_04023,BR_033,34963.04,Approved,None,2026-08-22
APP_000784,CLI_02430,BR_034,13709.69,Approved,None,2026-04-19
APP_000785,CLI_03369,BR_018,46819.3,Denied,High DTI,2026-06-09
APP_000786,CLI_02025,BR_049,11778.88,Denied,High DTI,2026-04-05
APP_000787,CLI_01946,BR_028,9680.11,Denied,Low Score,2026-05-22
APP_000788,CLI_03800,BR_029,11993.01,Denied,Low Score,2026-04-19
APP_000789,CLI_03921,BR_045,25237.06,Denied,High DTI,2026-06-20
APP_000790,CLI_04561,BR_030,12898.27,Denied,High DTI,2026-05-08
APP_000791,CLI_02769,BR_016,24728.76,Approved,None,2026-04-25
APP_000792,CLI_02847,BR_039,21018.89,Denied,Thin File,2026-03-27
APP_000793,CLI_03320,BR_010,49864.52,Denied,Active Default,2026-08-30
APP_000794,CLI_02372,BR_021,38528.09,Approved,None,2026-06-12
APP_000795,CLI_02994,BR_030,9262.91,Approved,None,2026-07-26
APP_000796,CLI_00162,BR_009,35232.15,Denied,High DTI,2026-05-07
APP_000797,CLI_01858,BR_044,38912.86,Denied,Low Score,2026-03-25
APP_000798,CLI_00293,BR_049,36385.23,Denied,Low Score,2026-07-27
APP_000799,CLI_02796,BR_045,36971.65,Denied,Low Score,2026-05-11
APP_000800,CLI_04950,BR_001,3524.26,Denied,High DTI,2026-04-08
APP_000801,CLI_02934,BR_017,23022.4,Denied,Active Default,2026-07-13
APP_000802,CLI_01991,BR_007,30905.08,Approved,None,2026-04-01
APP_000803,CLI_02769,BR_002,20657.09,Denied,Thin File,2026-04-27
APP_000804,CLI_04743,BR_001,39101.18,Denied,Active Default,2026-05-24
APP_000805,CLI_02655,BR_034,17764.92,Denied,Low Score,2026-08-22
APP_000806,CLI_03613,BR_004,21704.13,Denied,Low Score,2026-07-04
APP_000807,CLI_01643,BR_020,48033.18,Approved,None,2026-08-23
APP_000808,CLI_01553,BR_003,43944.02,Approved,None,2026-06-11
APP_000809,CLI_01077,BR_026,39451.01,Approved,None,2026-03-09
APP_000810,CLI_00913,BR_024,49768.89,Denied,Low Score,2026-07-28
APP_000811,CLI_00703,BR_007,43787.37,Denied,Fraud Suspicion,2026-08-22
APP_000812,CLI_04485,BR_016,46418.6,Approved,None,2026-05-05
APP_000813,CLI_03042,BR_047,46479.12,Denied,Low Score,2026-07-07
APP_000814,CLI_04008,BR_002,19816.74,Approved,None,2026-05-01
APP_000815,CLI_01655,BR_010,28671.7,Approved,None,2026-04-23
APP_000816,CLI_01516,BR_007,36562.68,Denied,High DTI,2026-06-01
APP_000817,CLI_00040,BR_039,30935.45,Approved,None,2026-03-06
APP_000818,CLI_01770,BR_009,31475.62,Denied,High DTI,2026-03-12
APP_000819,CLI_00319,BR_005,4659.29,Denied,Low Score,2026-05-19
APP_000820,CLI_01288,BR_032,39351.46,Approved,None,2026-07-14
APP_000821,CLI_02507,BR_032,7798.16,Denied,Low Score,2026-05-10
APP_000822,CLI_01221,BR_016,46685.24,Denied,Thin File,2026-03-30
APP_000823,CLI_03770,BR_021,11221.67,Approved,None,2026-08-24
APP_000824,CLI_03173,BR_030,33170.12,Approved,None,2026-03-28
APP_000825,CLI_04452,BR_012,19884.75,Approved,None,2026-07-04
APP_000826,CLI_01146,BR_046,18317.31,Approved,None,2026-04-08
APP_000827,CLI_00775,BR_033,49965.67,Denied,Low Score,2026-03-26
APP_000828,CLI_02847,BR_036,31108.0,Denied,Low Score,2026-04-04
APP_000829,CLI_03089,BR_041,34581.6,Denied,Active Default,2026-05-25
APP_000830,CLI_04276,BR_040,31267.6,Approved,None,2026-04-11
APP_000831,CLI_01613,BR_031,3793.86,Denied,High DTI,2026-08-05
APP_000832,CLI_03742,BR_016,26103.45,Approved,None,2026-06-30
APP_000833,CLI_03323,BR_010,46380.51,Denied,Low Score,2026-05-09
APP_000834,CLI_04168,BR_008,19384.56,Denied,Low Score,2026-04-15
APP_000835,CLI_01402,BR_018,44394.36,Approved,None,2026-04-16
APP_000836,CLI_04619,BR_004,22788.71,Denied,Low Score,2026-07-02
APP_000837,CLI_01293,BR_043,47638.61,Denied,Active Default,2026-07-12
APP_000838,CLI_03394,BR_048,10102.19,Denied,Low Score,2026-08-06
APP_000839,CLI_04569,BR_027,36419.45,Denied,Low Score,2026-05-26
APP_000840,CLI_00056,BR_004,42464.18,Approved,None,2026-04-08
APP_000841,CLI_03910,BR_027,28554.48,Approved,None,2026-03-11
APP_000842,CLI_02642,BR_024,25014.44,Denied,Low Score,2026-06-05
APP_000843,CLI_01958,BR_043,10398.18,Denied,High DTI,2026-06-15
APP_000844,CLI_01296,BR_015,37925.68,Approved,None,2026-05-13
APP_000845,CLI_04514,BR_027,16675.77,Denied,Low Score,2026-05-04
APP_000846,CLI_03749,BR_011,11019.62,Approved,None,2026-03-09
APP_000847,CLI_04895,BR_032,49914.34,Approved,None,2026-07-07
APP_000848,CLI_03871,BR_029,24334.9,Approved,None,2026-04-15
APP_000849,CLI_00335,BR_021,2017.44,Denied,Low Score,2026-03-28
APP_000850,CLI_04440,BR_012,21533.7,Denied,Fraud Suspicion,2026-07-05
APP_000851,CLI_04028,BR_006,14943.77,Approved,None,2026-04-25
APP_000852,CLI_03843,BR_005,34036.3,Denied,Low Score,2026-05-04
APP_000853,CLI_02576,BR_039,45647.31,Denied,Thin File,2026-04-17
APP_000854,CLI_02075,BR_034,20870.74,Denied,Thin File,2026-05-02
APP_000855,CLI_00696,BR_005,43974.51,Denied,Low Score,2026-08-08
APP_000856,CLI_03927,BR_043,6497.73,Approved,None,2026-07-14
APP_000857,CLI_01394,BR_011,15560.32,Approved,None,2026-03-08
APP_000858,CLI_02479,BR_044,19002.17,Denied,High DTI,2026-03-28
APP_000859,CLI_03224,BR_048,41241.45,Denied,Active Default,2026-04-18
APP_000860,CLI_02942,BR_038,31830.81,Denied,Active Default,2026-07-11
APP_000861,CLI_01553,BR_019,11189.66,Denied,Low Score,2026-07-29
APP_000862,CLI_04214,BR_009,1161.37,Denied,Low Score,2026-07-23
APP_000863,CLI_01222,BR_030,42395.99,Denied,Low Score,2026-04-25
APP_000864,CLI_00001,BR_048,5704.54,Approved,None,2026-04-09
APP_000865,CLI_02642,BR_031,31786.16,Denied,Thin File,2026-05-25
APP_000866,CLI_03958,BR_014,19306.94,Approved,None,2026-05-29
APP_000867,CLI_02809,BR_024,13504.9,Approved,None,2026-03-12
APP_000868,CLI_01438,BR_026,33674.44,Denied,Active Default,2026-06-07
APP_000869,CLI_04774,BR_014,30461.26,Approved,None,2026-04-08
APP_000870,CLI_03188,BR_028,6949.68,Approved,None,2026-08-10
APP_000871,CLI_01503,BR_045,22097.41,Approved,None,2026-04-30
APP_000872,CLI_00125,BR_034,11176.06,Approved,None,2026-08-09
APP_000873,CLI_04978,BR_016,22394.93,Approved,None,2026-06-23
APP_000874,CLI_01967,BR_014,23720.31,Denied,Fraud Suspicion,2026-03-25
APP_000875,CLI_02155,BR_009,22414.18,Approved,None,2026-08-07
APP_000876,CLI_02736,BR_001,35849.15,Denied,Thin File,2026-03-29
APP_000877,CLI_03255,BR_028,23214.32,Denied,Thin File,2026-03-25
APP_000878,CLI_04168,BR_010,35747.71,Approved,None,2026-06-06
APP_000879,CLI_04377,BR_033,17109.35,Denied,High DTI,2026-04-19
APP_000880,CLI_03502,BR_017,11390.12,Denied,High DTI,2026-05-14
APP_000881,CLI_04414,BR_021,36023.7,Approved,None,2026-08-11
APP_000882,CLI_00021,BR_031,20333.09,Denied,Thin File,2026-04-03
APP_000883,CLI_02552,BR_024,16798.52,Denied,Low Score,2026-08-25
APP_000884,CLI_03226,BR_002,12840.26,Denied,High DTI,2026-03-26
APP_000885,CLI_04090,BR_009,31435.01,Denied,Thin File,2026-07-14
APP_000886,CLI_00015,BR_030,21901.88,Denied,Thin File,2026-08-10
APP_000887,CLI_03080,BR_031,6669.95,Approved,None,2026-03-18
APP_000888,CLI_03865,BR_003,37538.03,Denied,Active Default,2026-07-08
APP_000889,CLI_00325,BR_028,4515.65,Denied,High DTI,2026-04-10
APP_000890,CLI_03134,BR_004,18357.77,Denied,Low Score,2026-05-07
APP_000891,CLI_00905,BR_005,4640.63,Denied,Thin File,2026-05-24
APP_000892,CLI_04317,BR_019,7168.97,Approved,None,2026-03-20
APP_000893,CLI_03647,BR_006,40473.63,Approved,None,2026-08-26
APP_000894,CLI_00798,BR_033,34340.37,Denied,Thin File,2026-06-04
APP_000895,CLI_04134,BR_002,16914.85,Approved,None,2026-04-15
APP_000896,CLI_03678,BR_009,36331.46,Denied,Low Score,2026-06-26
APP_000897,CLI_04031,BR_014,8863.35,Approved,None,2026-07-26
APP_000898,CLI_03323,BR_003,18140.36,Denied,Low Score,2026-08-25
APP_000899,CLI_00485,BR_015,3163.65,Approved,None,2026-04-10
APP_000900,CLI_02993,BR_050,29571.54,Denied,Low Score,2026-05-15
APP_000901,CLI_04861,BR_017,17139.2,Denied,Active Default,2026-06-10
APP_000902,CLI_03695,BR_042,36948.56,Approved,None,2026-03-15
APP_000903,CLI_04234,BR_042,35452.25,Denied,High DTI,2026-07-02
APP_000904,CLI_02689,BR_010,35544.25,Denied,Active Default,2026-07-15
APP_000905,CLI_01689,BR_017,11339.65,Approved,None,2026-08-21
APP_000906,CLI_03896,BR_041,6054.48,Denied,Low Score,2026-06-18
APP_000907,CLI_02018,BR_050,13115.3,Approved,None,2026-06-04
APP_000908,CLI_02783,BR_013,33376.31,Denied,High DTI,2026-05-25
APP_000909,CLI_01723,BR_014,6656.25,Approved,None,2026-04-21
APP_000910,CLI_01401,BR_028,30708.58,Denied,Low Score,2026-07-01
APP_000911,CLI_04417,BR_036,5294.48,Denied,Low Score,2026-04-17
APP_000912,CLI_02354,BR_032,39453.89,Denied,Thin File,2026-06-10
APP_000913,CLI_01435,BR_049,5527.67,Denied,Low Score,2026-07-12
APP_000914,CLI_01956,BR_001,19968.95,Denied,High DTI,2026-06-29
APP_000915,CLI_02699,BR_040,29961.33,Approved,None,2026-05-31
APP_000916,CLI_01104,BR_027,9529.3,Approved,None,2026-04-28
APP_000917,CLI_00727,BR_006,13113.08,Denied,Active Default,2026-08-06
APP_000918,CLI_04910,BR_020,49573.49,Denied,Thin File,2026-03-30
APP_000919,CLI_00432,BR_045,8990.23,Denied,Thin File,2026-03-05
APP_000920,CLI_02983,BR_016,22582.93,Approved,None,2026-06-27
APP_000921,CLI_01003,BR_027,49827.95,Approved,None,2026-08-15
APP_000922,CLI_02700,BR_013,9884.33,Denied,High DTI,2026-08-21
APP_000923,CLI_04838,BR_020,9021.59,Denied,Active Default,2026-04-20
APP_000924,CLI_04515,BR_008,31569.26,Approved,None,2026-07-26
APP_000925,CLI_03710,BR_027,21654.02,Denied,High DTI,2026-05-07
APP_000926,CLI_03364,BR_004,22662.07,Denied,Low Score,2026-03-13
APP_000927,CLI_03386,BR_034,17638.93,Denied,Active Default,2026-06-14
APP_000928,CLI_02185,BR_038,12595.53,Approved,None,2026-04-22
APP_000929,CLI_03921,BR_027,25140.55,Approved,None,2026-08-15
APP_000930,CLI_01361,BR_012,3281.8,Approved,None,2026-05-14
APP_000931,CLI_02004,BR_045,17985.35,Approved,None,2026-04-22
APP_000932,CLI_00672,BR_017,32251.25,Denied,Active Default,2026-07-08
APP_000933,CLI_03208,BR_014,4417.92,Denied,Fraud Suspicion,2026-08-13
APP_000934,CLI_00440,BR_011,48636.97,Approved,None,2026-05-20
APP_000935,CLI_00034,BR_018,16998.22,Denied,High DTI,2026-06-06
APP_000936,CLI_00322,BR_041,2084.82,Denied,Low Score,2026-06-01
APP_000937,CLI_03241,BR_024,15818.56,Denied,Active Default,2026-04-04
APP_000938,CLI_02429,BR_028,29401.9,Denied,Low Score,2026-04-24
APP_000939,CLI_04958,BR_045,49974.65,Denied,Low Score,2026-06-28
APP_000940,CLI_02902,BR_041,16371.18,Denied,Low Score,2026-07-13
APP_000941,CLI_01575,BR_007,3133.78,Approved,None,2026-06-25
APP_000942,CLI_04443,BR_031,45381.49,Denied,Active Default,2026-03-31
APP_000943,CLI_04037,BR_021,35780.5,Approved,None,2026-06-21
APP_000944,CLI_03474,BR_048,15377.13,Denied,Low Score,2026-06-15
APP_000945,CLI_02448,BR_011,8496.79,Denied,Low Score,2026-08-21
APP_000946,CLI_00502,BR_003,25172.99,Approved,None,2026-08-27
APP_000947,CLI_02007,BR_025,35130.01,Denied,Low Score,2026-07-04
APP_000948,CLI_00353,BR_006,5126.46,Approved,None,2026-08-09
APP_000949,CLI_00526,BR_047,28653.99,Denied,Low Score,2026-08-22
APP_000950,CLI_03810,BR_028,31952.8,Approved,None,2026-06-01
APP_000951,CLI_03831,BR_019,47415.15,Approved,None,2026-06-28
APP_000952,CLI_03602,BR_050,25273.09,Approved,None,2026-06-06
APP_000953,CLI_00233,BR_026,44235.03,Approved,None,2026-06-27
APP_000954,CLI_04607,BR_027,15708.92,Denied,High DTI,2026-04-19
APP_000955,CLI_04488,BR_015,4051.11,Denied,Thin File,2026-05-30
APP_000956,CLI_03111,BR_041,47707.59,Denied,Low Score,2026-06-09
APP_000957,CLI_03173,BR_008,33749.8,Denied,Active Default,2026-03-08
APP_000958,CLI_00531,BR_033,45367.59,Denied,High DTI,2026-04-16
APP_000959,CLI_01462,BR_039,16762.52,Denied,Low Score,2026-06-06
APP_000960,CLI_02804,BR_050,34713.82,Approved,None,2026-04-25
APP_000961,CLI_00462,BR_019,44315.63,Approved,None,2026-03-24
APP_000962,CLI_04368,BR_011,13734.1,Denied,Low Score,2026-03-11
APP_000963,CLI_03979,BR_021,35075.49,Approved,None,2026-04-04
APP_000964,CLI_01712,BR_045,39362.3,Approved,None,2026-06-30
APP_000965,CLI_01057,BR_002,23730.81,Denied,Thin File,2026-04-13
APP_000966,CLI_02861,BR_022,4529.31,Approved,None,2026-08-09
APP_000967,CLI_00718,BR_003,2778.52,Denied,Active Default,2026-07-16
APP_000968,CLI_03656,BR_022,33804.57,Denied,Low Score,2026-04-24
APP_000969,CLI_04231,BR_002,43099.18,Approved,None,2026-06-16
APP_000970,CLI_01322,BR_037,3516.69,Denied,Active Default,2026-03-12
APP_000971,CLI_00401,BR_007,40491.3,Denied,Thin File,2026-04-02
APP_000972,CLI_02994,BR_019,20176.22,Denied,High DTI,2026-07-04
APP_000973,CLI_00711,BR_049,12519.76,Approved,None,2026-04-01
APP_000974,CLI_02048,BR_034,12794.91,Denied,Thin File,2026-05-08
APP_000975,CLI_00684,BR_023,29548.25,Approved,None,2026-05-10
APP_000976,CLI_03995,BR_022,41047.42,Denied,Low Score,2026-08-30
APP_000977,CLI_04644,BR_019,9829.48,Denied,Low Score,2026-08-10
APP_000978,CLI_00892,BR_023,43058.45,Approved,None,2026-06-12
APP_000979,CLI_02334,BR_020,43988.0,Denied,Low Score,2026-08-21
APP_000980,CLI_04399,BR_022,33821.77,Denied,Low Score,2026-08-22
APP_000981,CLI_01730,BR_008,26999.65,Approved,None,2026-08-25
APP_000982,CLI_02431,BR_025,15938.2,Approved,None,2026-04-18
APP_000983,CLI_00884,BR_037,4444.09,Denied,Fraud Suspicion,2026-07-22
APP_000984,CLI_04787,BR_026,30097.66,Denied,Thin File,2026-04-08
APP_000985,CLI_04191,BR_002,29760.96,Approved,None,2026-05-04
APP_000986,CLI_00366,BR_036,38545.35,Denied,Thin File,2026-04-03
APP_000987,CLI_03711,BR_043,17459.02,Denied,Fraud Suspicion,2026-08-17
APP_000988,CLI_04815,BR_049,40513.17,Denied,Low Score,2026-05-02
APP_000989,CLI_00637,BR_027,8050.43,Approved,None,2026-07-03
APP_000990,CLI_00661,BR_021,40881.89,Denied,High DTI,2026-06-01
APP_000991,CLI_03522,BR_025,8676.93,Approved,None,2026-05-05
APP_000992,CLI_00507,BR_043,42340.93,Denied,High DTI,2026-05-29
APP_000993,CLI_02398,BR_044,30869.48,Approved,None,2026-06-21
APP_000994,CLI_04719,BR_012,38330.4,Denied,Low Score,2026-04-09
APP_000995,CLI_00146,BR_003,18604.57,Denied,Low Score,2026-07-03
APP_000996,CLI_00630,BR_001,49260.31,Approved,None,2026-03-26
APP_000997,CLI_00905,BR_019,10357.52,Denied,Low Score,2026-05-16
APP_000998,CLI_04256,BR_037,22511.11,Denied,Low Score,2026-07-14
APP_000999,CLI_02707,BR_032,40266.01,Approved,None,2026-07-18
APP_001000,CLI_02395,BR_018,45877.03,Denied,Thin File,2026-08-02
APP_001001,CLI_01492,BR_025,9754.03,Denied,Low Score,2026-03-07
APP_001002,CLI_04206,BR_042,41633.37,Approved,None,2026-05-09
APP_001003,CLI_04149,BR_042,43834.35,Denied,Active Default,2026-05-06
APP_001004,CLI_00484,BR_027,47083.98,Denied,Low Score,2026-07-23
APP_001005,CLI_00779,BR_014,14571.25,Denied,High DTI,2026-07-05
APP_001006,CLI_01060,BR_001,14335.6,Denied,Thin File,2026-04-23
APP_001007,CLI_02234,BR_029,29502.84,Denied,Fraud Suspicion,2026-05-28
APP_001008,CLI_00465,BR_044,18635.03,Denied,Low Score,2026-07-19
APP_001009,CLI_00564,BR_046,32840.18,Denied,Low Score,2026-07-24
APP_001010,CLI_03211,BR_022,20525.9,Approved,None,2026-08-29
APP_001011,CLI_00270,BR_047,21425.19,Approved,None,2026-03-25
APP_001012,CLI_01043,BR_005,18106.1,Approved,None,2026-05-31
APP_001013,CLI_03089,BR_040,10675.16,Approved,None,2026-05-20
APP_001014,CLI_01748,BR_041,35612.58,Approved,None,2026-08-16
APP_001015,CLI_04611,BR_036,25565.8,Denied,Thin File,2026-03-12
APP_001016,CLI_04398,BR_012,22795.36,Denied,Fraud Suspicion,2026-08-14
APP_001017,CLI_01804,BR_024,26232.0,Approved,None,2026-04-20
APP_001018,CLI_02422,BR_013,23959.51,Denied,Low Score,2026-07-10
APP_001019,CLI_01894,BR_004,41861.51,Denied,Active Default,2026-07-05
APP_001020,CLI_02419,BR_008,14833.24,Denied,Low Score,2026-07-23
APP_001021,CLI_01899,BR_001,13820.8,Approved,None,2026-04-02
APP_001022,CLI_03950,BR_016,4654.1,Approved,None,2026-04-08
APP_001023,CLI_03023,BR_025,23419.81,Denied,High DTI,2026-04-16
APP_001024,CLI_04549,BR_018,18614.9,Denied,Thin File,2026-06-27
APP_001025,CLI_02004,BR_049,44673.35,Approved,None,2026-05-23
APP_001026,CLI_00702,BR_022,6677.53,Approved,None,2026-03-24
APP_001027,CLI_01880,BR_049,29712.49,Denied,Thin File,2026-05-14
APP_001028,CLI_04643,BR_023,5304.95,Denied,Thin File,2026-06-24
APP_001029,CLI_00879,BR_028,17603.3,Denied,High DTI,2026-04-30
APP_001030,CLI_03388,BR_021,46429.33,Approved,None,2026-07-03
APP_001031,CLI_01196,BR_043,39380.85,Approved,None,2026-07-17
APP_001032,CLI_01757,BR_009,45100.66,Approved,None,2026-06-12
APP_001033,CLI_02132,BR_034,24813.11,Denied,Thin File,2026-07-31
APP_001034,CLI_02368,BR_026,44122.78,Denied,Thin File,2026-04-03
APP_001035,CLI_04329,BR_048,16037.77,Denied,Thin File,2026-08-19
APP_001036,CLI_02432,BR_043,30983.78,Approved,None,2026-07-03
APP_001037,CLI_02304,BR_025,38513.82,Approved,None,2026-07-16
APP_001038,CLI_03422,BR_008,46899.25,Denied,Fraud Suspicion,2026-04-01
APP_001039,CLI_00818,BR_036,11091.48,Denied,Low Score,2026-03-07
APP_001040,CLI_03746,BR_037,32393.87,Denied,Thin File,2026-03-07
APP_001041,CLI_02037,BR_016,39042.01,Denied,Low Score,2026-03-17
APP_001042,CLI_04779,BR_008,34509.13,Denied,Low Score,2026-04-11
APP_001043,CLI_03169,BR_050,21059.58,Denied,Low Score,2026-08-30
APP_001044,CLI_01031,BR_014,49445.96,Denied,Active Default,2026-07-06
APP_001045,CLI_03102,BR_010,15450.26,Denied,Low Score,2026-07-07
APP_001046,CLI_04460,BR_004,35893.34,Denied,Active Default,2026-06-09
APP_001047,CLI_00705,BR_012,26517.53,Approved,None,2026-06-26
APP_001048,CLI_01469,BR_002,33966.74,Approved,None,2026-03-21
APP_001049,CLI_00553,BR_029,34831.06,Denied,High DTI,2026-08-18
APP_001050,CLI_00630,BR_025,19348.88,Denied,High DTI,2026-08-22
APP_001051,CLI_01761,BR_034,38774.87,Denied,Thin File,2026-06-22
APP_001052,CLI_03562,BR_029,34547.28,Approved,None,2026-05-12
APP_001053,CLI_01625,BR_014,42708.66,Denied,High DTI,2026-08-28
APP_001054,CLI_02581,BR_002,20254.07,Approved,None,2026-04-17
APP_001055,CLI_01203,BR_006,25532.67,Denied,Low Score,2026-07-26
APP_001056,CLI_01362,BR_017,15430.14,Approved,None,2026-05-28
APP_001057,CLI_04617,BR_031,24120.13,Denied,Fraud Suspicion,2026-03-27
APP_001058,CLI_01692,BR_036,40119.16,Approved,None,2026-06-04
APP_001059,CLI_02381,BR_011,17887.27,Denied,Thin File,2026-03-22
APP_001060,CLI_04653,BR_013,20169.69,Denied,Fraud Suspicion,2026-08-05
APP_001061,CLI_02188,BR_013,17375.01,Denied,Active Default,2026-06-09
APP_001062,CLI_04893,BR_038,4994.04,Denied,Thin File,2026-04-07
APP_001063,CLI_00551,BR_048,32604.13,Denied,Low Score,2026-05-14
APP_001064,CLI_03293,BR_009,23526.61,Approved,None,2026-03-23
APP_001065,CLI_00037,BR_009,9237.24,Denied,Fraud Suspicion,2026-03-08
APP_001066,CLI_04201,BR_025,48366.03,Denied,Low Score,2026-07-23
APP_001067,CLI_04165,BR_001,26611.72,Approved,None,2026-06-04
APP_001068,CLI_04853,BR_014,30105.06,Denied,Low Score,2026-05-01
APP_001069,CLI_02410,BR_001,18989.33,Approved,None,2026-08-28
APP_001070,CLI_00027,BR_008,20636.03,Denied,Low Score,2026-08-07
APP_001071,CLI_02948,BR_011,33367.25,Approved,None,2026-05-29
APP_001072,CLI_00117,BR_001,9112.5,Approved,None,2026-08-10
APP_001073,CLI_00200,BR_038,49363.43,Approved,None,2026-03-05
APP_001074,CLI_03324,BR_046,14762.17,Approved,None,2026-05-19
APP_001075,CLI_04774,BR_003,8588.95,Approved,None,2026-04-01
APP_001076,CLI_02215,BR_022,38086.47,Denied,Fraud Suspicion,2026-05-04
APP_001077,CLI_03533,BR_035,2666.81,Approved,None,2026-03-26
APP_001078,CLI_04771,BR_029,16276.77,Denied,Low Score,2026-05-02
APP_001079,CLI_03411,BR_045,17752.18,Denied,High DTI,2026-07-31
APP_001080,CLI_01779,BR_003,30612.0,Approved,None,2026-04-21
APP_001081,CLI_04502,BR_043,9670.7,Approved,None,2026-08-03
APP_001082,CLI_00375,BR_022,17408.89,Approved,None,2026-05-28
APP_001083,CLI_02388,BR_039,16741.36,Denied,Thin File,2026-08-01
APP_001084,CLI_03798,BR_024,33063.55,Approved,None,2026-05-15
APP_001085,CLI_00051,BR_025,16276.44,Approved,None,2026-08-09
APP_001086,CLI_02711,BR_049,28437.08,Denied,Fraud Suspicion,2026-07-31
APP_001087,CLI_01985,BR_001,3052.42,Denied,Thin File,2026-08-01
APP_001088,CLI_03513,BR_010,37851.89,Denied,High DTI,2026-06-03
APP_001089,CLI_01539,BR_033,27505.1,Denied,High DTI,2026-03-26
APP_001090,CLI_01548,BR_026,31198.54,Denied,Low Score,2026-05-12
APP_001091,CLI_01524,BR_049,18951.06,Approved,None,2026-06-21
APP_001092,CLI_04605,BR_015,20902.32,Denied,Low Score,2026-06-19
APP_001093,CLI_04242,BR_045,7527.71,Approved,None,2026-05-19
APP_001094,CLI_03571,BR_022,45237.13,Denied,Thin File,2026-07-08
APP_001095,CLI_02471,BR_015,9576.53,Approved,None,2026-05-12
APP_001096,CLI_02873,BR_022,34614.82,Approved,None,2026-08-07
APP_001097,CLI_03963,BR_018,40869.14,Denied,Thin File,2026-04-11
APP_001098,CLI_02584,BR_018,24416.27,Denied,High DTI,2026-07-14
APP_001099,CLI_02918,BR_030,19276.28,Denied,Low Score,2026-08-18
APP_001100,CLI_01800,BR_035,11271.86,Denied,Thin File,2026-06-09
APP_001101,CLI_01679,BR_010,15827.68,Denied,Low Score,2026-08-17
APP_001102,CLI_00560,BR_032,44173.63,Denied,Active Default,2026-03-06
APP_001103,CLI_02387,BR_037,17141.86,Approved,None,2026-03-06
APP_001104,CLI_00049,BR_021,38262.37,Denied,Low Score,2026-06-08
APP_001105,CLI_00329,BR_047,45721.28,Approved,None,2026-06-17
APP_001106,CLI_03206,BR_036,45455.99,Approved,None,2026-05-15
APP_001107,CLI_02473,BR_004,13724.1,Denied,Thin File,2026-04-25
APP_001108,CLI_04660,BR_042,19657.61,Denied,Fraud Suspicion,2026-07-18
APP_001109,CLI_02024,BR_044,14627.45,Approved,None,2026-05-10
APP_001110,CLI_04152,BR_009,34200.7,Approved,None,2026-05-28
APP_001111,CLI_00196,BR_019,43715.22,Denied,High DTI,2026-04-09
APP_001112,CLI_00539,BR_028,14856.77,Approved,None,2026-03-20
APP_001113,CLI_00388,BR_004,15898.22,Denied,Low Score,2026-07-26
APP_001114,CLI_01904,BR_001,44223.67,Denied,Low Score,2026-08-18
APP_001115,CLI_04666,BR_009,44641.38,Approved,None,2026-08-28
APP_001116,CLI_00982,BR_030,9621.14,Approved,None,2026-08-02
APP_001117,CLI_02660,BR_044,34918.59,Denied,Thin File,2026-05-13
APP_001118,CLI_01434,BR_007,8226.71,Denied,Thin File,2026-05-14
APP_001119,CLI_01631,BR_014,39447.36,Approved,None,2026-05-19
APP_001120,CLI_00798,BR_019,49644.13,Denied,Thin File,2026-07-17
APP_001121,CLI_03516,BR_008,17279.7,Denied,Thin File,2026-07-31
APP_001122,CLI_04555,BR_006,6070.48,Approved,None,2026-05-23
APP_001123,CLI_00494,BR_020,44486.77,Denied,Thin File,2026-03-14
APP_001124,CLI_03399,BR_040,31826.99,Denied,Thin File,2026-05-04
APP_001125,CLI_01925,BR_002,41464.94,Approved,None,2026-05-25
APP_001126,CLI_00942,BR_049,2246.18,Approved,None,2026-04-30
APP_001127,CLI_04151,BR_029,37878.71,Approved,None,2026-07-28
APP_001128,CLI_01221,BR_023,20077.22,Approved,None,2026-08-26
APP_001129,CLI_00514,BR_005,25032.56,Approved,None,2026-03-19
APP_001130,CLI_03211,BR_044,5263.33,Approved,None,2026-07-22
APP_001131,CLI_04315,BR_001,47291.78,Denied,Fraud Suspicion,2026-08-31
APP_001132,CLI_00972,BR_026,20357.86,Denied,Low Score,2026-03-21
APP_001133,CLI_03713,BR_046,36081.99,Approved,None,2026-06-03
APP_001134,CLI_04152,BR_024,43968.17,Approved,None,2026-06-17
APP_001135,CLI_04228,BR_046,21561.04,Approved,None,2026-05-28
APP_001136,CLI_03198,BR_005,21478.19,Denied,High DTI,2026-07-21
APP_001137,CLI_02985,BR_041,38696.9,Approved,None,2026-03-29
APP_001138,CLI_02461,BR_040,31578.14,Denied,Thin File,2026-03-05
APP_001139,CLI_00677,BR_034,26546.34,Denied,Active Default,2026-07-30
APP_001140,CLI_03053,BR_011,30006.66,Denied,Low Score,2026-04-09
APP_001141,CLI_04190,BR_036,11375.82,Approved,None,2026-04-02
APP_001142,CLI_03013,BR_008,17521.31,Denied,Thin File,2026-05-23
APP_001143,CLI_04621,BR_041,41452.07,Denied,Active Default,2026-06-05
APP_001144,CLI_03200,BR_045,34573.46,Denied,Low Score,2026-08-15
APP_001145,CLI_02408,BR_048,3472.96,Approved,None,2026-08-26
APP_001146,CLI_03349,BR_029,20407.52,Denied,High DTI,2026-06-29
APP_001147,CLI_02887,BR_021,42359.86,Denied,Thin File,2026-04-11
APP_001148,CLI_03269,BR_015,10361.57,Approved,None,2026-03-21
APP_001149,CLI_03960,BR_032,35641.44,Denied,High DTI,2026-05-29
APP_001150,CLI_02986,BR_044,17639.95,Denied,High DTI,2026-06-10
APP_001151,CLI_03749,BR_025,2145.5,Approved,None,2026-07-08
APP_001152,CLI_01819,BR_048,31425.45,Approved,None,2026-07-25
APP_001153,CLI_02423,BR_043,28057.12,Denied,Active Default,2026-07-19
APP_001154,CLI_02715,BR_013,35611.65,Denied,Low Score,2026-05-02
APP_001155,CLI_02922,BR_048,18239.08,Denied,Thin File,2026-07-11
APP_001156,CLI_04939,BR_026,13398.55,Approved,None,2026-06-08
APP_001157,CLI_00552,BR_008,5758.58,Denied,Thin File,2026-05-07
APP_001158,CLI_01125,BR_009,13693.65,Approved,None,2026-08-08
APP_001159,CLI_00035,BR_048,29194.06,Denied,Low Score,2026-04-14
APP_001160,CLI_01629,BR_024,10802.38,Approved,None,2026-05-10
APP_001161,CLI_04348,BR_027,30611.59,Denied,Thin File,2026-07-08
APP_001162,CLI_02551,BR_021,3865.48,Denied,Thin File,2026-04-06
APP_001163,CLI_01666,BR_005,33518.8,Denied,Low Score,2026-03-28
APP_001164,CLI_04713,BR_046,1763.79,Denied,Thin File,2026-08-17
APP_001165,CLI_01460,BR_036,14894.71,Denied,Fraud Suspicion,2026-08-28
APP_001166,CLI_01622,BR_031,36076.47,Approved,None,2026-03-10
APP_001167,CLI_03506,BR_028,42479.46,Approved,None,2026-06-10
APP_001168,CLI_04054,BR_005,48279.81,Denied,Low Score,2026-07-20
APP_001169,CLI_00611,BR_007,9628.3,Denied,Active Default,2026-03-21
APP_001170,CLI_00203,BR_006,44850.45,Denied,High DTI,2026-08-21
APP_001171,CLI_01980,BR_034,25916.7,Denied,Low Score,2026-05-27
APP_001172,CLI_02045,BR_047,17291.09,Denied,Thin File,2026-06-02
APP_001173,CLI_01968,BR_044,11964.86,Approved,None,2026-07-10
APP_001174,CLI_02788,BR_017,49844.25,Approved,None,2026-03-23
APP_001175,CLI_00438,BR_021,7681.34,Denied,Active Default,2026-08-17
APP_001176,CLI_00407,BR_009,43439.22,Denied,Low Score,2026-05-10
APP_001177,CLI_04754,BR_034,8479.15,Approved,None,2026-06-21
APP_001178,CLI_02604,BR_002,35485.27,Denied,High DTI,2026-06-15
APP_001179,CLI_03133,BR_041,35711.06,Approved,None,2026-07-11
APP_001180,CLI_02458,BR_048,32202.02,Denied,Low Score,2026-05-29
APP_001181,CLI_04451,BR_047,14421.22,Approved,None,2026-06-21
APP_001182,CLI_04629,BR_003,10325.74,Denied,Active Default,2026-03-29
APP_001183,CLI_01359,BR_019,33535.36,Denied,Active Default,2026-06-17
APP_001184,CLI_01665,BR_013,11448.51,Approved,None,2026-03-23
APP_001185,CLI_04073,BR_028,43835.79,Denied,Thin File,2026-05-03
APP_001186,CLI_03272,BR_004,46738.65,Denied,Active Default,2026-05-31
APP_001187,CLI_04750,BR_030,45373.64,Denied,Active Default,2026-08-29
APP_001188,CLI_04503,BR_012,2395.09,Denied,Thin File,2026-06-19
APP_001189,CLI_02824,BR_045,7360.47,Approved,None,2026-03-16
APP_001190,CLI_01893,BR_048,5629.71,Approved,None,2026-06-03
APP_001191,CLI_02135,BR_002,10910.78,Approved,None,2026-03-13
APP_001192,CLI_04098,BR_046,20129.32,Denied,Thin File,2026-05-07
APP_001193,CLI_03560,BR_023,17088.87,Denied,High DTI,2026-05-02
APP_001194,CLI_00722,BR_036,1295.08,Denied,Low Score,2026-06-25
APP_001195,CLI_03925,BR_009,18634.02,Denied,Thin File,2026-03-15
APP_001196,CLI_02377,BR_028,19263.61,Denied,Fraud Suspicion,2026-03-11
APP_001197,CLI_04578,BR_005,25742.8,Approved,None,2026-07-28
APP_001198,CLI_03723,BR_004,27336.92,Denied,Thin File,2026-06-16
APP_001199,CLI_03643,BR_022,5436.89,Approved,None,2026-04-18
APP_001200,CLI_00277,BR_037,45415.91,Approved,None,2026-03-28
APP_001201,CLI_01754,BR_048,1498.5,Denied,Low Score,2026-06-10
APP_001202,CLI_01693,BR_024,39199.32,Approved,None,2026-08-11
APP_001203,CLI_02424,BR_030,47881.64,Denied,Low Score,2026-05-11
APP_001204,CLI_00955,BR_014,16651.94,Denied,Thin File,2026-05-09
APP_001205,CLI_03475,BR_021,25683.44,Denied,Fraud Suspicion,2026-06-06
APP_001206,CLI_02702,BR_011,8378.44,Denied,Thin File,2026-07-31
APP_001207,CLI_04605,BR_046,33566.74,Approved,None,2026-06-03
APP_001208,CLI_04065,BR_002,40422.55,Denied,High DTI,2026-06-19
APP_001209,CLI_04629,BR_046,9189.12,Approved,None,2026-06-21
APP_001210,CLI_00585,BR_014,48553.87,Denied,High DTI,2026-05-25
APP_001211,CLI_02277,BR_031,2614.75,Denied,Thin File,2026-06-08
APP_001212,CLI_00663,BR_016,13163.88,Approved,None,2026-05-24
APP_001213,CLI_03165,BR_041,14855.46,Denied,Thin File,2026-03-11
APP_001214,CLI_04447,BR_039,17928.76,Denied,Thin File,2026-08-18
APP_001215,CLI_00316,BR_014,49905.49,Denied,Active Default,2026-06-29
APP_001216,CLI_02716,BR_038,46945.04,Denied,High DTI,2026-03-13
APP_001217,CLI_00673,BR_048,9622.1,Approved,None,2026-03-25
APP_001218,CLI_04698,BR_034,17855.17,Denied,Fraud Suspicion,2026-08-08
APP_001219,CLI_01911,BR_038,49919.36,Denied,High DTI,2026-06-11
APP_001220,CLI_02426,BR_041,14195.26,Approved,None,2026-08-07
APP_001221,CLI_03436,BR_005,23682.48,Denied,Low Score,2026-06-19
APP_001222,CLI_00353,BR_036,43603.39,Approved,None,2026-05-30
APP_001223,CLI_04175,BR_022,43195.75,Approved,None,2026-07-11
APP_001224,CLI_04765,BR_035,26488.79,Denied,High DTI,2026-06-27
APP_001225,CLI_00022,BR_017,42066.52,Denied,Thin File,2026-04-05
APP_001226,CLI_01893,BR_041,42550.17,Denied,Active Default,2026-06-16
APP_001227,CLI_01788,BR_008,13078.11,Approved,None,2026-03-28
APP_001228,CLI_02269,BR_044,44730.32,Denied,Fraud Suspicion,2026-03-23
APP_001229,CLI_00877,BR_049,36907.04,Denied,High DTI,2026-08-08
APP_001230,CLI_04486,BR_001,19387.98,Approved,None,2026-07-25
APP_001231,CLI_03108,BR_023,11924.39,Denied,Thin File,2026-05-15
APP_001232,CLI_02417,BR_006,47614.77,Denied,Low Score,2026-07-02
APP_001233,CLI_04237,BR_004,44123.07,Denied,Fraud Suspicion,2026-08-01
APP_001234,CLI_04162,BR_039,35915.69,Denied,Low Score,2026-03-09
APP_001235,CLI_00004,BR_039,4382.69,Denied,Low Score,2026-04-10
APP_001236,CLI_01357,BR_005,48165.09,Approved,None,2026-06-28
APP_001237,CLI_03490,BR_030,44150.55,Denied,Active Default,2026-04-01
APP_001238,CLI_03803,BR_014,7551.43,Denied,Low Score,2026-08-12
APP_001239,CLI_01329,BR_039,15428.91,Denied,Low Score,2026-08-31
APP_001240,CLI_01886,BR_009,1892.49,Denied,Low Score,2026-04-22
APP_001241,CLI_03578,BR_004,2216.89,Approved,None,2026-07-13
APP_001242,CLI_00360,BR_034,19008.77,Approved,None,2026-06-16
APP_001243,CLI_00731,BR_024,14374.79,Approved,None,2026-04-16
APP_001244,CLI_01744,BR_021,28408.03,Approved,None,2026-04-30
APP_001245,CLI_04273,BR_036,13041.98,Approved,None,2026-06-24
APP_001246,CLI_03145,BR_012,34728.48,Approved,None,2026-04-28
APP_001247,CLI_04707,BR_030,37169.17,Approved,None,2026-07-19
APP_001248,CLI_04644,BR_021,21301.61,Denied,High DTI,2026-08-06
APP_001249,CLI_03705,BR_017,6519.0,Denied,Low Score,2026-08-15
APP_001250,CLI_01560,BR_002,33642.98,Denied,High DTI,2026-04-17
APP_001251,CLI_02191,BR_041,30417.38,Denied,Low Score,2026-03-26
APP_001252,CLI_03703,BR_008,43287.39,Denied,Low Score,2026-06-17
APP_001253,CLI_02389,BR_024,6405.79,Approved,None,2026-03-20
APP_001254,CLI_02571,BR_026,42680.71,Approved,None,2026-04-16
APP_001255,CLI_02931,BR_037,43917.83,Approved,None,2026-07-21
APP_001256,CLI_02234,BR_021,18452.39,Denied,Active Default,2026-07-26
APP_001257,CLI_00851,BR_050,24950.34,Denied,High DTI,2026-08-04
APP_001258,CLI_03775,BR_003,17403.55,Approved,None,2026-07-22
APP_001259,CLI_01512,BR_048,28874.18,Denied,Active Default,2026-08-07
APP_001260,CLI_02288,BR_047,11784.87,Denied,Low Score,2026-03-30
APP_001261,CLI_04394,BR_024,7792.43,Denied,Thin File,2026-07-31
APP_001262,CLI_03995,BR_037,43302.0,Denied,Thin File,2026-04-27
APP_001263,CLI_04434,BR_019,20451.61,Denied,Active Default,2026-04-09
APP_001264,CLI_03189,BR_040,49895.48,Denied,Thin File,2026-07-03
APP_001265,CLI_00098,BR_018,32775.68,Denied,Low Score,2026-03-19
APP_001266,CLI_00936,BR_009,5803.53,Denied,High DTI,2026-08-20
APP_001267,CLI_02454,BR_003,42667.55,Denied,Thin File,2026-03-07
APP_001268,CLI_01856,BR_002,35462.34,Denied,Thin File,2026-07-04
APP_001269,CLI_02123,BR_026,28549.67,Approved,None,2026-05-23
APP_001270,CLI_04582,BR_023,26658.2,Denied,High DTI,2026-04-30
APP_001271,CLI_00277,BR_037,43212.43,Approved,None,2026-07-05
APP_001272,CLI_00461,BR_047,45700.18,Denied,Low Score,2026-04-22
APP_001273,CLI_03518,BR_041,28980.39,Denied,Low Score,2026-06-04
APP_001274,CLI_01326,BR_035,1334.18,Approved,None,2026-05-03
APP_001275,CLI_00730,BR_035,21810.97,Approved,None,2026-06-05
APP_001276,CLI_03269,BR_009,1425.38,Denied,Low Score,2026-07-19
APP_001277,CLI_02034,BR_006,33793.64,Approved,None,2026-07-07
APP_001278,CLI_01080,BR_019,31175.97,Denied,Fraud Suspicion,2026-05-23
APP_001279,CLI_00869,BR_022,33861.25,Approved,None,2026-08-30
APP_001280,CLI_01904,BR_030,24982.81,Denied,Thin File,2026-06-14
APP_001281,CLI_02451,BR_004,37761.37,Approved,None,2026-04-26
APP_001282,CLI_02774,BR_048,46494.04,Denied,Fraud Suspicion,2026-07-14
APP_001283,CLI_04830,BR_050,11657.7,Denied,Low Score,2026-05-25
APP_001284,CLI_00063,BR_036,6116.31,Denied,Low Score,2026-03-24
APP_001285,CLI_04414,BR_024,14661.21,Approved,None,2026-08-19
APP_001286,CLI_04510,BR_033,9826.71,Approved,None,2026-08-07
APP_001287,CLI_04717,BR_041,37289.12,Approved,None,2026-03-08
APP_001288,CLI_01196,BR_042,38588.61,Denied,Thin File,2026-03-18
APP_001289,CLI_04760,BR_030,43181.24,Approved,None,2026-04-25
APP_001290,CLI_01874,BR_029,3490.77,Denied,Low Score,2026-07-21
APP_001291,CLI_03428,BR_044,16055.49,Approved,None,2026-04-29
APP_001292,CLI_04525,BR_047,2613.83,Denied,Thin File,2026-04-08
APP_001293,CLI_03497,BR_008,15019.92,Denied,Thin File,2026-05-13
APP_001294,CLI_03295,BR_003,36326.34,Approved,None,2026-04-06
APP_001295,CLI_00341,BR_037,25786.2,Denied,Thin File,2026-07-24
APP_001296,CLI_02696,BR_022,42089.46,Approved,None,2026-03-16
APP_001297,CLI_02403,BR_016,23521.18,Denied,Fraud Suspicion,2026-04-15
APP_001298,CLI_04445,BR_008,2281.65,Denied,Thin File,2026-08-23
APP_001299,CLI_04182,BR_041,15295.51,Denied,Low Score,2026-08-12
APP_001300,CLI_00838,BR_020,24356.54,Approved,None,2026-08-25
APP_001301,CLI_01651,BR_001,10763.37,Denied,Active Default,2026-06-30
APP_001302,CLI_04239,BR_023,45084.94,Denied,Thin File,2026-07-08
APP_001303,CLI_02257,BR_012,48929.69,Denied,Low Score,2026-08-25
APP_001304,CLI_04862,BR_031,49092.94,Approved,None,2026-05-16
APP_001305,CLI_03852,BR_012,32058.25,Denied,Fraud Suspicion,2026-04-23
APP_001306,CLI_01725,BR_006,27431.06,Denied,Active Default,2026-03-24
APP_001307,CLI_03928,BR_038,47323.03,Approved,None,2026-04-22
APP_001308,CLI_01227,BR_004,43653.44,Denied,High DTI,2026-05-30
APP_001309,CLI_01686,BR_004,14019.07,Approved,None,2026-04-25
APP_001310,CLI_02945,BR_050,46421.7,Denied,Low Score,2026-04-04
APP_001311,CLI_02963,BR_001,8893.13,Denied,Fraud Suspicion,2026-03-23
APP_001312,CLI_03967,BR_036,1284.51,Approved,None,2026-03-31
APP_001313,CLI_04689,BR_039,17302.87,Denied,Low Score,2026-04-06
APP_001314,CLI_03773,BR_011,26126.48,Approved,None,2026-07-11
APP_001315,CLI_03138,BR_002,1130.88,Denied,Fraud Suspicion,2026-03-21
APP_001316,CLI_02494,BR_032,16765.09,Approved,None,2026-06-06
APP_001317,CLI_03511,BR_036,34375.32,Approved,None,2026-03-05
APP_001318,CLI_04518,BR_019,31297.34,Denied,Low Score,2026-04-28
APP_001319,CLI_04476,BR_020,41553.74,Approved,None,2026-06-09
APP_001320,CLI_00976,BR_038,15485.1,Denied,High DTI,2026-07-03
APP_001321,CLI_03037,BR_030,46794.78,Denied,Low Score,2026-04-14
APP_001322,CLI_00606,BR_048,42506.25,Denied,Low Score,2026-06-21
APP_001323,CLI_01536,BR_034,9860.44,Approved,None,2026-07-11
APP_001324,CLI_03861,BR_050,26266.45,Approved,None,2026-07-19
APP_001325,CLI_03640,BR_024,24053.09,Approved,None,2026-05-23
APP_001326,CLI_00408,BR_027,4991.26,Approved,None,2026-08-29
APP_001327,CLI_03684,BR_015,49623.18,Approved,None,2026-05-14
APP_001328,CLI_04838,BR_027,31736.56,Approved,None,2026-07-31
APP_001329,CLI_01201,BR_003,43290.63,Denied,Thin File,2026-07-20
APP_001330,CLI_02645,BR_010,49204.34,Approved,None,2026-03-09
APP_001331,CLI_00788,BR_042,44030.99,Approved,None,2026-05-07
APP_001332,CLI_02492,BR_036,11556.76,Denied,Low Score,2026-07-22
APP_001333,CLI_04058,BR_018,9773.02,Denied,Fraud Suspicion,2026-04-15
APP_001334,CLI_02704,BR_037,12930.64,Denied,Thin File,2026-06-08
APP_001335,CLI_00855,BR_001,36833.23,Approved,None,2026-08-21
APP_001336,CLI_03625,BR_016,47846.19,Approved,None,2026-07-26
APP_001337,CLI_02477,BR_017,15300.75,Denied,Low Score,2026-03-08
APP_001338,CLI_04202,BR_025,11455.14,Denied,Low Score,2026-03-18
APP_001339,CLI_04992,BR_019,25264.95,Denied,Thin File,2026-08-27
APP_001340,CLI_01214,BR_013,11684.9,Approved,None,2026-04-04
APP_001341,CLI_04015,BR_036,4908.1,Approved,None,2026-06-13
APP_001342,CLI_01742,BR_032,28507.08,Denied,Thin File,2026-04-17
APP_001343,CLI_00205,BR_038,14661.35,Denied,Active Default,2026-03-27
APP_001344,CLI_00986,BR_036,48133.62,Denied,Low Score,2026-07-13
APP_001345,CLI_01346,BR_022,23275.21,Approved,None,2026-03-12
APP_001346,CLI_00433,BR_024,12893.9,Approved,None,2026-05-03
APP_001347,CLI_02413,BR_013,5789.58,Approved,None,2026-05-18
APP_001348,CLI_00457,BR_035,10364.22,Denied,High DTI,2026-08-20
APP_001349,CLI_04775,BR_037,46110.08,Denied,Thin File,2026-03-30
APP_001350,CLI_04717,BR_031,44511.21,Denied,Thin File,2026-03-22
APP_001351,CLI_04499,BR_032,23448.78,Denied,Low Score,2026-08-29
APP_001352,CLI_01466,BR_044,23931.34,Approved,None,2026-05-07
APP_001353,CLI_03902,BR_005,39362.17,Approved,None,2026-08-06
APP_001354,CLI_01019,BR_036,48103.43,Approved,None,2026-05-09
APP_001355,CLI_03173,BR_003,29092.96,Approved,None,2026-04-15
APP_001356,CLI_03552,BR_050,40063.12,Approved,None,2026-04-05
APP_001357,CLI_00682,BR_047,14938.6,Denied,Active Default,2026-04-02
APP_001358,CLI_02342,BR_035,5743.79,Approved,None,2026-05-21
APP_001359,CLI_02307,BR_044,3709.73,Denied,Thin File,2026-05-19
APP_001360,CLI_03888,BR_049,47186.92,Approved,None,2026-07-02
APP_001361,CLI_03142,BR_001,20129.77,Approved,None,2026-08-17
APP_001362,CLI_00637,BR_002,7196.8,Approved,None,2026-05-05
APP_001363,CLI_01068,BR_011,44652.38,Denied,Low Score,2026-08-08
APP_001364,CLI_01820,BR_007,29710.92,Approved,None,2026-05-30
APP_001365,CLI_01498,BR_006,23536.68,Denied,Thin File,2026-07-18
APP_001366,CLI_04497,BR_018,14469.37,Denied,Low Score,2026-04-24
APP_001367,CLI_02951,BR_019,15892.26,Approved,None,2026-03-09
APP_001368,CLI_03422,BR_012,19558.12,Denied,Low Score,2026-04-29
APP_001369,CLI_04686,BR_041,47862.71,Approved,None,2026-05-18
APP_001370,CLI_00055,BR_017,16955.11,Approved,None,2026-06-19
APP_001371,CLI_00985,BR_001,8874.27,Denied,Low Score,2026-04-13
APP_001372,CLI_00103,BR_033,46842.84,Approved,None,2026-07-15
APP_001373,CLI_03631,BR_013,43016.89,Denied,High DTI,2026-06-13
APP_001374,CLI_01620,BR_047,8543.86,Denied,Low Score,2026-06-30
APP_001375,CLI_01182,BR_049,25415.1,Denied,Low Score,2026-08-08
APP_001376,CLI_02410,BR_016,23003.19,Denied,High DTI,2026-03-13
APP_001377,CLI_03875,BR_002,16552.86,Approved,None,2026-04-09
APP_001378,CLI_03372,BR_002,38885.13,Approved,None,2026-03-08
APP_001379,CLI_04806,BR_009,28397.78,Approved,None,2026-05-21
APP_001380,CLI_04745,BR_003,20495.04,Denied,Fraud Suspicion,2026-05-24
APP_001381,CLI_01914,BR_038,18142.72,Denied,Fraud Suspicion,2026-08-13
APP_001382,CLI_02864,BR_027,32379.9,Approved,None,2026-06-27
APP_001383,CLI_04207,BR_027,41677.02,Denied,Low Score,2026-08-14
APP_001384,CLI_02393,BR_005,38991.12,Denied,Low Score,2026-07-25
APP_001385,CLI_01828,BR_021,21108.54,Approved,None,2026-05-05
APP_001386,CLI_02708,BR_028,3255.66,Approved,None,2026-08-02
APP_001387,CLI_04205,BR_039,9484.28,Denied,Thin File,2026-07-29
APP_001388,CLI_01653,BR_019,12146.31,Denied,Low Score,2026-08-05
APP_001389,CLI_00933,BR_003,16074.24,Approved,None,2026-08-11
APP_001390,CLI_00467,BR_012,24766.38,Denied,Low Score,2026-05-18
APP_001391,CLI_02688,BR_026,24451.17,Denied,High DTI,2026-04-26
APP_001392,CLI_04859,BR_039,20959.84,Approved,None,2026-04-02
APP_001393,CLI_03277,BR_041,13134.66,Approved,None,2026-03-07
APP_001394,CLI_01024,BR_042,12267.91,Denied,Thin File,2026-04-16
APP_001395,CLI_01145,BR_047,4198.44,Denied,Thin File,2026-03-27
APP_001396,CLI_02469,BR_009,4161.6,Denied,Active Default,2026-08-06
APP_001397,CLI_00540,BR_037,15842.2,Denied,Active Default,2026-05-30
APP_001398,CLI_01029,BR_036,47263.39,Denied,Thin File,2026-08-26
APP_001399,CLI_01841,BR_026,29301.31,Denied,Low Score,2026-05-17
APP_001400,CLI_04625,BR_047,41083.34,Denied,Thin File,2026-08-07
APP_001401,CLI_02365,BR_020,26753.72,Approved,None,2026-05-22
APP_001402,CLI_04440,BR_014,38277.3,Denied,Active Default,2026-07-24
APP_001403,CLI_03093,BR_033,45686.46,Approved,None,2026-05-24
APP_001404,CLI_00468,BR_023,38591.4,Denied,Thin File,2026-04-16
APP_001405,CLI_01082,BR_030,36049.49,Approved,None,2026-05-14
APP_001406,CLI_01012,BR_013,2402.95,Approved,None,2026-05-17
APP_001407,CLI_03645,BR_045,6259.92,Denied,Active Default,2026-06-04
APP_001408,CLI_00357,BR_044,29781.92,Denied,Low Score,2026-06-24
APP_001409,CLI_04294,BR_009,32889.06,Denied,Active Default,2026-06-30
APP_001410,CLI_03505,BR_029,27717.84,Denied,Low Score,2026-04-13
APP_001411,CLI_02648,BR_046,39802.92,Approved,None,2026-05-16
APP_001412,CLI_01193,BR_012,21013.4,Denied,High DTI,2026-06-01
APP_001413,CLI_04681,BR_035,40849.49,Denied,High DTI,2026-07-05
APP_001414,CLI_03412,BR_042,19974.25,Approved,None,2026-08-06
APP_001415,CLI_04468,BR_011,6650.31,Denied,Low Score,2026-06-28
APP_001416,CLI_02188,BR_018,9740.31,Approved,None,2026-07-07
APP_001417,CLI_03992,BR_012,19688.0,Denied,Thin File,2026-06-23
APP_001418,CLI_01979,BR_047,22191.69,Denied,Fraud Suspicion,2026-05-11
APP_001419,CLI_03717,BR_043,12528.2,Denied,Fraud Suspicion,2026-05-21
APP_001420,CLI_02805,BR_018,24052.78,Denied,Active Default,2026-06-18
APP_001421,CLI_03395,BR_006,6620.0,Approved,None,2026-07-27
APP_001422,CLI_02804,BR_025,9534.22,Approved,None,2026-03-19
APP_001423,CLI_01357,BR_038,14215.34,Approved,None,2026-08-19
APP_001424,CLI_01940,BR_026,20083.13,Denied,Active Default,2026-04-02
APP_001425,CLI_03790,BR_022,3969.29,Denied,Thin File,2026-05-03
APP_001426,CLI_03691,BR_021,6227.81,Denied,Low Score,2026-05-12
APP_001427,CLI_00077,BR_049,31312.46,Denied,High DTI,2026-06-08
APP_001428,CLI_02222,BR_010,29681.2,Denied,Fraud Suspicion,2026-04-12
APP_001429,CLI_03474,BR_023,34050.69,Approved,None,2026-08-15
APP_001430,CLI_00223,BR_033,2966.62,Denied,Fraud Suspicion,2026-06-07
APP_001431,CLI_01277,BR_024,34363.48,Denied,Low Score,2026-08-21
APP_001432,CLI_00676,BR_019,23445.37,Denied,High DTI,2026-07-10
APP_001433,CLI_03808,BR_005,10355.9,Denied,High DTI,2026-04-03
APP_001434,CLI_02218,BR_001,7412.19,Denied,Thin File,2026-08-04
APP_001435,CLI_03185,BR_019,25231.46,Denied,Thin File,2026-05-16
APP_001436,CLI_01761,BR_010,48837.22,Approved,None,2026-08-06
APP_001437,CLI_04907,BR_003,20907.75,Denied,Low Score,2026-07-04
APP_001438,CLI_03423,BR_002,26799.8,Denied,Thin File,2026-06-09
APP_001439,CLI_02439,BR_042,45231.96,Approved,None,2026-05-10
APP_001440,CLI_02220,BR_029,41842.65,Approved,None,2026-07-09
APP_001441,CLI_04927,BR_034,22047.52,Denied,Thin File,2026-03-30
APP_001442,CLI_02670,BR_038,47262.3,Denied,Low Score,2026-06-11
APP_001443,CLI_03487,BR_010,1951.36,Denied,Active Default,2026-06-29
APP_001444,CLI_01887,BR_041,10897.76,Denied,Thin File,2026-06-05
APP_001445,CLI_02354,BR_033,23203.14,Denied,High DTI,2026-03-15
APP_001446,CLI_03391,BR_024,28880.8,Denied,Active Default,2026-05-25
APP_001447,CLI_02512,BR_023,44629.21,Denied,Thin File,2026-07-05
APP_001448,CLI_01571,BR_043,5428.3,Denied,Thin File,2026-08-22
APP_001449,CLI_00639,BR_040,29425.73,Approved,None,2026-06-20
APP_001450,CLI_04192,BR_038,9831.59,Denied,Active Default,2026-05-08
APP_001451,CLI_03986,BR_046,3219.87,Approved,None,2026-08-29
APP_001452,CLI_02943,BR_026,30549.18,Denied,Active Default,2026-08-11
APP_001453,CLI_04147,BR_031,10175.1,Denied,Low Score,2026-06-10
APP_001454,CLI_04005,BR_008,33731.15,Denied,Low Score,2026-04-27
APP_001455,CLI_00441,BR_028,14146.1,Approved,None,2026-08-04
APP_001456,CLI_04679,BR_046,13447.36,Approved,None,2026-07-25
APP_001457,CLI_00204,BR_041,48806.95,Denied,Active Default,2026-03-13
APP_001458,CLI_03812,BR_023,13391.92,Denied,Thin File,2026-08-25
APP_001459,CLI_00958,BR_037,31407.08,Approved,None,2026-06-29
APP_001460,CLI_03767,BR_018,15935.84,Approved,None,2026-04-14
APP_001461,CLI_03000,BR_032,24504.65,Denied,Thin File,2026-07-12
APP_001462,CLI_02206,BR_015,29757.58,Approved,None,2026-03-30
APP_001463,CLI_03239,BR_023,4356.36,Denied,Low Score,2026-07-18
APP_001464,CLI_04721,BR_020,30078.14,Denied,Low Score,2026-04-28
APP_001465,CLI_04571,BR_018,30955.48,Denied,High DTI,2026-03-31
APP_001466,CLI_03820,BR_043,32112.39,Denied,High DTI,2026-06-26
APP_001467,CLI_03783,BR_013,44704.45,Denied,High DTI,2026-03-08
APP_001468,CLI_01961,BR_019,49677.4,Denied,Thin File,2026-06-29
APP_001469,CLI_02162,BR_038,48082.93,Approved,None,2026-03-19
APP_001470,CLI_04994,BR_016,41100.28,Denied,Thin File,2026-07-25
APP_001471,CLI_02406,BR_049,28089.16,Approved,None,2026-05-25
APP_001472,CLI_01685,BR_020,31231.94,Approved,None,2026-06-23
APP_001473,CLI_02043,BR_024,35046.46,Approved,None,2026-08-21
APP_001474,CLI_03941,BR_003,41069.81,Denied,Thin File,2026-03-28
APP_001475,CLI_02627,BR_034,5428.12,Denied,Thin File,2026-07-18
APP_001476,CLI_02173,BR_035,21059.96,Denied,Thin File,2026-03-15
APP_001477,CLI_03830,BR_015,28021.87,Denied,Active Default,2026-03-29
APP_001478,CLI_01677,BR_001,45333.72,Denied,Active Default,2026-05-04
APP_001479,CLI_00603,BR_029,11799.09,Approved,None,2026-08-06
APP_001480,CLI_00380,BR_047,48818.15,Approved,None,2026-05-11
APP_001481,CLI_02257,BR_036,13632.67,Denied,Low Score,2026-06-05
APP_001482,CLI_00275,BR_043,25746.33,Approved,None,2026-07-26
APP_001483,CLI_01871,BR_024,47087.4,Denied,Thin File,2026-04-07
APP_001484,CLI_00552,BR_008,32443.86,Denied,High DTI,2026-03-22
APP_001485,CLI_01061,BR_042,41011.79,Denied,Low Score,2026-04-15
APP_001486,CLI_03336,BR_007,44556.02,Approved,None,2026-08-21
APP_001487,CLI_02279,BR_003,28048.21,Denied,Low Score,2026-07-14
APP_001488,CLI_01893,BR_032,30382.19,Denied,Active Default,2026-08-27
APP_001489,CLI_04365,BR_023,3924.02,Approved,None,2026-04-21
APP_001490,CLI_01610,BR_008,18148.83,Approved,None,2026-07-09
APP_001491,CLI_01363,BR_048,6703.98,Denied,Low Score,2026-08-01
APP_001492,CLI_01232,BR_035,34463.95,Approved,None,2026-08-29
APP_001493,CLI_02980,BR_034,44186.41,Approved,None,2026-08-14
APP_001494,CLI_04419,BR_002,37131.31,Approved,None,2026-06-02
APP_001495,CLI_02769,BR_040,25008.29,Denied,Thin File,2026-03-19
APP_001496,CLI_03052,BR_048,43823.9,Denied,Thin File,2026-07-14
APP_001497,CLI_04003,BR_024,21939.48,Approved,None,2026-05-05
APP_001498,CLI_00895,BR_013,27505.65,Denied,Active Default,2026-07-13
APP_001499,CLI_00314,BR_010,43973.59,Approved,None,2026-03-18
APP_001500,CLI_04368,BR_016,21125.45,Denied,Active Default,2026-06-03
APP_001501,CLI_03695,BR_033,36046.9,Approved,None,2026-06-29
APP_001502,CLI_03045,BR_048,28305.18,Approved,None,2026-04-11
APP_001503,CLI_02124,BR_016,27891.95,Denied,Low Score,2026-06-29
APP_001504,CLI_01206,BR_015,4151.89,Denied,Low Score,2026-05-04
APP_001505,CLI_04388,BR_011,27628.05,Denied,Thin File,2026-08-10
APP_001506,CLI_02743,BR_018,17967.44,Approved,None,2026-04-12
APP_001507,CLI_01314,BR_003,26940.79,Denied,Low Score,2026-05-14
APP_001508,CLI_03627,BR_032,32847.26,Denied,Low Score,2026-06-16
APP_001509,CLI_03624,BR_013,33904.86,Denied,Low Score,2026-04-16
APP_001510,CLI_04369,BR_044,17527.72,Approved,None,2026-04-09
APP_001511,CLI_00261,BR_029,48457.76,Denied,Low Score,2026-08-10
APP_001512,CLI_00823,BR_039,40087.49,Approved,None,2026-08-27
APP_001513,CLI_01056,BR_037,47640.03,Denied,Thin File,2026-04-09
APP_001514,CLI_03529,BR_011,45973.53,Approved,None,2026-08-09
APP_001515,CLI_03825,BR_005,27331.58,Approved,None,2026-05-18
APP_001516,CLI_01003,BR_021,48127.78,Denied,Low Score,2026-05-01
APP_001517,CLI_04824,BR_006,39015.64,Denied,High DTI,2026-04-02
APP_001518,CLI_02813,BR_009,17098.22,Denied,Thin File,2026-08-04
APP_001519,CLI_02692,BR_026,13829.26,Denied,Low Score,2026-08-26
APP_001520,CLI_03656,BR_019,10894.75,Denied,Low Score,2026-06-28
APP_001521,CLI_00583,BR_008,22915.36,Denied,Thin File,2026-08-11
APP_001522,CLI_04795,BR_025,43040.39,Denied,Low Score,2026-08-16
APP_001523,CLI_01128,BR_015,23002.43,Denied,Thin File,2026-06-17
APP_001524,CLI_01179,BR_037,22732.49,Denied,Fraud Suspicion,2026-03-14
APP_001525,CLI_01949,BR_050,8812.63,Denied,Thin File,2026-03-06
APP_001526,CLI_00645,BR_025,27245.88,Approved,None,2026-06-29
APP_001527,CLI_00497,BR_009,37231.23,Approved,None,2026-05-27
APP_001528,CLI_00196,BR_016,33232.02,Approved,None,2026-08-16
APP_001529,CLI_04310,BR_041,10338.92,Approved,None,2026-05-05
APP_001530,CLI_04938,BR_016,12651.63,Denied,Low Score,2026-03-09
APP_001531,CLI_04662,BR_048,4349.76,Denied,Low Score,2026-05-06
APP_001532,CLI_03375,BR_022,15234.96,Denied,Thin File,2026-05-26
APP_001533,CLI_02130,BR_021,26281.01,Approved,None,2026-06-19
APP_001534,CLI_00951,BR_002,9278.9,Denied,Thin File,2026-03-10
APP_001535,CLI_00651,BR_036,49435.87,Denied,Low Score,2026-05-01
APP_001536,CLI_00923,BR_021,22344.98,Denied,High DTI,2026-08-05
APP_001537,CLI_00205,BR_034,32920.06,Approved,None,2026-07-19
APP_001538,CLI_00713,BR_046,30392.58,Approved,None,2026-07-27
APP_001539,CLI_02322,BR_019,43602.84,Approved,None,2026-08-12
APP_001540,CLI_02766,BR_048,4868.79,Approved,None,2026-07-20
APP_001541,CLI_04978,BR_034,12815.71,Denied,High DTI,2026-06-15
APP_001542,CLI_02376,BR_032,1160.81,Denied,Thin File,2026-07-04
APP_001543,CLI_04918,BR_039,28802.99,Denied,Fraud Suspicion,2026-05-27
APP_001544,CLI_00257,BR_017,40653.41,Approved,None,2026-03-29
APP_001545,CLI_04652,BR_012,4622.16,Approved,None,2026-04-13
APP_001546,CLI_00322,BR_043,45821.89,Denied,Low Score,2026-07-21
APP_001547,CLI_04710,BR_004,36455.33,Denied,Low Score,2026-07-25
APP_001548,CLI_00119,BR_004,6657.38,Approved,None,2026-03-15
APP_001549,CLI_04416,BR_010,33623.86,Denied,Thin File,2026-08-06
APP_001550,CLI_04502,BR_035,20531.45,Approved,None,2026-08-11
APP_001551,CLI_04251,BR_002,40075.0,Approved,None,2026-07-16
APP_001552,CLI_01400,BR_040,44062.48,Approved,None,2026-06-05
APP_001553,CLI_04898,BR_026,11549.62,Approved,None,2026-08-21
APP_001554,CLI_04267,BR_047,12992.45,Approved,None,2026-07-10
APP_001555,CLI_03457,BR_042,43371.55,Approved,None,2026-03-13
APP_001556,CLI_02576,BR_029,11115.51,Denied,Low Score,2026-07-04
APP_001557,CLI_04461,BR_034,34300.42,Approved,None,2026-05-16
APP_001558,CLI_04409,BR_039,30239.39,Approved,None,2026-08-26
APP_001559,CLI_02694,BR_005,22475.45,Denied,Thin File,2026-08-23
APP_001560,CLI_03584,BR_006,7511.54,Denied,High DTI,2026-06-22
APP_001561,CLI_03535,BR_014,21013.81,Approved,None,2026-05-28
APP_001562,CLI_03961,BR_048,6377.13,Denied,Thin File,2026-08-27
APP_001563,CLI_01365,BR_033,6555.65,Approved,None,2026-05-07
APP_001564,CLI_03888,BR_012,26284.26,Denied,Low Score,2026-05-28
APP_001565,CLI_03366,BR_044,22027.04,Denied,Low Score,2026-04-04
APP_001566,CLI_00845,BR_009,28309.29,Denied,Low Score,2026-04-07
APP_001567,CLI_03233,BR_031,38925.61,Denied,Low Score,2026-07-06
APP_001568,CLI_02411,BR_027,7128.49,Approved,None,2026-08-18
APP_001569,CLI_03493,BR_041,47180.12,Denied,Low Score,2026-04-17
APP_001570,CLI_03727,BR_018,14325.84,Denied,Low Score,2026-07-11
APP_001571,CLI_04195,BR_024,19093.47,Denied,Low Score,2026-05-31
APP_001572,CLI_04775,BR_001,35527.35,Denied,High DTI,2026-06-08
APP_001573,CLI_02649,BR_005,26101.17,Denied,Low Score,2026-07-18
APP_001574,CLI_01587,BR_030,12823.78,Approved,None,2026-07-09
APP_001575,CLI_04984,BR_010,40149.87,Denied,Low Score,2026-08-13
APP_001576,CLI_01707,BR_020,12304.11,Denied,Low Score,2026-08-04
APP_001577,CLI_03944,BR_018,27105.2,Approved,None,2026-07-18
APP_001578,CLI_02590,BR_019,34022.07,Denied,High DTI,2026-06-02
APP_001579,CLI_02222,BR_006,36557.12,Denied,Low Score,2026-08-25
APP_001580,CLI_02926,BR_037,15927.1,Denied,Thin File,2026-08-01
APP_001581,CLI_01600,BR_038,18581.39,Denied,Thin File,2026-05-19
APP_001582,CLI_03802,BR_040,39502.77,Approved,None,2026-04-14
APP_001583,CLI_02896,BR_004,5582.27,Denied,Thin File,2026-03-21
APP_001584,CLI_01234,BR_011,42059.72,Denied,Thin File,2026-08-17
APP_001585,CLI_03311,BR_024,41590.08,Denied,Thin File,2026-03-10
APP_001586,CLI_02013,BR_029,3519.12,Denied,Thin File,2026-07-22
APP_001587,CLI_04503,BR_024,11348.92,Approved,None,2026-04-05
APP_001588,CLI_01033,BR_034,32549.3,Approved,None,2026-06-16
APP_001589,CLI_01436,BR_034,1586.96,Denied,Low Score,2026-05-03
APP_001590,CLI_04528,BR_037,44829.42,Approved,None,2026-07-11
APP_001591,CLI_00524,BR_012,48578.35,Denied,Thin File,2026-07-26
APP_001592,CLI_02780,BR_050,13773.18,Denied,High DTI,2026-06-18
APP_001593,CLI_03690,BR_002,29143.4,Denied,Thin File,2026-08-21
APP_001594,CLI_01961,BR_023,2894.83,Denied,Low Score,2026-03-26
APP_001595,CLI_04054,BR_042,42722.08,Denied,Fraud Suspicion,2026-04-26
APP_001596,CLI_03995,BR_042,47023.14,Denied,Thin File,2026-05-11
APP_001597,CLI_00806,BR_002,39754.96,Approved,None,2026-05-09
APP_001598,CLI_02388,BR_046,33975.55,Denied,Low Score,2026-03-22
APP_001599,CLI_00105,BR_011,11621.78,Approved,None,2026-06-21
APP_001600,CLI_04347,BR_047,34398.72,Approved,None,2026-07-16
APP_001601,CLI_02823,BR_012,17083.0,Denied,Active Default,2026-06-01
APP_001602,CLI_02077,BR_032,40744.54,Denied,Low Score,2026-06-19
APP_001603,CLI_03665,BR_010,37148.32,Denied,Low Score,2026-04-08
APP_001604,CLI_01831,BR_037,11679.79,Approved,None,2026-03-23
APP_001605,CLI_04145,BR_042,30939.45,Denied,Thin File,2026-04-01
APP_001606,CLI_04866,BR_019,6106.12,Denied,Thin File,2026-07-10
APP_001607,CLI_02803,BR_010,41156.63,Denied,Low Score,2026-08-15
APP_001608,CLI_00046,BR_011,13632.39,Approved,None,2026-07-13
APP_001609,CLI_03120,BR_023,32387.14,Denied,Thin File,2026-08-18
APP_001610,CLI_03829,BR_045,49714.12,Approved,None,2026-08-15
APP_001611,CLI_03593,BR_021,28701.45,Denied,Low Score,2026-06-10
APP_001612,CLI_00133,BR_025,4872.6,Denied,Low Score,2026-05-16
APP_001613,CLI_01262,BR_033,38027.4,Approved,None,2026-03-19
APP_001614,CLI_04204,BR_019,22234.21,Denied,Fraud Suspicion,2026-05-25
APP_001615,CLI_03176,BR_037,48392.97,Denied,High DTI,2026-07-30
APP_001616,CLI_04139,BR_003,24678.57,Approved,None,2026-08-18
APP_001617,CLI_03354,BR_018,7965.57,Approved,None,2026-07-22
APP_001618,CLI_03449,BR_029,15626.67,Approved,None,2026-04-03
APP_001619,CLI_00069,BR_027,33296.62,Denied,Low Score,2026-07-18
APP_001620,CLI_02601,BR_011,44321.4,Denied,Fraud Suspicion,2026-05-02
APP_001621,CLI_04755,BR_014,47749.32,Denied,Low Score,2026-07-16
APP_001622,CLI_02802,BR_017,27621.99,Approved,None,2026-08-22
APP_001623,CLI_03007,BR_007,11960.92,Denied,Low Score,2026-04-16
APP_001624,CLI_03916,BR_014,45180.63,Denied,Fraud Suspicion,2026-05-05
APP_001625,CLI_02398,BR_026,43305.94,Denied,High DTI,2026-05-25
APP_001626,CLI_03999,BR_019,46113.73,Approved,None,2026-06-21
APP_001627,CLI_02959,BR_048,1543.53,Denied,Active Default,2026-03-27
APP_001628,CLI_03096,BR_004,33761.52,Denied,Low Score,2026-08-29
APP_001629,CLI_02866,BR_033,44024.84,Approved,None,2026-07-19
APP_001630,CLI_01763,BR_025,37203.33,Denied,Active Default,2026-07-24
APP_001631,CLI_02317,BR_001,33115.95,Approved,None,2026-06-18
APP_001632,CLI_04706,BR_039,27621.19,Denied,High DTI,2026-05-11
APP_001633,CLI_00106,BR_020,10342.76,Approved,None,2026-08-11
APP_001634,CLI_00699,BR_009,20417.75,Approved,None,2026-05-16
APP_001635,CLI_03298,BR_036,40040.07,Denied,Low Score,2026-06-27
APP_001636,CLI_03507,BR_021,26408.82,Denied,High DTI,2026-03-31
APP_001637,CLI_00435,BR_027,8836.52,Denied,Thin File,2026-04-15
APP_001638,CLI_04444,BR_029,22486.56,Denied,Fraud Suspicion,2026-03-15
APP_001639,CLI_00825,BR_013,1080.97,Denied,Low Score,2026-05-04
APP_001640,CLI_01094,BR_043,42289.38,Denied,Thin File,2026-07-08
APP_001641,CLI_02355,BR_005,28773.19,Approved,None,2026-07-27
APP_001642,CLI_01873,BR_046,2069.76,Denied,Thin File,2026-03-23
APP_001643,CLI_02945,BR_026,27464.58,Denied,Fraud Suspicion,2026-05-27
APP_001644,CLI_04337,BR_026,20268.73,Approved,None,2026-07-25
APP_001645,CLI_03199,BR_021,46158.02,Approved,None,2026-05-13
APP_001646,CLI_03476,BR_012,6926.93,Approved,None,2026-08-22
APP_001647,CLI_02494,BR_010,47471.61,Approved,None,2026-08-15
APP_001648,CLI_04648,BR_010,39695.68,Approved,None,2026-06-19
APP_001649,CLI_03175,BR_005,25072.37,Denied,Fraud Suspicion,2026-06-10
APP_001650,CLI_04712,BR_014,24913.63,Approved,None,2026-08-08
APP_001651,CLI_04109,BR_034,12308.41,Approved,None,2026-03-11
APP_001652,CLI_03612,BR_043,23388.95,Approved,None,2026-03-21
APP_001653,CLI_04869,BR_050,41251.1,Denied,High DTI,2026-03-25
APP_001654,CLI_02307,BR_017,28517.21,Approved,None,2026-04-23
APP_001655,CLI_02177,BR_007,42188.01,Denied,Fraud Suspicion,2026-04-16
APP_001656,CLI_03081,BR_045,37175.03,Denied,Thin File,2026-04-13
APP_001657,CLI_02930,BR_042,21424.5,Denied,Active Default,2026-08-22
APP_001658,CLI_00716,BR_046,37146.94,Denied,High DTI,2026-07-07
APP_001659,CLI_03088,BR_009,20315.31,Approved,None,2026-05-31
APP_001660,CLI_00419,BR_013,26394.36,Approved,None,2026-05-10
APP_001661,CLI_01945,BR_048,13854.73,Approved,None,2026-07-07
APP_001662,CLI_02857,BR_028,12071.92,Approved,None,2026-05-25
APP_001663,CLI_02857,BR_050,13022.74,Denied,Thin File,2026-07-23
APP_001664,CLI_02918,BR_024,11001.99,Denied,Thin File,2026-04-23
APP_001665,CLI_04144,BR_049,3831.18,Denied,Thin File,2026-05-19
APP_001666,CLI_02295,BR_046,47284.44,Denied,Thin File,2026-05-16
APP_001667,CLI_00453,BR_005,4891.76,Denied,High DTI,2026-06-13
APP_001668,CLI_01932,BR_044,40104.08,Denied,High DTI,2026-05-18
APP_001669,CLI_04275,BR_039,14662.99,Approved,None,2026-08-19
APP_001670,CLI_02371,BR_017,32445.85,Approved,None,2026-04-11
APP_001671,CLI_01582,BR_043,3542.16,Denied,Low Score,2026-07-14
APP_001672,CLI_00333,BR_042,41202.24,Denied,Thin File,2026-03-08
APP_001673,CLI_02265,BR_036,36882.42,Approved,None,2026-05-05
APP_001674,CLI_00086,BR_005,36646.1,Denied,Low Score,2026-06-13
APP_001675,CLI_02557,BR_001,16821.06,Denied,High DTI,2026-08-07
APP_001676,CLI_01448,BR_018,35918.72,Denied,Thin File,2026-08-16
APP_001677,CLI_04221,BR_031,5527.31,Denied,High DTI,2026-05-29
APP_001678,CLI_00228,BR_026,32408.71,Denied,Active Default,2026-08-02
APP_001679,CLI_02557,BR_041,46712.49,Approved,None,2026-07-11
APP_001680,CLI_02539,BR_047,27578.21,Denied,Low Score,2026-07-19
APP_001681,CLI_03391,BR_047,33941.41,Approved,None,2026-04-04
APP_001682,CLI_03471,BR_037,23065.26,Approved,None,2026-03-22
APP_001683,CLI_01954,BR_030,42520.15,Approved,None,2026-06-20
APP_001684,CLI_04992,BR_024,33321.87,Approved,None,2026-04-14
APP_001685,CLI_04588,BR_033,10877.47,Approved,None,2026-04-03
APP_001686,CLI_00894,BR_022,40246.96,Denied,Low Score,2026-04-30
APP_001687,CLI_04086,BR_035,16569.43,Approved,None,2026-05-06
APP_001688,CLI_02877,BR_035,46944.21,Approved,None,2026-08-20
APP_001689,CLI_00742,BR_015,49691.2,Approved,None,2026-06-21
APP_001690,CLI_03801,BR_046,25269.78,Denied,Low Score,2026-08-19
APP_001691,CLI_02145,BR_029,28021.88,Approved,None,2026-07-16
APP_001692,CLI_04908,BR_020,25766.64,Approved,None,2026-08-29
APP_001693,CLI_03238,BR_038,11724.38,Denied,Low Score,2026-06-05
APP_001694,CLI_03241,BR_033,8107.48,Denied,Low Score,2026-03-05
APP_001695,CLI_01339,BR_004,36143.07,Approved,None,2026-06-26
APP_001696,CLI_03135,BR_016,24251.41,Denied,Low Score,2026-07-12
APP_001697,CLI_01256,BR_019,23593.84,Approved,None,2026-04-25
APP_001698,CLI_03678,BR_026,38204.2,Approved,None,2026-05-11
APP_001699,CLI_01878,BR_033,34309.77,Approved,None,2026-05-17
APP_001700,CLI_04876,BR_044,3381.47,Denied,Active Default,2026-06-26
APP_001701,CLI_04103,BR_045,47586.73,Approved,None,2026-08-21
APP_001702,CLI_00247,BR_011,47354.76,Denied,High DTI,2026-03-20
APP_001703,CLI_01372,BR_033,22807.22,Denied,Thin File,2026-05-17
APP_001704,CLI_04325,BR_018,37458.09,Approved,None,2026-07-01
APP_001705,CLI_01154,BR_008,46382.54,Approved,None,2026-05-01
APP_001706,CLI_01603,BR_017,33861.07,Denied,High DTI,2026-08-07
APP_001707,CLI_00799,BR_044,31394.06,Denied,Low Score,2026-03-08
APP_001708,CLI_02317,BR_026,33016.52,Denied,High DTI,2026-06-02
APP_001709,CLI_00421,BR_002,12412.32,Denied,Low Score,2026-04-11
APP_001710,CLI_03500,BR_044,3079.55,Denied,Fraud Suspicion,2026-06-21
APP_001711,CLI_02132,BR_044,37826.73,Denied,High DTI,2026-06-24
APP_001712,CLI_03123,BR_032,3808.89,Denied,Low Score,2026-07-03
APP_001713,CLI_03346,BR_044,17583.25,Approved,None,2026-04-06
APP_001714,CLI_02024,BR_019,48634.71,Approved,None,2026-04-27
APP_001715,CLI_03690,BR_001,11028.78,Approved,None,2026-05-02
APP_001716,CLI_01684,BR_006,14772.19,Approved,None,2026-06-23
APP_001717,CLI_04671,BR_037,5200.43,Approved,None,2026-08-29
APP_001718,CLI_03831,BR_015,48657.93,Approved,None,2026-08-15
APP_001719,CLI_04526,BR_003,39384.22,Denied,Active Default,2026-07-24
APP_001720,CLI_02090,BR_022,6998.58,Denied,Low Score,2026-07-11
APP_001721,CLI_00499,BR_021,20480.73,Denied,High DTI,2026-04-01
APP_001722,CLI_01245,BR_023,43417.36,Approved,None,2026-07-28
APP_001723,CLI_01140,BR_003,7252.98,Denied,Active Default,2026-08-09
APP_001724,CLI_04873,BR_025,33864.86,Approved,None,2026-03-08
APP_001725,CLI_01915,BR_038,8104.65,Denied,Thin File,2026-08-01
APP_001726,CLI_00867,BR_030,46619.38,Approved,None,2026-08-27
APP_001727,CLI_03527,BR_007,11732.72,Approved,None,2026-08-05
APP_001728,CLI_01653,BR_036,24147.22,Denied,Low Score,2026-06-07
APP_001729,CLI_00179,BR_038,12541.79,Denied,Low Score,2026-08-06
APP_001730,CLI_04798,BR_026,16008.06,Approved,None,2026-08-30
APP_001731,CLI_03430,BR_014,4031.05,Approved,None,2026-07-01
APP_001732,CLI_01197,BR_019,28329.51,Denied,Thin File,2026-08-04
APP_001733,CLI_04368,BR_002,38387.88,Approved,None,2026-05-11
APP_001734,CLI_00019,BR_013,39596.08,Denied,Fraud Suspicion,2026-03-06
APP_001735,CLI_03062,BR_003,11155.08,Denied,Low Score,2026-07-24
APP_001736,CLI_01586,BR_005,38709.84,Denied,Fraud Suspicion,2026-03-28
APP_001737,CLI_04008,BR_004,17298.6,Denied,Thin File,2026-04-24
APP_001738,CLI_04841,BR_035,4376.7,Approved,None,2026-06-24
APP_001739,CLI_04368,BR_012,10269.42,Denied,Active Default,2026-03-11
APP_001740,CLI_02835,BR_013,4317.49,Approved,None,2026-05-05
APP_001741,CLI_03604,BR_021,7563.19,Approved,None,2026-04-17
APP_001742,CLI_02727,BR_045,25568.76,Approved,None,2026-07-28
APP_001743,CLI_03275,BR_003,48991.84,Approved,None,2026-06-25
APP_001744,CLI_02572,BR_043,36736.75,Denied,High DTI,2026-07-20
APP_001745,CLI_01318,BR_035,18103.01,Denied,Low Score,2026-08-13
APP_001746,CLI_04315,BR_003,41600.08,Approved,None,2026-08-01
APP_001747,CLI_04404,BR_001,29633.27,Denied,Active Default,2026-08-11
APP_001748,CLI_04327,BR_047,10152.49,Denied,Low Score,2026-06-14
APP_001749,CLI_00753,BR_015,48638.52,Denied,High DTI,2026-03-28
APP_001750,CLI_04649,BR_024,19123.21,Denied,Low Score,2026-08-31
APP_001751,CLI_00743,BR_030,19195.33,Denied,Fraud Suspicion,2026-03-14
APP_001752,CLI_01376,BR_027,1832.72,Denied,Low Score,2026-05-24
APP_001753,CLI_00955,BR_033,31279.82,Denied,Thin File,2026-07-08
APP_001754,CLI_02151,BR_012,13696.39,Denied,Low Score,2026-06-13
APP_001755,CLI_00581,BR_021,19423.35,Denied,Low Score,2026-06-04
APP_001756,CLI_02903,BR_046,45105.15,Denied,Thin File,2026-06-02
APP_001757,CLI_01713,BR_032,29332.13,Approved,None,2026-06-03
APP_001758,CLI_02391,BR_041,24255.96,Approved,None,2026-07-12
APP_001759,CLI_03496,BR_030,29177.31,Denied,Low Score,2026-03-27
APP_001760,CLI_00296,BR_044,17587.17,Denied,Thin File,2026-03-10
APP_001761,CLI_01801,BR_022,35882.97,Denied,Thin File,2026-04-25
APP_001762,CLI_01421,BR_031,23664.69,Denied,Low Score,2026-07-23
APP_001763,CLI_00693,BR_033,5888.63,Approved,None,2026-06-18
APP_001764,CLI_00059,BR_049,42899.8,Denied,Low Score,2026-08-11
APP_001765,CLI_04054,BR_007,14831.28,Denied,Thin File,2026-05-16
APP_001766,CLI_02710,BR_035,36589.92,Denied,Low Score,2026-05-21
APP_001767,CLI_01248,BR_009,1378.53,Denied,Thin File,2026-05-29
APP_001768,CLI_03983,BR_040,16098.19,Approved,None,2026-08-01
APP_001769,CLI_00497,BR_023,36973.22,Denied,Fraud Suspicion,2026-07-21
APP_001770,CLI_00577,BR_022,43889.95,Denied,Active Default,2026-08-21
APP_001771,CLI_00985,BR_020,34111.19,Approved,None,2026-03-21
APP_001772,CLI_00562,BR_010,46105.35,Denied,Thin File,2026-05-11
APP_001773,CLI_03782,BR_036,45538.74,Denied,Thin File,2026-03-31
APP_001774,CLI_03892,BR_048,10517.91,Denied,Thin File,2026-03-11
APP_001775,CLI_00064,BR_032,16143.66,Denied,Thin File,2026-04-20
APP_001776,CLI_04453,BR_019,6428.41,Denied,Low Score,2026-04-12
APP_001777,CLI_03865,BR_018,38260.42,Denied,Thin File,2026-06-22
APP_001778,CLI_02932,BR_008,45437.02,Denied,Low Score,2026-07-18
APP_001779,CLI_01799,BR_021,16772.1,Approved,None,2026-06-21
APP_001780,CLI_02561,BR_030,1834.54,Approved,None,2026-03-09
APP_001781,CLI_00599,BR_028,11986.88,Approved,None,2026-08-29
APP_001782,CLI_01906,BR_003,10407.23,Approved,None,2026-07-30
APP_001783,CLI_01862,BR_006,20892.11,Denied,Low Score,2026-04-10
APP_001784,CLI_01628,BR_036,20414.91,Denied,Low Score,2026-08-24
APP_001785,CLI_01064,BR_004,2249.71,Approved,None,2026-04-25
APP_001786,CLI_01448,BR_009,3843.45,Approved,None,2026-05-02
APP_001787,CLI_00774,BR_002,18467.58,Approved,None,2026-04-24
APP_001788,CLI_01411,BR_015,30872.5,Denied,Thin File,2026-07-30
APP_001789,CLI_03470,BR_044,34153.96,Approved,None,2026-07-15
APP_001790,CLI_04637,BR_049,27599.91,Denied,Low Score,2026-03-23
APP_001791,CLI_01043,BR_008,37204.84,Approved,None,2026-08-21
APP_001792,CLI_03732,BR_043,14196.59,Denied,High DTI,2026-03-18
APP_001793,CLI_01352,BR_016,4837.9,Denied,Low Score,2026-08-21
APP_001794,CLI_01588,BR_035,29494.28,Approved,None,2026-04-17
APP_001795,CLI_01514,BR_030,9034.14,Denied,Low Score,2026-06-17
APP_001796,CLI_00221,BR_023,20357.23,Approved,None,2026-03-05
APP_001797,CLI_04065,BR_038,37807.16,Approved,None,2026-06-16
APP_001798,CLI_03527,BR_016,13999.2,Approved,None,2026-06-15
APP_001799,CLI_03099,BR_050,30567.12,Denied,High DTI,2026-07-26
APP_001800,CLI_02505,BR_003,19200.61,Denied,Active Default,2026-04-02
APP_001801,CLI_03687,BR_042,9140.14,Denied,Thin File,2026-06-23
APP_001802,CLI_02734,BR_023,23767.65,Approved,None,2026-08-23
APP_001803,CLI_03251,BR_004,20183.39,Denied,Low Score,2026-06-21
APP_001804,CLI_01262,BR_019,32289.92,Approved,None,2026-03-28
APP_001805,CLI_02618,BR_027,4543.53,Denied,Active Default,2026-06-21
APP_001806,CLI_04845,BR_018,46529.37,Approved,None,2026-07-26
APP_001807,CLI_01296,BR_047,36890.06,Approved,None,2026-04-03
APP_001808,CLI_02415,BR_046,30087.12,Denied,Fraud Suspicion,2026-03-07
APP_001809,CLI_03728,BR_011,15612.12,Approved,None,2026-05-23
APP_001810,CLI_04533,BR_019,7323.62,Approved,None,2026-07-05
APP_001811,CLI_00122,BR_006,36534.42,Denied,High DTI,2026-05-25
APP_001812,CLI_04122,BR_050,5808.1,Approved,None,2026-03-30
APP_001813,CLI_03556,BR_037,12700.05,Denied,Active Default,2026-04-28
APP_001814,CLI_04782,BR_024,44861.76,Denied,Active Default,2026-04-28
APP_001815,CLI_02900,BR_032,26586.47,Approved,None,2026-07-14
APP_001816,CLI_03833,BR_043,46714.43,Denied,Fraud Suspicion,2026-07-01
APP_001817,CLI_00096,BR_003,32339.12,Denied,Fraud Suspicion,2026-07-15
APP_001818,CLI_01143,BR_039,4810.49,Approved,None,2026-04-18
APP_001819,CLI_03643,BR_037,32787.57,Denied,Active Default,2026-04-22
APP_001820,CLI_01329,BR_015,40578.78,Denied,Low Score,2026-07-31
APP_001821,CLI_03141,BR_024,39834.32,Denied,Active Default,2026-03-29
APP_001822,CLI_01951,BR_048,46715.48,Approved,None,2026-06-01
APP_001823,CLI_04752,BR_016,35271.02,Denied,Thin File,2026-07-07
APP_001824,CLI_02076,BR_021,13228.07,Approved,None,2026-05-31
APP_001825,CLI_01369,BR_035,23115.17,Denied,Low Score,2026-07-21
APP_001826,CLI_04146,BR_048,47096.87,Approved,None,2026-04-21
APP_001827,CLI_01731,BR_030,33771.23,Denied,Thin File,2026-06-02
APP_001828,CLI_00412,BR_018,20589.1,Denied,Low Score,2026-08-06
APP_001829,CLI_01854,BR_005,10472.06,Denied,High DTI,2026-06-30
APP_001830,CLI_03514,BR_009,26578.34,Denied,High DTI,2026-03-10
APP_001831,CLI_03251,BR_036,17506.6,Denied,High DTI,2026-04-04
APP_001832,CLI_03368,BR_026,44258.8,Denied,High DTI,2026-03-22
APP_001833,CLI_04336,BR_016,32245.55,Approved,None,2026-06-17
APP_001834,CLI_00645,BR_044,32969.88,Approved,None,2026-07-28
APP_001835,CLI_03585,BR_033,19557.13,Denied,Low Score,2026-05-21
APP_001836,CLI_04301,BR_033,8867.14,Denied,Fraud Suspicion,2026-08-09
APP_001837,CLI_04856,BR_034,22538.35,Approved,None,2026-03-27
APP_001838,CLI_04118,BR_011,40474.02,Denied,High DTI,2026-04-02
APP_001839,CLI_02720,BR_028,30769.16,Denied,Low Score,2026-08-07
APP_001840,CLI_04187,BR_002,3600.45,Denied,Fraud Suspicion,2026-07-24
APP_001841,CLI_02976,BR_018,31336.62,Denied,Thin File,2026-03-26
APP_001842,CLI_00623,BR_005,28008.23,Approved,None,2026-08-16
APP_001843,CLI_01872,BR_030,31838.17,Approved,None,2026-04-05
APP_001844,CLI_03229,BR_027,16518.55,Denied,Low Score,2026-05-18
APP_001845,CLI_00161,BR_044,18977.37,Denied,High DTI,2026-03-29
APP_001846,CLI_02523,BR_013,18139.99,Denied,Low Score,2026-08-12
APP_001847,CLI_01521,BR_030,46836.94,Approved,None,2026-05-09
APP_001848,CLI_01525,BR_004,21140.33,Denied,Fraud Suspicion,2026-07-20
APP_001849,CLI_03241,BR_016,7187.14,Approved,None,2026-04-08
APP_001850,CLI_03628,BR_047,14541.3,Denied,High DTI,2026-08-28
APP_001851,CLI_00200,BR_005,32193.11,Denied,High DTI,2026-03-05
APP_001852,CLI_03494,BR_008,3473.47,Approved,None,2026-07-02
APP_001853,CLI_00388,BR_015,47481.9,Approved,None,2026-04-27
APP_001854,CLI_00213,BR_004,21886.11,Denied,Thin File,2026-05-04
APP_001855,CLI_00475,BR_025,13273.86,Denied,Fraud Suspicion,2026-07-15
APP_001856,CLI_03658,BR_007,36736.72,Approved,None,2026-05-15
APP_001857,CLI_03310,BR_044,2573.25,Approved,None,2026-06-20
APP_001858,CLI_04990,BR_019,29408.49,Denied,Active Default,2026-06-08
APP_001859,CLI_02500,BR_050,28203.85,Approved,None,2026-08-31
APP_001860,CLI_03712,BR_029,1753.41,Denied,High DTI,2026-06-16
APP_001861,CLI_02075,BR_007,23071.32,Denied,Fraud Suspicion,2026-06-26
APP_001862,CLI_01054,BR_031,49132.62,Approved,None,2026-06-11
APP_001863,CLI_00902,BR_042,33502.97,Approved,None,2026-03-15
APP_001864,CLI_03581,BR_001,22522.24,Denied,Low Score,2026-08-23
APP_001865,CLI_02903,BR_012,6250.47,Approved,None,2026-07-16
APP_001866,CLI_03883,BR_026,38884.83,Denied,Fraud Suspicion,2026-05-19
APP_001867,CLI_03087,BR_015,13266.09,Approved,None,2026-04-10
APP_001868,CLI_02958,BR_009,27163.78,Approved,None,2026-08-29
APP_001869,CLI_04471,BR_003,6646.07,Denied,Active Default,2026-03-08
APP_001870,CLI_03328,BR_002,30665.83,Denied,Fraud Suspicion,2026-07-23
APP_001871,CLI_01822,BR_017,11447.01,Denied,Low Score,2026-03-07
APP_001872,CLI_00603,BR_003,42089.74,Denied,High DTI,2026-05-04
APP_001873,CLI_03763,BR_036,41669.69,Denied,Fraud Suspicion,2026-07-10
APP_001874,CLI_00446,BR_014,45638.7,Denied,Active Default,2026-08-31
APP_001875,CLI_01402,BR_014,5914.55,Approved,None,2026-05-19
APP_001876,CLI_04986,BR_009,21180.64,Denied,High DTI,2026-07-03
APP_001877,CLI_01276,BR_048,20635.97,Denied,Low Score,2026-08-28
APP_001878,CLI_01050,BR_042,26950.64,Denied,High DTI,2026-08-25
APP_001879,CLI_01145,BR_002,35403.03,Approved,None,2026-08-08
APP_001880,CLI_03572,BR_018,19164.41,Approved,None,2026-06-08
APP_001881,CLI_00970,BR_024,45309.05,Approved,None,2026-04-03
APP_001882,CLI_00778,BR_043,27487.1,Denied,Low Score,2026-07-31
APP_001883,CLI_04111,BR_017,18719.4,Approved,None,2026-04-11
APP_001884,CLI_04870,BR_026,25602.43,Denied,High DTI,2026-05-04
APP_001885,CLI_04160,BR_023,1347.24,Approved,None,2026-07-05
APP_001886,CLI_03034,BR_032,32121.8,Approved,None,2026-08-04
APP_001887,CLI_03785,BR_012,34919.08,Approved,None,2026-05-21
APP_001888,CLI_01710,BR_036,37520.8,Denied,Active Default,2026-04-15
APP_001889,CLI_04306,BR_044,18934.03,Approved,None,2026-04-26
APP_001890,CLI_03094,BR_013,11591.54,Denied,Low Score,2026-03-29
APP_001891,CLI_03263,BR_032,47139.92,Approved,None,2026-07-08
APP_001892,CLI_04988,BR_047,39130.79,Denied,Active Default,2026-03-28
APP_001893,CLI_03673,BR_033,48311.8,Denied,Low Score,2026-08-04
APP_001894,CLI_04086,BR_024,13243.38,Denied,Thin File,2026-08-04
APP_001895,CLI_02383,BR_016,41054.33,Denied,Low Score,2026-08-25
APP_001896,CLI_00140,BR_014,22609.23,Approved,None,2026-07-30
APP_001897,CLI_01029,BR_025,21326.04,Approved,None,2026-06-22
APP_001898,CLI_03304,BR_011,22372.82,Denied,Thin File,2026-06-14
APP_001899,CLI_02995,BR_008,41868.18,Approved,None,2026-06-08
APP_001900,CLI_00736,BR_043,35334.27,Denied,High DTI,2026-04-14
APP_001901,CLI_00364,BR_010,11938.27,Denied,Low Score,2026-05-31
APP_001902,CLI_00744,BR_018,32456.0,Approved,None,2026-05-06
APP_001903,CLI_03735,BR_021,3051.86,Denied,High DTI,2026-08-11
APP_001904,CLI_01565,BR_019,24045.13,Denied,Low Score,2026-03-16
APP_001905,CLI_02949,BR_010,41907.82,Denied,Low Score,2026-07-11
APP_001906,CLI_03223,BR_008,21776.3,Approved,None,2026-05-29
APP_001907,CLI_00999,BR_031,6776.26,Denied,Thin File,2026-03-10
APP_001908,CLI_00921,BR_037,44847.02,Denied,Active Default,2026-06-12
APP_001909,CLI_00541,BR_031,22128.0,Denied,Low Score,2026-05-30
APP_001910,CLI_02244,BR_026,41824.06,Denied,Thin File,2026-04-17
APP_001911,CLI_03026,BR_003,13482.36,Denied,Low Score,2026-05-18
APP_001912,CLI_04880,BR_044,42886.37,Denied,High DTI,2026-06-04
APP_001913,CLI_01027,BR_011,1504.87,Denied,Low Score,2026-08-03
APP_001914,CLI_04453,BR_019,5797.51,Denied,Low Score,2026-03-22
APP_001915,CLI_02083,BR_048,19216.29,Denied,Low Score,2026-03-27
APP_001916,CLI_02321,BR_014,17906.62,Denied,Low Score,2026-05-12
APP_001917,CLI_03750,BR_048,40659.95,Approved,None,2026-08-21
APP_001918,CLI_02371,BR_026,10546.94,Denied,Low Score,2026-05-14
APP_001919,CLI_02553,BR_030,6907.88,Approved,None,2026-08-25
APP_001920,CLI_03840,BR_014,47503.03,Approved,None,2026-07-05
APP_001921,CLI_04313,BR_006,22706.89,Denied,Thin File,2026-03-13
APP_001922,CLI_04470,BR_022,22548.45,Approved,None,2026-08-08
APP_001923,CLI_00853,BR_010,21946.52,Approved,None,2026-08-06
APP_001924,CLI_02677,BR_007,49159.81,Approved,None,2026-06-20
APP_001925,CLI_04255,BR_015,13741.15,Denied,Fraud Suspicion,2026-07-12
APP_001926,CLI_01897,BR_018,30764.51,Denied,Thin File,2026-06-21
APP_001927,CLI_01391,BR_032,46626.31,Denied,Thin File,2026-07-02
APP_001928,CLI_02025,BR_005,40702.17,Approved,None,2026-08-07
APP_001929,CLI_04346,BR_046,42701.08,Approved,None,2026-08-29
APP_001930,CLI_00406,BR_047,36794.51,Approved,None,2026-07-31
APP_001931,CLI_01606,BR_031,10693.9,Approved,None,2026-05-06
APP_001932,CLI_03457,BR_001,43599.99,Approved,None,2026-06-21
APP_001933,CLI_02853,BR_021,24399.98,Denied,Fraud Suspicion,2026-07-01
APP_001934,CLI_04387,BR_050,26087.64,Approved,None,2026-04-11
APP_001935,CLI_03166,BR_015,37126.17,Approved,None,2026-03-18
APP_001936,CLI_04367,BR_018,42056.94,Denied,Fraud Suspicion,2026-04-26
APP_001937,CLI_03407,BR_012,7284.16,Denied,Low Score,2026-08-22
APP_001938,CLI_04863,BR_049,23699.79,Denied,Fraud Suspicion,2026-05-08
APP_001939,CLI_04421,BR_044,29772.9,Approved,None,2026-03-13
APP_001940,CLI_02781,BR_036,4628.35,Denied,Active Default,2026-03-26
APP_001941,CLI_03973,BR_023,45686.81,Denied,Low Score,2026-05-03
APP_001942,CLI_02608,BR_049,48307.64,Denied,Fraud Suspicion,2026-08-10
APP_001943,CLI_01548,BR_021,49045.83,Approved,None,2026-07-10
APP_001944,CLI_04958,BR_023,43935.16,Denied,Active Default,2026-07-04
APP_001945,CLI_01908,BR_018,9583.51,Approved,None,2026-07-01
APP_001946,CLI_04847,BR_031,33625.32,Approved,None,2026-05-11
APP_001947,CLI_04201,BR_003,11946.31,Denied,Thin File,2026-04-25
APP_001948,CLI_04848,BR_030,23711.25,Denied,High DTI,2026-05-16
APP_001949,CLI_03581,BR_006,43326.82,Approved,None,2026-03-09
APP_001950,CLI_02602,BR_014,29494.61,Denied,Thin File,2026-06-04
APP_001951,CLI_03751,BR_041,44806.27,Denied,Low Score,2026-07-30
APP_001952,CLI_02512,BR_045,31722.43,Denied,High DTI,2026-05-11
APP_001953,CLI_02735,BR_017,15789.73,Denied,Thin File,2026-04-19
APP_001954,CLI_02052,BR_005,18267.76,Denied,Low Score,2026-04-21
APP_001955,CLI_04190,BR_020,35344.43,Approved,None,2026-08-19
APP_001956,CLI_03486,BR_010,14572.5,Approved,None,2026-06-14
APP_001957,CLI_04607,BR_009,32861.93,Denied,Active Default,2026-07-30
APP_001958,CLI_03424,BR_004,1159.15,Approved,None,2026-06-24
APP_001959,CLI_01098,BR_013,26419.34,Approved,None,2026-08-18
APP_001960,CLI_03712,BR_009,40945.87,Approved,None,2026-04-02
APP_001961,CLI_00975,BR_002,41137.13,Approved,None,2026-06-10
APP_001962,CLI_04642,BR_016,15373.05,Denied,Thin File,2026-08-09
APP_001963,CLI_00838,BR_047,35447.79,Denied,Low Score,2026-05-15
APP_001964,CLI_02344,BR_009,3829.08,Approved,None,2026-08-21
APP_001965,CLI_02035,BR_047,7806.14,Approved,None,2026-04-11
APP_001966,CLI_02072,BR_033,7349.64,Approved,None,2026-05-05
APP_001967,CLI_03257,BR_017,1414.76,Denied,High DTI,2026-05-03
APP_001968,CLI_02394,BR_003,32917.78,Approved,None,2026-08-20
APP_001969,CLI_04972,BR_040,12843.67,Denied,High DTI,2026-08-16
APP_001970,CLI_03398,BR_008,40113.48,Denied,Low Score,2026-03-19
APP_001971,CLI_03473,BR_010,26317.07,Denied,Thin File,2026-06-09
APP_001972,CLI_01113,BR_010,31517.21,Denied,Fraud Suspicion,2026-05-01
APP_001973,CLI_02450,BR_023,25209.56,Approved,None,2026-04-07
APP_001974,CLI_00538,BR_004,15967.91,Denied,Active Default,2026-07-24
APP_001975,CLI_04412,BR_040,27944.29,Approved,None,2026-06-16
APP_001976,CLI_00461,BR_048,35330.49,Denied,Active Default,2026-03-18
APP_001977,CLI_01815,BR_026,22812.31,Denied,High DTI,2026-08-02
APP_001978,CLI_00231,BR_029,27121.05,Denied,Low Score,2026-06-16
APP_001979,CLI_04495,BR_037,11198.79,Denied,Fraud Suspicion,2026-04-16
APP_001980,CLI_02848,BR_045,44521.73,Approved,None,2026-03-09
APP_001981,CLI_02861,BR_047,48765.58,Denied,Low Score,2026-04-22
APP_001982,CLI_01077,BR_027,37657.03,Approved,None,2026-03-26
APP_001983,CLI_00292,BR_045,25233.68,Denied,High DTI,2026-05-23
APP_001984,CLI_03387,BR_041,13440.06,Denied,Thin File,2026-03-15
APP_001985,CLI_00491,BR_046,23704.2,Denied,Thin File,2026-03-11
APP_001986,CLI_01905,BR_028,29150.71,Denied,Active Default,2026-05-04
APP_001987,CLI_02751,BR_017,41498.53,Denied,Low Score,2026-05-10
APP_001988,CLI_03597,BR_042,25659.65,Denied,High DTI,2026-04-27
APP_001989,CLI_03537,BR_014,3372.74,Approved,None,2026-03-25
APP_001990,CLI_04175,BR_011,47640.09,Denied,Low Score,2026-05-04
APP_001991,CLI_03712,BR_023,3524.25,Denied,High DTI,2026-06-09
APP_001992,CLI_02341,BR_032,45339.74,Denied,Active Default,2026-05-26
APP_001993,CLI_01714,BR_012,3651.66,Approved,None,2026-07-26
APP_001994,CLI_00115,BR_003,44013.14,Approved,None,2026-04-13
APP_001995,CLI_01576,BR_001,15244.29,Denied,Low Score,2026-08-21
APP_001996,CLI_02171,BR_010,27340.68,Denied,High DTI,2026-07-01
APP_001997,CLI_03739,BR_031,14023.83,Approved,None,2026-03-29
APP_001998,CLI_04594,BR_039,48027.07,Denied,High DTI,2026-05-06
APP_001999,CLI_01342,BR_022,6504.52,Denied,Low Score,2026-07-24
APP_002000,CLI_03463,BR_035,14694.19,Denied,Thin File,2026-04-30
APP_002001,CLI_01549,BR_019,47005.66,Denied,High DTI,2026-07-16
APP_002002,CLI_03048,BR_013,42227.11,Denied,Thin File,2026-07-23
APP_002003,CLI_02140,BR_030,28555.05,Approved,None,2026-08-04
APP_002004,CLI_00248,BR_022,42936.14,Approved,None,2026-05-26
APP_002005,CLI_00045,BR_045,40600.25,Approved,None,2026-07-01
APP_002006,CLI_02516,BR_023,18224.31,Approved,None,2026-05-05
APP_002007,CLI_04324,BR_050,17746.87,Approved,None,2026-05-13
APP_002008,CLI_00485,BR_010,29609.25,Approved,None,2026-08-09
APP_002009,CLI_00779,BR_047,28561.06,Denied,Thin File,2026-06-26
APP_002010,CLI_03592,BR_046,36893.28,Denied,High DTI,2026-04-06
APP_002011,CLI_02964,BR_009,16199.78,Approved,None,2026-07-08
APP_002012,CLI_03728,BR_028,34638.85,Denied,High DTI,2026-07-05
APP_002013,CLI_00049,BR_018,25073.58,Approved,None,2026-05-06
APP_002014,CLI_01747,BR_002,18002.48,Denied,Thin File,2026-06-03
APP_002015,CLI_03161,BR_004,16039.85,Denied,Thin File,2026-07-22
APP_002016,CLI_03828,BR_025,9779.18,Denied,High DTI,2026-07-26
APP_002017,CLI_03615,BR_044,43241.54,Denied,High DTI,2026-04-27
APP_002018,CLI_02180,BR_023,34057.57,Approved,None,2026-03-26
APP_002019,CLI_02601,BR_042,35981.82,Approved,None,2026-06-14
APP_002020,CLI_00164,BR_023,1162.52,Approved,None,2026-05-22
APP_002021,CLI_01453,BR_024,2811.16,Denied,High DTI,2026-03-10
APP_002022,CLI_01701,BR_046,33771.39,Denied,High DTI,2026-06-06
APP_002023,CLI_04345,BR_003,23100.89,Approved,None,2026-03-12
APP_002024,CLI_04343,BR_041,45777.33,Denied,Low Score,2026-06-12
APP_002025,CLI_02014,BR_017,8731.02,Approved,None,2026-07-25
APP_002026,CLI_02450,BR_027,46456.13,Denied,Low Score,2026-06-10
APP_002027,CLI_02254,BR_008,40596.39,Approved,None,2026-07-04
APP_002028,CLI_04699,BR_023,36542.89,Denied,Active Default,2026-06-30
APP_002029,CLI_01716,BR_008,34116.88,Denied,Thin File,2026-04-14
APP_002030,CLI_04443,BR_032,48839.33,Denied,Active Default,2026-05-01
APP_002031,CLI_03679,BR_036,2186.89,Denied,High DTI,2026-07-31
APP_002032,CLI_04236,BR_017,36453.31,Denied,Thin File,2026-04-17
APP_002033,CLI_00511,BR_009,24302.42,Denied,Thin File,2026-07-28
APP_002034,CLI_04329,BR_037,36555.5,Approved,None,2026-04-07
APP_002035,CLI_04846,BR_023,6274.48,Denied,Low Score,2026-07-25
APP_002036,CLI_00818,BR_041,37366.72,Denied,High DTI,2026-03-30
APP_002037,CLI_02536,BR_050,38960.64,Denied,Fraud Suspicion,2026-08-19
APP_002038,CLI_00664,BR_029,23188.56,Denied,Thin File,2026-06-05
APP_002039,CLI_02029,BR_018,32127.7,Approved,None,2026-05-24
APP_002040,CLI_02988,BR_011,33830.05,Denied,Active Default,2026-06-15
APP_002041,CLI_01149,BR_033,19461.21,Denied,Low Score,2026-07-19
APP_002042,CLI_02584,BR_028,48169.44,Denied,Low Score,2026-04-08
APP_002043,CLI_03263,BR_012,33972.22,Denied,Thin File,2026-05-25
APP_002044,CLI_01326,BR_012,15356.85,Denied,Thin File,2026-08-23
APP_002045,CLI_04967,BR_033,28802.68,Denied,Active Default,2026-04-09
APP_002046,CLI_03471,BR_027,22603.13,Denied,Active Default,2026-08-17
APP_002047,CLI_00452,BR_008,32392.01,Denied,High DTI,2026-07-15
APP_002048,CLI_02166,BR_021,33428.41,Approved,None,2026-04-04
APP_002049,CLI_02656,BR_024,11566.77,Denied,Low Score,2026-05-07
APP_002050,CLI_02014,BR_012,11117.11,Approved,None,2026-05-16
APP_002051,CLI_03024,BR_036,47358.4,Denied,Fraud Suspicion,2026-04-05
APP_002052,CLI_04077,BR_032,38085.59,Approved,None,2026-06-19
APP_002053,CLI_01864,BR_049,7048.7,Denied,Fraud Suspicion,2026-03-10
APP_002054,CLI_00035,BR_003,23437.19,Denied,Active Default,2026-04-21
APP_002055,CLI_03177,BR_016,13056.88,Approved,None,2026-05-18
APP_002056,CLI_01587,BR_011,9645.37,Approved,None,2026-07-16
APP_002057,CLI_04957,BR_009,11946.83,Denied,Active Default,2026-03-30
APP_002058,CLI_01810,BR_036,3314.2,Denied,Active Default,2026-03-09
APP_002059,CLI_04909,BR_029,5099.18,Denied,Low Score,2026-07-25
APP_002060,CLI_00600,BR_030,22593.46,Denied,High DTI,2026-04-13
APP_002061,CLI_02547,BR_007,32195.58,Approved,None,2026-06-18
APP_002062,CLI_00049,BR_047,15761.88,Denied,High DTI,2026-08-11
APP_002063,CLI_04312,BR_033,34267.51,Denied,Low Score,2026-03-20
APP_002064,CLI_04142,BR_027,9593.94,Denied,Active Default,2026-04-14
APP_002065,CLI_00507,BR_048,22894.13,Approved,None,2026-04-30
APP_002066,CLI_04965,BR_024,37010.83,Denied,High DTI,2026-08-16
APP_002067,CLI_01067,BR_034,19725.0,Approved,None,2026-06-27
APP_002068,CLI_04481,BR_016,41055.08,Approved,None,2026-06-09
APP_002069,CLI_01105,BR_040,33347.96,Approved,None,2026-07-28
APP_002070,CLI_03022,BR_028,8892.91,Denied,High DTI,2026-04-04
APP_002071,CLI_02354,BR_035,35164.42,Denied,Thin File,2026-04-06
APP_002072,CLI_04738,BR_029,19673.89,Denied,Active Default,2026-05-18
APP_002073,CLI_00250,BR_020,26157.03,Denied,High DTI,2026-04-16
APP_002074,CLI_04870,BR_042,18661.15,Approved,None,2026-03-29
APP_002075,CLI_02879,BR_043,33031.6,Approved,None,2026-06-14
APP_002076,CLI_03680,BR_020,37684.15,Denied,High DTI,2026-08-13
APP_002077,CLI_03956,BR_040,45194.64,Approved,None,2026-05-28
APP_002078,CLI_02963,BR_038,34370.84,Approved,None,2026-06-01
APP_002079,CLI_02728,BR_005,18096.89,Approved,None,2026-05-18
APP_002080,CLI_01066,BR_028,29928.88,Approved,None,2026-04-24
APP_002081,CLI_00629,BR_005,13541.01,Approved,None,2026-05-17
APP_002082,CLI_01184,BR_018,19341.39,Approved,None,2026-03-25
APP_002083,CLI_01326,BR_048,28737.11,Denied,Low Score,2026-06-13
APP_002084,CLI_03387,BR_044,34440.03,Approved,None,2026-03-13
APP_002085,CLI_02603,BR_009,39565.75,Denied,Low Score,2026-06-07
APP_002086,CLI_03693,BR_018,21715.14,Approved,None,2026-05-06
APP_002087,CLI_01177,BR_049,38325.68,Denied,Thin File,2026-08-02
APP_002088,CLI_02401,BR_019,16011.01,Denied,Active Default,2026-05-19
APP_002089,CLI_00212,BR_004,1071.07,Denied,High DTI,2026-05-07
APP_002090,CLI_03213,BR_050,31146.8,Denied,Low Score,2026-04-06
APP_002091,CLI_03486,BR_049,22442.85,Denied,Fraud Suspicion,2026-05-25
APP_002092,CLI_03353,BR_013,1587.57,Denied,High DTI,2026-05-30
APP_002093,CLI_03572,BR_011,16896.23,Approved,None,2026-04-14
APP_002094,CLI_03894,BR_049,40170.39,Denied,Low Score,2026-08-12
APP_002095,CLI_02422,BR_027,3248.8,Approved,None,2026-07-31
APP_002096,CLI_03591,BR_018,35393.07,Denied,Low Score,2026-05-12
APP_002097,CLI_03687,BR_026,29893.55,Approved,None,2026-08-15
APP_002098,CLI_03175,BR_038,11130.03,Denied,Thin File,2026-06-30
APP_002099,CLI_04522,BR_009,44764.44,Denied,Thin File,2026-06-29
APP_002100,CLI_03179,BR_003,30687.48,Approved,None,2026-05-29
APP_002101,CLI_02516,BR_013,32214.69,Denied,Active Default,2026-03-22
APP_002102,CLI_03603,BR_018,1293.9,Denied,Active Default,2026-04-26
APP_002103,CLI_01387,BR_045,46063.42,Denied,Low Score,2026-04-17
APP_002104,CLI_03330,BR_034,45039.2,Denied,Low Score,2026-08-25
APP_002105,CLI_00650,BR_022,21833.77,Denied,Thin File,2026-03-10
APP_002106,CLI_04243,BR_002,4642.11,Approved,None,2026-04-07
APP_002107,CLI_02875,BR_006,14867.68,Approved,None,2026-06-22
APP_002108,CLI_03777,BR_027,33027.84,Denied,Active Default,2026-06-30
APP_002109,CLI_04988,BR_023,15239.19,Approved,None,2026-06-08
APP_002110,CLI_02384,BR_046,5939.95,Denied,Low Score,2026-04-04
APP_002111,CLI_01199,BR_006,12196.85,Denied,Active Default,2026-03-13
APP_002112,CLI_02273,BR_007,21313.19,Denied,Low Score,2026-03-09
APP_002113,CLI_01725,BR_027,44290.8,Approved,None,2026-04-07
APP_002114,CLI_02621,BR_029,3628.04,Denied,High DTI,2026-03-13
APP_002115,CLI_01883,BR_025,36631.83,Denied,High DTI,2026-06-14
APP_002116,CLI_02024,BR_011,5635.2,Approved,None,2026-07-13
APP_002117,CLI_01020,BR_043,11509.73,Approved,None,2026-08-30
APP_002118,CLI_04898,BR_050,6295.4,Denied,Low Score,2026-06-08
APP_002119,CLI_01788,BR_002,5797.7,Denied,Active Default,2026-08-27
APP_002120,CLI_00896,BR_033,37294.05,Approved,None,2026-05-27
APP_002121,CLI_03532,BR_012,47397.49,Denied,Active Default,2026-08-01
APP_002122,CLI_03456,BR_036,2452.34,Approved,None,2026-03-11
APP_002123,CLI_04669,BR_007,8614.35,Approved,None,2026-04-02
APP_002124,CLI_03423,BR_029,9012.53,Approved,None,2026-04-30
APP_002125,CLI_00070,BR_042,48598.55,Denied,Thin File,2026-08-29
APP_002126,CLI_02684,BR_004,43887.82,Approved,None,2026-04-28
APP_002127,CLI_04230,BR_031,27477.98,Approved,None,2026-08-17
APP_002128,CLI_03718,BR_040,48818.42,Denied,High DTI,2026-08-25
APP_002129,CLI_02110,BR_001,25692.17,Approved,None,2026-05-08
APP_002130,CLI_04418,BR_007,24872.4,Denied,Low Score,2026-07-13
APP_002131,CLI_03663,BR_037,42770.92,Approved,None,2026-03-29
APP_002132,CLI_01723,BR_032,13721.03,Approved,None,2026-03-30
APP_002133,CLI_01582,BR_047,8440.91,Approved,None,2026-05-29
APP_002134,CLI_00715,BR_050,19290.65,Approved,None,2026-06-02
APP_002135,CLI_02816,BR_023,14519.04,Denied,Active Default,2026-05-03
APP_002136,CLI_01724,BR_030,38001.21,Denied,Fraud Suspicion,2026-08-01
APP_002137,CLI_03899,BR_043,34581.16,Approved,None,2026-08-11
APP_002138,CLI_03907,BR_012,8325.81,Denied,Active Default,2026-07-12
APP_002139,CLI_00795,BR_010,8929.77,Denied,Thin File,2026-04-27
APP_002140,CLI_02108,BR_024,39746.01,Denied,High DTI,2026-07-01
APP_002141,CLI_04046,BR_004,1109.4,Approved,None,2026-06-30
APP_002142,CLI_00842,BR_001,27086.58,Approved,None,2026-03-09
APP_002143,CLI_00899,BR_042,23972.21,Denied,Low Score,2026-03-10
APP_002144,CLI_01515,BR_032,48160.1,Denied,Active Default,2026-06-25
APP_002145,CLI_00675,BR_024,3257.58,Denied,Thin File,2026-03-31
APP_002146,CLI_03507,BR_017,5723.16,Denied,Thin File,2026-06-17
APP_002147,CLI_04803,BR_030,13210.15,Denied,Low Score,2026-03-15
APP_002148,CLI_02530,BR_026,23909.21,Approved,None,2026-05-02
APP_002149,CLI_01151,BR_041,16998.02,Approved,None,2026-07-21
APP_002150,CLI_03971,BR_038,42639.0,Denied,Thin File,2026-03-12
APP_002151,CLI_03939,BR_017,18070.99,Approved,None,2026-04-02
APP_002152,CLI_02193,BR_036,41297.09,Denied,Thin File,2026-07-11
APP_002153,CLI_02969,BR_021,29119.23,Approved,None,2026-07-21
APP_002154,CLI_03102,BR_016,5993.1,Denied,Low Score,2026-07-10
APP_002155,CLI_02922,BR_007,43419.67,Approved,None,2026-05-30
APP_002156,CLI_00311,BR_005,17728.1,Approved,None,2026-07-21
APP_002157,CLI_00967,BR_005,35627.02,Denied,Active Default,2026-08-17
APP_002158,CLI_03028,BR_041,39125.12,Denied,Thin File,2026-05-20
APP_002159,CLI_00852,BR_028,34673.54,Denied,Thin File,2026-06-25
APP_002160,CLI_04193,BR_034,20311.61,Approved,None,2026-03-15
APP_002161,CLI_01965,BR_028,14161.97,Denied,Active Default,2026-05-25
APP_002162,CLI_04038,BR_022,16134.87,Denied,Low Score,2026-05-05
APP_002163,CLI_03227,BR_049,14566.19,Approved,None,2026-05-08
APP_002164,CLI_01048,BR_010,1467.2,Denied,Active Default,2026-07-07
APP_002165,CLI_01738,BR_026,35639.53,Approved,None,2026-04-27
APP_002166,CLI_01412,BR_021,47236.78,Approved,None,2026-07-02
APP_002167,CLI_04654,BR_034,30407.48,Approved,None,2026-07-19
APP_002168,CLI_03341,BR_039,13214.62,Approved,None,2026-08-27
APP_002169,CLI_04270,BR_041,22558.06,Denied,Active Default,2026-08-07
APP_002170,CLI_00528,BR_029,1009.55,Denied,Thin File,2026-07-31
APP_002171,CLI_01213,BR_039,21711.6,Denied,Thin File,2026-06-03
APP_002172,CLI_04149,BR_006,28523.75,Approved,None,2026-08-10
APP_002173,CLI_01355,BR_029,36702.17,Approved,None,2026-06-20
APP_002174,CLI_03530,BR_002,47147.5,Denied,High DTI,2026-08-28
APP_002175,CLI_00659,BR_020,5039.05,Approved,None,2026-06-21
APP_002176,CLI_01589,BR_039,15376.13,Approved,None,2026-07-08
APP_002177,CLI_04026,BR_026,16273.69,Denied,Fraud Suspicion,2026-04-03
APP_002178,CLI_01511,BR_013,15131.94,Denied,High DTI,2026-06-28
APP_002179,CLI_02629,BR_032,13665.26,Denied,Low Score,2026-06-18
APP_002180,CLI_04836,BR_030,24449.3,Denied,High DTI,2026-08-17
APP_002181,CLI_03800,BR_020,10311.17,Approved,None,2026-04-14
APP_002182,CLI_03832,BR_039,30062.26,Approved,None,2026-07-15
APP_002183,CLI_02998,BR_038,4560.28,Denied,Low Score,2026-08-10
APP_002184,CLI_00961,BR_039,5696.63,Denied,Low Score,2026-05-06
APP_002185,CLI_02435,BR_001,49591.32,Approved,None,2026-05-07
APP_002186,CLI_00538,BR_038,3392.96,Approved,None,2026-08-20
APP_002187,CLI_00681,BR_012,15760.68,Approved,None,2026-04-26
APP_002188,CLI_02547,BR_028,20779.59,Denied,Thin File,2026-03-29
APP_002189,CLI_03281,BR_029,37038.74,Approved,None,2026-07-15
APP_002190,CLI_04451,BR_037,9583.14,Denied,Thin File,2026-04-06
APP_002191,CLI_03823,BR_015,26227.81,Denied,Low Score,2026-06-25
APP_002192,CLI_04683,BR_026,21391.37,Denied,Low Score,2026-03-26
APP_002193,CLI_03510,BR_034,21153.22,Approved,None,2026-04-06
APP_002194,CLI_00380,BR_027,21560.5,Approved,None,2026-03-05
APP_002195,CLI_00016,BR_033,34303.99,Denied,Low Score,2026-08-19
APP_002196,CLI_00411,BR_030,39997.35,Approved,None,2026-07-19
APP_002197,CLI_04836,BR_026,39219.38,Denied,Active Default,2026-08-14
APP_002198,CLI_00820,BR_009,42984.45,Approved,None,2026-05-31
APP_002199,CLI_04891,BR_035,21524.62,Denied,High DTI,2026-03-19
APP_002200,CLI_02683,BR_031,27185.81,Denied,Thin File,2026-04-01
APP_002201,CLI_00256,BR_050,25071.9,Approved,None,2026-06-14
APP_002202,CLI_01697,BR_023,33364.1,Denied,Thin File,2026-03-17
APP_002203,CLI_03095,BR_022,28176.45,Denied,High DTI,2026-06-28
APP_002204,CLI_01208,BR_030,45658.96,Approved,None,2026-06-13
APP_002205,CLI_02181,BR_042,30017.81,Approved,None,2026-08-09
APP_002206,CLI_00460,BR_033,14709.59,Approved,None,2026-05-04
APP_002207,CLI_00318,BR_010,44641.84,Denied,Thin File,2026-03-30
APP_002208,CLI_04409,BR_014,5403.65,Approved,None,2026-03-28
APP_002209,CLI_00409,BR_028,31645.1,Approved,None,2026-06-14
APP_002210,CLI_02854,BR_012,7626.8,Denied,Low Score,2026-07-23
APP_002211,CLI_02702,BR_032,43066.71,Denied,Low Score,2026-03-21
APP_002212,CLI_04512,BR_020,44488.92,Approved,None,2026-03-10
APP_002213,CLI_00165,BR_042,11757.02,Denied,Low Score,2026-05-07
APP_002214,CLI_03425,BR_047,3143.95,Denied,Fraud Suspicion,2026-07-01
APP_002215,CLI_00186,BR_009,27393.54,Approved,None,2026-06-06
APP_002216,CLI_00136,BR_032,3695.33,Approved,None,2026-04-27
APP_002217,CLI_00561,BR_009,5917.28,Approved,None,2026-04-27
APP_002218,CLI_01739,BR_033,2489.74,Approved,None,2026-08-03
APP_002219,CLI_04762,BR_034,21364.0,Denied,Low Score,2026-05-22
APP_002220,CLI_04400,BR_001,7457.1,Denied,Low Score,2026-03-26
APP_002221,CLI_00879,BR_037,14916.52,Denied,Active Default,2026-08-09
APP_002222,CLI_04880,BR_006,31124.43,Denied,High DTI,2026-07-28
APP_002223,CLI_01710,BR_010,31027.34,Denied,Thin File,2026-04-02
APP_002224,CLI_01501,BR_050,42338.63,Approved,None,2026-08-23
APP_002225,CLI_04563,BR_050,3818.97,Approved,None,2026-04-15
APP_002226,CLI_00733,BR_003,32549.82,Approved,None,2026-03-07
APP_002227,CLI_02125,BR_039,28311.21,Approved,None,2026-08-20
APP_002228,CLI_02797,BR_017,29544.25,Denied,Active Default,2026-05-16
APP_002229,CLI_03365,BR_020,17647.3,Approved,None,2026-08-17
APP_002230,CLI_01480,BR_043,32663.32,Denied,Thin File,2026-04-25
APP_002231,CLI_00605,BR_011,38196.94,Denied,Active Default,2026-06-30
APP_002232,CLI_00978,BR_029,12623.8,Approved,None,2026-05-22
APP_002233,CLI_02951,BR_018,20569.14,Denied,Low Score,2026-04-18
APP_002234,CLI_02399,BR_015,13974.44,Approved,None,2026-04-15
APP_002235,CLI_03167,BR_023,49872.73,Approved,None,2026-08-20
APP_002236,CLI_01640,BR_042,21282.5,Approved,None,2026-06-26
APP_002237,CLI_00207,BR_031,46356.91,Denied,Thin File,2026-06-11
APP_002238,CLI_02535,BR_026,10285.6,Denied,Active Default,2026-04-22
APP_002239,CLI_00952,BR_019,35738.6,Approved,None,2026-05-14
APP_002240,CLI_03199,BR_017,37240.93,Denied,Low Score,2026-04-04
APP_002241,CLI_03751,BR_043,29021.74,Approved,None,2026-07-14
APP_002242,CLI_04925,BR_011,35466.33,Approved,None,2026-07-05
APP_002243,CLI_02443,BR_043,36871.04,Approved,None,2026-05-19
APP_002244,CLI_04738,BR_027,46145.69,Denied,Low Score,2026-07-14
APP_002245,CLI_03293,BR_010,41641.7,Denied,High DTI,2026-05-09
APP_002246,CLI_01900,BR_007,30908.97,Approved,None,2026-08-06
APP_002247,CLI_02130,BR_047,22908.46,Denied,Low Score,2026-03-05
APP_002248,CLI_03969,BR_050,37219.67,Denied,Thin File,2026-06-07
APP_002249,CLI_00367,BR_042,20235.97,Approved,None,2026-07-31
APP_002250,CLI_03596,BR_027,44838.62,Denied,Active Default,2026-06-23
APP_002251,CLI_02223,BR_007,41075.78,Approved,None,2026-07-06
APP_002252,CLI_03289,BR_005,27294.24,Approved,None,2026-05-10
APP_002253,CLI_00815,BR_025,42708.5,Denied,High DTI,2026-03-07
APP_002254,CLI_04163,BR_047,46560.19,Denied,Thin File,2026-03-07
APP_002255,CLI_01059,BR_034,3054.45,Denied,Thin File,2026-04-18
APP_002256,CLI_01363,BR_013,11994.25,Approved,None,2026-03-07
APP_002257,CLI_03404,BR_002,20174.35,Denied,Thin File,2026-05-20
APP_002258,CLI_04027,BR_042,26244.45,Approved,None,2026-03-30
APP_002259,CLI_03272,BR_040,40729.68,Denied,Low Score,2026-05-10
APP_002260,CLI_03335,BR_034,24309.3,Approved,None,2026-05-11
APP_002261,CLI_02220,BR_012,24853.59,Approved,None,2026-03-30
APP_002262,CLI_00802,BR_032,24235.28,Denied,High DTI,2026-05-28
APP_002263,CLI_02966,BR_028,38610.26,Approved,None,2026-04-15
APP_002264,CLI_01621,BR_017,15519.29,Denied,Low Score,2026-07-11
APP_002265,CLI_04857,BR_026,30429.32,Approved,None,2026-04-21
APP_002266,CLI_04233,BR_005,1947.03,Denied,Active Default,2026-04-02
APP_002267,CLI_03575,BR_011,2731.71,Denied,Low Score,2026-03-11
APP_002268,CLI_01162,BR_033,10474.93,Denied,Active Default,2026-06-19
APP_002269,CLI_01100,BR_025,15300.04,Approved,None,2026-05-16
APP_002270,CLI_00845,BR_044,16160.65,Approved,None,2026-08-03
APP_002271,CLI_02935,BR_010,16640.2,Denied,Active Default,2026-03-16
APP_002272,CLI_01508,BR_007,17614.74,Approved,None,2026-05-31
APP_002273,CLI_02741,BR_025,26494.15,Approved,None,2026-05-10
APP_002274,CLI_04254,BR_021,9059.73,Denied,Active Default,2026-08-14
APP_002275,CLI_02108,BR_009,46674.7,Approved,None,2026-07-03
APP_002276,CLI_00845,BR_009,10606.66,Approved,None,2026-06-12
APP_002277,CLI_01630,BR_025,28647.35,Approved,None,2026-07-27
APP_002278,CLI_03639,BR_035,6897.97,Approved,None,2026-07-03
APP_002279,CLI_00557,BR_004,41398.09,Denied,Thin File,2026-08-08
APP_002280,CLI_02829,BR_031,20457.8,Denied,Thin File,2026-03-19
APP_002281,CLI_02039,BR_038,16966.49,Denied,High DTI,2026-06-22
APP_002282,CLI_04762,BR_026,35497.63,Approved,None,2026-05-17
APP_002283,CLI_00575,BR_005,37056.85,Denied,Low Score,2026-07-15
APP_002284,CLI_03421,BR_027,9680.41,Denied,Thin File,2026-05-17
APP_002285,CLI_00832,BR_003,4207.76,Denied,Thin File,2026-06-23
APP_002286,CLI_00297,BR_050,27422.17,Approved,None,2026-06-28
APP_002287,CLI_00011,BR_014,20050.1,Denied,Thin File,2026-03-30
APP_002288,CLI_00599,BR_019,44511.28,Denied,Fraud Suspicion,2026-03-10
APP_002289,CLI_03739,BR_039,28850.86,Denied,Active Default,2026-05-11
APP_002290,CLI_00044,BR_031,5749.49,Denied,Thin File,2026-05-13
APP_002291,CLI_02319,BR_030,31191.14,Denied,High DTI,2026-04-23
APP_002292,CLI_03285,BR_041,39817.71,Denied,Low Score,2026-05-20
APP_002293,CLI_04494,BR_022,2393.62,Denied,Low Score,2026-05-11
APP_002294,CLI_05000,BR_047,31860.86,Denied,Active Default,2026-05-09
APP_002295,CLI_02208,BR_044,5495.84,Approved,None,2026-07-18
APP_002296,CLI_02228,BR_021,49059.56,Approved,None,2026-05-23
APP_002297,CLI_02918,BR_021,26683.79,Approved,None,2026-08-03
APP_002298,CLI_00189,BR_042,31637.89,Denied,High DTI,2026-06-02
APP_002299,CLI_01889,BR_017,24378.54,Denied,Thin File,2026-05-23
APP_002300,CLI_03256,BR_014,37980.31,Denied,Low Score,2026-04-04
APP_002301,CLI_02883,BR_030,18498.74,Denied,Low Score,2026-05-05
APP_002302,CLI_03316,BR_001,17282.4,Approved,None,2026-08-30
APP_002303,CLI_03567,BR_034,36947.01,Approved,None,2026-05-25
APP_002304,CLI_00338,BR_040,15048.2,Denied,Low Score,2026-06-08
APP_002305,CLI_00977,BR_040,23404.29,Denied,Fraud Suspicion,2026-03-17
APP_002306,CLI_04553,BR_046,22568.51,Approved,None,2026-03-05
APP_002307,CLI_02530,BR_012,19693.26,Denied,High DTI,2026-03-25
APP_002308,CLI_02000,BR_002,33753.54,Denied,Active Default,2026-05-21
APP_002309,CLI_02312,BR_045,33902.3,Denied,Thin File,2026-08-27
APP_002310,CLI_01950,BR_045,20537.0,Denied,Thin File,2026-06-27
APP_002311,CLI_01112,BR_046,48590.85,Denied,Thin File,2026-08-30
APP_002312,CLI_02829,BR_043,30010.91,Denied,Low Score,2026-06-07
APP_002313,CLI_02819,BR_050,8422.77,Denied,Thin File,2026-03-08
APP_002314,CLI_04131,BR_026,47634.15,Denied,Low Score,2026-08-22
APP_002315,CLI_02579,BR_033,33161.04,Denied,Low Score,2026-05-28
APP_002316,CLI_02717,BR_007,29180.29,Approved,None,2026-06-11
APP_002317,CLI_02932,BR_045,41740.65,Denied,High DTI,2026-05-10
APP_002318,CLI_04696,BR_016,32278.94,Denied,High DTI,2026-06-01
APP_002319,CLI_01945,BR_021,34657.53,Approved,None,2026-07-06
APP_002320,CLI_00747,BR_001,43763.17,Approved,None,2026-05-19
APP_002321,CLI_01019,BR_045,21312.39,Approved,None,2026-08-16
APP_002322,CLI_02025,BR_007,44649.76,Approved,None,2026-08-02
APP_002323,CLI_03047,BR_030,4732.36,Approved,None,2026-03-10
APP_002324,CLI_04421,BR_005,38011.5,Denied,Active Default,2026-07-29
APP_002325,CLI_02125,BR_050,41190.84,Denied,Thin File,2026-07-28
APP_002326,CLI_02095,BR_023,37108.2,Denied,High DTI,2026-05-17
APP_002327,CLI_04983,BR_016,1465.12,Denied,Low Score,2026-05-12
APP_002328,CLI_03805,BR_022,39085.83,Approved,None,2026-07-30
APP_002329,CLI_04079,BR_037,7992.32,Approved,None,2026-06-29
APP_002330,CLI_00980,BR_031,5861.44,Approved,None,2026-05-30
APP_002331,CLI_00550,BR_009,19973.43,Denied,Active Default,2026-06-18
APP_002332,CLI_03499,BR_020,40299.11,Denied,Thin File,2026-07-31
APP_002333,CLI_02180,BR_043,24960.61,Approved,None,2026-08-22
APP_002334,CLI_00018,BR_018,3915.59,Denied,Low Score,2026-03-10
APP_002335,CLI_04739,BR_044,32253.88,Approved,None,2026-06-19
APP_002336,CLI_03232,BR_025,25459.81,Approved,None,2026-08-15
APP_002337,CLI_02054,BR_032,40722.95,Denied,Active Default,2026-03-31
APP_002338,CLI_02220,BR_018,33929.83,Denied,Fraud Suspicion,2026-03-17
APP_002339,CLI_02895,BR_035,9280.65,Denied,High DTI,2026-03-19
APP_002340,CLI_03368,BR_029,27841.45,Denied,Thin File,2026-08-17
APP_002341,CLI_00296,BR_037,37338.68,Denied,Thin File,2026-07-30
APP_002342,CLI_03876,BR_002,33321.47,Denied,Low Score,2026-05-28
APP_002343,CLI_02781,BR_007,48388.7,Denied,High DTI,2026-08-17
APP_002344,CLI_03241,BR_001,33620.54,Denied,Fraud Suspicion,2026-08-15
APP_002345,CLI_00314,BR_006,42595.48,Approved,None,2026-05-20
APP_002346,CLI_02712,BR_032,23800.46,Approved,None,2026-08-27
APP_002347,CLI_02123,BR_034,3523.44,Denied,Thin File,2026-05-11
APP_002348,CLI_00160,BR_006,37573.85,Denied,Low Score,2026-05-22
APP_002349,CLI_03386,BR_009,46034.39,Denied,Low Score,2026-03-16
APP_002350,CLI_03845,BR_014,45396.85,Approved,None,2026-04-14
APP_002351,CLI_04429,BR_035,46925.82,Approved,None,2026-06-14
APP_002352,CLI_01471,BR_031,7898.01,Denied,Low Score,2026-08-09
APP_002353,CLI_00642,BR_022,12752.32,Approved,None,2026-03-28
APP_002354,CLI_00969,BR_010,13829.04,Approved,None,2026-03-28
APP_002355,CLI_04820,BR_046,29614.76,Denied,Active Default,2026-06-05
APP_002356,CLI_03999,BR_024,7075.18,Denied,Low Score,2026-07-17
APP_002357,CLI_03069,BR_030,32993.29,Approved,None,2026-08-29
APP_002358,CLI_01236,BR_008,32023.76,Denied,Thin File,2026-06-17
APP_002359,CLI_01893,BR_045,5514.01,Denied,High DTI,2026-05-19
APP_002360,CLI_00223,BR_034,26747.62,Approved,None,2026-05-26
APP_002361,CLI_02537,BR_024,31937.06,Approved,None,2026-06-15
APP_002362,CLI_03061,BR_025,28827.01,Approved,None,2026-06-01
APP_002363,CLI_03362,BR_028,14443.44,Denied,Thin File,2026-07-10
APP_002364,CLI_01589,BR_042,33182.56,Denied,Low Score,2026-06-18
APP_002365,CLI_03363,BR_033,32948.69,Approved,None,2026-06-06
APP_002366,CLI_01245,BR_031,21724.33,Denied,Active Default,2026-08-19
APP_002367,CLI_00259,BR_048,39688.56,Denied,Active Default,2026-06-09
APP_002368,CLI_02377,BR_025,18562.5,Approved,None,2026-07-01
APP_002369,CLI_03450,BR_012,5460.94,Approved,None,2026-07-11
APP_002370,CLI_02505,BR_002,49688.7,Denied,Fraud Suspicion,2026-06-08
APP_002371,CLI_02264,BR_018,31247.78,Approved,None,2026-03-27
APP_002372,CLI_02186,BR_005,31415.48,Denied,Fraud Suspicion,2026-04-09
APP_002373,CLI_02240,BR_037,15444.43,Denied,Low Score,2026-04-22
APP_002374,CLI_04604,BR_002,13310.05,Approved,None,2026-07-25
APP_002375,CLI_04143,BR_039,15255.15,Denied,Low Score,2026-06-27
APP_002376,CLI_04805,BR_050,7212.95,Approved,None,2026-05-24
APP_002377,CLI_04727,BR_038,49555.68,Denied,High DTI,2026-04-09
APP_002378,CLI_04172,BR_043,20239.61,Approved,None,2026-07-30
APP_002379,CLI_01731,BR_030,7031.59,Denied,High DTI,2026-03-17
APP_002380,CLI_03168,BR_010,37002.19,Approved,None,2026-03-14
APP_002381,CLI_01412,BR_020,15573.54,Approved,None,2026-06-21
APP_002382,CLI_04673,BR_040,18379.94,Denied,Low Score,2026-08-09
APP_002383,CLI_02238,BR_049,32544.34,Approved,None,2026-03-31
APP_002384,CLI_02677,BR_031,27863.92,Denied,Thin File,2026-08-16
APP_002385,CLI_02585,BR_041,11766.48,Denied,High DTI,2026-05-23
APP_002386,CLI_00178,BR_026,30326.24,Approved,None,2026-04-24
APP_002387,CLI_01425,BR_017,5613.28,Approved,None,2026-08-05
APP_002388,CLI_03086,BR_005,31937.39,Approved,None,2026-04-14
APP_002389,CLI_01591,BR_050,44556.85,Denied,Thin File,2026-04-22
APP_002390,CLI_03650,BR_017,30308.51,Approved,None,2026-04-06
APP_002391,CLI_00082,BR_034,33867.84,Denied,Low Score,2026-05-19
APP_002392,CLI_00082,BR_041,39133.8,Denied,Low Score,2026-08-03
APP_002393,CLI_04000,BR_045,33152.36,Approved,None,2026-05-24
APP_002394,CLI_01783,BR_023,29684.22,Denied,Thin File,2026-08-31
APP_002395,CLI_04846,BR_035,41557.85,Denied,High DTI,2026-08-04
APP_002396,CLI_03908,BR_037,42261.28,Approved,None,2026-08-25
APP_002397,CLI_04853,BR_017,6442.77,Approved,None,2026-07-22
APP_002398,CLI_01166,BR_033,35371.5,Denied,Active Default,2026-07-15
APP_002399,CLI_02259,BR_034,40316.12,Denied,Low Score,2026-05-21
APP_002400,CLI_01520,BR_028,2766.93,Approved,None,2026-04-07
APP_002401,CLI_01269,BR_004,40885.05,Approved,None,2026-08-10
APP_002402,CLI_01089,BR_018,7590.61,Denied,Thin File,2026-07-07
APP_002403,CLI_01774,BR_025,39248.75,Denied,High DTI,2026-03-22
APP_002404,CLI_02092,BR_010,46962.91,Denied,Low Score,2026-06-12
APP_002405,CLI_00016,BR_046,40957.85,Denied,Active Default,2026-07-21
APP_002406,CLI_02054,BR_016,7418.11,Denied,Thin File,2026-06-26
APP_002407,CLI_01114,BR_020,46738.56,Approved,None,2026-03-23
APP_002408,CLI_02128,BR_018,3726.28,Denied,Thin File,2026-08-28
APP_002409,CLI_00291,BR_018,37130.0,Approved,None,2026-06-30
APP_002410,CLI_02528,BR_023,30511.77,Approved,None,2026-03-16
APP_002411,CLI_02895,BR_034,5938.73,Approved,None,2026-04-05
APP_002412,CLI_03437,BR_048,36024.09,Approved,None,2026-07-10
APP_002413,CLI_04740,BR_005,36890.73,Denied,Thin File,2026-03-28
APP_002414,CLI_03944,BR_035,26925.14,Denied,Thin File,2026-06-04
APP_002415,CLI_00346,BR_005,45638.85,Approved,None,2026-05-12
APP_002416,CLI_04390,BR_029,4255.97,Denied,Low Score,2026-06-11
APP_002417,CLI_00821,BR_016,46396.51,Denied,Low Score,2026-08-04
APP_002418,CLI_01208,BR_030,30289.75,Denied,Fraud Suspicion,2026-06-27
APP_002419,CLI_01181,BR_021,45403.1,Approved,None,2026-08-21
APP_002420,CLI_02968,BR_008,46631.59,Denied,Fraud Suspicion,2026-04-25
APP_002421,CLI_01570,BR_029,10501.17,Approved,None,2026-06-10
APP_002422,CLI_00392,BR_024,28302.0,Denied,High DTI,2026-04-01
APP_002423,CLI_03601,BR_014,27274.25,Denied,High DTI,2026-06-20
APP_002424,CLI_02014,BR_028,2804.79,Approved,None,2026-07-06
APP_002425,CLI_00335,BR_033,30507.81,Approved,None,2026-07-27
APP_002426,CLI_00941,BR_045,40014.38,Denied,Active Default,2026-08-08
APP_002427,CLI_01397,BR_021,25735.09,Denied,Fraud Suspicion,2026-04-06
APP_002428,CLI_04978,BR_031,38119.99,Denied,Thin File,2026-06-26
APP_002429,CLI_04662,BR_031,25060.65,Approved,None,2026-06-10
APP_002430,CLI_04467,BR_020,30343.65,Denied,Active Default,2026-06-18
APP_002431,CLI_03160,BR_035,39288.89,Denied,Low Score,2026-06-01
APP_002432,CLI_03015,BR_009,38746.72,Denied,Active Default,2026-06-07
APP_002433,CLI_03051,BR_030,8299.22,Approved,None,2026-06-22
APP_002434,CLI_04795,BR_028,41867.98,Denied,Thin File,2026-07-17
APP_002435,CLI_03841,BR_018,44531.69,Denied,Low Score,2026-08-12
APP_002436,CLI_03048,BR_043,28164.85,Denied,Thin File,2026-08-21
APP_002437,CLI_02568,BR_001,33800.16,Approved,None,2026-08-13
APP_002438,CLI_00053,BR_030,45302.88,Denied,High DTI,2026-04-10
APP_002439,CLI_00489,BR_025,38597.14,Approved,None,2026-03-24
APP_002440,CLI_00666,BR_006,14904.13,Denied,High DTI,2026-03-14
APP_002441,CLI_00338,BR_001,29512.04,Approved,None,2026-08-19
APP_002442,CLI_01294,BR_006,17912.05,Denied,Low Score,2026-06-20
APP_002443,CLI_04958,BR_046,19458.17,Approved,None,2026-07-10
APP_002444,CLI_01826,BR_014,35198.68,Denied,Fraud Suspicion,2026-07-21
APP_002445,CLI_00445,BR_009,4510.44,Denied,Low Score,2026-08-25
APP_002446,CLI_01828,BR_017,6408.03,Approved,None,2026-05-08
APP_002447,CLI_04190,BR_031,34457.6,Denied,Low Score,2026-03-11
APP_002448,CLI_02938,BR_030,34289.75,Denied,Active Default,2026-08-17
APP_002449,CLI_03894,BR_028,38916.36,Approved,None,2026-06-18
APP_002450,CLI_03036,BR_048,13535.89,Denied,Low Score,2026-03-25
APP_002451,CLI_01990,BR_023,25165.8,Denied,High DTI,2026-03-23
APP_002452,CLI_04945,BR_013,23425.42,Denied,Low Score,2026-06-22
APP_002453,CLI_00478,BR_027,16873.25,Denied,Low Score,2026-05-26
APP_002454,CLI_04588,BR_038,37781.48,Denied,Low Score,2026-03-31
APP_002455,CLI_04891,BR_003,29346.56,Approved,None,2026-08-01
APP_002456,CLI_02486,BR_035,9685.95,Approved,None,2026-08-02
APP_002457,CLI_00168,BR_003,14488.62,Denied,Low Score,2026-03-15
APP_002458,CLI_02899,BR_009,6440.27,Approved,None,2026-04-05
APP_002459,CLI_00565,BR_038,2108.16,Approved,None,2026-07-26
APP_002460,CLI_02648,BR_044,33172.29,Denied,Active Default,2026-03-12
APP_002461,CLI_03814,BR_048,11605.41,Approved,None,2026-07-01
APP_002462,CLI_03418,BR_043,42788.93,Denied,Thin File,2026-06-19
APP_002463,CLI_00884,BR_014,49868.66,Denied,Low Score,2026-08-01
APP_002464,CLI_01580,BR_035,16823.21,Approved,None,2026-08-30
APP_002465,CLI_02030,BR_005,25317.61,Approved,None,2026-06-06
APP_002466,CLI_03368,BR_028,5004.02,Approved,None,2026-05-20
APP_002467,CLI_00775,BR_022,49971.12,Approved,None,2026-05-05
APP_002468,CLI_02681,BR_001,39065.27,Denied,Active Default,2026-03-25
APP_002469,CLI_00576,BR_011,19976.68,Denied,Low Score,2026-06-23
APP_002470,CLI_02206,BR_038,20879.6,Denied,Thin File,2026-07-08
APP_002471,CLI_01377,BR_019,9407.17,Denied,Thin File,2026-08-17
APP_002472,CLI_01715,BR_034,46264.2,Approved,None,2026-08-25
APP_002473,CLI_03217,BR_002,16001.52,Approved,None,2026-08-05
APP_002474,CLI_03166,BR_023,4947.48,Denied,Fraud Suspicion,2026-07-23
APP_002475,CLI_00480,BR_009,25161.93,Approved,None,2026-08-31
APP_002476,CLI_02428,BR_046,30286.49,Denied,High DTI,2026-06-21
APP_002477,CLI_01894,BR_011,49329.91,Denied,Active Default,2026-06-10
APP_002478,CLI_01355,BR_020,14444.2,Denied,Thin File,2026-03-13
APP_002479,CLI_03973,BR_010,6312.57,Approved,None,2026-07-16
APP_002480,CLI_00813,BR_013,48067.57,Approved,None,2026-05-06
APP_002481,CLI_03324,BR_002,41174.58,Approved,None,2026-05-15
APP_002482,CLI_01038,BR_016,33292.18,Approved,None,2026-03-08
APP_002483,CLI_00461,BR_018,33526.41,Denied,Low Score,2026-04-05
APP_002484,CLI_01134,BR_045,37921.07,Denied,Thin File,2026-04-22
APP_002485,CLI_01110,BR_020,21357.14,Approved,None,2026-08-28
APP_002486,CLI_02803,BR_014,27166.44,Approved,None,2026-03-12
APP_002487,CLI_01532,BR_036,32661.83,Approved,None,2026-08-03
APP_002488,CLI_01933,BR_014,28452.48,Approved,None,2026-04-13
APP_002489,CLI_00809,BR_016,36353.04,Denied,Low Score,2026-05-16
APP_002490,CLI_00939,BR_031,18514.54,Approved,None,2026-07-28
APP_002491,CLI_02955,BR_030,22419.32,Approved,None,2026-07-19
APP_002492,CLI_02992,BR_006,3884.74,Approved,None,2026-03-09
APP_002493,CLI_02849,BR_034,8810.52,Approved,None,2026-07-08
APP_002494,CLI_00665,BR_026,32903.14,Approved,None,2026-04-04
APP_002495,CLI_03366,BR_018,14849.94,Approved,None,2026-08-27
APP_002496,CLI_00908,BR_006,38374.24,Approved,None,2026-04-04
APP_002497,CLI_01519,BR_003,42308.72,Denied,Low Score,2026-08-15
APP_002498,CLI_02623,BR_009,34118.46,Denied,Low Score,2026-05-20
APP_002499,CLI_01795,BR_045,34756.74,Approved,None,2026-03-14
APP_002500,CLI_00353,BR_050,42001.54,Denied,Fraud Suspicion,2026-04-09
APP_002501,CLI_01117,BR_012,47204.55,Denied,Low Score,2026-03-15
APP_002502,CLI_02229,BR_020,21403.21,Approved,None,2026-08-03
APP_002503,CLI_04236,BR_019,45992.22,Approved,None,2026-08-26
APP_002504,CLI_01549,BR_048,47813.41,Denied,High DTI,2026-08-24
APP_002505,CLI_04832,BR_015,42572.35,Approved,None,2026-06-28
APP_002506,CLI_04797,BR_037,42082.17,Approved,None,2026-04-30
APP_002507,CLI_04711,BR_017,5382.96,Denied,Thin File,2026-04-08
APP_002508,CLI_01840,BR_035,15565.67,Denied,High DTI,2026-03-21
APP_002509,CLI_01506,BR_017,18095.6,Approved,None,2026-06-25
APP_002510,CLI_02443,BR_025,32593.28,Denied,High DTI,2026-07-06
APP_002511,CLI_01738,BR_014,49197.35,Approved,None,2026-06-08
APP_002512,CLI_00912,BR_006,45218.21,Approved,None,2026-03-15
APP_002513,CLI_01077,BR_047,31167.09,Denied,Low Score,2026-04-21
APP_002514,CLI_04101,BR_034,10901.1,Approved,None,2026-06-20
APP_002515,CLI_01003,BR_023,4823.52,Approved,None,2026-06-22
APP_002516,CLI_02822,BR_042,35144.11,Approved,None,2026-03-31
APP_002517,CLI_00495,BR_050,34142.46,Denied,Low Score,2026-03-25
APP_002518,CLI_01125,BR_025,29276.37,Approved,None,2026-05-29
APP_002519,CLI_00136,BR_029,40721.79,Denied,High DTI,2026-04-17
APP_002520,CLI_02149,BR_016,4141.29,Denied,Low Score,2026-05-20
APP_002521,CLI_00444,BR_019,26913.33,Denied,Active Default,2026-07-08
APP_002522,CLI_01653,BR_016,13935.69,Denied,High DTI,2026-07-24
APP_002523,CLI_04782,BR_018,46413.36,Denied,Thin File,2026-03-18
APP_002524,CLI_03908,BR_048,30477.12,Denied,Low Score,2026-05-05
APP_002525,CLI_00313,BR_030,27346.2,Denied,Thin File,2026-05-03
APP_002526,CLI_00399,BR_045,13540.48,Denied,Thin File,2026-04-03
APP_002527,CLI_00672,BR_018,29786.29,Denied,Active Default,2026-06-27
APP_002528,CLI_01088,BR_005,32599.88,Denied,High DTI,2026-08-27
APP_002529,CLI_04256,BR_018,25673.4,Approved,None,2026-04-13
APP_002530,CLI_04630,BR_041,30595.4,Denied,Low Score,2026-05-26
APP_002531,CLI_02177,BR_019,34838.18,Approved,None,2026-08-12
APP_002532,CLI_03430,BR_025,24499.84,Denied,Low Score,2026-08-02
APP_002533,CLI_04695,BR_028,29420.83,Denied,Thin File,2026-07-26
APP_002534,CLI_01030,BR_033,38739.17,Approved,None,2026-07-01
APP_002535,CLI_02088,BR_038,36752.76,Approved,None,2026-07-21
APP_002536,CLI_02338,BR_032,11950.05,Approved,None,2026-06-22
APP_002537,CLI_01406,BR_021,47589.7,Denied,Low Score,2026-04-24
APP_002538,CLI_03450,BR_008,13271.78,Denied,Fraud Suspicion,2026-08-22
APP_002539,CLI_04217,BR_049,28920.11,Denied,Active Default,2026-08-23
APP_002540,CLI_04809,BR_028,19838.01,Denied,High DTI,2026-08-07
APP_002541,CLI_03228,BR_021,37304.81,Approved,None,2026-04-15
APP_002542,CLI_01516,BR_041,15933.33,Approved,None,2026-08-09
APP_002543,CLI_04807,BR_009,42238.17,Denied,High DTI,2026-07-11
APP_002544,CLI_04396,BR_035,12627.65,Denied,Low Score,2026-08-24
APP_002545,CLI_00121,BR_020,35081.03,Approved,None,2026-04-15
APP_002546,CLI_01186,BR_003,35009.48,Approved,None,2026-03-29
APP_002547,CLI_01962,BR_012,40984.53,Approved,None,2026-06-16
APP_002548,CLI_04916,BR_047,14866.6,Denied,Low Score,2026-06-30
APP_002549,CLI_04903,BR_017,39858.94,Approved,None,2026-06-13
APP_002550,CLI_04907,BR_048,35927.73,Denied,Low Score,2026-06-26
APP_002551,CLI_03983,BR_049,5463.27,Approved,None,2026-06-28
APP_002552,CLI_02430,BR_020,26827.34,Approved,None,2026-08-01
APP_002553,CLI_00082,BR_039,19497.51,Denied,Low Score,2026-08-08
APP_002554,CLI_00332,BR_017,15458.44,Denied,Low Score,2026-05-24
APP_002555,CLI_00181,BR_011,24455.33,Denied,Low Score,2026-06-03
APP_002556,CLI_00488,BR_047,35736.33,Denied,Low Score,2026-05-01
APP_002557,CLI_03075,BR_028,17099.61,Approved,None,2026-06-22
APP_002558,CLI_04498,BR_003,15078.94,Approved,None,2026-07-20
APP_002559,CLI_00079,BR_037,5135.77,Approved,None,2026-05-02
APP_002560,CLI_01721,BR_010,16226.06,Denied,Active Default,2026-06-06
APP_002561,CLI_02840,BR_008,32150.41,Denied,Thin File,2026-05-26
APP_002562,CLI_01527,BR_039,25950.47,Denied,Low Score,2026-05-03
APP_002563,CLI_02549,BR_004,15264.14,Denied,Low Score,2026-08-28
APP_002564,CLI_03063,BR_041,37656.18,Denied,Low Score,2026-07-31
APP_002565,CLI_00364,BR_032,14567.15,Denied,Low Score,2026-06-28
APP_002566,CLI_00304,BR_002,48655.34,Approved,None,2026-03-26
APP_002567,CLI_03501,BR_015,41413.06,Approved,None,2026-07-01
APP_002568,CLI_02271,BR_009,8060.17,Denied,Active Default,2026-04-12
APP_002569,CLI_00635,BR_015,42081.47,Approved,None,2026-05-14
APP_002570,CLI_04150,BR_010,29860.1,Denied,Low Score,2026-08-05
APP_002571,CLI_03726,BR_049,29910.25,Denied,Active Default,2026-07-05
APP_002572,CLI_03523,BR_006,14801.54,Denied,Thin File,2026-05-10
APP_002573,CLI_04227,BR_029,16995.83,Approved,None,2026-08-19
APP_002574,CLI_03158,BR_012,44131.76,Denied,Low Score,2026-08-07
APP_002575,CLI_02899,BR_026,8117.79,Approved,None,2026-03-10
APP_002576,CLI_03412,BR_014,10772.75,Approved,None,2026-03-09
APP_002577,CLI_02927,BR_041,10774.31,Approved,None,2026-03-18
APP_002578,CLI_02455,BR_030,4772.26,Denied,Low Score,2026-07-03
APP_002579,CLI_02309,BR_025,11887.82,Approved,None,2026-07-20
APP_002580,CLI_01026,BR_044,16734.69,Approved,None,2026-08-20
APP_002581,CLI_04000,BR_014,12421.86,Approved,None,2026-06-20
APP_002582,CLI_01333,BR_031,5530.54,Denied,Low Score,2026-06-11
APP_002583,CLI_01868,BR_033,10123.22,Denied,High DTI,2026-07-16
APP_002584,CLI_01742,BR_018,23905.97,Denied,Thin File,2026-05-28
APP_002585,CLI_01869,BR_018,32440.58,Denied,Low Score,2026-03-28
APP_002586,CLI_02047,BR_026,38340.13,Approved,None,2026-05-25
APP_002587,CLI_01104,BR_002,16760.94,Denied,Low Score,2026-04-14
APP_002588,CLI_00536,BR_008,43250.12,Denied,Low Score,2026-04-21
APP_002589,CLI_02053,BR_026,3722.56,Denied,Active Default,2026-03-20
APP_002590,CLI_02848,BR_005,31189.2,Approved,None,2026-04-24
APP_002591,CLI_03251,BR_047,38931.25,Denied,High DTI,2026-06-21
APP_002592,CLI_02577,BR_006,23517.08,Denied,Low Score,2026-04-27
APP_002593,CLI_02142,BR_038,25849.24,Denied,Low Score,2026-08-26
APP_002594,CLI_04959,BR_006,15818.88,Approved,None,2026-07-20
APP_002595,CLI_01327,BR_038,8387.8,Denied,Thin File,2026-08-01
APP_002596,CLI_02651,BR_046,24390.84,Approved,None,2026-07-17
APP_002597,CLI_01741,BR_025,22049.54,Approved,None,2026-03-16
APP_002598,CLI_01899,BR_005,41500.12,Approved,None,2026-04-14
APP_002599,CLI_00568,BR_010,31108.49,Denied,High DTI,2026-07-27
APP_002600,CLI_00981,BR_017,8624.12,Denied,Low Score,2026-05-12
APP_002601,CLI_00194,BR_023,43231.34,Denied,Active Default,2026-08-23
APP_002602,CLI_01301,BR_011,48376.33,Denied,Low Score,2026-05-20
APP_002603,CLI_03160,BR_005,39523.73,Approved,None,2026-06-10
APP_002604,CLI_03623,BR_011,15007.52,Approved,None,2026-07-18
APP_002605,CLI_00605,BR_008,40828.09,Denied,Thin File,2026-07-20
APP_002606,CLI_00156,BR_026,15666.69,Denied,Low Score,2026-05-22
APP_002607,CLI_02716,BR_002,19385.45,Approved,None,2026-07-28
APP_002608,CLI_04502,BR_004,1302.22,Denied,High DTI,2026-08-24
APP_002609,CLI_02286,BR_009,39875.03,Denied,Thin File,2026-03-28
APP_002610,CLI_00724,BR_018,37086.14,Denied,Active Default,2026-06-06
APP_002611,CLI_04150,BR_038,1912.79,Approved,None,2026-05-31
APP_002612,CLI_02484,BR_018,21053.85,Denied,Thin File,2026-06-27
APP_002613,CLI_01487,BR_014,13181.12,Denied,Thin File,2026-03-05
APP_002614,CLI_00547,BR_049,40067.41,Denied,Active Default,2026-06-21
APP_002615,CLI_01260,BR_014,33742.94,Approved,None,2026-06-16
APP_002616,CLI_04681,BR_042,20343.29,Denied,Active Default,2026-04-14
APP_002617,CLI_02482,BR_009,2361.85,Approved,None,2026-07-23
APP_002618,CLI_04264,BR_032,39060.62,Denied,Active Default,2026-03-10
APP_002619,CLI_00089,BR_032,11168.22,Approved,None,2026-03-30
APP_002620,CLI_03186,BR_033,49501.76,Approved,None,2026-08-02
APP_002621,CLI_02081,BR_044,24729.49,Denied,Low Score,2026-08-02
APP_002622,CLI_00092,BR_042,31202.69,Approved,None,2026-08-02
APP_002623,CLI_03836,BR_022,47319.27,Denied,High DTI,2026-08-22
APP_002624,CLI_00016,BR_014,47654.64,Approved,None,2026-06-13
APP_002625,CLI_00119,BR_020,12472.62,Denied,Fraud Suspicion,2026-03-11
APP_002626,CLI_02255,BR_037,11215.17,Denied,High DTI,2026-04-15
APP_002627,CLI_03350,BR_005,40701.73,Approved,None,2026-04-24
APP_002628,CLI_01772,BR_046,46796.83,Denied,High DTI,2026-06-06
APP_002629,CLI_00506,BR_007,17910.8,Approved,None,2026-08-06
APP_002630,CLI_02677,BR_023,11656.63,Denied,Thin File,2026-06-05
APP_002631,CLI_03964,BR_006,46278.81,Approved,None,2026-04-28
APP_002632,CLI_02415,BR_045,37616.18,Approved,None,2026-07-18
APP_002633,CLI_04095,BR_026,18565.71,Denied,High DTI,2026-07-01
APP_002634,CLI_01585,BR_036,34307.95,Denied,High DTI,2026-07-19
APP_002635,CLI_00219,BR_044,24731.99,Denied,Low Score,2026-05-30
APP_002636,CLI_00065,BR_007,43646.02,Approved,None,2026-06-20
APP_002637,CLI_02206,BR_025,47274.98,Approved,None,2026-06-19
APP_002638,CLI_02873,BR_045,48382.23,Approved,None,2026-07-13
APP_002639,CLI_04575,BR_003,27130.88,Approved,None,2026-04-12
APP_002640,CLI_00309,BR_040,24262.14,Denied,Thin File,2026-03-22
APP_002641,CLI_03000,BR_007,1264.99,Approved,None,2026-08-14
APP_002642,CLI_04871,BR_006,16834.1,Denied,Thin File,2026-07-14
APP_002643,CLI_03444,BR_034,3101.9,Denied,Low Score,2026-07-16
APP_002644,CLI_04326,BR_023,13703.78,Denied,Thin File,2026-07-07
APP_002645,CLI_01247,BR_019,38266.04,Approved,None,2026-07-10
APP_002646,CLI_00444,BR_030,49455.08,Denied,Thin File,2026-08-22
APP_002647,CLI_04388,BR_023,45883.73,Denied,Active Default,2026-05-17
APP_002648,CLI_03196,BR_027,34261.56,Denied,High DTI,2026-06-25
APP_002649,CLI_01954,BR_048,34748.24,Denied,High DTI,2026-06-28
APP_002650,CLI_01354,BR_031,19256.26,Denied,Low Score,2026-06-04
APP_002651,CLI_03389,BR_001,1387.32,Denied,Thin File,2026-04-26
APP_002652,CLI_03443,BR_011,42536.77,Denied,Fraud Suspicion,2026-08-06
APP_002653,CLI_02903,BR_050,34421.76,Approved,None,2026-08-23
APP_002654,CLI_00442,BR_050,17956.67,Denied,Low Score,2026-07-07
APP_002655,CLI_01536,BR_011,18711.03,Denied,Low Score,2026-07-02
APP_002656,CLI_02915,BR_041,21010.6,Approved,None,2026-07-26
APP_002657,CLI_00205,BR_044,6171.91,Approved,None,2026-06-03
APP_002658,CLI_03835,BR_007,10091.72,Denied,Fraud Suspicion,2026-04-10
APP_002659,CLI_03499,BR_026,2353.2,Denied,High DTI,2026-08-24
APP_002660,CLI_04949,BR_017,36692.64,Denied,Thin File,2026-06-20
APP_002661,CLI_02547,BR_047,36981.0,Approved,None,2026-05-05
APP_002662,CLI_02396,BR_011,40335.5,Denied,Low Score,2026-03-11
APP_002663,CLI_03675,BR_028,8243.86,Approved,None,2026-08-11
APP_002664,CLI_02804,BR_027,12451.5,Approved,None,2026-03-12
APP_002665,CLI_02232,BR_049,12514.66,Denied,High DTI,2026-03-26
APP_002666,CLI_01418,BR_012,17079.86,Denied,High DTI,2026-08-14
APP_002667,CLI_01287,BR_038,7259.41,Approved,None,2026-04-08
APP_002668,CLI_04518,BR_021,43772.37,Approved,None,2026-03-24
APP_002669,CLI_03390,BR_041,24405.52,Denied,Active Default,2026-08-07
APP_002670,CLI_02052,BR_010,10041.99,Approved,None,2026-05-18
APP_002671,CLI_02928,BR_025,25077.26,Denied,Active Default,2026-07-11
APP_002672,CLI_04560,BR_021,41011.2,Denied,Active Default,2026-06-16
APP_002673,CLI_01354,BR_020,32492.7,Denied,Fraud Suspicion,2026-04-29
APP_002674,CLI_01530,BR_001,10587.16,Denied,Thin File,2026-03-28
APP_002675,CLI_02755,BR_025,14108.13,Denied,Active Default,2026-06-17
APP_002676,CLI_02234,BR_001,30622.2,Denied,Thin File,2026-04-09
APP_002677,CLI_04098,BR_046,35986.85,Denied,Low Score,2026-06-03
APP_002678,CLI_04532,BR_006,39514.73,Approved,None,2026-03-18
APP_002679,CLI_02518,BR_042,19043.28,Denied,Thin File,2026-08-06
APP_002680,CLI_04931,BR_010,49664.69,Denied,Low Score,2026-05-10
APP_002681,CLI_04173,BR_049,41446.38,Approved,None,2026-07-17
APP_002682,CLI_01404,BR_043,11524.71,Denied,Fraud Suspicion,2026-05-22
APP_002683,CLI_00974,BR_008,26630.43,Denied,Thin File,2026-08-09
APP_002684,CLI_03444,BR_027,41718.53,Denied,High DTI,2026-07-21
APP_002685,CLI_04732,BR_037,39704.5,Approved,None,2026-03-24
APP_002686,CLI_03338,BR_006,33256.5,Denied,Active Default,2026-06-11
APP_002687,CLI_01327,BR_007,41928.42,Denied,Thin File,2026-08-07
APP_002688,CLI_02490,BR_010,33612.55,Denied,Low Score,2026-07-25
APP_002689,CLI_03669,BR_033,30243.18,Approved,None,2026-03-14
APP_002690,CLI_02237,BR_029,19760.28,Denied,Low Score,2026-04-24
APP_002691,CLI_01129,BR_008,41711.42,Approved,None,2026-06-20
APP_002692,CLI_04666,BR_020,43933.22,Approved,None,2026-08-21
APP_002693,CLI_04303,BR_016,16122.77,Denied,High DTI,2026-07-04
APP_002694,CLI_00402,BR_023,21980.77,Denied,Low Score,2026-05-18
APP_002695,CLI_04168,BR_018,30718.54,Approved,None,2026-06-17
APP_002696,CLI_02276,BR_026,23711.31,Approved,None,2026-03-29
APP_002697,CLI_04926,BR_039,17759.66,Approved,None,2026-05-04
APP_002698,CLI_03297,BR_046,19475.11,Denied,Thin File,2026-04-21
APP_002699,CLI_03161,BR_004,20716.03,Denied,Thin File,2026-03-06
APP_002700,CLI_02893,BR_003,3599.14,Approved,None,2026-08-07
APP_002701,CLI_02672,BR_048,13915.87,Approved,None,2026-04-04
APP_002702,CLI_00279,BR_014,12469.68,Denied,Low Score,2026-04-27
APP_002703,CLI_01876,BR_004,48469.17,Denied,High DTI,2026-03-16
APP_002704,CLI_00425,BR_019,32254.02,Denied,High DTI,2026-07-27
APP_002705,CLI_03174,BR_002,39301.96,Approved,None,2026-06-25
APP_002706,CLI_01175,BR_043,25065.94,Denied,Low Score,2026-06-25
APP_002707,CLI_04771,BR_035,46703.82,Denied,Thin File,2026-03-14
APP_002708,CLI_02611,BR_046,18441.05,Approved,None,2026-08-08
APP_002709,CLI_03996,BR_045,34779.65,Approved,None,2026-07-11
APP_002710,CLI_02098,BR_048,1228.12,Denied,Thin File,2026-06-22
APP_002711,CLI_00602,BR_033,47801.37,Denied,Active Default,2026-03-22
APP_002712,CLI_03283,BR_019,22476.89,Approved,None,2026-06-10
APP_002713,CLI_00717,BR_024,36607.16,Approved,None,2026-06-21
APP_002714,CLI_00314,BR_007,6466.2,Denied,Low Score,2026-04-23
APP_002715,CLI_04030,BR_012,32492.06,Approved,None,2026-03-24
APP_002716,CLI_03893,BR_018,29424.5,Denied,Low Score,2026-06-02
APP_002717,CLI_02455,BR_008,37829.2,Denied,Thin File,2026-04-05
APP_002718,CLI_00505,BR_007,13510.37,Denied,Low Score,2026-04-04
APP_002719,CLI_03205,BR_010,42672.36,Denied,Fraud Suspicion,2026-08-06
APP_002720,CLI_02059,BR_017,40786.27,Denied,Active Default,2026-03-18
APP_002721,CLI_00842,BR_016,46968.59,Denied,Active Default,2026-08-03
APP_002722,CLI_02436,BR_028,29089.48,Denied,Active Default,2026-07-21
APP_002723,CLI_00554,BR_029,46240.54,Denied,Thin File,2026-06-29
APP_002724,CLI_03288,BR_046,5244.39,Denied,Fraud Suspicion,2026-07-09
APP_002725,CLI_02061,BR_049,21877.87,Approved,None,2026-04-14
APP_002726,CLI_00270,BR_048,4322.27,Denied,Thin File,2026-05-20
APP_002727,CLI_02076,BR_045,44012.94,Approved,None,2026-05-13
APP_002728,CLI_04181,BR_010,7398.5,Denied,Low Score,2026-05-05
APP_002729,CLI_04336,BR_027,16504.33,Denied,Thin File,2026-04-18
APP_002730,CLI_04267,BR_004,28021.39,Denied,Thin File,2026-08-06
APP_002731,CLI_01197,BR_030,8518.41,Denied,Thin File,2026-05-28
APP_002732,CLI_02154,BR_032,14214.5,Approved,None,2026-06-17
APP_002733,CLI_00612,BR_022,47395.43,Denied,Low Score,2026-06-30
APP_002734,CLI_01978,BR_003,20037.45,Denied,Thin File,2026-06-22
APP_002735,CLI_04270,BR_039,20737.18,Denied,Low Score,2026-07-01
APP_002736,CLI_04223,BR_050,35797.73,Approved,None,2026-04-02
APP_002737,CLI_02634,BR_015,5161.75,Denied,Thin File,2026-08-31
APP_002738,CLI_01965,BR_016,40632.38,Denied,Low Score,2026-05-24
APP_002739,CLI_02284,BR_003,5896.34,Approved,None,2026-05-21
APP_002740,CLI_00524,BR_032,47363.81,Denied,Low Score,2026-06-07
APP_002741,CLI_01024,BR_024,18490.3,Denied,Low Score,2026-08-16
APP_002742,CLI_04276,BR_041,41338.59,Approved,None,2026-03-11
APP_002743,CLI_01285,BR_042,11795.77,Approved,None,2026-04-23
APP_002744,CLI_00330,BR_012,4085.43,Denied,Active Default,2026-05-24
APP_002745,CLI_00413,BR_027,32957.72,Denied,Active Default,2026-05-12
APP_002746,CLI_01565,BR_036,2054.86,Approved,None,2026-03-27
APP_002747,CLI_03312,BR_024,19932.92,Approved,None,2026-03-25
APP_002748,CLI_04401,BR_048,1470.24,Denied,Low Score,2026-07-23
APP_002749,CLI_04988,BR_043,2989.66,Approved,None,2026-03-10
APP_002750,CLI_03391,BR_050,30169.09,Denied,Active Default,2026-04-01
APP_002751,CLI_01183,BR_022,42086.36,Denied,Thin File,2026-04-24
APP_002752,CLI_01041,BR_020,33251.28,Approved,None,2026-07-07
APP_002753,CLI_00500,BR_005,43390.92,Approved,None,2026-05-03
APP_002754,CLI_01211,BR_020,11262.85,Denied,Active Default,2026-05-12
APP_002755,CLI_04271,BR_035,21781.63,Denied,Low Score,2026-05-22
APP_002756,CLI_04365,BR_015,14530.02,Denied,Active Default,2026-06-29
APP_002757,CLI_04015,BR_010,21447.99,Denied,Low Score,2026-06-18
APP_002758,CLI_00987,BR_019,40299.6,Denied,High DTI,2026-07-01
APP_002759,CLI_04286,BR_033,11991.87,Approved,None,2026-07-09
APP_002760,CLI_01896,BR_021,46440.22,Denied,Thin File,2026-04-25
APP_002761,CLI_02421,BR_020,19734.72,Approved,None,2026-06-04
APP_002762,CLI_04688,BR_049,43540.63,Approved,None,2026-05-14
APP_002763,CLI_03687,BR_048,14918.52,Denied,Low Score,2026-04-12
APP_002764,CLI_04696,BR_001,29911.27,Denied,Active Default,2026-05-04
APP_002765,CLI_03221,BR_026,1705.73,Denied,Active Default,2026-06-25
APP_002766,CLI_00182,BR_002,31487.73,Denied,High DTI,2026-08-05
APP_002767,CLI_01881,BR_016,25685.0,Denied,Low Score,2026-04-02
APP_002768,CLI_02512,BR_049,36762.81,Denied,High DTI,2026-03-08
APP_002769,CLI_00310,BR_048,34916.34,Denied,Low Score,2026-07-03
APP_002770,CLI_01250,BR_024,47869.81,Denied,Thin File,2026-06-30
APP_002771,CLI_04110,BR_014,16949.54,Denied,Low Score,2026-07-29
APP_002772,CLI_01208,BR_020,39733.4,Approved,None,2026-07-23
APP_002773,CLI_00847,BR_028,34625.87,Denied,Thin File,2026-06-23
APP_002774,CLI_02995,BR_019,11193.8,Denied,Low Score,2026-06-30
APP_002775,CLI_03682,BR_001,47050.98,Denied,Active Default,2026-05-31
APP_002776,CLI_04068,BR_043,47635.1,Denied,Low Score,2026-08-25
APP_002777,CLI_03225,BR_028,33675.39,Denied,Active Default,2026-03-30
APP_002778,CLI_04322,BR_021,5597.62,Denied,Active Default,2026-06-14
APP_002779,CLI_02242,BR_046,34596.51,Denied,Low Score,2026-05-26
APP_002780,CLI_01351,BR_002,13833.52,Denied,Thin File,2026-07-31
APP_002781,CLI_04207,BR_046,8045.73,Approved,None,2026-06-10
APP_002782,CLI_04762,BR_041,10412.26,Approved,None,2026-03-23
APP_002783,CLI_02367,BR_036,44786.39,Denied,Active Default,2026-04-27
APP_002784,CLI_03602,BR_049,8982.23,Denied,Thin File,2026-05-17
APP_002785,CLI_03263,BR_013,26249.48,Denied,Thin File,2026-03-22
APP_002786,CLI_01869,BR_041,25210.22,Denied,Thin File,2026-08-10
APP_002787,CLI_03049,BR_021,45311.06,Approved,None,2026-08-26
APP_002788,CLI_02699,BR_040,17299.18,Denied,High DTI,2026-05-14
APP_002789,CLI_03091,BR_028,14684.4,Denied,Low Score,2026-04-26
APP_002790,CLI_00761,BR_008,37199.16,Approved,None,2026-03-10
APP_002791,CLI_02148,BR_050,37928.81,Denied,High DTI,2026-07-03
APP_002792,CLI_02160,BR_017,21936.08,Approved,None,2026-08-04
APP_002793,CLI_01324,BR_007,22096.0,Approved,None,2026-04-01
APP_002794,CLI_04214,BR_026,32607.06,Approved,None,2026-05-04
APP_002795,CLI_02045,BR_031,23919.09,Denied,Fraud Suspicion,2026-06-29
APP_002796,CLI_04179,BR_022,28692.95,Denied,Thin File,2026-06-02
APP_002797,CLI_04547,BR_033,4914.45,Denied,Active Default,2026-05-21
APP_002798,CLI_04310,BR_023,37571.68,Denied,Low Score,2026-04-13
APP_002799,CLI_04308,BR_032,11464.98,Denied,Thin File,2026-03-28
APP_002800,CLI_01325,BR_007,33490.48,Denied,Thin File,2026-08-12
APP_002801,CLI_01154,BR_029,11811.4,Approved,None,2026-08-11
APP_002802,CLI_00332,BR_003,32954.96,Denied,Thin File,2026-05-20
APP_002803,CLI_00884,BR_002,1076.3,Approved,None,2026-07-17
APP_002804,CLI_03642,BR_047,4040.33,Denied,Low Score,2026-05-09
APP_002805,CLI_02784,BR_013,12518.6,Denied,High DTI,2026-07-16
APP_002806,CLI_03710,BR_048,35801.83,Denied,Thin File,2026-04-02
APP_002807,CLI_03250,BR_043,48871.81,Denied,Low Score,2026-07-19
APP_002808,CLI_02693,BR_008,27836.52,Denied,Low Score,2026-05-15
APP_002809,CLI_00241,BR_050,21373.11,Approved,None,2026-04-11
APP_002810,CLI_00371,BR_039,30325.49,Approved,None,2026-05-26
APP_002811,CLI_01496,BR_024,25839.67,Approved,None,2026-08-01
APP_002812,CLI_04812,BR_044,43953.94,Denied,Active Default,2026-04-27
APP_002813,CLI_04695,BR_048,45682.14,Approved,None,2026-06-17
APP_002814,CLI_00328,BR_050,22542.64,Approved,None,2026-08-28
APP_002815,CLI_03579,BR_030,11695.61,Approved,None,2026-07-22
APP_002816,CLI_01927,BR_037,35005.43,Approved,None,2026-08-09
APP_002817,CLI_04711,BR_049,48300.3,Denied,Low Score,2026-03-08
APP_002818,CLI_00619,BR_012,39705.58,Approved,None,2026-03-30
APP_002819,CLI_01607,BR_028,14319.89,Denied,Low Score,2026-07-03
APP_002820,CLI_04240,BR_050,13890.07,Denied,Low Score,2026-06-27
APP_002821,CLI_03551,BR_006,38801.24,Denied,Thin File,2026-08-23
APP_002822,CLI_00168,BR_043,36638.19,Denied,High DTI,2026-05-05
APP_002823,CLI_03007,BR_018,36246.82,Denied,Active Default,2026-04-29
APP_002824,CLI_01217,BR_036,8927.5,Denied,Thin File,2026-07-15
APP_002825,CLI_02137,BR_033,9738.08,Approved,None,2026-07-16
APP_002826,CLI_03019,BR_047,41144.47,Denied,Active Default,2026-03-12
APP_002827,CLI_02257,BR_050,13389.11,Approved,None,2026-06-11
APP_002828,CLI_03128,BR_029,43024.62,Denied,High DTI,2026-05-28
APP_002829,CLI_01740,BR_007,28391.99,Denied,Active Default,2026-04-28
APP_002830,CLI_02668,BR_038,32726.33,Approved,None,2026-06-23
APP_002831,CLI_03811,BR_030,32011.41,Approved,None,2026-08-24
APP_002832,CLI_04127,BR_012,45399.14,Denied,Low Score,2026-03-20
APP_002833,CLI_00409,BR_022,39059.01,Denied,Low Score,2026-08-06
APP_002834,CLI_00366,BR_010,5924.15,Approved,None,2026-06-20
APP_002835,CLI_03242,BR_011,28051.58,Denied,High DTI,2026-03-17
APP_002836,CLI_00132,BR_024,19865.17,Approved,None,2026-07-08
APP_002837,CLI_04598,BR_024,4986.27,Approved,None,2026-08-25
APP_002838,CLI_02915,BR_036,36804.31,Denied,High DTI,2026-05-17
APP_002839,CLI_04076,BR_007,43721.92,Denied,Thin File,2026-07-14
APP_002840,CLI_00939,BR_001,29321.44,Denied,Active Default,2026-07-26
APP_002841,CLI_04664,BR_013,8364.28,Denied,Thin File,2026-03-28
APP_002842,CLI_02956,BR_038,14543.68,Denied,Thin File,2026-05-16
APP_002843,CLI_01433,BR_028,36608.77,Denied,Thin File,2026-08-04
APP_002844,CLI_03980,BR_023,23799.66,Denied,Active Default,2026-06-05
APP_002845,CLI_04572,BR_029,48780.99,Approved,None,2026-04-24
APP_002846,CLI_00590,BR_002,17724.32,Denied,Fraud Suspicion,2026-05-31
APP_002847,CLI_04895,BR_026,3391.4,Approved,None,2026-07-19
APP_002848,CLI_03658,BR_031,15507.78,Denied,Low Score,2026-07-09
APP_002849,CLI_00280,BR_022,8347.12,Denied,High DTI,2026-06-24
APP_002850,CLI_02252,BR_012,18373.71,Denied,Low Score,2026-03-31
APP_002851,CLI_04713,BR_036,32604.87,Approved,None,2026-08-01
APP_002852,CLI_01339,BR_030,31059.91,Approved,None,2026-08-29
APP_002853,CLI_01807,BR_011,19331.14,Approved,None,2026-08-31
APP_002854,CLI_02566,BR_028,11364.59,Denied,Low Score,2026-06-20
APP_002855,CLI_04567,BR_007,17131.83,Approved,None,2026-04-10
APP_002856,CLI_02761,BR_004,22918.77,Approved,None,2026-03-14
APP_002857,CLI_03369,BR_009,8685.76,Approved,None,2026-08-15
APP_002858,CLI_01472,BR_018,41519.1,Denied,Low Score,2026-06-05
APP_002859,CLI_00560,BR_009,43082.78,Denied,High DTI,2026-06-30
APP_002860,CLI_01812,BR_019,31573.27,Denied,Low Score,2026-04-07
APP_002861,CLI_04541,BR_023,40987.21,Approved,None,2026-06-28
APP_002862,CLI_00319,BR_002,42303.47,Denied,Low Score,2026-07-06
APP_002863,CLI_04394,BR_022,14031.79,Denied,Thin File,2026-03-19
APP_002864,CLI_00590,BR_045,44925.18,Denied,Low Score,2026-03-11
APP_002865,CLI_01961,BR_003,42497.51,Approved,None,2026-07-08
APP_002866,CLI_01459,BR_048,45740.14,Denied,Low Score,2026-07-14
APP_002867,CLI_04696,BR_020,49496.66,Approved,None,2026-07-23
APP_002868,CLI_03811,BR_044,26595.83,Approved,None,2026-07-22
APP_002869,CLI_04040,BR_011,15978.91,Approved,None,2026-06-09
APP_002870,CLI_03303,BR_040,18505.72,Denied,Low Score,2026-08-15
APP_002871,CLI_04634,BR_027,8137.21,Denied,High DTI,2026-07-03
APP_002872,CLI_01716,BR_030,16869.62,Approved,None,2026-03-07
APP_002873,CLI_00310,BR_001,43960.38,Denied,Thin File,2026-06-03
APP_002874,CLI_01177,BR_005,42290.55,Denied,Low Score,2026-08-24
APP_002875,CLI_03300,BR_027,7596.78,Denied,Low Score,2026-05-25
APP_002876,CLI_01538,BR_039,8076.73,Denied,Active Default,2026-06-22
APP_002877,CLI_02041,BR_020,17292.47,Denied,Thin File,2026-08-08
APP_002878,CLI_03389,BR_016,15407.46,Approved,None,2026-04-29
APP_002879,CLI_01420,BR_024,10009.47,Approved,None,2026-08-29
APP_002880,CLI_00988,BR_011,15335.96,Approved,None,2026-06-22
APP_002881,CLI_04226,BR_049,47951.02,Denied,Low Score,2026-04-10
APP_002882,CLI_03290,BR_024,21779.04,Approved,None,2026-05-02
APP_002883,CLI_04496,BR_001,49788.57,Denied,Thin File,2026-05-16
APP_002884,CLI_00906,BR_019,18210.04,Denied,Low Score,2026-05-05
APP_002885,CLI_00806,BR_038,14751.67,Denied,Thin File,2026-05-18
APP_002886,CLI_04011,BR_010,29122.23,Denied,Thin File,2026-04-28
APP_002887,CLI_02457,BR_013,10657.75,Denied,Low Score,2026-07-11
APP_002888,CLI_04969,BR_015,44730.37,Approved,None,2026-07-19
APP_002889,CLI_01541,BR_009,37457.39,Approved,None,2026-06-07
APP_002890,CLI_00302,BR_042,46494.36,Approved,None,2026-05-11
APP_002891,CLI_00922,BR_031,2359.37,Denied,High DTI,2026-04-07
APP_002892,CLI_03782,BR_025,1184.96,Denied,Active Default,2026-07-22
APP_002893,CLI_03796,BR_033,25167.36,Denied,Active Default,2026-03-16
APP_002894,CLI_02429,BR_036,24553.81,Denied,High DTI,2026-03-05
APP_002895,CLI_04255,BR_050,34035.18,Denied,Thin File,2026-05-07
APP_002896,CLI_01974,BR_033,46897.36,Approved,None,2026-06-20
APP_002897,CLI_03235,BR_022,41035.27,Denied,Low Score,2026-05-30
APP_002898,CLI_02063,BR_023,10234.61,Denied,Low Score,2026-07-11
APP_002899,CLI_00879,BR_038,11244.39,Approved,None,2026-06-23
APP_002900,CLI_04958,BR_044,6998.94,Denied,Low Score,2026-06-16
APP_002901,CLI_00458,BR_027,28083.86,Denied,Thin File,2026-07-13
APP_002902,CLI_01404,BR_033,47874.83,Denied,High DTI,2026-04-05
APP_002903,CLI_04467,BR_013,18916.82,Approved,None,2026-04-04
APP_002904,CLI_04921,BR_039,2010.04,Approved,None,2026-07-07
APP_002905,CLI_01543,BR_024,47283.81,Denied,Low Score,2026-07-08
APP_002906,CLI_01210,BR_032,44203.87,Approved,None,2026-05-10
APP_002907,CLI_01539,BR_047,22012.34,Approved,None,2026-04-24
APP_002908,CLI_01426,BR_012,22694.51,Denied,Thin File,2026-05-22
APP_002909,CLI_02933,BR_004,45433.64,Approved,None,2026-03-13
APP_002910,CLI_04186,BR_005,5303.88,Denied,Low Score,2026-04-18
APP_002911,CLI_03710,BR_016,37610.8,Denied,Low Score,2026-04-20
APP_002912,CLI_02148,BR_030,33720.42,Approved,None,2026-05-18
APP_002913,CLI_00651,BR_012,24430.05,Approved,None,2026-04-19
APP_002914,CLI_03821,BR_016,3161.4,Denied,High DTI,2026-08-04
APP_002915,CLI_04355,BR_045,30261.98,Denied,Low Score,2026-07-08
APP_002916,CLI_01657,BR_012,45089.61,Denied,Low Score,2026-08-24
APP_002917,CLI_02498,BR_009,43174.82,Approved,None,2026-04-27
APP_002918,CLI_03979,BR_025,47176.27,Approved,None,2026-03-29
APP_002919,CLI_00805,BR_017,34224.47,Denied,Active Default,2026-04-18
APP_002920,CLI_03513,BR_003,23326.81,Approved,None,2026-08-21
APP_002921,CLI_03705,BR_022,26558.3,Denied,Active Default,2026-08-04
APP_002922,CLI_04882,BR_046,45387.51,Denied,Low Score,2026-07-11
APP_002923,CLI_00504,BR_038,28111.52,Denied,High DTI,2026-08-07
APP_002924,CLI_00211,BR_034,13781.17,Denied,Low Score,2026-05-03
APP_002925,CLI_03499,BR_020,17346.46,Approved,None,2026-08-09
APP_002926,CLI_03869,BR_010,27513.9,Approved,None,2026-04-14
APP_002927,CLI_03665,BR_026,9940.82,Denied,Active Default,2026-04-26
APP_002928,CLI_02312,BR_040,9247.51,Approved,None,2026-07-14
APP_002929,CLI_01211,BR_039,46633.47,Approved,None,2026-05-25
APP_002930,CLI_00758,BR_002,4498.9,Denied,Active Default,2026-03-18
APP_002931,CLI_04495,BR_021,17129.71,Denied,Thin File,2026-08-16
APP_002932,CLI_02596,BR_049,1730.53,Approved,None,2026-06-16
APP_002933,CLI_01450,BR_001,14851.82,Denied,Active Default,2026-05-15
APP_002934,CLI_01136,BR_014,44340.55,Approved,None,2026-07-15
APP_002935,CLI_02411,BR_014,23944.55,Denied,Thin File,2026-07-22
APP_002936,CLI_04080,BR_020,6966.84,Denied,Active Default,2026-05-26
APP_002937,CLI_00388,BR_022,39847.72,Approved,None,2026-06-23
APP_002938,CLI_03845,BR_019,28951.4,Approved,None,2026-03-22
APP_002939,CLI_01909,BR_008,3920.61,Approved,None,2026-05-06
APP_002940,CLI_04088,BR_013,3599.54,Approved,None,2026-03-09
APP_002941,CLI_01073,BR_027,25580.71,Denied,High DTI,2026-05-04
APP_002942,CLI_02360,BR_020,21569.32,Denied,Low Score,2026-05-14
APP_002943,CLI_02582,BR_027,26265.92,Denied,Low Score,2026-04-20
APP_002944,CLI_04133,BR_049,7504.19,Denied,Fraud Suspicion,2026-06-21
APP_002945,CLI_03737,BR_009,27362.23,Denied,Thin File,2026-06-28
APP_002946,CLI_03550,BR_029,15023.98,Denied,Thin File,2026-06-02
APP_002947,CLI_03137,BR_017,4839.41,Denied,Thin File,2026-05-31
APP_002948,CLI_01393,BR_038,46974.02,Denied,Fraud Suspicion,2026-04-17
APP_002949,CLI_03418,BR_024,15911.65,Approved,None,2026-05-05
APP_002950,CLI_00122,BR_011,38709.3,Denied,Active Default,2026-05-03
APP_002951,CLI_02300,BR_047,44872.24,Denied,Thin File,2026-03-11
APP_002952,CLI_01834,BR_027,30284.55,Denied,Low Score,2026-06-07
APP_002953,CLI_03111,BR_005,25880.93,Denied,Thin File,2026-03-13
APP_002954,CLI_02247,BR_049,14587.21,Approved,None,2026-03-23
APP_002955,CLI_00916,BR_048,13279.25,Denied,Thin File,2026-08-04
APP_002956,CLI_01159,BR_045,46953.08,Denied,Low Score,2026-04-07
APP_002957,CLI_01698,BR_037,47439.46,Denied,Fraud Suspicion,2026-06-15
APP_002958,CLI_03680,BR_007,15523.51,Approved,None,2026-05-29
APP_002959,CLI_01465,BR_038,30100.18,Approved,None,2026-08-13
APP_002960,CLI_03101,BR_025,19973.44,Denied,Active Default,2026-03-10
APP_002961,CLI_01380,BR_038,31007.56,Approved,None,2026-08-14
APP_002962,CLI_01364,BR_047,8074.4,Approved,None,2026-05-20
APP_002963,CLI_01050,BR_003,18428.25,Denied,Low Score,2026-07-05
APP_002964,CLI_04106,BR_043,30992.29,Approved,None,2026-04-07
APP_002965,CLI_04147,BR_022,33869.71,Denied,High DTI,2026-08-14
APP_002966,CLI_04956,BR_036,20479.4,Approved,None,2026-07-07
APP_002967,CLI_02524,BR_007,46185.61,Denied,Low Score,2026-08-19
APP_002968,CLI_04645,BR_014,21630.02,Denied,Thin File,2026-07-01
APP_002969,CLI_02227,BR_034,39659.61,Denied,Active Default,2026-06-18
APP_002970,CLI_00208,BR_005,14850.09,Denied,Active Default,2026-04-13
APP_002971,CLI_04015,BR_002,16933.04,Approved,None,2026-04-06
APP_002972,CLI_01344,BR_016,3901.95,Denied,Fraud Suspicion,2026-07-23
APP_002973,CLI_04157,BR_050,24213.09,Approved,None,2026-03-19
APP_002974,CLI_04751,BR_046,45050.42,Approved,None,2026-08-25
APP_002975,CLI_03839,BR_029,9592.15,Denied,High DTI,2026-05-18
APP_002976,CLI_01117,BR_046,41265.54,Denied,Thin File,2026-06-13
APP_002977,CLI_02505,BR_007,39997.75,Denied,Low Score,2026-03-17
APP_002978,CLI_01192,BR_039,20780.66,Denied,Active Default,2026-07-22
APP_002979,CLI_03795,BR_030,27765.57,Denied,High DTI,2026-04-01
APP_002980,CLI_02761,BR_038,29576.19,Denied,Low Score,2026-07-20
APP_002981,CLI_00410,BR_015,26015.43,Denied,Active Default,2026-05-31
APP_002982,CLI_04650,BR_016,7380.95,Approved,None,2026-06-12
APP_002983,CLI_04840,BR_011,25517.7,Approved,None,2026-05-17
APP_002984,CLI_04638,BR_037,11165.49,Approved,None,2026-07-05
APP_002985,CLI_00073,BR_015,45107.29,Denied,High DTI,2026-05-30
APP_002986,CLI_04553,BR_020,42104.45,Denied,Active Default,2026-06-14
APP_002987,CLI_02872,BR_045,33322.39,Approved,None,2026-08-23
APP_002988,CLI_00933,BR_005,42697.03,Denied,Active Default,2026-03-18
APP_002989,CLI_04927,BR_043,12881.85,Denied,Low Score,2026-05-18
APP_002990,CLI_03170,BR_028,17773.49,Denied,Active Default,2026-04-02
APP_002991,CLI_04771,BR_042,47419.56,Denied,Active Default,2026-06-13
APP_002992,CLI_03019,BR_006,40997.25,Approved,None,2026-05-27
APP_002993,CLI_04110,BR_033,45128.84,Approved,None,2026-08-10
APP_002994,CLI_04038,BR_008,21319.17,Denied,Thin File,2026-07-19
APP_002995,CLI_00437,BR_019,38962.36,Denied,High DTI,2026-06-24
APP_002996,CLI_04783,BR_013,13952.84,Approved,None,2026-05-04
APP_002997,CLI_03365,BR_040,2491.39,Approved,None,2026-05-09
APP_002998,CLI_02719,BR_004,22390.67,Denied,Low Score,2026-05-30
APP_002999,CLI_00903,BR_008,10078.49,Approved,None,2026-07-08
APP_003000,CLI_04994,BR_001,17208.6,Approved,None,2026-08-11
APP_003001,CLI_01100,BR_017,36462.63,Denied,Fraud Suspicion,2026-06-11
APP_003002,CLI_02872,BR_009,31409.53,Denied,Fraud Suspicion,2026-07-15
APP_003003,CLI_00492,BR_032,35516.31,Denied,Thin File,2026-06-20
APP_003004,CLI_03723,BR_042,40276.82,Denied,Fraud Suspicion,2026-03-06
APP_003005,CLI_04619,BR_020,37378.3,Approved,None,2026-08-07
APP_003006,CLI_03191,BR_003,45271.5,Denied,Active Default,2026-05-11
APP_003007,CLI_04003,BR_031,47541.96,Approved,None,2026-03-17
APP_003008,CLI_02238,BR_050,15254.45,Denied,Low Score,2026-05-15
APP_003009,CLI_04314,BR_001,19732.56,Denied,Thin File,2026-08-20
APP_003010,CLI_01363,BR_008,14717.03,Denied,High DTI,2026-04-08
APP_003011,CLI_00093,BR_028,41289.09,Denied,Low Score,2026-04-11
APP_003012,CLI_02765,BR_020,33635.02,Denied,Fraud Suspicion,2026-08-23
APP_003013,CLI_03902,BR_041,6768.88,Denied,Fraud Suspicion,2026-04-05
APP_003014,CLI_03510,BR_044,25879.95,Approved,None,2026-08-26
APP_003015,CLI_00092,BR_039,5323.43,Denied,Thin File,2026-06-12
APP_003016,CLI_03015,BR_018,13820.72,Denied,Low Score,2026-03-22
APP_003017,CLI_01259,BR_004,19916.34,Denied,High DTI,2026-07-29
APP_003018,CLI_02943,BR_021,22441.15,Denied,Fraud Suspicion,2026-07-17
APP_003019,CLI_04324,BR_017,35574.39,Denied,Thin File,2026-06-07
APP_003020,CLI_01700,BR_029,8132.45,Approved,None,2026-03-18
APP_003021,CLI_04745,BR_033,38935.48,Approved,None,2026-04-07
APP_003022,CLI_03258,BR_004,20539.61,Approved,None,2026-05-05
APP_003023,CLI_04465,BR_031,25542.88,Approved,None,2026-06-08
APP_003024,CLI_00662,BR_013,48459.19,Approved,None,2026-05-03
APP_003025,CLI_04663,BR_041,19040.17,Approved,None,2026-04-04
APP_003026,CLI_04962,BR_035,24336.37,Approved,None,2026-04-20
APP_003027,CLI_03710,BR_042,9931.5,Denied,High DTI,2026-06-19
APP_003028,CLI_04139,BR_031,9607.13,Denied,High DTI,2026-03-12
APP_003029,CLI_04815,BR_014,44113.74,Approved,None,2026-07-07
APP_003030,CLI_02057,BR_027,23500.68,Denied,Active Default,2026-07-14
APP_003031,CLI_00993,BR_011,18497.06,Denied,Low Score,2026-03-11
APP_003032,CLI_01058,BR_002,30600.55,Denied,Thin File,2026-08-31
APP_003033,CLI_03838,BR_029,26110.05,Denied,High DTI,2026-05-20
APP_003034,CLI_03278,BR_023,20616.4,Approved,None,2026-06-07
APP_003035,CLI_01246,BR_038,29316.01,Denied,Thin File,2026-04-12
APP_003036,CLI_04136,BR_006,6743.81,Approved,None,2026-03-21
APP_003037,CLI_04554,BR_042,16754.97,Denied,Active Default,2026-08-08
APP_003038,CLI_03531,BR_047,25740.66,Denied,Low Score,2026-04-20
APP_003039,CLI_00347,BR_023,41365.53,Denied,Active Default,2026-08-24
APP_003040,CLI_02467,BR_037,42721.27,Denied,Active Default,2026-08-27
APP_003041,CLI_04838,BR_030,13487.6,Denied,Fraud Suspicion,2026-04-04
APP_003042,CLI_03602,BR_047,34329.7,Denied,Low Score,2026-07-06
APP_003043,CLI_03259,BR_007,20005.74,Approved,None,2026-05-01
APP_003044,CLI_04102,BR_040,49808.81,Approved,None,2026-05-13
APP_003045,CLI_00004,BR_005,47553.14,Denied,Low Score,2026-06-28
APP_003046,CLI_00886,BR_013,43880.72,Denied,Low Score,2026-06-14
APP_003047,CLI_02771,BR_033,48260.43,Approved,None,2026-03-19
APP_003048,CLI_00532,BR_035,4227.43,Denied,Low Score,2026-06-12
APP_003049,CLI_02100,BR_041,7581.3,Denied,Thin File,2026-04-25
APP_003050,CLI_01665,BR_007,34020.73,Denied,Low Score,2026-05-22
APP_003051,CLI_04770,BR_032,22038.88,Denied,High DTI,2026-08-25
APP_003052,CLI_02928,BR_031,11486.04,Approved,None,2026-03-14
APP_003053,CLI_03617,BR_007,48596.28,Denied,Low Score,2026-07-09
APP_003054,CLI_02443,BR_016,8685.6,Denied,High DTI,2026-03-11
APP_003055,CLI_02231,BR_049,5067.21,Denied,Low Score,2026-04-22
APP_003056,CLI_03902,BR_024,41219.44,Approved,None,2026-07-21
APP_003057,CLI_02659,BR_037,34243.49,Approved,None,2026-06-16
APP_003058,CLI_01979,BR_003,49522.07,Denied,Fraud Suspicion,2026-06-03
APP_003059,CLI_02080,BR_023,44374.01,Denied,Thin File,2026-07-11
APP_003060,CLI_00070,BR_048,3969.25,Denied,Low Score,2026-07-26
APP_003061,CLI_01059,BR_032,16305.75,Approved,None,2026-06-25
APP_003062,CLI_03491,BR_015,7992.68,Approved,None,2026-04-10
APP_003063,CLI_02626,BR_026,4285.58,Denied,Active Default,2026-05-18
APP_003064,CLI_00260,BR_025,40402.91,Denied,Fraud Suspicion,2026-05-22
APP_003065,CLI_01534,BR_037,48866.12,Approved,None,2026-04-10
APP_003066,CLI_01692,BR_042,46956.88,Approved,None,2026-07-10
APP_003067,CLI_04755,BR_044,14026.43,Approved,None,2026-06-19
APP_003068,CLI_04735,BR_007,33231.15,Approved,None,2026-04-02
APP_003069,CLI_00184,BR_008,31251.19,Denied,Low Score,2026-06-24
APP_003070,CLI_03480,BR_030,9292.28,Denied,Low Score,2026-07-04
APP_003071,CLI_00099,BR_049,5029.94,Approved,None,2026-07-26
APP_003072,CLI_02106,BR_015,21536.17,Denied,Thin File,2026-04-15
APP_003073,CLI_00221,BR_004,23666.48,Denied,Thin File,2026-08-27
APP_003074,CLI_03032,BR_048,38533.59,Approved,None,2026-05-20
APP_003075,CLI_01772,BR_021,47655.16,Denied,Active Default,2026-05-24
APP_003076,CLI_04032,BR_010,45963.28,Approved,None,2026-06-04
APP_003077,CLI_00160,BR_048,37563.5,Approved,None,2026-05-26
APP_003078,CLI_02565,BR_005,21524.85,Denied,High DTI,2026-04-21
APP_003079,CLI_00866,BR_026,26651.42,Denied,Thin File,2026-05-26
APP_003080,CLI_04031,BR_019,29549.48,Approved,None,2026-06-09
APP_003081,CLI_03680,BR_050,25445.27,Denied,High DTI,2026-07-09
APP_003082,CLI_01742,BR_023,27036.19,Denied,Low Score,2026-04-16
APP_003083,CLI_01204,BR_041,8696.88,Denied,High DTI,2026-05-25
APP_003084,CLI_03263,BR_013,31125.76,Denied,High DTI,2026-05-20
APP_003085,CLI_02223,BR_020,31303.98,Denied,Low Score,2026-08-13
APP_003086,CLI_03823,BR_025,9571.74,Denied,Low Score,2026-05-23
APP_003087,CLI_04155,BR_025,18422.85,Denied,Low Score,2026-03-08
APP_003088,CLI_01455,BR_044,18282.68,Denied,Fraud Suspicion,2026-03-12
APP_003089,CLI_04143,BR_005,23226.17,Approved,None,2026-03-30
APP_003090,CLI_04858,BR_046,38885.77,Approved,None,2026-07-04
APP_003091,CLI_04174,BR_001,1557.52,Denied,High DTI,2026-03-25
APP_003092,CLI_00351,BR_028,9535.9,Approved,None,2026-08-07
APP_003093,CLI_00468,BR_001,2920.28,Denied,Thin File,2026-04-26
APP_003094,CLI_04889,BR_020,20767.48,Approved,None,2026-07-07
APP_003095,CLI_02395,BR_019,2070.38,Denied,Low Score,2026-05-19
APP_003096,CLI_03095,BR_018,43593.67,Denied,High DTI,2026-04-21
APP_003097,CLI_01475,BR_008,7266.24,Approved,None,2026-05-02
APP_003098,CLI_01751,BR_024,3997.73,Denied,Low Score,2026-03-05
APP_003099,CLI_02354,BR_039,43535.71,Denied,Low Score,2026-05-16
APP_003100,CLI_02081,BR_012,26819.54,Approved,None,2026-08-22
APP_003101,CLI_01997,BR_035,24917.17,Denied,Low Score,2026-08-05
APP_003102,CLI_02037,BR_043,32734.48,Approved,None,2026-08-06
APP_003103,CLI_02153,BR_049,46618.47,Denied,Fraud Suspicion,2026-03-19
APP_003104,CLI_01436,BR_034,21964.36,Denied,Low Score,2026-08-22
APP_003105,CLI_02635,BR_026,16415.4,Denied,High DTI,2026-08-16
APP_003106,CLI_04255,BR_012,49039.17,Approved,None,2026-07-18
APP_003107,CLI_03350,BR_008,17158.63,Denied,Thin File,2026-05-08
APP_003108,CLI_02774,BR_037,28458.9,Denied,Thin File,2026-04-21
APP_003109,CLI_04133,BR_004,14059.74,Approved,None,2026-08-04
APP_003110,CLI_01958,BR_020,44942.4,Denied,Low Score,2026-06-18
APP_003111,CLI_01392,BR_035,5417.52,Denied,Low Score,2026-04-11
APP_003112,CLI_04171,BR_050,39620.77,Approved,None,2026-07-26
APP_003113,CLI_02407,BR_042,40292.12,Denied,Active Default,2026-05-19
APP_003114,CLI_04522,BR_001,13592.59,Denied,Low Score,2026-04-04
APP_003115,CLI_04590,BR_036,35822.7,Approved,None,2026-08-18
APP_003116,CLI_04186,BR_043,45887.29,Denied,Low Score,2026-07-19
APP_003117,CLI_03992,BR_030,17001.33,Denied,Low Score,2026-05-03
APP_003118,CLI_01118,BR_024,41047.74,Approved,None,2026-03-09
APP_003119,CLI_02434,BR_019,39984.83,Approved,None,2026-08-10
APP_003120,CLI_01429,BR_006,19403.72,Denied,High DTI,2026-05-02
APP_003121,CLI_01007,BR_045,34934.46,Denied,Low Score,2026-04-12
APP_003122,CLI_02862,BR_010,20835.84,Denied,Thin File,2026-06-19
APP_003123,CLI_01486,BR_047,1497.06,Denied,Low Score,2026-05-22
APP_003124,CLI_04010,BR_036,28402.46,Denied,Thin File,2026-03-28
APP_003125,CLI_04302,BR_045,42216.61,Approved,None,2026-04-06
APP_003126,CLI_04054,BR_010,36208.28,Denied,Thin File,2026-05-11
APP_003127,CLI_03508,BR_049,13367.8,Denied,Low Score,2026-04-24
APP_003128,CLI_00529,BR_010,5515.98,Denied,High DTI,2026-04-12
APP_003129,CLI_00741,BR_048,35616.82,Approved,None,2026-07-28
APP_003130,CLI_02578,BR_040,43996.9,Approved,None,2026-07-26
APP_003131,CLI_03230,BR_014,41235.2,Denied,Active Default,2026-07-08
APP_003132,CLI_03902,BR_019,12212.01,Denied,Low Score,2026-05-21
APP_003133,CLI_04434,BR_049,15181.46,Denied,Active Default,2026-08-19
APP_003134,CLI_01205,BR_001,3587.48,Approved,None,2026-04-02
APP_003135,CLI_03420,BR_032,36264.47,Approved,None,2026-07-24
APP_003136,CLI_03331,BR_047,37308.78,Approved,None,2026-03-10
APP_003137,CLI_00107,BR_003,3952.61,Denied,High DTI,2026-07-22
APP_003138,CLI_04432,BR_011,2412.92,Approved,None,2026-05-19
APP_003139,CLI_00065,BR_032,3351.0,Approved,None,2026-06-26
APP_003140,CLI_04025,BR_014,46163.26,Approved,None,2026-04-14
APP_003141,CLI_02867,BR_007,38196.6,Denied,Low Score,2026-03-29
APP_003142,CLI_03829,BR_030,15140.27,Denied,Thin File,2026-03-30
APP_003143,CLI_02419,BR_008,46898.38,Denied,Thin File,2026-05-13
APP_003144,CLI_02323,BR_021,36706.73,Denied,Low Score,2026-08-17
APP_003145,CLI_01654,BR_009,33643.87,Denied,Low Score,2026-06-20
APP_003146,CLI_01702,BR_030,35096.17,Denied,Thin File,2026-07-22
APP_003147,CLI_03782,BR_009,38082.78,Denied,Low Score,2026-06-01
APP_003148,CLI_02606,BR_023,33332.93,Denied,Thin File,2026-05-12
APP_003149,CLI_01476,BR_040,1810.26,Approved,None,2026-05-04
APP_003150,CLI_02950,BR_050,47136.46,Denied,High DTI,2026-06-15
APP_003151,CLI_02659,BR_020,37695.62,Approved,None,2026-07-01
APP_003152,CLI_01648,BR_028,46117.4,Approved,None,2026-04-29
APP_003153,CLI_03245,BR_035,8309.56,Denied,Low Score,2026-07-09
APP_003154,CLI_01344,BR_023,36691.29,Approved,None,2026-07-20
APP_003155,CLI_04948,BR_049,26331.55,Denied,Thin File,2026-04-25
APP_003156,CLI_02339,BR_029,18510.02,Approved,None,2026-07-28
APP_003157,CLI_00060,BR_038,35639.67,Denied,Low Score,2026-08-20
APP_003158,CLI_03191,BR_050,3040.38,Denied,High DTI,2026-05-29
APP_003159,CLI_00202,BR_023,38796.74,Approved,None,2026-06-03
APP_003160,CLI_03027,BR_006,3400.95,Approved,None,2026-07-10
APP_003161,CLI_04472,BR_006,32283.55,Denied,Low Score,2026-07-11
APP_003162,CLI_03791,BR_039,43994.17,Approved,None,2026-05-02
APP_003163,CLI_03597,BR_032,32738.08,Denied,Active Default,2026-03-16
APP_003164,CLI_03779,BR_044,40503.63,Denied,High DTI,2026-03-05
APP_003165,CLI_03568,BR_046,39358.52,Approved,None,2026-04-18
APP_003166,CLI_02065,BR_050,22704.8,Denied,Thin File,2026-07-05
APP_003167,CLI_01178,BR_004,2553.7,Denied,Thin File,2026-04-27
APP_003168,CLI_02628,BR_008,12988.04,Approved,None,2026-04-01
APP_003169,CLI_03440,BR_003,40913.53,Denied,High DTI,2026-04-09
APP_003170,CLI_03295,BR_017,28109.22,Denied,Thin File,2026-05-02
APP_003171,CLI_02030,BR_017,21322.26,Approved,None,2026-04-14
APP_003172,CLI_03564,BR_042,8508.37,Approved,None,2026-04-30
APP_003173,CLI_03439,BR_036,25271.43,Approved,None,2026-03-23
APP_003174,CLI_03159,BR_012,24647.23,Denied,Active Default,2026-07-24
APP_003175,CLI_00025,BR_024,42330.29,Approved,None,2026-03-18
APP_003176,CLI_01121,BR_003,21828.66,Approved,None,2026-03-09
APP_003177,CLI_04904,BR_024,11990.06,Approved,None,2026-05-21
APP_003178,CLI_00291,BR_023,14104.76,Approved,None,2026-06-26
APP_003179,CLI_04310,BR_041,46637.1,Approved,None,2026-06-12
APP_003180,CLI_01033,BR_018,17044.27,Denied,Thin File,2026-06-15
APP_003181,CLI_04082,BR_008,29865.51,Approved,None,2026-05-31
APP_003182,CLI_04348,BR_040,44162.96,Denied,Low Score,2026-08-19
APP_003183,CLI_04433,BR_017,2948.12,Approved,None,2026-08-25
APP_003184,CLI_01878,BR_050,32682.34,Approved,None,2026-06-01
APP_003185,CLI_00586,BR_046,4656.05,Denied,Thin File,2026-07-09
APP_003186,CLI_03113,BR_042,16475.15,Denied,Thin File,2026-07-15
APP_003187,CLI_01226,BR_013,7072.69,Denied,Low Score,2026-07-03
APP_003188,CLI_03393,BR_037,34354.89,Denied,High DTI,2026-03-08
APP_003189,CLI_02649,BR_028,34152.02,Denied,Low Score,2026-05-29
APP_003190,CLI_01964,BR_019,30724.86,Denied,Low Score,2026-03-25
APP_003191,CLI_03756,BR_042,39462.51,Denied,High DTI,2026-03-10
APP_003192,CLI_01343,BR_002,46858.06,Approved,None,2026-03-23
APP_003193,CLI_02992,BR_048,42514.0,Approved,None,2026-08-28
APP_003194,CLI_04840,BR_032,14377.54,Approved,None,2026-05-31
APP_003195,CLI_03294,BR_033,5228.87,Denied,Thin File,2026-04-14
APP_003196,CLI_00167,BR_028,47036.43,Approved,None,2026-04-16
APP_003197,CLI_04864,BR_040,28380.51,Approved,None,2026-08-22
APP_003198,CLI_00973,BR_045,43153.38,Approved,None,2026-07-15
APP_003199,CLI_00861,BR_006,10922.12,Approved,None,2026-07-23
APP_003200,CLI_01634,BR_034,38312.56,Denied,Thin File,2026-06-19
APP_003201,CLI_03412,BR_044,33832.33,Denied,Thin File,2026-06-12
APP_003202,CLI_03778,BR_046,9214.3,Approved,None,2026-08-12
APP_003203,CLI_03906,BR_035,42749.86,Denied,Low Score,2026-07-15
APP_003204,CLI_01319,BR_019,16060.67,Approved,None,2026-08-29
APP_003205,CLI_02941,BR_013,26623.09,Denied,High DTI,2026-08-27
APP_003206,CLI_00786,BR_001,5022.64,Approved,None,2026-03-14
APP_003207,CLI_03110,BR_029,31072.22,Denied,Low Score,2026-08-10
APP_003208,CLI_02011,BR_037,12987.64,Denied,Active Default,2026-04-09
APP_003209,CLI_00644,BR_027,5132.15,Approved,None,2026-04-15
APP_003210,CLI_02046,BR_001,2532.82,Approved,None,2026-05-21
APP_003211,CLI_03831,BR_016,43069.86,Denied,Thin File,2026-03-23
APP_003212,CLI_02326,BR_046,16832.37,Denied,Thin File,2026-08-26
APP_003213,CLI_04063,BR_001,14621.36,Denied,High DTI,2026-05-03
APP_003214,CLI_00969,BR_033,3021.5,Approved,None,2026-07-20
APP_003215,CLI_04739,BR_049,15301.38,Denied,Low Score,2026-07-25
APP_003216,CLI_03885,BR_032,25598.92,Approved,None,2026-07-17
APP_003217,CLI_02428,BR_011,4343.35,Denied,Thin File,2026-04-08
APP_003218,CLI_04498,BR_003,2303.41,Denied,Thin File,2026-05-23
APP_003219,CLI_02427,BR_027,31814.8,Denied,Thin File,2026-06-12
APP_003220,CLI_02969,BR_045,36054.34,Approved,None,2026-03-29
APP_003221,CLI_00325,BR_039,8657.91,Denied,Low Score,2026-08-28
APP_003222,CLI_00747,BR_027,33650.71,Denied,Low Score,2026-07-26
APP_003223,CLI_02537,BR_035,19944.81,Approved,None,2026-06-16
APP_003224,CLI_01790,BR_026,28501.35,Approved,None,2026-08-02
APP_003225,CLI_04683,BR_041,36361.81,Approved,None,2026-04-27
APP_003226,CLI_01787,BR_002,14302.91,Approved,None,2026-05-24
APP_003227,CLI_03234,BR_008,20934.97,Approved,None,2026-06-21
APP_003228,CLI_02290,BR_011,29204.37,Approved,None,2026-08-04
APP_003229,CLI_01409,BR_008,8398.04,Approved,None,2026-06-02
APP_003230,CLI_03187,BR_024,12455.45,Denied,Fraud Suspicion,2026-05-05
APP_003231,CLI_00068,BR_015,3082.91,Approved,None,2026-07-05
APP_003232,CLI_01706,BR_048,4247.9,Denied,Low Score,2026-03-16
APP_003233,CLI_03911,BR_027,16494.55,Approved,None,2026-07-28
APP_003234,CLI_03837,BR_029,38466.68,Denied,Low Score,2026-06-13
APP_003235,CLI_02262,BR_013,11665.86,Denied,Low Score,2026-05-07
APP_003236,CLI_00968,BR_024,48307.4,Approved,None,2026-03-25
APP_003237,CLI_02607,BR_027,11332.61,Approved,None,2026-07-27
APP_003238,CLI_00479,BR_004,30623.79,Approved,None,2026-06-04
APP_003239,CLI_00110,BR_035,24336.45,Denied,High DTI,2026-08-10
APP_003240,CLI_03629,BR_035,42448.96,Denied,Thin File,2026-03-07
APP_003241,CLI_02376,BR_030,28982.98,Denied,Thin File,2026-04-18
APP_003242,CLI_03604,BR_034,44802.98,Approved,None,2026-07-06
APP_003243,CLI_01845,BR_025,39068.08,Approved,None,2026-07-27
APP_003244,CLI_03823,BR_004,18625.89,Denied,Thin File,2026-05-02
APP_003245,CLI_02850,BR_005,35825.23,Approved,None,2026-05-13
APP_003246,CLI_03928,BR_028,30920.2,Denied,Low Score,2026-08-01
APP_003247,CLI_03489,BR_024,19425.7,Denied,Active Default,2026-07-08
APP_003248,CLI_03119,BR_031,44262.5,Denied,Active Default,2026-05-27
APP_003249,CLI_00398,BR_036,3957.2,Denied,High DTI,2026-07-26
APP_003250,CLI_02235,BR_042,49622.12,Denied,Fraud Suspicion,2026-05-06
APP_003251,CLI_04416,BR_007,25521.06,Denied,Low Score,2026-06-15
APP_003252,CLI_04096,BR_005,32765.74,Approved,None,2026-03-21
APP_003253,CLI_02129,BR_003,32989.77,Approved,None,2026-04-01
APP_003254,CLI_03612,BR_015,6379.18,Approved,None,2026-04-18
APP_003255,CLI_04534,BR_036,42005.8,Denied,Active Default,2026-08-24
APP_003256,CLI_04254,BR_010,34218.57,Denied,Fraud Suspicion,2026-05-16
APP_003257,CLI_00674,BR_049,37900.66,Denied,Low Score,2026-08-28
APP_003258,CLI_04912,BR_039,12383.76,Approved,None,2026-08-06
APP_003259,CLI_02287,BR_008,44234.73,Approved,None,2026-07-18
APP_003260,CLI_01863,BR_024,16626.55,Approved,None,2026-05-20
APP_003261,CLI_03005,BR_012,44192.1,Approved,None,2026-05-12
APP_003262,CLI_02715,BR_025,22453.1,Approved,None,2026-04-12
APP_003263,CLI_01392,BR_048,3055.41,Approved,None,2026-07-25
APP_003264,CLI_04965,BR_020,16806.33,Denied,Low Score,2026-07-22
APP_003265,CLI_03869,BR_024,2647.15,Denied,High DTI,2026-06-14
APP_003266,CLI_04435,BR_048,22429.17,Denied,Thin File,2026-08-15
APP_003267,CLI_02296,BR_030,31937.33,Approved,None,2026-08-26
APP_003268,CLI_01419,BR_027,15649.57,Approved,None,2026-07-17
APP_003269,CLI_02908,BR_017,45676.49,Approved,None,2026-06-10
APP_003270,CLI_02391,BR_014,36602.25,Approved,None,2026-04-15
APP_003271,CLI_02810,BR_039,10244.69,Denied,Thin File,2026-06-30
APP_003272,CLI_03321,BR_035,18877.6,Approved,None,2026-05-01
APP_003273,CLI_04309,BR_020,6423.78,Denied,Active Default,2026-06-09
APP_003274,CLI_04873,BR_043,33599.39,Approved,None,2026-06-18
APP_003275,CLI_03675,BR_004,19927.82,Denied,Thin File,2026-07-25
APP_003276,CLI_03813,BR_048,38099.1,Approved,None,2026-08-20
APP_003277,CLI_02798,BR_047,41881.71,Approved,None,2026-06-09
APP_003278,CLI_00741,BR_048,3358.75,Approved,None,2026-08-11
APP_003279,CLI_02860,BR_034,36342.35,Denied,Thin File,2026-04-14
APP_003280,CLI_01782,BR_030,24568.15,Approved,None,2026-06-26
APP_003281,CLI_03370,BR_030,49385.94,Approved,None,2026-06-19
APP_003282,CLI_04735,BR_009,32241.5,Approved,None,2026-06-24
APP_003283,CLI_04433,BR_039,17783.96,Denied,Thin File,2026-05-01
APP_003284,CLI_02871,BR_044,48978.41,Approved,None,2026-03-15
APP_003285,CLI_03712,BR_033,17888.5,Approved,None,2026-03-15
APP_003286,CLI_04535,BR_019,42321.76,Denied,Thin File,2026-08-18
APP_003287,CLI_01681,BR_026,28692.67,Approved,None,2026-08-18
APP_003288,CLI_02259,BR_039,36549.51,Denied,High DTI,2026-08-12
APP_003289,CLI_04130,BR_008,35841.59,Denied,Low Score,2026-08-16
APP_003290,CLI_03730,BR_005,49298.62,Denied,Fraud Suspicion,2026-08-17
APP_003291,CLI_01584,BR_023,40856.27,Approved,None,2026-08-30
APP_003292,CLI_00443,BR_036,48071.54,Approved,None,2026-03-25
APP_003293,CLI_01222,BR_012,39043.28,Approved,None,2026-04-17
APP_003294,CLI_04504,BR_012,15785.78,Approved,None,2026-07-22
APP_003295,CLI_04994,BR_022,41834.91,Denied,Thin File,2026-04-25
APP_003296,CLI_02847,BR_023,6246.62,Approved,None,2026-05-05
APP_003297,CLI_03404,BR_002,20366.0,Denied,Thin File,2026-05-17
APP_003298,CLI_04674,BR_028,28444.55,Denied,Low Score,2026-08-13
APP_003299,CLI_03967,BR_017,14588.78,Approved,None,2026-07-05
APP_003300,CLI_03030,BR_023,19382.34,Approved,None,2026-08-27
APP_003301,CLI_00126,BR_047,9239.12,Approved,None,2026-04-14
APP_003302,CLI_00837,BR_031,25240.07,Denied,Low Score,2026-03-22
APP_003303,CLI_00169,BR_042,43624.53,Approved,None,2026-07-19
APP_003304,CLI_00618,BR_013,41743.03,Denied,Active Default,2026-07-17
APP_003305,CLI_02638,BR_018,11703.95,Approved,None,2026-06-30
APP_003306,CLI_03707,BR_012,31867.06,Approved,None,2026-06-29
APP_003307,CLI_04715,BR_045,30932.79,Approved,None,2026-07-06
APP_003308,CLI_04853,BR_015,42317.21,Approved,None,2026-04-28
APP_003309,CLI_03483,BR_021,25304.07,Denied,Thin File,2026-05-26
APP_003310,CLI_03451,BR_001,4022.88,Approved,None,2026-07-01
APP_003311,CLI_00451,BR_014,17600.04,Denied,Active Default,2026-05-03
APP_003312,CLI_04665,BR_033,34538.1,Denied,High DTI,2026-06-12
APP_003313,CLI_00695,BR_009,30520.68,Denied,Thin File,2026-06-01
APP_003314,CLI_03103,BR_023,41292.56,Denied,Thin File,2026-06-16
APP_003315,CLI_02176,BR_037,23927.95,Denied,High DTI,2026-08-08
APP_003316,CLI_02858,BR_042,2741.2,Approved,None,2026-08-19
APP_003317,CLI_01628,BR_005,2667.49,Approved,None,2026-07-12
APP_003318,CLI_01029,BR_027,27351.79,Denied,Thin File,2026-04-01
APP_003319,CLI_00903,BR_018,4523.18,Denied,Low Score,2026-07-16
APP_003320,CLI_00490,BR_050,11285.64,Approved,None,2026-03-15
APP_003321,CLI_02732,BR_012,16429.62,Denied,Fraud Suspicion,2026-03-18
APP_003322,CLI_01801,BR_022,9250.62,Denied,Thin File,2026-05-15
APP_003323,CLI_02104,BR_005,42519.03,Approved,None,2026-03-28
APP_003324,CLI_03599,BR_023,31615.0,Approved,None,2026-08-06
APP_003325,CLI_04125,BR_047,21627.62,Denied,Active Default,2026-07-15
APP_003326,CLI_03617,BR_044,45303.07,Denied,High DTI,2026-03-09
APP_003327,CLI_04978,BR_041,27536.15,Denied,Low Score,2026-06-08
APP_003328,CLI_01575,BR_039,38411.33,Denied,High DTI,2026-05-13
APP_003329,CLI_01849,BR_045,25156.22,Denied,Thin File,2026-07-01
APP_003330,CLI_01318,BR_041,12747.65,Approved,None,2026-05-16
APP_003331,CLI_00358,BR_050,4723.11,Denied,Active Default,2026-04-01
APP_003332,CLI_02229,BR_044,8712.8,Denied,Low Score,2026-05-25
APP_003333,CLI_04418,BR_014,45011.24,Denied,Thin File,2026-05-13
APP_003334,CLI_02284,BR_047,22036.28,Denied,Active Default,2026-04-06
APP_003335,CLI_00896,BR_001,11910.0,Approved,None,2026-06-09
APP_003336,CLI_01633,BR_015,46383.35,Denied,Low Score,2026-05-16
APP_003337,CLI_01409,BR_026,16514.41,Denied,Thin File,2026-07-09
APP_003338,CLI_03601,BR_032,35015.99,Denied,Low Score,2026-04-10
APP_003339,CLI_01953,BR_041,37319.48,Approved,None,2026-06-10
APP_003340,CLI_02918,BR_046,48274.38,Approved,None,2026-04-05
APP_003341,CLI_03239,BR_006,32146.41,Denied,Fraud Suspicion,2026-06-09
APP_003342,CLI_01959,BR_026,13913.68,Approved,None,2026-07-03
APP_003343,CLI_00578,BR_044,44350.35,Denied,Low Score,2026-06-22
APP_003344,CLI_03641,BR_019,21129.4,Denied,High DTI,2026-07-19
APP_003345,CLI_00267,BR_048,6193.54,Denied,Low Score,2026-05-03
APP_003346,CLI_04728,BR_020,23046.47,Approved,None,2026-03-08
APP_003347,CLI_02831,BR_001,40362.74,Approved,None,2026-08-28
APP_003348,CLI_01024,BR_024,49150.09,Approved,None,2026-08-21
APP_003349,CLI_02076,BR_012,21429.55,Denied,High DTI,2026-05-24
APP_003350,CLI_00546,BR_016,13862.32,Denied,Thin File,2026-08-10
APP_003351,CLI_00769,BR_017,4547.03,Denied,Low Score,2026-03-19
APP_003352,CLI_01453,BR_002,5236.36,Approved,None,2026-04-13
APP_003353,CLI_01726,BR_035,21176.78,Denied,Low Score,2026-08-06
APP_003354,CLI_03965,BR_014,33990.94,Denied,High DTI,2026-06-11
APP_003355,CLI_02748,BR_034,2784.17,Denied,Fraud Suspicion,2026-08-29
APP_003356,CLI_03899,BR_042,33078.42,Denied,High DTI,2026-03-06
APP_003357,CLI_00110,BR_003,10568.72,Approved,None,2026-06-01
APP_003358,CLI_03329,BR_050,44631.16,Denied,Low Score,2026-04-28
APP_003359,CLI_03800,BR_010,37407.46,Denied,Low Score,2026-08-07
APP_003360,CLI_01635,BR_001,35961.71,Denied,High DTI,2026-07-25
APP_003361,CLI_02604,BR_040,2754.37,Approved,None,2026-07-06
APP_003362,CLI_00735,BR_030,34069.5,Denied,High DTI,2026-04-17
APP_003363,CLI_04869,BR_021,7011.24,Denied,Active Default,2026-07-27
APP_003364,CLI_03176,BR_048,2265.74,Approved,None,2026-06-08
APP_003365,CLI_01336,BR_037,36508.67,Approved,None,2026-04-26
APP_003366,CLI_02701,BR_046,13788.28,Denied,Thin File,2026-05-24
APP_003367,CLI_02589,BR_004,2046.29,Approved,None,2026-04-12
APP_003368,CLI_00669,BR_026,19961.87,Approved,None,2026-06-10
APP_003369,CLI_04221,BR_025,48546.01,Denied,Low Score,2026-06-03
APP_003370,CLI_01777,BR_028,18513.26,Denied,Thin File,2026-05-14
APP_003371,CLI_01085,BR_014,24191.25,Denied,High DTI,2026-04-03
APP_003372,CLI_02389,BR_038,34519.35,Denied,Low Score,2026-08-12
APP_003373,CLI_03620,BR_026,33018.83,Approved,None,2026-03-14
APP_003374,CLI_04772,BR_043,9004.47,Denied,Low Score,2026-06-20
APP_003375,CLI_02525,BR_017,30492.04,Approved,None,2026-07-11
APP_003376,CLI_00119,BR_025,39676.13,Approved,None,2026-04-16
APP_003377,CLI_00497,BR_019,49043.36,Denied,Low Score,2026-07-05
APP_003378,CLI_01707,BR_011,43365.53,Denied,Thin File,2026-06-06
APP_003379,CLI_00039,BR_020,5676.56,Approved,None,2026-06-13
APP_003380,CLI_03772,BR_047,2677.19,Denied,Active Default,2026-04-05
APP_003381,CLI_00507,BR_044,40285.65,Denied,Low Score,2026-04-03
APP_003382,CLI_01170,BR_028,47759.32,Denied,Fraud Suspicion,2026-07-27
APP_003383,CLI_02398,BR_012,7676.67,Denied,High DTI,2026-03-13
APP_003384,CLI_03201,BR_037,18811.0,Denied,High DTI,2026-07-18
APP_003385,CLI_02448,BR_021,47463.19,Approved,None,2026-04-20
APP_003386,CLI_02306,BR_023,40240.63,Denied,High DTI,2026-08-18
APP_003387,CLI_04969,BR_035,40953.52,Denied,Active Default,2026-08-21
APP_003388,CLI_01988,BR_028,35768.45,Approved,None,2026-08-23
APP_003389,CLI_02550,BR_026,45732.28,Denied,Active Default,2026-04-05
APP_003390,CLI_02051,BR_007,36008.53,Approved,None,2026-05-25
APP_003391,CLI_04138,BR_020,22512.21,Approved,None,2026-04-18
APP_003392,CLI_01983,BR_037,1334.98,Denied,Active Default,2026-08-25
APP_003393,CLI_04675,BR_027,11673.4,Denied,Active Default,2026-05-13
APP_003394,CLI_04209,BR_025,20736.95,Denied,Low Score,2026-08-04
APP_003395,CLI_00228,BR_031,10768.67,Approved,None,2026-05-02
APP_003396,CLI_04791,BR_030,49515.04,Approved,None,2026-08-28
APP_003397,CLI_03882,BR_001,10962.74,Approved,None,2026-08-10
APP_003398,CLI_02918,BR_012,45965.01,Approved,None,2026-03-08
APP_003399,CLI_00594,BR_042,32730.74,Denied,Thin File,2026-08-28
APP_003400,CLI_03812,BR_005,26585.92,Approved,None,2026-06-13
APP_003401,CLI_02040,BR_010,3962.16,Denied,Low Score,2026-08-25
APP_003402,CLI_04174,BR_022,1012.15,Approved,None,2026-07-01
APP_003403,CLI_02443,BR_045,12777.17,Approved,None,2026-08-28
APP_003404,CLI_04189,BR_020,49758.59,Approved,None,2026-06-16
APP_003405,CLI_04723,BR_006,20868.02,Denied,Low Score,2026-05-24
APP_003406,CLI_04292,BR_050,47752.96,Approved,None,2026-03-21
APP_003407,CLI_01260,BR_008,13085.71,Approved,None,2026-08-10
APP_003408,CLI_02187,BR_021,8145.81,Denied,Thin File,2026-06-04
APP_003409,CLI_02888,BR_021,49349.63,Approved,None,2026-06-27
APP_003410,CLI_01032,BR_028,5957.01,Denied,Low Score,2026-08-30
APP_003411,CLI_03093,BR_014,41655.06,Denied,High DTI,2026-04-04
APP_003412,CLI_01674,BR_041,38043.17,Denied,Low Score,2026-07-20
APP_003413,CLI_00500,BR_036,44855.63,Denied,Fraud Suspicion,2026-04-08
APP_003414,CLI_00929,BR_003,31112.18,Approved,None,2026-04-09
APP_003415,CLI_03256,BR_028,6902.47,Denied,Low Score,2026-06-25
APP_003416,CLI_02317,BR_021,18562.21,Denied,Active Default,2026-08-29
APP_003417,CLI_04498,BR_032,28813.37,Denied,Fraud Suspicion,2026-05-15
APP_003418,CLI_00574,BR_010,42349.85,Approved,None,2026-08-18
APP_003419,CLI_03590,BR_039,38507.34,Denied,Active Default,2026-05-07
APP_003420,CLI_03828,BR_001,9396.49,Denied,High DTI,2026-04-20
APP_003421,CLI_04957,BR_035,2757.9,Approved,None,2026-05-25
APP_003422,CLI_02535,BR_005,26634.17,Denied,Active Default,2026-07-31
APP_003423,CLI_02158,BR_020,5073.21,Denied,Active Default,2026-08-12
APP_003424,CLI_01348,BR_025,37111.31,Denied,Active Default,2026-04-29
APP_003425,CLI_02068,BR_027,31987.39,Approved,None,2026-04-20
APP_003426,CLI_01692,BR_031,47385.85,Denied,Active Default,2026-06-30
APP_003427,CLI_00037,BR_028,49491.96,Denied,Active Default,2026-06-03
APP_003428,CLI_00253,BR_023,27641.8,Approved,None,2026-07-29
APP_003429,CLI_00393,BR_019,49449.34,Approved,None,2026-03-10
APP_003430,CLI_01092,BR_015,36750.94,Denied,Active Default,2026-06-20
APP_003431,CLI_01789,BR_031,6077.45,Denied,High DTI,2026-05-23
APP_003432,CLI_01280,BR_023,15938.04,Denied,Low Score,2026-06-25
APP_003433,CLI_02629,BR_018,18978.98,Denied,High DTI,2026-07-18
APP_003434,CLI_01961,BR_001,45628.81,Approved,None,2026-07-25
APP_003435,CLI_02446,BR_030,9437.48,Approved,None,2026-04-17
APP_003436,CLI_03816,BR_009,39767.52,Denied,Low Score,2026-08-09
APP_003437,CLI_01269,BR_015,34641.35,Denied,High DTI,2026-04-11
APP_003438,CLI_03521,BR_045,25171.83,Approved,None,2026-06-22
APP_003439,CLI_04768,BR_048,33716.65,Denied,High DTI,2026-04-17
APP_003440,CLI_02032,BR_020,7365.93,Denied,Low Score,2026-05-18
APP_003441,CLI_03797,BR_025,12747.83,Denied,Low Score,2026-08-24
APP_003442,CLI_01957,BR_042,10936.59,Denied,Thin File,2026-06-23
APP_003443,CLI_04266,BR_013,16986.8,Denied,Low Score,2026-08-29
APP_003444,CLI_02105,BR_009,5318.94,Denied,Thin File,2026-06-30
APP_003445,CLI_02400,BR_005,16539.63,Denied,High DTI,2026-05-01
APP_003446,CLI_02341,BR_042,6255.35,Approved,None,2026-07-02
APP_003447,CLI_00537,BR_020,5705.83,Denied,Thin File,2026-08-05
APP_003448,CLI_00556,BR_036,16916.93,Denied,Fraud Suspicion,2026-03-05
APP_003449,CLI_04350,BR_004,15281.73,Denied,Low Score,2026-05-09
APP_003450,CLI_00059,BR_009,41719.83,Approved,None,2026-07-15
APP_003451,CLI_03215,BR_008,35002.4,Approved,None,2026-03-09
APP_003452,CLI_00938,BR_031,10105.2,Approved,None,2026-07-28
APP_003453,CLI_04494,BR_040,32531.75,Denied,Active Default,2026-07-15
APP_003454,CLI_00230,BR_022,11313.71,Approved,None,2026-04-10
APP_003455,CLI_03970,BR_049,47915.76,Denied,Thin File,2026-07-16
APP_003456,CLI_01824,BR_014,34751.75,Approved,None,2026-04-26
APP_003457,CLI_03772,BR_040,35227.85,Denied,Active Default,2026-08-28
APP_003458,CLI_02751,BR_033,44316.63,Approved,None,2026-04-25
APP_003459,CLI_01664,BR_006,42483.07,Approved,None,2026-04-28
APP_003460,CLI_02712,BR_025,20747.78,Approved,None,2026-07-08
APP_003461,CLI_04503,BR_022,28811.7,Denied,Low Score,2026-04-13
APP_003462,CLI_03819,BR_033,27570.58,Approved,None,2026-05-23
APP_003463,CLI_02454,BR_023,22747.74,Denied,Thin File,2026-05-01
APP_003464,CLI_00764,BR_021,38990.18,Denied,Active Default,2026-06-22
APP_003465,CLI_00870,BR_045,9267.37,Denied,Thin File,2026-07-03
APP_003466,CLI_00543,BR_037,49807.03,Approved,None,2026-06-29
APP_003467,CLI_01487,BR_006,24136.82,Denied,Active Default,2026-07-27
APP_003468,CLI_01758,BR_022,42126.47,Approved,None,2026-07-03
APP_003469,CLI_01339,BR_040,38721.79,Denied,Low Score,2026-04-23
APP_003470,CLI_01236,BR_032,18977.1,Approved,None,2026-04-03
APP_003471,CLI_04855,BR_040,22007.69,Denied,Low Score,2026-05-22
APP_003472,CLI_02763,BR_033,18284.59,Denied,Low Score,2026-03-14
APP_003473,CLI_02679,BR_008,45332.64,Denied,Low Score,2026-07-11
APP_003474,CLI_03684,BR_019,5064.04,Approved,None,2026-07-04
APP_003475,CLI_02343,BR_038,32494.94,Approved,None,2026-04-20
APP_003476,CLI_01456,BR_016,42838.74,Approved,None,2026-04-28
APP_003477,CLI_02379,BR_008,15787.87,Denied,Active Default,2026-06-24
APP_003478,CLI_02674,BR_036,24058.52,Approved,None,2026-08-04
APP_003479,CLI_00102,BR_006,21311.79,Denied,Low Score,2026-07-07
APP_003480,CLI_02963,BR_011,21713.3,Denied,Thin File,2026-06-15
APP_003481,CLI_00570,BR_047,26375.58,Denied,Thin File,2026-04-13
APP_003482,CLI_02426,BR_007,20049.86,Approved,None,2026-05-06
APP_003483,CLI_04910,BR_002,34351.18,Approved,None,2026-07-15
APP_003484,CLI_00003,BR_048,6663.38,Approved,None,2026-06-24
APP_003485,CLI_04892,BR_041,43357.04,Denied,Low Score,2026-07-12
APP_003486,CLI_03115,BR_040,33628.94,Approved,None,2026-07-05
APP_003487,CLI_03390,BR_044,29326.11,Denied,Low Score,2026-08-09
APP_003488,CLI_04883,BR_016,27239.14,Denied,Active Default,2026-08-29
APP_003489,CLI_02857,BR_035,44972.44,Denied,Thin File,2026-04-27
APP_003490,CLI_03179,BR_014,19616.84,Denied,Thin File,2026-03-27
APP_003491,CLI_04634,BR_009,42509.2,Approved,None,2026-05-09
APP_003492,CLI_00713,BR_013,36118.72,Approved,None,2026-04-10
APP_003493,CLI_04192,BR_036,32208.21,Approved,None,2026-07-01
APP_003494,CLI_02761,BR_046,39997.3,Approved,None,2026-05-10
APP_003495,CLI_01700,BR_021,2784.91,Denied,Thin File,2026-05-24
APP_003496,CLI_00616,BR_015,24063.81,Denied,Low Score,2026-05-04
APP_003497,CLI_01456,BR_039,9596.99,Denied,Thin File,2026-03-07
APP_003498,CLI_02547,BR_047,2618.42,Denied,Low Score,2026-05-02
APP_003499,CLI_01960,BR_047,34110.94,Denied,High DTI,2026-06-13
APP_003500,CLI_01295,BR_030,25860.98,Denied,High DTI,2026-06-18
APP_003501,CLI_03250,BR_046,11762.68,Denied,Low Score,2026-07-19
APP_003502,CLI_04391,BR_039,28277.98,Approved,None,2026-05-31
APP_003503,CLI_03547,BR_045,7091.77,Approved,None,2026-04-25
APP_003504,CLI_04344,BR_017,41788.62,Approved,None,2026-08-05
APP_003505,CLI_00403,BR_048,10512.42,Denied,Low Score,2026-03-18
APP_003506,CLI_02196,BR_045,48584.35,Denied,Low Score,2026-08-09
APP_003507,CLI_04595,BR_036,39590.9,Denied,Thin File,2026-03-31
APP_003508,CLI_00799,BR_006,25491.73,Denied,Thin File,2026-06-03
APP_003509,CLI_00364,BR_012,3202.79,Denied,Thin File,2026-05-26
APP_003510,CLI_03573,BR_015,43702.47,Denied,Low Score,2026-07-25
APP_003511,CLI_00151,BR_042,32535.83,Denied,Low Score,2026-04-12
APP_003512,CLI_01071,BR_016,46156.66,Denied,Low Score,2026-08-12
APP_003513,CLI_00917,BR_021,30636.98,Denied,High DTI,2026-04-21
APP_003514,CLI_04862,BR_009,15483.68,Approved,None,2026-04-13
APP_003515,CLI_04842,BR_042,33677.95,Approved,None,2026-06-05
APP_003516,CLI_01491,BR_008,45259.63,Denied,Low Score,2026-04-21
APP_003517,CLI_03172,BR_033,13807.66,Approved,None,2026-04-21
APP_003518,CLI_01258,BR_030,5286.53,Denied,Thin File,2026-03-12
APP_003519,CLI_03166,BR_031,41655.08,Approved,None,2026-07-17
APP_003520,CLI_02634,BR_017,6534.02,Denied,Low Score,2026-05-02
APP_003521,CLI_02769,BR_010,22785.18,Approved,None,2026-05-19
APP_003522,CLI_03921,BR_020,48354.31,Denied,Active Default,2026-08-28
APP_003523,CLI_04593,BR_031,36876.24,Denied,Low Score,2026-07-30
APP_003524,CLI_01413,BR_004,6412.08,Denied,Low Score,2026-07-16
APP_003525,CLI_02492,BR_028,24177.31,Approved,None,2026-08-01
APP_003526,CLI_01725,BR_007,45056.16,Approved,None,2026-04-02
APP_003527,CLI_02037,BR_002,37196.84,Approved,None,2026-04-27
APP_003528,CLI_01285,BR_015,20455.32,Approved,None,2026-03-31
APP_003529,CLI_01723,BR_041,8642.39,Denied,Low Score,2026-08-07
APP_003530,CLI_01015,BR_039,1615.66,Approved,None,2026-07-02
APP_003531,CLI_02123,BR_013,36914.25,Denied,Thin File,2026-05-15
APP_003532,CLI_01534,BR_042,6450.72,Denied,Active Default,2026-06-19
APP_003533,CLI_03187,BR_002,4434.38,Approved,None,2026-08-01
APP_003534,CLI_02927,BR_030,13372.9,Approved,None,2026-04-28
APP_003535,CLI_03582,BR_031,20838.12,Denied,Thin File,2026-04-09
APP_003536,CLI_04446,BR_009,35438.5,Denied,Low Score,2026-07-08
APP_003537,CLI_03746,BR_007,11945.08,Approved,None,2026-05-30
APP_003538,CLI_03461,BR_037,16388.46,Denied,High DTI,2026-06-05
APP_003539,CLI_03885,BR_027,19872.86,Approved,None,2026-08-07
APP_003540,CLI_04334,BR_015,45211.05,Approved,None,2026-06-21
APP_003541,CLI_02888,BR_017,7965.46,Approved,None,2026-04-28
APP_003542,CLI_02490,BR_012,18117.06,Denied,Low Score,2026-05-21
APP_003543,CLI_00458,BR_006,7428.21,Approved,None,2026-03-18
APP_003544,CLI_02196,BR_002,42571.98,Denied,Thin File,2026-03-30
APP_003545,CLI_02953,BR_041,6205.02,Approved,None,2026-07-15
APP_003546,CLI_02814,BR_040,34617.85,Denied,Low Score,2026-03-14
APP_003547,CLI_03820,BR_015,17099.91,Denied,Low Score,2026-08-05
APP_003548,CLI_04115,BR_047,9183.74,Approved,None,2026-07-12
APP_003549,CLI_03922,BR_038,29550.05,Denied,Active Default,2026-07-25
APP_003550,CLI_00076,BR_027,1265.4,Approved,None,2026-05-01
APP_003551,CLI_02728,BR_048,7002.97,Denied,Active Default,2026-03-21
APP_003552,CLI_01931,BR_028,49376.67,Approved,None,2026-06-09
APP_003553,CLI_02863,BR_003,31385.14,Denied,Fraud Suspicion,2026-06-02
APP_003554,CLI_04648,BR_045,44605.67,Denied,High DTI,2026-07-16
APP_003555,CLI_03032,BR_044,41985.02,Approved,None,2026-08-03
APP_003556,CLI_02368,BR_007,10893.65,Approved,None,2026-07-26
APP_003557,CLI_04882,BR_034,41205.13,Approved,None,2026-05-10
APP_003558,CLI_02709,BR_016,42375.07,Denied,Fraud Suspicion,2026-04-09
APP_003559,CLI_03023,BR_001,38661.66,Approved,None,2026-07-12
APP_003560,CLI_02913,BR_005,45542.0,Denied,Thin File,2026-05-07
APP_003561,CLI_04430,BR_049,29330.38,Approved,None,2026-06-16
APP_003562,CLI_02146,BR_038,45621.48,Approved,None,2026-05-05
APP_003563,CLI_03497,BR_006,43773.44,Approved,None,2026-05-21
APP_003564,CLI_02771,BR_027,41816.62,Denied,Low Score,2026-08-14
APP_003565,CLI_03167,BR_030,14584.91,Denied,Thin File,2026-06-13
APP_003566,CLI_04248,BR_042,15937.42,Denied,Thin File,2026-04-10
APP_003567,CLI_01548,BR_009,9212.78,Denied,High DTI,2026-07-10
APP_003568,CLI_00219,BR_032,32696.02,Denied,Thin File,2026-06-18
APP_003569,CLI_03206,BR_002,43402.16,Denied,Thin File,2026-06-20
APP_003570,CLI_04639,BR_031,38348.86,Denied,Low Score,2026-05-14
APP_003571,CLI_02666,BR_014,40989.81,Denied,Thin File,2026-06-11
APP_003572,CLI_00357,BR_008,12828.67,Denied,Active Default,2026-06-06
APP_003573,CLI_00308,BR_005,9044.44,Approved,None,2026-03-10
APP_003574,CLI_01736,BR_041,29419.5,Denied,Thin File,2026-04-28
APP_003575,CLI_03628,BR_025,25780.58,Denied,Thin File,2026-08-02
APP_003576,CLI_04289,BR_026,26926.82,Denied,Thin File,2026-03-05
APP_003577,CLI_03342,BR_042,41919.19,Denied,Thin File,2026-07-17
APP_003578,CLI_01467,BR_050,35260.89,Denied,Low Score,2026-04-22
APP_003579,CLI_00936,BR_010,11376.05,Approved,None,2026-07-26
APP_003580,CLI_02660,BR_009,2049.21,Denied,Thin File,2026-04-19
APP_003581,CLI_01211,BR_041,32911.46,Denied,Active Default,2026-08-13
APP_003582,CLI_01108,BR_006,34292.19,Denied,Low Score,2026-04-04
APP_003583,CLI_00170,BR_018,16142.93,Approved,None,2026-04-04
APP_003584,CLI_03316,BR_019,45521.66,Denied,Low Score,2026-04-02
APP_003585,CLI_03035,BR_027,27796.67,Denied,High DTI,2026-04-29
APP_003586,CLI_00792,BR_035,34437.83,Denied,High DTI,2026-08-03
APP_003587,CLI_03905,BR_003,11182.39,Denied,Low Score,2026-05-17
APP_003588,CLI_03994,BR_037,41419.37,Denied,Thin File,2026-04-04
APP_003589,CLI_00505,BR_011,49398.72,Approved,None,2026-06-23
APP_003590,CLI_04332,BR_030,35591.44,Approved,None,2026-07-30
APP_003591,CLI_03717,BR_011,37029.54,Approved,None,2026-06-17
APP_003592,CLI_02965,BR_006,4528.62,Denied,Low Score,2026-05-31
APP_003593,CLI_02698,BR_019,19417.49,Approved,None,2026-07-07
APP_003594,CLI_03885,BR_010,24742.75,Denied,Thin File,2026-04-10
APP_003595,CLI_01676,BR_018,40202.4,Approved,None,2026-06-12
APP_003596,CLI_00418,BR_006,45833.1,Approved,None,2026-07-14
APP_003597,CLI_03405,BR_019,11546.17,Denied,Low Score,2026-08-16
APP_003598,CLI_00756,BR_002,9958.28,Denied,Thin File,2026-04-24
APP_003599,CLI_01990,BR_027,20632.34,Denied,Low Score,2026-08-22
APP_003600,CLI_03984,BR_040,17155.45,Denied,Thin File,2026-05-17
APP_003601,CLI_04328,BR_027,42361.3,Denied,Fraud Suspicion,2026-08-16
APP_003602,CLI_01459,BR_018,41124.17,Approved,None,2026-06-10
APP_003603,CLI_04027,BR_025,38750.29,Denied,Active Default,2026-03-29
APP_003604,CLI_02717,BR_001,4099.64,Denied,Active Default,2026-03-19
APP_003605,CLI_03954,BR_010,31608.92,Denied,Low Score,2026-07-05
APP_003606,CLI_02769,BR_033,44014.17,Approved,None,2026-08-17
APP_003607,CLI_04637,BR_012,8291.61,Approved,None,2026-04-05
APP_003608,CLI_04181,BR_022,25089.51,Approved,None,2026-04-16
APP_003609,CLI_02387,BR_034,21844.0,Denied,Low Score,2026-04-25
APP_003610,CLI_00317,BR_031,19617.76,Approved,None,2026-03-17
APP_003611,CLI_03776,BR_029,44236.01,Approved,None,2026-08-19
APP_003612,CLI_04356,BR_012,27848.8,Denied,Thin File,2026-03-09
APP_003613,CLI_03163,BR_025,1458.28,Denied,High DTI,2026-06-14
APP_003614,CLI_04780,BR_050,36531.55,Approved,None,2026-06-16
APP_003615,CLI_03772,BR_016,44371.24,Approved,None,2026-07-09
APP_003616,CLI_02599,BR_022,8332.71,Denied,High DTI,2026-04-08
APP_003617,CLI_03044,BR_008,18194.01,Denied,Active Default,2026-06-20
APP_003618,CLI_04536,BR_013,42081.34,Denied,Low Score,2026-04-16
APP_003619,CLI_04929,BR_029,20173.72,Approved,None,2026-03-15
APP_003620,CLI_02151,BR_045,38194.65,Denied,Active Default,2026-03-31
APP_003621,CLI_01405,BR_032,5854.82,Denied,Low Score,2026-07-13
APP_003622,CLI_00581,BR_020,32321.8,Denied,High DTI,2026-08-29
APP_003623,CLI_00299,BR_043,11311.24,Denied,Thin File,2026-08-12
APP_003624,CLI_04395,BR_032,29260.32,Denied,Low Score,2026-07-03
APP_003625,CLI_02202,BR_039,19463.93,Approved,None,2026-06-07
APP_003626,CLI_04287,BR_033,23597.45,Approved,None,2026-06-25
APP_003627,CLI_04972,BR_040,34908.66,Denied,Low Score,2026-04-04
APP_003628,CLI_02179,BR_020,25591.22,Approved,None,2026-05-03
APP_003629,CLI_04935,BR_043,39608.0,Denied,High DTI,2026-04-23
APP_003630,CLI_00948,BR_023,43591.66,Approved,None,2026-07-03
APP_003631,CLI_02536,BR_007,21041.06,Denied,High DTI,2026-04-01
APP_003632,CLI_03625,BR_041,34907.08,Denied,Low Score,2026-03-18
APP_003633,CLI_02540,BR_009,37644.78,Denied,High DTI,2026-05-10
APP_003634,CLI_00842,BR_046,48429.42,Approved,None,2026-05-14
APP_003635,CLI_03386,BR_023,16835.94,Denied,Thin File,2026-03-17
APP_003636,CLI_03242,BR_010,45513.02,Denied,High DTI,2026-04-05
APP_003637,CLI_01561,BR_042,47637.62,Denied,Thin File,2026-07-03
APP_003638,CLI_00053,BR_036,19685.57,Denied,Low Score,2026-06-03
APP_003639,CLI_02977,BR_037,17439.34,Denied,Thin File,2026-04-12
APP_003640,CLI_04929,BR_037,28298.11,Denied,Low Score,2026-03-12
APP_003641,CLI_04135,BR_016,35248.91,Denied,Low Score,2026-03-19
APP_003642,CLI_04539,BR_011,7702.18,Denied,High DTI,2026-06-26
APP_003643,CLI_01190,BR_050,9372.58,Denied,High DTI,2026-07-25
APP_003644,CLI_01043,BR_010,19176.46,Denied,Active Default,2026-06-25
APP_003645,CLI_02645,BR_006,27716.0,Approved,None,2026-08-03
APP_003646,CLI_04727,BR_025,33853.19,Approved,None,2026-03-26
APP_003647,CLI_00405,BR_006,45365.25,Denied,Thin File,2026-08-24
APP_003648,CLI_00821,BR_024,12272.25,Denied,Thin File,2026-06-30
APP_003649,CLI_04715,BR_009,37203.74,Denied,Low Score,2026-05-22
APP_003650,CLI_01034,BR_004,12886.83,Denied,Active Default,2026-04-06
APP_003651,CLI_00931,BR_038,27197.75,Denied,Thin File,2026-06-20
APP_003652,CLI_03995,BR_028,8974.44,Approved,None,2026-03-17
APP_003653,CLI_00493,BR_009,20511.43,Approved,None,2026-07-12
APP_003654,CLI_00052,BR_036,42494.19,Denied,Low Score,2026-08-20
APP_003655,CLI_03395,BR_026,33683.73,Approved,None,2026-06-22
APP_003656,CLI_01229,BR_038,33854.69,Denied,Low Score,2026-06-27
APP_003657,CLI_00711,BR_034,24324.27,Denied,High DTI,2026-08-28
APP_003658,CLI_04446,BR_047,8970.06,Denied,Thin File,2026-04-09
APP_003659,CLI_04917,BR_038,33360.2,Denied,Fraud Suspicion,2026-05-28
APP_003660,CLI_03772,BR_032,4779.63,Approved,None,2026-05-14
APP_003661,CLI_04734,BR_050,5426.08,Denied,Low Score,2026-06-18
APP_003662,CLI_02347,BR_045,33036.85,Denied,Low Score,2026-04-21
APP_003663,CLI_03369,BR_042,10231.37,Denied,Fraud Suspicion,2026-07-31
APP_003664,CLI_01707,BR_046,7666.38,Approved,None,2026-05-23
APP_003665,CLI_02292,BR_017,21625.07,Approved,None,2026-05-27
APP_003666,CLI_02581,BR_021,25560.93,Approved,None,2026-05-04
APP_003667,CLI_01144,BR_034,48635.47,Approved,None,2026-06-16
APP_003668,CLI_03158,BR_020,35971.09,Denied,Thin File,2026-06-24
APP_003669,CLI_00186,BR_034,34392.91,Approved,None,2026-08-29
APP_003670,CLI_03493,BR_041,37867.97,Denied,Thin File,2026-07-05
APP_003671,CLI_04633,BR_050,49172.64,Approved,None,2026-04-28
APP_003672,CLI_04539,BR_019,38768.56,Approved,None,2026-06-01
APP_003673,CLI_04603,BR_008,40826.84,Approved,None,2026-05-25
APP_003674,CLI_00488,BR_035,29311.31,Denied,Low Score,2026-06-12
APP_003675,CLI_02243,BR_031,28081.93,Denied,Thin File,2026-08-05
APP_003676,CLI_00699,BR_009,10599.7,Denied,Low Score,2026-04-03
APP_003677,CLI_04920,BR_009,39677.78,Denied,Low Score,2026-05-13
APP_003678,CLI_01185,BR_001,26870.43,Approved,None,2026-03-07
APP_003679,CLI_04301,BR_002,25941.79,Denied,Thin File,2026-07-11
APP_003680,CLI_04571,BR_022,21576.01,Approved,None,2026-07-03
APP_003681,CLI_02033,BR_012,6423.07,Approved,None,2026-08-25
APP_003682,CLI_03962,BR_033,31682.65,Approved,None,2026-06-20
APP_003683,CLI_01058,BR_046,40682.1,Approved,None,2026-08-14
APP_003684,CLI_04389,BR_048,36876.94,Denied,Thin File,2026-06-07
APP_003685,CLI_02132,BR_020,24666.54,Denied,Low Score,2026-06-16
APP_003686,CLI_02474,BR_048,36315.0,Denied,High DTI,2026-08-09
APP_003687,CLI_01953,BR_014,38988.51,Approved,None,2026-03-27
APP_003688,CLI_04281,BR_004,12766.87,Denied,Low Score,2026-06-07
APP_003689,CLI_03708,BR_040,28114.75,Approved,None,2026-03-17
APP_003690,CLI_03568,BR_017,1722.03,Denied,Low Score,2026-04-11
APP_003691,CLI_04897,BR_047,3349.64,Denied,Thin File,2026-03-20
APP_003692,CLI_02716,BR_020,27411.25,Denied,Fraud Suspicion,2026-08-09
APP_003693,CLI_00510,BR_009,47370.12,Approved,None,2026-03-07
APP_003694,CLI_03244,BR_020,14797.16,Approved,None,2026-03-15
APP_003695,CLI_03541,BR_043,2209.45,Approved,None,2026-05-14
APP_003696,CLI_01243,BR_033,7436.92,Denied,Thin File,2026-06-21
APP_003697,CLI_00420,BR_009,13619.53,Approved,None,2026-03-11
APP_003698,CLI_00868,BR_005,37906.82,Denied,Low Score,2026-06-19
APP_003699,CLI_01560,BR_041,7756.85,Denied,Active Default,2026-08-16
APP_003700,CLI_01644,BR_048,46697.96,Approved,None,2026-04-26
APP_003701,CLI_01717,BR_018,38541.39,Denied,High DTI,2026-06-24
APP_003702,CLI_00050,BR_050,27102.74,Approved,None,2026-05-18
APP_003703,CLI_03398,BR_020,45405.38,Approved,None,2026-05-24
APP_003704,CLI_01014,BR_001,20235.38,Denied,High DTI,2026-08-21
APP_003705,CLI_04267,BR_002,5372.12,Approved,None,2026-07-27
APP_003706,CLI_02458,BR_018,28354.87,Approved,None,2026-06-17
APP_003707,CLI_04358,BR_015,43730.64,Denied,High DTI,2026-08-27
APP_003708,CLI_01993,BR_009,38988.48,Denied,Low Score,2026-03-08
APP_003709,CLI_00604,BR_030,33049.16,Approved,None,2026-08-28
APP_003710,CLI_01426,BR_049,34617.32,Denied,Low Score,2026-07-19
APP_003711,CLI_00692,BR_028,22492.53,Denied,High DTI,2026-07-29
APP_003712,CLI_04910,BR_050,11224.78,Denied,Thin File,2026-07-14
APP_003713,CLI_00307,BR_006,16846.99,Approved,None,2026-08-06
APP_003714,CLI_01138,BR_050,25262.34,Approved,None,2026-07-06
APP_003715,CLI_03352,BR_049,12718.6,Denied,Active Default,2026-06-21
APP_003716,CLI_00033,BR_006,18053.0,Denied,Low Score,2026-04-08
APP_003717,CLI_02778,BR_008,10705.19,Denied,Low Score,2026-04-15
APP_003718,CLI_04367,BR_041,32160.84,Denied,Active Default,2026-04-23
APP_003719,CLI_00959,BR_008,29418.47,Denied,Thin File,2026-07-29
APP_003720,CLI_04293,BR_010,36524.81,Approved,None,2026-03-31
APP_003721,CLI_00671,BR_045,49449.1,Approved,None,2026-08-07
APP_003722,CLI_00100,BR_047,32705.65,Denied,Thin File,2026-03-07
APP_003723,CLI_03077,BR_034,32804.39,Approved,None,2026-03-05
APP_003724,CLI_03289,BR_023,9748.42,Approved,None,2026-07-18
APP_003725,CLI_01574,BR_030,46416.37,Approved,None,2026-05-28
APP_003726,CLI_02697,BR_045,4414.87,Denied,Low Score,2026-03-17
APP_003727,CLI_02719,BR_014,18133.11,Denied,Low Score,2026-04-23
APP_003728,CLI_00659,BR_036,40165.68,Approved,None,2026-03-26
APP_003729,CLI_02625,BR_045,16127.66,Approved,None,2026-04-28
APP_003730,CLI_01249,BR_034,30095.67,Denied,Low Score,2026-05-14
APP_003731,CLI_02011,BR_032,5764.66,Denied,Active Default,2026-03-14
APP_003732,CLI_03043,BR_009,39360.82,Denied,Low Score,2026-05-02
APP_003733,CLI_03682,BR_026,26750.38,Denied,Low Score,2026-08-22
APP_003734,CLI_01133,BR_040,49043.68,Approved,None,2026-06-25
APP_003735,CLI_00230,BR_001,45982.42,Approved,None,2026-07-03
APP_003736,CLI_02899,BR_029,21430.6,Approved,None,2026-04-25
APP_003737,CLI_02720,BR_019,3673.91,Denied,High DTI,2026-08-23
APP_003738,CLI_01459,BR_008,6467.52,Denied,Thin File,2026-03-10
APP_003739,CLI_04610,BR_011,10462.43,Denied,Low Score,2026-04-13
APP_003740,CLI_02000,BR_005,29611.0,Denied,High DTI,2026-08-06
APP_003741,CLI_01692,BR_050,31578.07,Denied,Low Score,2026-03-30
APP_003742,CLI_02500,BR_018,19218.28,Approved,None,2026-03-23
APP_003743,CLI_01774,BR_020,17359.27,Denied,Low Score,2026-04-27
APP_003744,CLI_04178,BR_034,27166.46,Denied,Low Score,2026-04-04
APP_003745,CLI_00884,BR_016,32165.55,Approved,None,2026-04-30
APP_003746,CLI_02087,BR_006,5983.71,Denied,High DTI,2026-05-27
APP_003747,CLI_04877,BR_032,5889.74,Denied,Low Score,2026-03-11
APP_003748,CLI_01452,BR_008,11210.83,Denied,High DTI,2026-07-27
APP_003749,CLI_04993,BR_017,27607.21,Denied,Active Default,2026-07-27
APP_003750,CLI_01183,BR_011,2223.58,Denied,Low Score,2026-06-30
APP_003751,CLI_01638,BR_018,14514.96,Denied,Active Default,2026-05-16
APP_003752,CLI_00291,BR_011,6396.46,Denied,Active Default,2026-05-03
APP_003753,CLI_00284,BR_011,48209.05,Approved,None,2026-05-24
APP_003754,CLI_02677,BR_006,34555.49,Denied,Low Score,2026-03-09
APP_003755,CLI_04907,BR_048,37038.06,Approved,None,2026-07-22
APP_003756,CLI_00040,BR_044,45430.7,Approved,None,2026-07-21
APP_003757,CLI_04739,BR_021,28173.82,Denied,Low Score,2026-06-05
APP_003758,CLI_00744,BR_002,6115.35,Denied,Thin File,2026-08-11
APP_003759,CLI_03898,BR_026,8925.19,Approved,None,2026-07-04
APP_003760,CLI_03491,BR_020,46202.36,Denied,Active Default,2026-06-29
APP_003761,CLI_04695,BR_045,32562.83,Denied,Thin File,2026-05-22
APP_003762,CLI_00369,BR_041,45021.2,Denied,High DTI,2026-05-20
APP_003763,CLI_03144,BR_034,18002.98,Denied,Low Score,2026-07-25
APP_003764,CLI_02990,BR_018,46886.1,Denied,Low Score,2026-03-18
APP_003765,CLI_01592,BR_011,3424.69,Denied,High DTI,2026-08-10
APP_003766,CLI_02699,BR_008,22336.73,Denied,Active Default,2026-06-18
APP_003767,CLI_02054,BR_006,26922.7,Approved,None,2026-08-19
APP_003768,CLI_01581,BR_037,24700.8,Approved,None,2026-08-28
APP_003769,CLI_04818,BR_033,48015.83,Approved,None,2026-05-21
APP_003770,CLI_00952,BR_050,19569.44,Denied,High DTI,2026-05-03
APP_003771,CLI_03846,BR_006,26562.32,Approved,None,2026-04-16
APP_003772,CLI_02773,BR_010,31219.57,Denied,Low Score,2026-05-02
APP_003773,CLI_01626,BR_040,5205.06,Denied,Low Score,2026-06-19
APP_003774,CLI_03411,BR_029,10707.28,Denied,High DTI,2026-04-20
APP_003775,CLI_04665,BR_039,13048.47,Approved,None,2026-07-12
APP_003776,CLI_00234,BR_028,47003.4,Denied,Active Default,2026-05-13
APP_003777,CLI_01795,BR_040,42453.8,Denied,Active Default,2026-08-06
APP_003778,CLI_04056,BR_016,7732.32,Denied,Low Score,2026-07-15
APP_003779,CLI_03288,BR_026,22545.69,Denied,Thin File,2026-08-26
APP_003780,CLI_03706,BR_003,9474.66,Denied,Low Score,2026-05-07
APP_003781,CLI_01666,BR_001,1439.3,Denied,Thin File,2026-03-26
APP_003782,CLI_04975,BR_001,4242.29,Denied,Thin File,2026-04-22
APP_003783,CLI_00223,BR_007,46443.08,Denied,Low Score,2026-03-27
APP_003784,CLI_04866,BR_015,37094.95,Approved,None,2026-04-26
APP_003785,CLI_01545,BR_033,22198.06,Denied,Low Score,2026-07-18
APP_003786,CLI_00241,BR_025,7516.76,Denied,Active Default,2026-04-18
APP_003787,CLI_02962,BR_036,36937.11,Approved,None,2026-07-29
APP_003788,CLI_01036,BR_014,31308.81,Approved,None,2026-06-18
APP_003789,CLI_01372,BR_046,2915.38,Denied,Low Score,2026-08-23
APP_003790,CLI_01142,BR_034,2270.98,Denied,Active Default,2026-06-26
APP_003791,CLI_04508,BR_046,42784.09,Denied,High DTI,2026-07-01
APP_003792,CLI_04866,BR_049,35562.78,Denied,Thin File,2026-07-21
APP_003793,CLI_04626,BR_041,37229.52,Denied,Low Score,2026-08-05
APP_003794,CLI_00479,BR_028,18727.57,Denied,Low Score,2026-03-21
APP_003795,CLI_04946,BR_010,31725.42,Approved,None,2026-03-24
APP_003796,CLI_03981,BR_045,28892.24,Approved,None,2026-05-02
APP_003797,CLI_03231,BR_046,12129.05,Approved,None,2026-03-16
APP_003798,CLI_02260,BR_012,43594.54,Approved,None,2026-04-21
APP_003799,CLI_04753,BR_029,26216.07,Denied,Active Default,2026-03-13
APP_003800,CLI_03106,BR_004,34031.29,Denied,Active Default,2026-05-09
APP_003801,CLI_03162,BR_040,30584.69,Approved,None,2026-08-31
APP_003802,CLI_03487,BR_022,28763.4,Denied,Low Score,2026-07-03
APP_003803,CLI_00343,BR_005,5174.65,Denied,Active Default,2026-03-30
APP_003804,CLI_02761,BR_044,8665.32,Approved,None,2026-05-01
APP_003805,CLI_00771,BR_009,12366.19,Approved,None,2026-08-04
APP_003806,CLI_01232,BR_035,44464.26,Denied,Active Default,2026-08-21
APP_003807,CLI_01093,BR_035,26192.7,Approved,None,2026-05-09
APP_003808,CLI_00603,BR_029,28937.4,Denied,Low Score,2026-07-28
APP_003809,CLI_00937,BR_010,18423.13,Approved,None,2026-04-20
APP_003810,CLI_03290,BR_046,1105.85,Approved,None,2026-04-03
APP_003811,CLI_03213,BR_025,28392.22,Denied,Thin File,2026-07-02
APP_003812,CLI_00062,BR_020,20189.42,Denied,High DTI,2026-03-18
APP_003813,CLI_01256,BR_042,35209.99,Approved,None,2026-05-22
APP_003814,CLI_01147,BR_017,22016.72,Approved,None,2026-08-29
APP_003815,CLI_04617,BR_046,16129.61,Approved,None,2026-05-16
APP_003816,CLI_01504,BR_013,37757.14,Denied,Active Default,2026-03-29
APP_003817,CLI_04388,BR_029,10875.85,Approved,None,2026-04-21
APP_003818,CLI_00918,BR_002,46704.47,Approved,None,2026-03-18
APP_003819,CLI_02112,BR_017,43396.25,Approved,None,2026-06-21
APP_003820,CLI_02398,BR_030,26302.07,Denied,Fraud Suspicion,2026-07-21
APP_003821,CLI_00344,BR_020,37783.91,Denied,Low Score,2026-06-11
APP_003822,CLI_00039,BR_022,26890.16,Denied,Low Score,2026-05-01
APP_003823,CLI_00236,BR_015,16227.64,Approved,None,2026-05-19
APP_003824,CLI_04925,BR_011,5544.94,Denied,High DTI,2026-08-10
APP_003825,CLI_02610,BR_044,15266.27,Approved,None,2026-03-11
APP_003826,CLI_04647,BR_029,44845.97,Denied,Thin File,2026-04-17
APP_003827,CLI_03615,BR_036,39667.72,Approved,None,2026-03-11
APP_003828,CLI_04238,BR_013,20412.13,Denied,Low Score,2026-07-17
APP_003829,CLI_02956,BR_006,36229.03,Denied,Thin File,2026-03-20
APP_003830,CLI_03701,BR_050,27359.54,Approved,None,2026-05-24
APP_003831,CLI_03831,BR_020,29493.98,Denied,Low Score,2026-08-21
APP_003832,CLI_00236,BR_035,1918.32,Approved,None,2026-05-24
APP_003833,CLI_02756,BR_039,48198.46,Denied,Fraud Suspicion,2026-08-04
APP_003834,CLI_04613,BR_039,36469.82,Approved,None,2026-08-23
APP_003835,CLI_02331,BR_028,41225.81,Denied,Thin File,2026-03-07
APP_003836,CLI_02113,BR_050,49512.72,Denied,High DTI,2026-04-18
APP_003837,CLI_00850,BR_031,45880.67,Denied,Low Score,2026-03-21
APP_003838,CLI_02144,BR_033,33060.08,Denied,Thin File,2026-06-21
APP_003839,CLI_02624,BR_039,1330.08,Approved,None,2026-05-07
APP_003840,CLI_04522,BR_029,36365.9,Denied,Low Score,2026-04-14
APP_003841,CLI_04019,BR_029,7908.75,Denied,Active Default,2026-04-24
APP_003842,CLI_03564,BR_019,39135.4,Approved,None,2026-07-05
APP_003843,CLI_03917,BR_022,8061.69,Denied,High DTI,2026-05-30
APP_003844,CLI_02331,BR_004,6256.78,Denied,Low Score,2026-07-15
APP_003845,CLI_02545,BR_008,18701.89,Denied,Thin File,2026-08-28
APP_003846,CLI_01552,BR_034,31220.91,Approved,None,2026-05-23
APP_003847,CLI_04653,BR_036,21748.49,Approved,None,2026-04-20
APP_003848,CLI_02114,BR_003,36750.32,Approved,None,2026-08-24
APP_003849,CLI_04386,BR_011,28733.82,Denied,Low Score,2026-05-16
APP_003850,CLI_01934,BR_005,34002.68,Approved,None,2026-08-21
APP_003851,CLI_03175,BR_043,21000.45,Denied,Active Default,2026-04-23
APP_003852,CLI_02918,BR_011,14053.46,Denied,Low Score,2026-03-08
APP_003853,CLI_03783,BR_007,30210.15,Denied,Active Default,2026-08-07
APP_003854,CLI_01481,BR_003,8789.68,Denied,Low Score,2026-04-04
APP_003855,CLI_04200,BR_002,32760.26,Denied,Low Score,2026-04-01
APP_003856,CLI_03497,BR_034,1396.28,Approved,None,2026-06-14
APP_003857,CLI_01620,BR_048,6287.67,Approved,None,2026-08-17
APP_003858,CLI_00070,BR_044,15673.3,Denied,Thin File,2026-07-18
APP_003859,CLI_03911,BR_047,39794.81,Denied,Thin File,2026-07-27
APP_003860,CLI_04818,BR_016,38358.52,Denied,Low Score,2026-04-30
APP_003861,CLI_03806,BR_017,27631.14,Denied,High DTI,2026-03-29
APP_003862,CLI_03899,BR_029,47652.81,Approved,None,2026-07-23
APP_003863,CLI_00990,BR_031,17160.38,Denied,Active Default,2026-06-19
APP_003864,CLI_04297,BR_041,33260.83,Denied,Low Score,2026-05-21
APP_003865,CLI_01292,BR_016,37366.14,Approved,None,2026-08-10
APP_003866,CLI_03251,BR_042,38912.47,Denied,Low Score,2026-05-01
APP_003867,CLI_02627,BR_050,18991.77,Denied,Low Score,2026-06-17
APP_003868,CLI_02269,BR_003,35168.6,Approved,None,2026-05-01
APP_003869,CLI_04983,BR_007,29118.97,Approved,None,2026-04-06
APP_003870,CLI_03585,BR_007,20305.02,Approved,None,2026-04-22
APP_003871,CLI_02175,BR_019,47341.42,Approved,None,2026-08-17
APP_003872,CLI_02926,BR_006,3701.7,Denied,Low Score,2026-08-29
APP_003873,CLI_03127,BR_046,49090.33,Approved,None,2026-07-22
APP_003874,CLI_04565,BR_006,9334.54,Denied,High DTI,2026-03-28
APP_003875,CLI_04586,BR_022,13735.79,Denied,Fraud Suspicion,2026-08-31
APP_003876,CLI_00904,BR_019,13843.82,Denied,Active Default,2026-07-01
APP_003877,CLI_02684,BR_019,6622.99,Approved,None,2026-08-10
APP_003878,CLI_00626,BR_019,39401.61,Approved,None,2026-06-08
APP_003879,CLI_04859,BR_032,47921.39,Approved,None,2026-05-10
APP_003880,CLI_00072,BR_039,26581.89,Denied,Low Score,2026-04-13
APP_003881,CLI_03972,BR_029,42692.14,Denied,Thin File,2026-08-11
APP_003882,CLI_02880,BR_006,2420.59,Denied,Low Score,2026-08-12
APP_003883,CLI_04105,BR_032,34440.59,Denied,Low Score,2026-08-28
APP_003884,CLI_03200,BR_025,40131.67,Approved,None,2026-07-22
APP_003885,CLI_03860,BR_023,7984.73,Denied,High DTI,2026-03-09
APP_003886,CLI_03563,BR_050,16727.95,Approved,None,2026-04-01
APP_003887,CLI_04440,BR_004,27301.06,Approved,None,2026-05-26
APP_003888,CLI_04124,BR_041,34986.26,Denied,Low Score,2026-03-09
APP_003889,CLI_02158,BR_009,27346.42,Denied,Low Score,2026-07-20
APP_003890,CLI_03642,BR_037,49327.22,Approved,None,2026-04-14
APP_003891,CLI_01270,BR_023,42306.63,Denied,High DTI,2026-05-25
APP_003892,CLI_04590,BR_022,20810.2,Denied,High DTI,2026-05-17
APP_003893,CLI_04834,BR_021,43893.62,Approved,None,2026-08-01
APP_003894,CLI_02373,BR_003,14941.63,Denied,Fraud Suspicion,2026-08-30
APP_003895,CLI_01465,BR_012,3276.62,Denied,Active Default,2026-03-28
APP_003896,CLI_03000,BR_003,36545.09,Denied,Low Score,2026-04-12
APP_003897,CLI_03861,BR_047,46939.66,Denied,Low Score,2026-03-13
APP_003898,CLI_04391,BR_002,35891.02,Denied,Active Default,2026-03-17
APP_003899,CLI_03995,BR_001,12516.19,Approved,None,2026-05-21
APP_003900,CLI_03360,BR_004,39646.25,Denied,High DTI,2026-03-15
APP_003901,CLI_01292,BR_016,37888.71,Approved,None,2026-03-21
APP_003902,CLI_01441,BR_037,9661.71,Denied,Active Default,2026-06-09
APP_003903,CLI_00234,BR_016,32856.78,Approved,None,2026-07-20
APP_003904,CLI_01046,BR_034,16748.85,Denied,Active Default,2026-05-16
APP_003905,CLI_00208,BR_048,9052.72,Approved,None,2026-03-27
APP_003906,CLI_03599,BR_021,35699.1,Denied,Active Default,2026-04-16
APP_003907,CLI_04260,BR_010,1147.05,Denied,High DTI,2026-05-14
APP_003908,CLI_04539,BR_008,6011.42,Denied,High DTI,2026-06-18
APP_003909,CLI_00720,BR_017,10150.78,Approved,None,2026-08-10
APP_003910,CLI_00634,BR_049,25830.97,Denied,Low Score,2026-07-18
APP_003911,CLI_03221,BR_012,15535.42,Approved,None,2026-06-03
APP_003912,CLI_03165,BR_010,28824.44,Denied,Thin File,2026-04-19
APP_003913,CLI_03732,BR_005,20178.56,Denied,Active Default,2026-04-19
APP_003914,CLI_00841,BR_010,49047.14,Approved,None,2026-05-18
APP_003915,CLI_01857,BR_002,11613.19,Denied,Thin File,2026-03-28
APP_003916,CLI_00217,BR_001,12791.89,Approved,None,2026-05-19
APP_003917,CLI_04895,BR_024,46126.93,Denied,Thin File,2026-08-31
APP_003918,CLI_00429,BR_009,25171.42,Approved,None,2026-03-23
APP_003919,CLI_04996,BR_005,7022.29,Approved,None,2026-04-22
APP_003920,CLI_03643,BR_046,43746.06,Denied,Fraud Suspicion,2026-08-01
APP_003921,CLI_04257,BR_018,31611.7,Denied,Active Default,2026-05-28
APP_003922,CLI_04433,BR_037,34977.27,Approved,None,2026-04-22
APP_003923,CLI_04159,BR_008,3655.93,Approved,None,2026-08-31
APP_003924,CLI_00361,BR_009,10619.87,Approved,None,2026-05-12
APP_003925,CLI_01851,BR_036,34980.55,Denied,High DTI,2026-06-27
APP_003926,CLI_02147,BR_026,5017.9,Approved,None,2026-04-07
APP_003927,CLI_04720,BR_013,7192.04,Denied,High DTI,2026-05-02
APP_003928,CLI_00871,BR_041,12967.37,Denied,High DTI,2026-04-13
APP_003929,CLI_00483,BR_014,18896.63,Denied,Thin File,2026-04-28
APP_003930,CLI_04193,BR_003,37033.62,Approved,None,2026-06-01
APP_003931,CLI_00083,BR_010,28398.93,Denied,Active Default,2026-04-25
APP_003932,CLI_01099,BR_029,39956.8,Denied,High DTI,2026-06-26
APP_003933,CLI_03701,BR_031,40781.77,Denied,Low Score,2026-04-14
APP_003934,CLI_04226,BR_048,27932.29,Denied,Thin File,2026-08-27
APP_003935,CLI_01354,BR_003,24920.82,Approved,None,2026-05-25
APP_003936,CLI_01784,BR_048,19889.23,Denied,Low Score,2026-07-30
APP_003937,CLI_03014,BR_028,9547.49,Denied,Low Score,2026-05-11
APP_003938,CLI_02901,BR_030,25377.31,Denied,Low Score,2026-08-19
APP_003939,CLI_00524,BR_042,19274.99,Denied,Low Score,2026-06-25
APP_003940,CLI_00861,BR_030,13732.21,Denied,Low Score,2026-08-21
APP_003941,CLI_01308,BR_016,25986.12,Denied,Low Score,2026-08-06
APP_003942,CLI_00035,BR_022,1986.01,Approved,None,2026-05-24
APP_003943,CLI_02573,BR_009,41780.19,Denied,Low Score,2026-07-10
APP_003944,CLI_00522,BR_025,13995.47,Denied,Thin File,2026-05-14
APP_003945,CLI_03230,BR_041,41823.1,Denied,Thin File,2026-08-20
APP_003946,CLI_02653,BR_019,41453.48,Denied,Low Score,2026-04-29
APP_003947,CLI_03200,BR_035,18850.22,Approved,None,2026-05-17
APP_003948,CLI_03254,BR_006,32157.94,Approved,None,2026-07-15
APP_003949,CLI_00127,BR_024,2794.83,Approved,None,2026-03-21
APP_003950,CLI_03960,BR_002,25109.29,Denied,Active Default,2026-07-05
APP_003951,CLI_02031,BR_039,30297.57,Denied,Thin File,2026-03-15
APP_003952,CLI_00247,BR_027,9575.36,Denied,Low Score,2026-08-21
APP_003953,CLI_03442,BR_036,14486.92,Denied,Thin File,2026-03-06
APP_003954,CLI_03344,BR_026,46513.42,Approved,None,2026-07-19
APP_003955,CLI_00268,BR_023,45434.8,Approved,None,2026-05-16
APP_003956,CLI_04478,BR_038,31629.81,Denied,Fraud Suspicion,2026-03-23
APP_003957,CLI_01449,BR_007,45306.27,Approved,None,2026-08-24
APP_003958,CLI_04423,BR_039,25749.85,Approved,None,2026-05-12
APP_003959,CLI_03505,BR_041,12448.32,Denied,Low Score,2026-08-14
APP_003960,CLI_01331,BR_042,14805.86,Denied,Low Score,2026-04-18
APP_003961,CLI_00139,BR_015,23398.48,Approved,None,2026-04-12
APP_003962,CLI_02819,BR_046,21444.65,Denied,High DTI,2026-07-24
APP_003963,CLI_04182,BR_015,31466.27,Denied,Thin File,2026-04-17
APP_003964,CLI_00097,BR_047,36388.02,Denied,Fraud Suspicion,2026-06-10
APP_003965,CLI_00513,BR_018,10928.53,Denied,Low Score,2026-08-31
APP_003966,CLI_00647,BR_013,1995.32,Approved,None,2026-06-12
APP_003967,CLI_02684,BR_005,19459.64,Denied,Low Score,2026-05-17
APP_003968,CLI_04782,BR_005,23325.21,Approved,None,2026-06-06
APP_003969,CLI_04764,BR_007,39288.27,Denied,Fraud Suspicion,2026-04-19
APP_003970,CLI_04480,BR_008,14540.02,Denied,Low Score,2026-05-15
APP_003971,CLI_00130,BR_006,7928.76,Denied,Thin File,2026-04-10
APP_003972,CLI_04216,BR_048,2350.21,Denied,High DTI,2026-07-28
APP_003973,CLI_04710,BR_005,29329.51,Approved,None,2026-04-07
APP_003974,CLI_04200,BR_022,11685.94,Denied,Active Default,2026-03-26
APP_003975,CLI_00848,BR_025,2089.76,Denied,Active Default,2026-07-18
APP_003976,CLI_00107,BR_030,10161.35,Denied,Low Score,2026-07-28
APP_003977,CLI_00498,BR_019,37423.22,Approved,None,2026-04-12
APP_003978,CLI_04374,BR_012,20112.73,Denied,Thin File,2026-05-24
APP_003979,CLI_00250,BR_004,21000.04,Approved,None,2026-07-28
APP_003980,CLI_00559,BR_040,28627.32,Denied,Low Score,2026-08-14
APP_003981,CLI_04969,BR_010,6112.34,Denied,Active Default,2026-07-26
APP_003982,CLI_04472,BR_047,45022.91,Approved,None,2026-04-06
APP_003983,CLI_04218,BR_007,15479.27,Approved,None,2026-05-04
APP_003984,CLI_04992,BR_026,26683.93,Denied,High DTI,2026-07-31
APP_003985,CLI_03416,BR_026,15880.89,Denied,Low Score,2026-07-29
APP_003986,CLI_02744,BR_028,34041.73,Denied,Low Score,2026-08-08
APP_003987,CLI_00757,BR_006,21762.82,Approved,None,2026-08-22
APP_003988,CLI_03892,BR_013,24357.68,Denied,Thin File,2026-03-05
APP_003989,CLI_02215,BR_010,5755.32,Denied,Low Score,2026-05-28
APP_003990,CLI_03549,BR_034,6728.93,Approved,None,2026-05-06
APP_003991,CLI_00488,BR_016,31368.13,Denied,Thin File,2026-06-21
APP_003992,CLI_04606,BR_013,28090.13,Denied,Active Default,2026-05-21
APP_003993,CLI_03203,BR_010,9468.37,Approved,None,2026-04-10
APP_003994,CLI_00146,BR_040,7321.62,Denied,Fraud Suspicion,2026-07-07
APP_003995,CLI_01340,BR_014,9349.91,Approved,None,2026-07-16
APP_003996,CLI_00498,BR_027,10032.26,Denied,Thin File,2026-05-11
APP_003997,CLI_02817,BR_008,47922.63,Approved,None,2026-05-09
APP_003998,CLI_02175,BR_049,40467.42,Denied,Low Score,2026-03-29
APP_003999,CLI_04483,BR_002,20027.0,Approved,None,2026-06-04
APP_004000,CLI_04601,BR_023,34856.68,Denied,Thin File,2026-06-20
APP_004001,CLI_02802,BR_032,47716.02,Denied,Active Default,2026-03-15
APP_004002,CLI_00139,BR_038,8209.57,Denied,Low Score,2026-05-13
APP_004003,CLI_02226,BR_027,32677.28,Approved,None,2026-05-11
APP_004004,CLI_01798,BR_022,14856.26,Denied,Active Default,2026-03-27
APP_004005,CLI_02519,BR_007,45713.8,Approved,None,2026-04-20
APP_004006,CLI_02365,BR_048,18941.99,Approved,None,2026-06-07
APP_004007,CLI_02538,BR_003,12786.31,Approved,None,2026-03-17
APP_004008,CLI_03523,BR_050,19311.53,Denied,High DTI,2026-04-02
APP_004009,CLI_03055,BR_031,42935.02,Denied,Low Score,2026-05-19
APP_004010,CLI_00954,BR_048,15729.3,Denied,Thin File,2026-07-06
APP_004011,CLI_02625,BR_047,36814.27,Denied,High DTI,2026-04-24
APP_004012,CLI_00400,BR_029,48851.1,Approved,None,2026-04-08
APP_004013,CLI_02574,BR_009,31476.41,Approved,None,2026-03-22
APP_004014,CLI_04590,BR_018,33899.24,Approved,None,2026-06-08
APP_004015,CLI_04440,BR_034,17916.58,Approved,None,2026-03-07
APP_004016,CLI_02351,BR_044,40745.02,Denied,Thin File,2026-06-29
APP_004017,CLI_00361,BR_043,44873.7,Denied,Thin File,2026-08-31
APP_004018,CLI_02866,BR_045,24136.04,Approved,None,2026-03-15
APP_004019,CLI_01133,BR_012,49644.12,Denied,Low Score,2026-04-05
APP_004020,CLI_00063,BR_023,47224.16,Approved,None,2026-04-16
APP_004021,CLI_01502,BR_005,1097.77,Approved,None,2026-08-24
APP_004022,CLI_03062,BR_024,11700.75,Approved,None,2026-08-20
APP_004023,CLI_03473,BR_011,27861.77,Denied,Low Score,2026-07-26
APP_004024,CLI_03663,BR_012,13922.83,Denied,Thin File,2026-07-14
APP_004025,CLI_02039,BR_040,11499.9,Approved,None,2026-05-25
APP_004026,CLI_00145,BR_046,18989.64,Approved,None,2026-04-06
APP_004027,CLI_01831,BR_032,49837.28,Denied,High DTI,2026-08-11
APP_004028,CLI_03340,BR_028,3826.93,Approved,None,2026-06-14
APP_004029,CLI_01616,BR_012,24915.21,Denied,Active Default,2026-05-23
APP_004030,CLI_02399,BR_032,38195.22,Approved,None,2026-04-29
APP_004031,CLI_04261,BR_005,14449.77,Denied,Active Default,2026-05-10
APP_004032,CLI_04945,BR_035,2730.51,Approved,None,2026-05-18
APP_004033,CLI_02823,BR_004,10477.51,Denied,High DTI,2026-06-24
APP_004034,CLI_01592,BR_008,48222.43,Approved,None,2026-07-19
APP_004035,CLI_01716,BR_046,24117.68,Approved,None,2026-05-04
APP_004036,CLI_00769,BR_024,4655.25,Denied,Thin File,2026-05-31
APP_004037,CLI_01446,BR_004,42261.32,Denied,Active Default,2026-06-25
APP_004038,CLI_01161,BR_022,27266.37,Denied,Low Score,2026-07-03
APP_004039,CLI_00865,BR_001,49010.3,Denied,Low Score,2026-03-16
APP_004040,CLI_01380,BR_023,36765.46,Denied,High DTI,2026-07-16
APP_004041,CLI_03801,BR_023,46396.81,Denied,Thin File,2026-07-31
APP_004042,CLI_04089,BR_038,46741.74,Approved,None,2026-08-03
APP_004043,CLI_03567,BR_021,7047.06,Denied,High DTI,2026-06-11
APP_004044,CLI_04684,BR_015,45529.42,Denied,Thin File,2026-08-02
APP_004045,CLI_03274,BR_049,13766.43,Denied,Thin File,2026-08-20
APP_004046,CLI_04748,BR_010,40760.06,Approved,None,2026-06-13
APP_004047,CLI_00654,BR_034,11437.78,Denied,Active Default,2026-05-08
APP_004048,CLI_00640,BR_042,37082.43,Denied,Thin File,2026-08-01
APP_004049,CLI_03786,BR_007,49712.7,Denied,Thin File,2026-08-22
APP_004050,CLI_02124,BR_033,2259.51,Denied,Low Score,2026-04-13
APP_004051,CLI_00051,BR_021,1423.55,Approved,None,2026-06-10
APP_004052,CLI_04990,BR_026,49367.83,Denied,Fraud Suspicion,2026-03-10
APP_004053,CLI_02020,BR_034,2835.36,Denied,Thin File,2026-08-13
APP_004054,CLI_02804,BR_029,45652.79,Denied,Thin File,2026-03-11
APP_004055,CLI_04277,BR_022,43094.63,Denied,Low Score,2026-06-09
APP_004056,CLI_01773,BR_015,18331.97,Approved,None,2026-07-31
APP_004057,CLI_00159,BR_027,19501.29,Denied,Thin File,2026-06-01
APP_004058,CLI_04072,BR_034,31035.86,Approved,None,2026-03-06
APP_004059,CLI_01864,BR_039,14052.61,Approved,None,2026-03-07
APP_004060,CLI_03614,BR_015,49736.77,Denied,Fraud Suspicion,2026-07-06
APP_004061,CLI_02756,BR_049,13591.03,Denied,Active Default,2026-08-02
APP_004062,CLI_03034,BR_012,38779.67,Denied,High DTI,2026-08-12
APP_004063,CLI_01758,BR_037,38121.99,Denied,High DTI,2026-08-27
APP_004064,CLI_02833,BR_006,40498.5,Denied,Low Score,2026-08-05
APP_004065,CLI_00941,BR_020,7687.76,Approved,None,2026-07-23
APP_004066,CLI_04923,BR_021,28267.32,Denied,Thin File,2026-04-23
APP_004067,CLI_04510,BR_025,10779.98,Denied,Active Default,2026-07-13
APP_004068,CLI_00830,BR_040,18242.86,Denied,Low Score,2026-07-28
APP_004069,CLI_04931,BR_016,8385.47,Denied,Low Score,2026-07-28
APP_004070,CLI_02830,BR_035,9387.05,Approved,None,2026-04-03
APP_004071,CLI_02198,BR_025,19489.28,Denied,High DTI,2026-03-28
APP_004072,CLI_04588,BR_037,48336.97,Denied,Low Score,2026-04-06
APP_004073,CLI_04577,BR_022,38725.51,Approved,None,2026-06-23
APP_004074,CLI_01643,BR_044,29609.28,Denied,Low Score,2026-05-16
APP_004075,CLI_04519,BR_024,20408.01,Approved,None,2026-07-18
APP_004076,CLI_02543,BR_028,48852.18,Denied,Low Score,2026-04-27
APP_004077,CLI_03969,BR_045,35322.21,Denied,Thin File,2026-07-16
APP_004078,CLI_00792,BR_040,31545.18,Denied,Fraud Suspicion,2026-07-12
APP_004079,CLI_03688,BR_042,13206.91,Denied,Fraud Suspicion,2026-04-20
APP_004080,CLI_02021,BR_045,26837.4,Approved,None,2026-04-07
APP_004081,CLI_00875,BR_022,18357.75,Denied,Thin File,2026-04-04
APP_004082,CLI_04109,BR_008,9823.89,Denied,Low Score,2026-05-03
APP_004083,CLI_04215,BR_033,32121.52,Approved,None,2026-04-10
APP_004084,CLI_00664,BR_031,48682.72,Denied,High DTI,2026-03-16
APP_004085,CLI_02126,BR_037,33249.58,Denied,Low Score,2026-08-20
APP_004086,CLI_03413,BR_027,43731.03,Denied,Thin File,2026-03-17
APP_004087,CLI_02820,BR_030,18742.31,Denied,Low Score,2026-07-13
APP_004088,CLI_03600,BR_028,7709.74,Denied,Low Score,2026-04-15
APP_004089,CLI_00920,BR_007,49962.79,Approved,None,2026-03-18
APP_004090,CLI_03566,BR_010,34896.41,Approved,None,2026-06-20
APP_004091,CLI_04497,BR_042,32766.24,Denied,Fraud Suspicion,2026-04-13
APP_004092,CLI_02518,BR_008,18805.26,Approved,None,2026-06-26
APP_004093,CLI_03863,BR_018,24945.18,Denied,Low Score,2026-04-21
APP_004094,CLI_04643,BR_021,10597.29,Denied,Low Score,2026-04-13
APP_004095,CLI_02855,BR_027,13355.54,Approved,None,2026-03-29
APP_004096,CLI_04747,BR_028,25131.49,Denied,Active Default,2026-07-06
APP_004097,CLI_03393,BR_040,44952.06,Approved,None,2026-07-12
APP_004098,CLI_02230,BR_005,21438.41,Denied,High DTI,2026-03-14
APP_004099,CLI_04159,BR_003,22217.0,Denied,Low Score,2026-06-26
APP_004100,CLI_04077,BR_038,10879.94,Approved,None,2026-06-03
APP_004101,CLI_04659,BR_044,35766.51,Approved,None,2026-07-25
APP_004102,CLI_04452,BR_039,35299.49,Denied,Low Score,2026-08-12
APP_004103,CLI_00367,BR_021,4723.91,Approved,None,2026-05-04
APP_004104,CLI_03566,BR_049,9292.18,Approved,None,2026-05-16
APP_004105,CLI_01930,BR_030,22573.9,Approved,None,2026-03-28
APP_004106,CLI_00902,BR_003,24987.44,Approved,None,2026-06-15
APP_004107,CLI_00742,BR_018,12664.24,Denied,Low Score,2026-06-16
APP_004108,CLI_01366,BR_044,19499.76,Denied,Low Score,2026-04-19
APP_004109,CLI_03111,BR_005,15273.54,Denied,Thin File,2026-05-26
APP_004110,CLI_02396,BR_019,46005.0,Denied,Thin File,2026-04-24
APP_004111,CLI_04015,BR_047,32132.13,Denied,Active Default,2026-08-05
APP_004112,CLI_01853,BR_028,28747.99,Denied,Fraud Suspicion,2026-04-02
APP_004113,CLI_03633,BR_038,32921.53,Denied,Fraud Suspicion,2026-06-16
APP_004114,CLI_03457,BR_050,1589.05,Approved,None,2026-05-06
APP_004115,CLI_02820,BR_007,40720.27,Denied,Thin File,2026-06-12
APP_004116,CLI_03606,BR_013,18830.78,Denied,Low Score,2026-05-27
APP_004117,CLI_00759,BR_033,8864.65,Denied,Low Score,2026-06-08
APP_004118,CLI_03574,BR_003,43407.33,Denied,Low Score,2026-08-02
APP_004119,CLI_03016,BR_027,49627.6,Approved,None,2026-08-30
APP_004120,CLI_04094,BR_010,35884.0,Denied,Low Score,2026-04-04
APP_004121,CLI_01742,BR_037,14885.92,Denied,Low Score,2026-07-19
APP_004122,CLI_03352,BR_021,14651.55,Approved,None,2026-06-23
APP_004123,CLI_00072,BR_003,9697.2,Approved,None,2026-03-08
APP_004124,CLI_04980,BR_030,29934.09,Approved,None,2026-03-31
APP_004125,CLI_03312,BR_006,15791.84,Denied,High DTI,2026-05-26
APP_004126,CLI_02186,BR_006,43754.15,Denied,Thin File,2026-05-20
APP_004127,CLI_00582,BR_050,45014.66,Denied,High DTI,2026-08-29
APP_004128,CLI_02486,BR_011,41991.97,Denied,Low Score,2026-07-08
APP_004129,CLI_04343,BR_033,26346.44,Denied,High DTI,2026-08-15
APP_004130,CLI_02671,BR_039,35240.72,Denied,Active Default,2026-05-21
APP_004131,CLI_00052,BR_007,44561.24,Denied,Thin File,2026-06-06
APP_004132,CLI_03109,BR_038,11416.08,Approved,None,2026-06-29
APP_004133,CLI_04823,BR_043,44395.39,Denied,High DTI,2026-04-04
APP_004134,CLI_03886,BR_047,40755.97,Approved,None,2026-05-11
APP_004135,CLI_02763,BR_050,29252.54,Denied,Thin File,2026-08-19
APP_004136,CLI_02144,BR_003,11406.09,Approved,None,2026-04-02
APP_004137,CLI_04103,BR_015,27344.21,Denied,Low Score,2026-05-10
APP_004138,CLI_00890,BR_009,45764.08,Denied,Thin File,2026-08-13
APP_004139,CLI_01062,BR_045,6510.93,Denied,Active Default,2026-05-22
APP_004140,CLI_04189,BR_017,7252.32,Denied,Thin File,2026-08-26
APP_004141,CLI_02184,BR_028,21426.13,Denied,Low Score,2026-08-23
APP_004142,CLI_01779,BR_033,32107.61,Approved,None,2026-08-13
APP_004143,CLI_04269,BR_013,46545.07,Approved,None,2026-03-22
APP_004144,CLI_00739,BR_033,28480.86,Approved,None,2026-06-17
APP_004145,CLI_01875,BR_038,1890.22,Approved,None,2026-05-18
APP_004146,CLI_03192,BR_021,4163.39,Approved,None,2026-06-10
APP_004147,CLI_00377,BR_013,28879.06,Approved,None,2026-04-04
APP_004148,CLI_01550,BR_006,8545.37,Approved,None,2026-07-14
APP_004149,CLI_03418,BR_049,2471.85,Approved,None,2026-06-04
APP_004150,CLI_03087,BR_004,47708.83,Denied,Low Score,2026-07-09
APP_004151,CLI_00834,BR_010,5380.89,Denied,Low Score,2026-06-12
APP_004152,CLI_00473,BR_029,38627.71,Approved,None,2026-05-22
APP_004153,CLI_04855,BR_001,4649.07,Denied,Low Score,2026-03-13
APP_004154,CLI_03452,BR_036,29570.81,Denied,Thin File,2026-08-07
APP_004155,CLI_01635,BR_021,16731.5,Approved,None,2026-07-07
APP_004156,CLI_04019,BR_023,37222.76,Denied,Active Default,2026-08-06
APP_004157,CLI_00023,BR_039,45178.89,Denied,Fraud Suspicion,2026-07-12
APP_004158,CLI_04865,BR_038,38752.44,Denied,Active Default,2026-04-03
APP_004159,CLI_02646,BR_007,34730.02,Approved,None,2026-03-05
APP_004160,CLI_03387,BR_040,24662.6,Denied,Low Score,2026-05-11
APP_004161,CLI_04625,BR_018,36914.98,Denied,Active Default,2026-07-13
APP_004162,CLI_03378,BR_034,18366.07,Denied,Active Default,2026-07-14
APP_004163,CLI_02454,BR_039,14042.98,Denied,High DTI,2026-03-29
APP_004164,CLI_02564,BR_016,11288.41,Denied,Low Score,2026-07-27
APP_004165,CLI_01614,BR_036,40718.56,Denied,Low Score,2026-06-03
APP_004166,CLI_03067,BR_050,5847.25,Approved,None,2026-08-02
APP_004167,CLI_03731,BR_048,4865.09,Denied,Thin File,2026-04-23
APP_004168,CLI_02470,BR_016,6003.56,Approved,None,2026-06-05
APP_004169,CLI_00155,BR_013,22414.96,Denied,Low Score,2026-06-11
APP_004170,CLI_00700,BR_028,35748.64,Denied,Active Default,2026-06-09
APP_004171,CLI_01944,BR_022,3287.11,Denied,Low Score,2026-08-06
APP_004172,CLI_01423,BR_006,24350.63,Approved,None,2026-06-25
APP_004173,CLI_04226,BR_047,11626.2,Approved,None,2026-07-28
APP_004174,CLI_00630,BR_032,37875.82,Denied,Fraud Suspicion,2026-07-04
APP_004175,CLI_01661,BR_029,1108.8,Denied,Low Score,2026-05-08
APP_004176,CLI_00502,BR_038,47204.16,Approved,None,2026-07-21
APP_004177,CLI_01240,BR_006,35876.93,Approved,None,2026-04-11
APP_004178,CLI_00888,BR_045,33150.51,Approved,None,2026-06-24
APP_004179,CLI_00211,BR_037,9652.28,Approved,None,2026-05-17
APP_004180,CLI_04215,BR_043,17840.38,Denied,Fraud Suspicion,2026-08-24
APP_004181,CLI_04228,BR_010,30463.43,Denied,Fraud Suspicion,2026-08-11
APP_004182,CLI_00198,BR_033,6509.45,Denied,Thin File,2026-05-24
APP_004183,CLI_02573,BR_030,32640.39,Approved,None,2026-03-19
APP_004184,CLI_00257,BR_036,12691.69,Approved,None,2026-03-07
APP_004185,CLI_02649,BR_044,45035.67,Denied,Fraud Suspicion,2026-08-24
APP_004186,CLI_03832,BR_004,30105.23,Denied,Thin File,2026-05-06
APP_004187,CLI_02170,BR_017,41589.1,Approved,None,2026-07-16
APP_004188,CLI_00954,BR_022,26770.74,Denied,Thin File,2026-05-06
APP_004189,CLI_04090,BR_029,12659.01,Denied,Active Default,2026-03-06
APP_004190,CLI_04679,BR_013,8608.07,Approved,None,2026-03-29
APP_004191,CLI_02436,BR_026,35539.85,Denied,High DTI,2026-08-17
APP_004192,CLI_03730,BR_008,32267.12,Approved,None,2026-04-05
APP_004193,CLI_02421,BR_038,21499.54,Approved,None,2026-06-26
APP_004194,CLI_02133,BR_048,32944.85,Denied,Active Default,2026-08-20
APP_004195,CLI_01563,BR_020,8035.68,Approved,None,2026-04-18
APP_004196,CLI_03743,BR_017,43661.46,Denied,Active Default,2026-08-06
APP_004197,CLI_02006,BR_007,44517.45,Denied,High DTI,2026-03-15
APP_004198,CLI_03382,BR_047,25862.17,Denied,Thin File,2026-03-24
APP_004199,CLI_04842,BR_043,11333.95,Denied,Low Score,2026-07-27
APP_004200,CLI_02556,BR_005,41262.43,Denied,Low Score,2026-08-21
APP_004201,CLI_00485,BR_003,14581.53,Denied,Low Score,2026-05-02
APP_004202,CLI_04717,BR_042,27017.8,Denied,Thin File,2026-07-25
APP_004203,CLI_03672,BR_016,17082.06,Approved,None,2026-06-30
APP_004204,CLI_04921,BR_049,22955.16,Denied,Fraud Suspicion,2026-03-12
APP_004205,CLI_00894,BR_015,31751.05,Denied,Low Score,2026-05-05
APP_004206,CLI_01239,BR_048,19003.19,Denied,Thin File,2026-07-02
APP_004207,CLI_02333,BR_035,21189.65,Approved,None,2026-05-19
APP_004208,CLI_02989,BR_046,46455.25,Approved,None,2026-07-11
APP_004209,CLI_01578,BR_005,9926.06,Denied,Low Score,2026-08-16
APP_004210,CLI_00150,BR_050,1345.13,Denied,Thin File,2026-07-29
APP_004211,CLI_02329,BR_047,2855.68,Approved,None,2026-03-26
APP_004212,CLI_00674,BR_034,3921.97,Denied,Active Default,2026-05-31
APP_004213,CLI_01445,BR_026,49105.66,Approved,None,2026-05-12
APP_004214,CLI_04820,BR_003,15443.11,Denied,Thin File,2026-03-18
APP_004215,CLI_00575,BR_027,9552.32,Approved,None,2026-07-09
APP_004216,CLI_04644,BR_021,39670.29,Denied,High DTI,2026-07-31
APP_004217,CLI_04630,BR_010,20275.36,Denied,Thin File,2026-06-18
APP_004218,CLI_01079,BR_003,35573.89,Denied,Active Default,2026-04-28
APP_004219,CLI_02941,BR_045,34697.75,Approved,None,2026-04-19
APP_004220,CLI_01503,BR_004,20818.14,Approved,None,2026-03-15
APP_004221,CLI_02534,BR_012,25875.63,Denied,Fraud Suspicion,2026-08-10
APP_004222,CLI_00145,BR_043,13102.4,Denied,High DTI,2026-07-19
APP_004223,CLI_01288,BR_020,36201.4,Denied,Thin File,2026-05-06
APP_004224,CLI_00862,BR_017,39697.49,Denied,High DTI,2026-05-17
APP_004225,CLI_00443,BR_005,13925.12,Denied,Thin File,2026-04-24
APP_004226,CLI_03222,BR_012,25057.72,Denied,Low Score,2026-04-18
APP_004227,CLI_01566,BR_028,24910.13,Denied,Low Score,2026-08-01
APP_004228,CLI_00769,BR_042,3752.33,Denied,Low Score,2026-03-07
APP_004229,CLI_00014,BR_049,36188.46,Denied,Thin File,2026-05-18
APP_004230,CLI_04103,BR_036,45506.23,Denied,High DTI,2026-05-23
APP_004231,CLI_00802,BR_026,9967.8,Approved,None,2026-08-03
APP_004232,CLI_04141,BR_023,45141.24,Denied,Thin File,2026-06-30
APP_004233,CLI_02514,BR_011,10080.76,Denied,Active Default,2026-06-22
APP_004234,CLI_02776,BR_010,40603.97,Denied,Active Default,2026-06-10
APP_004235,CLI_04424,BR_042,17356.51,Approved,None,2026-05-31
APP_004236,CLI_01545,BR_037,30257.44,Denied,Thin File,2026-08-08
APP_004237,CLI_02048,BR_025,25274.48,Denied,Thin File,2026-07-12
APP_004238,CLI_01123,BR_003,38708.03,Denied,Thin File,2026-06-06
APP_004239,CLI_02422,BR_038,46061.66,Approved,None,2026-06-17
APP_004240,CLI_01693,BR_005,47705.47,Denied,Fraud Suspicion,2026-04-15
APP_004241,CLI_03039,BR_027,36027.56,Denied,Low Score,2026-07-10
APP_004242,CLI_00462,BR_006,49456.4,Approved,None,2026-08-08
APP_004243,CLI_01397,BR_035,46172.44,Denied,Low Score,2026-06-14
APP_004244,CLI_04168,BR_031,1457.19,Denied,Thin File,2026-05-18
APP_004245,CLI_01798,BR_044,13160.47,Approved,None,2026-06-13
APP_004246,CLI_00576,BR_050,40802.74,Denied,High DTI,2026-06-30
APP_004247,CLI_04322,BR_031,27834.1,Approved,None,2026-08-10
APP_004248,CLI_04641,BR_035,43660.18,Denied,Low Score,2026-08-02
APP_004249,CLI_04705,BR_037,40756.59,Denied,Low Score,2026-04-18
APP_004250,CLI_01278,BR_003,28848.66,Denied,Low Score,2026-04-26
APP_004251,CLI_00014,BR_024,20967.6,Denied,Low Score,2026-08-28
APP_004252,CLI_04892,BR_030,11607.12,Denied,Thin File,2026-06-26
APP_004253,CLI_03974,BR_011,48217.51,Denied,Low Score,2026-06-12
APP_004254,CLI_03234,BR_046,27477.79,Denied,High DTI,2026-03-11
APP_004255,CLI_03990,BR_005,47818.92,Denied,Thin File,2026-06-17
APP_004256,CLI_03917,BR_049,4177.54,Denied,Low Score,2026-04-03
APP_004257,CLI_00119,BR_002,37406.68,Denied,Low Score,2026-06-14
APP_004258,CLI_03474,BR_032,32687.6,Approved,None,2026-06-16
APP_004259,CLI_03015,BR_027,31652.83,Approved,None,2026-07-22
APP_004260,CLI_01544,BR_027,47907.05,Approved,None,2026-03-20
APP_004261,CLI_02235,BR_045,6194.18,Approved,None,2026-06-05
APP_004262,CLI_01024,BR_026,20033.61,Approved,None,2026-03-30
APP_004263,CLI_03840,BR_044,34570.98,Denied,Active Default,2026-08-07
APP_004264,CLI_00592,BR_040,42769.94,Denied,High DTI,2026-03-05
APP_004265,CLI_04689,BR_037,4871.5,Denied,Low Score,2026-03-14
APP_004266,CLI_02492,BR_003,24618.89,Denied,Active Default,2026-06-04
APP_004267,CLI_04942,BR_007,36793.59,Approved,None,2026-04-05
APP_004268,CLI_04695,BR_041,26526.31,Denied,Low Score,2026-06-15
APP_004269,CLI_03352,BR_024,22287.95,Denied,Thin File,2026-06-20
APP_004270,CLI_03447,BR_009,13744.59,Approved,None,2026-06-22
APP_004271,CLI_00956,BR_029,48741.86,Denied,Low Score,2026-06-08
APP_004272,CLI_04497,BR_048,31066.98,Approved,None,2026-07-16
APP_004273,CLI_03989,BR_033,30647.18,Approved,None,2026-05-02
APP_004274,CLI_02367,BR_033,7059.11,Denied,Active Default,2026-08-07
APP_004275,CLI_03896,BR_041,5682.46,Denied,High DTI,2026-07-10
APP_004276,CLI_01751,BR_005,21386.93,Approved,None,2026-08-30
APP_004277,CLI_01047,BR_041,22543.97,Denied,Thin File,2026-08-31
APP_004278,CLI_00168,BR_007,16822.2,Denied,Thin File,2026-04-18
APP_004279,CLI_01450,BR_033,23904.68,Approved,None,2026-05-28
APP_004280,CLI_00266,BR_045,21197.25,Denied,Low Score,2026-05-25
APP_004281,CLI_03325,BR_017,12346.82,Denied,Low Score,2026-06-05
APP_004282,CLI_02971,BR_019,1043.2,Denied,Low Score,2026-03-24
APP_004283,CLI_02053,BR_044,45914.05,Denied,High DTI,2026-05-29
APP_004284,CLI_04004,BR_018,18529.65,Approved,None,2026-04-09
APP_004285,CLI_03636,BR_011,8488.49,Denied,Fraud Suspicion,2026-04-25
APP_004286,CLI_02929,BR_025,22752.3,Denied,Low Score,2026-08-24
APP_004287,CLI_00812,BR_009,19419.9,Denied,Thin File,2026-08-09
APP_004288,CLI_03490,BR_042,12235.45,Denied,Active Default,2026-05-26
APP_004289,CLI_01498,BR_031,37914.79,Approved,None,2026-05-17
APP_004290,CLI_04291,BR_017,1995.63,Approved,None,2026-08-16
APP_004291,CLI_03552,BR_032,8874.14,Denied,Thin File,2026-07-19
APP_004292,CLI_00769,BR_027,30412.25,Approved,None,2026-03-21
APP_004293,CLI_04334,BR_025,33374.93,Denied,Active Default,2026-04-29
APP_004294,CLI_03078,BR_037,33209.75,Approved,None,2026-05-02
APP_004295,CLI_01249,BR_023,42756.7,Approved,None,2026-08-21
APP_004296,CLI_00990,BR_036,12401.15,Denied,High DTI,2026-04-03
APP_004297,CLI_00178,BR_025,2963.72,Approved,None,2026-07-06
APP_004298,CLI_02790,BR_042,36347.65,Denied,High DTI,2026-06-28
APP_004299,CLI_00608,BR_024,35316.36,Approved,None,2026-08-18
APP_004300,CLI_03049,BR_041,20181.99,Denied,High DTI,2026-06-06
APP_004301,CLI_00959,BR_044,12440.33,Denied,Low Score,2026-08-09
APP_004302,CLI_04395,BR_030,42031.52,Denied,Active Default,2026-06-08
APP_004303,CLI_01124,BR_025,17290.13,Denied,Low Score,2026-06-27
APP_004304,CLI_03450,BR_015,38974.43,Approved,None,2026-05-07
APP_004305,CLI_04683,BR_038,31513.54,Approved,None,2026-03-10
APP_004306,CLI_02869,BR_034,6817.07,Denied,High DTI,2026-07-05
APP_004307,CLI_04420,BR_026,48193.38,Approved,None,2026-06-25
APP_004308,CLI_04598,BR_026,20255.64,Denied,Thin File,2026-08-28
APP_004309,CLI_00620,BR_020,7664.37,Denied,Active Default,2026-03-19
APP_004310,CLI_03558,BR_025,20093.42,Denied,High DTI,2026-03-07
APP_004311,CLI_03690,BR_005,16083.67,Denied,Low Score,2026-08-18
APP_004312,CLI_03869,BR_043,29678.92,Denied,Active Default,2026-03-26
APP_004313,CLI_03107,BR_030,48459.35,Denied,Thin File,2026-07-12
APP_004314,CLI_03765,BR_036,31967.88,Denied,Active Default,2026-04-12
APP_004315,CLI_01356,BR_015,48012.16,Denied,High DTI,2026-05-09
APP_004316,CLI_01683,BR_031,39309.3,Denied,Low Score,2026-06-16
APP_004317,CLI_00218,BR_033,19754.57,Denied,Active Default,2026-03-10
APP_004318,CLI_00425,BR_044,4619.66,Denied,Fraud Suspicion,2026-08-06
APP_004319,CLI_04019,BR_013,30239.22,Denied,Low Score,2026-04-18
APP_004320,CLI_03874,BR_043,9679.2,Approved,None,2026-07-08
APP_004321,CLI_01786,BR_002,47827.45,Denied,High DTI,2026-06-13
APP_004322,CLI_00763,BR_027,49783.53,Denied,Thin File,2026-03-13
APP_004323,CLI_01542,BR_025,39200.55,Approved,None,2026-05-01
APP_004324,CLI_01984,BR_006,45772.57,Denied,Low Score,2026-08-18
APP_004325,CLI_02885,BR_018,34615.98,Denied,Low Score,2026-06-13
APP_004326,CLI_00227,BR_007,18144.93,Denied,Thin File,2026-05-25
APP_004327,CLI_03535,BR_022,46859.91,Approved,None,2026-08-03
APP_004328,CLI_03108,BR_035,45939.84,Denied,Thin File,2026-04-26
APP_004329,CLI_01904,BR_040,45555.64,Denied,Thin File,2026-03-05
APP_004330,CLI_04954,BR_010,18447.59,Approved,None,2026-08-25
APP_004331,CLI_00808,BR_034,2607.9,Denied,Thin File,2026-04-10
APP_004332,CLI_00989,BR_018,14047.5,Approved,None,2026-08-30
APP_004333,CLI_02913,BR_008,25030.7,Approved,None,2026-06-01
APP_004334,CLI_00612,BR_042,41697.8,Approved,None,2026-04-18
APP_004335,CLI_00083,BR_021,1969.34,Denied,Low Score,2026-07-25
APP_004336,CLI_02742,BR_042,25622.01,Denied,Active Default,2026-07-11
APP_004337,CLI_04433,BR_001,3716.57,Denied,Low Score,2026-08-30
APP_004338,CLI_03186,BR_027,48625.5,Approved,None,2026-03-19
APP_004339,CLI_02879,BR_038,33313.12,Denied,Fraud Suspicion,2026-07-27
APP_004340,CLI_02627,BR_024,42229.13,Denied,Low Score,2026-03-19
APP_004341,CLI_03439,BR_003,47218.48,Denied,Fraud Suspicion,2026-03-09
APP_004342,CLI_04124,BR_021,20254.41,Approved,None,2026-06-22
APP_004343,CLI_02184,BR_032,39761.95,Denied,Thin File,2026-07-15
APP_004344,CLI_01210,BR_019,39241.79,Approved,None,2026-08-03
APP_004345,CLI_02797,BR_014,43178.95,Denied,Thin File,2026-05-24
APP_004346,CLI_02542,BR_001,25750.99,Denied,Thin File,2026-07-29
APP_004347,CLI_03862,BR_037,2496.74,Approved,None,2026-03-12
APP_004348,CLI_03839,BR_016,21260.84,Denied,Thin File,2026-06-24
APP_004349,CLI_00221,BR_043,7202.4,Approved,None,2026-06-16
APP_004350,CLI_01731,BR_039,7682.73,Denied,Active Default,2026-04-13
APP_004351,CLI_03567,BR_049,18031.24,Denied,High DTI,2026-04-27
APP_004352,CLI_01931,BR_011,28006.16,Denied,Thin File,2026-07-29
APP_004353,CLI_04502,BR_032,41504.31,Denied,Thin File,2026-03-08
APP_004354,CLI_02245,BR_025,31037.74,Approved,None,2026-08-26
APP_004355,CLI_01914,BR_002,48149.66,Denied,Low Score,2026-08-23
APP_004356,CLI_02596,BR_045,10008.91,Approved,None,2026-06-28
APP_004357,CLI_01027,BR_042,18635.86,Approved,None,2026-05-15
APP_004358,CLI_03307,BR_004,43766.91,Approved,None,2026-04-11
APP_004359,CLI_02415,BR_006,30210.57,Denied,Fraud Suspicion,2026-08-18
APP_004360,CLI_01676,BR_003,19470.34,Denied,Low Score,2026-05-29
APP_004361,CLI_04749,BR_034,40805.55,Approved,None,2026-06-08
APP_004362,CLI_02744,BR_019,17568.94,Denied,Thin File,2026-08-13
APP_004363,CLI_02915,BR_038,13160.18,Denied,Active Default,2026-06-28
APP_004364,CLI_02829,BR_013,11972.68,Denied,Active Default,2026-03-05
APP_004365,CLI_00377,BR_029,11180.3,Denied,Active Default,2026-07-27
APP_004366,CLI_03227,BR_049,17025.31,Approved,None,2026-06-12
APP_004367,CLI_00250,BR_034,2454.86,Denied,Low Score,2026-06-22
APP_004368,CLI_04003,BR_033,36108.18,Denied,High DTI,2026-04-22
APP_004369,CLI_02623,BR_001,23043.3,Denied,Low Score,2026-03-13
APP_004370,CLI_02075,BR_041,8379.63,Denied,High DTI,2026-04-08
APP_004371,CLI_00414,BR_034,43791.34,Denied,Active Default,2026-03-15
APP_004372,CLI_01010,BR_037,11476.44,Denied,Active Default,2026-08-24
APP_004373,CLI_02187,BR_013,11530.32,Denied,Low Score,2026-03-18
APP_004374,CLI_03455,BR_032,22567.13,Approved,None,2026-06-10
APP_004375,CLI_02675,BR_020,8457.92,Denied,Active Default,2026-06-22
APP_004376,CLI_00505,BR_044,16918.72,Denied,Thin File,2026-06-14
APP_004377,CLI_02705,BR_019,3919.75,Approved,None,2026-07-26
APP_004378,CLI_01762,BR_015,9676.52,Denied,Low Score,2026-04-26
APP_004379,CLI_04500,BR_028,9503.77,Denied,Thin File,2026-07-15
APP_004380,CLI_04780,BR_032,7322.05,Denied,Fraud Suspicion,2026-07-31
APP_004381,CLI_04053,BR_027,15797.15,Denied,Low Score,2026-05-14
APP_004382,CLI_01235,BR_010,37438.53,Denied,High DTI,2026-03-22
APP_004383,CLI_01269,BR_019,45567.33,Denied,Active Default,2026-05-21
APP_004384,CLI_01250,BR_007,15525.78,Denied,Thin File,2026-03-06
APP_004385,CLI_04678,BR_033,20319.85,Approved,None,2026-03-23
APP_004386,CLI_04292,BR_047,23093.93,Approved,None,2026-03-17
APP_004387,CLI_02474,BR_042,7460.84,Denied,Low Score,2026-07-14
APP_004388,CLI_04983,BR_015,33326.47,Denied,Low Score,2026-05-04
APP_004389,CLI_04469,BR_039,35966.4,Approved,None,2026-07-10
APP_004390,CLI_02134,BR_010,49943.05,Approved,None,2026-06-01
APP_004391,CLI_04179,BR_034,36600.55,Denied,High DTI,2026-03-31
APP_004392,CLI_04586,BR_047,4551.52,Denied,Low Score,2026-08-01
APP_004393,CLI_01328,BR_030,13537.56,Denied,High DTI,2026-05-19
APP_004394,CLI_02898,BR_032,5002.42,Approved,None,2026-04-04
APP_004395,CLI_04366,BR_007,41341.39,Approved,None,2026-03-22
APP_004396,CLI_02303,BR_046,23571.36,Denied,Active Default,2026-08-14
APP_004397,CLI_04219,BR_039,38898.28,Approved,None,2026-07-17
APP_004398,CLI_00805,BR_012,37035.68,Denied,Low Score,2026-03-28
APP_004399,CLI_00143,BR_028,17771.87,Denied,High DTI,2026-05-24
APP_004400,CLI_00384,BR_048,29741.23,Denied,Active Default,2026-08-24
APP_004401,CLI_00914,BR_020,26627.34,Denied,High DTI,2026-03-29
APP_004402,CLI_01044,BR_045,31728.99,Denied,Thin File,2026-05-26
APP_004403,CLI_04532,BR_012,35934.11,Denied,Low Score,2026-05-18
APP_004404,CLI_02043,BR_034,28460.19,Approved,None,2026-03-09
APP_004405,CLI_04361,BR_019,33120.75,Approved,None,2026-06-24
APP_004406,CLI_01955,BR_026,13098.86,Denied,High DTI,2026-03-07
APP_004407,CLI_03512,BR_047,46712.55,Denied,Thin File,2026-04-04
APP_004408,CLI_04250,BR_008,19974.05,Denied,Thin File,2026-04-05
APP_004409,CLI_04689,BR_031,19623.33,Denied,Active Default,2026-05-29
APP_004410,CLI_03966,BR_022,7512.74,Denied,Low Score,2026-07-07
APP_004411,CLI_00456,BR_014,26392.36,Approved,None,2026-07-01
APP_004412,CLI_04604,BR_022,25801.17,Denied,Low Score,2026-03-29
APP_004413,CLI_00760,BR_039,21805.94,Denied,Low Score,2026-05-15
APP_004414,CLI_00581,BR_022,7927.02,Denied,Active Default,2026-06-22
APP_004415,CLI_01173,BR_029,37951.28,Approved,None,2026-07-08
APP_004416,CLI_00606,BR_037,26858.32,Denied,High DTI,2026-06-21
APP_004417,CLI_01002,BR_041,22837.72,Denied,High DTI,2026-03-05
APP_004418,CLI_00783,BR_039,26962.64,Denied,Thin File,2026-07-15
APP_004419,CLI_03579,BR_002,36920.47,Denied,High DTI,2026-07-03
APP_004420,CLI_02100,BR_035,46658.06,Approved,None,2026-06-12
APP_004421,CLI_02602,BR_023,26200.96,Approved,None,2026-07-11
APP_004422,CLI_03281,BR_011,47622.89,Approved,None,2026-04-19
APP_004423,CLI_00412,BR_011,47698.49,Approved,None,2026-06-04
APP_004424,CLI_02690,BR_050,45766.79,Denied,High DTI,2026-06-17
APP_004425,CLI_01887,BR_016,33010.47,Denied,Low Score,2026-08-30
APP_004426,CLI_00546,BR_036,48992.86,Approved,None,2026-04-25
APP_004427,CLI_04973,BR_025,39139.02,Approved,None,2026-05-23
APP_004428,CLI_04833,BR_050,6287.19,Approved,None,2026-07-07
APP_004429,CLI_00934,BR_044,16811.08,Approved,None,2026-07-27
APP_004430,CLI_00940,BR_038,13833.5,Approved,None,2026-03-06
APP_004431,CLI_01462,BR_040,17075.21,Denied,Thin File,2026-07-02
APP_004432,CLI_02832,BR_006,22275.46,Denied,Active Default,2026-06-29
APP_004433,CLI_03141,BR_046,16190.69,Approved,None,2026-06-08
APP_004434,CLI_00901,BR_024,11066.26,Approved,None,2026-07-05
APP_004435,CLI_03241,BR_017,2382.1,Denied,High DTI,2026-05-17
APP_004436,CLI_04517,BR_010,12105.69,Denied,Thin File,2026-05-27
APP_004437,CLI_03167,BR_014,12429.55,Denied,Low Score,2026-04-18
APP_004438,CLI_01014,BR_036,14270.62,Approved,None,2026-04-23
APP_004439,CLI_03966,BR_043,4214.51,Denied,High DTI,2026-04-07
APP_004440,CLI_00464,BR_025,23956.25,Approved,None,2026-04-18
APP_004441,CLI_00619,BR_003,25636.73,Denied,High DTI,2026-05-14
APP_004442,CLI_01722,BR_030,8000.79,Approved,None,2026-03-08
APP_004443,CLI_01696,BR_003,29443.5,Denied,Low Score,2026-03-19
APP_004444,CLI_01049,BR_035,9738.44,Denied,Low Score,2026-03-12
APP_004445,CLI_03431,BR_017,6984.62,Approved,None,2026-05-30
APP_004446,CLI_02527,BR_048,20646.82,Denied,Active Default,2026-03-20
APP_004447,CLI_01910,BR_003,12961.18,Denied,Thin File,2026-08-13
APP_004448,CLI_04461,BR_005,18974.59,Approved,None,2026-05-11
APP_004449,CLI_03800,BR_045,25904.42,Denied,Low Score,2026-04-04
APP_004450,CLI_00272,BR_009,28682.32,Approved,None,2026-08-18
APP_004451,CLI_03558,BR_013,31648.2,Approved,None,2026-04-10
APP_004452,CLI_02129,BR_002,29234.85,Denied,Low Score,2026-05-27
APP_004453,CLI_01559,BR_022,39993.59,Denied,Thin File,2026-08-20
APP_004454,CLI_03411,BR_005,20367.1,Denied,Fraud Suspicion,2026-06-20
APP_004455,CLI_03928,BR_008,11851.16,Denied,Thin File,2026-06-21
APP_004456,CLI_02909,BR_001,10419.05,Approved,None,2026-06-11
APP_004457,CLI_01900,BR_042,13509.53,Denied,Low Score,2026-03-06
APP_004458,CLI_02953,BR_026,4347.69,Denied,Low Score,2026-05-28
APP_004459,CLI_02341,BR_024,10913.31,Denied,Low Score,2026-08-16
APP_004460,CLI_04211,BR_038,48899.46,Denied,Low Score,2026-05-22
APP_004461,CLI_01955,BR_050,34541.02,Denied,Active Default,2026-03-24
APP_004462,CLI_01486,BR_015,34661.12,Approved,None,2026-04-11
APP_004463,CLI_03684,BR_020,8924.86,Approved,None,2026-07-01
APP_004464,CLI_03751,BR_003,8796.37,Approved,None,2026-05-16
APP_004465,CLI_01398,BR_046,6192.93,Denied,Active Default,2026-05-29
APP_004466,CLI_04131,BR_003,14450.08,Denied,High DTI,2026-08-30
APP_004467,CLI_03119,BR_014,2883.22,Denied,Low Score,2026-07-12
APP_004468,CLI_02893,BR_024,5351.17,Denied,Thin File,2026-03-08
APP_004469,CLI_02833,BR_011,34686.95,Approved,None,2026-07-19
APP_004470,CLI_04470,BR_047,22651.49,Approved,None,2026-07-01
APP_004471,CLI_03447,BR_004,10775.56,Denied,Low Score,2026-08-19
APP_004472,CLI_00883,BR_011,42186.7,Denied,Low Score,2026-06-08
APP_004473,CLI_00508,BR_015,6978.54,Approved,None,2026-04-16
APP_004474,CLI_03580,BR_027,47855.99,Denied,Thin File,2026-08-02
APP_004475,CLI_04965,BR_017,9303.42,Approved,None,2026-03-16
APP_004476,CLI_03036,BR_020,20478.12,Denied,Low Score,2026-05-11
APP_004477,CLI_01124,BR_022,49034.91,Denied,Thin File,2026-08-24
APP_004478,CLI_01471,BR_005,13482.11,Denied,High DTI,2026-04-16
APP_004479,CLI_03111,BR_005,19975.35,Denied,Low Score,2026-05-28
APP_004480,CLI_02346,BR_001,40659.84,Denied,High DTI,2026-03-06
APP_004481,CLI_02315,BR_018,16324.11,Denied,Low Score,2026-07-15
APP_004482,CLI_04823,BR_006,13232.9,Denied,High DTI,2026-06-06
APP_004483,CLI_02022,BR_028,45217.97,Denied,Low Score,2026-08-27
APP_004484,CLI_04459,BR_043,37145.94,Denied,Active Default,2026-05-03
APP_004485,CLI_00144,BR_010,23968.97,Denied,Active Default,2026-04-05
APP_004486,CLI_04437,BR_033,16217.69,Approved,None,2026-05-06
APP_004487,CLI_02655,BR_010,7794.08,Denied,Low Score,2026-05-04
APP_004488,CLI_04388,BR_049,32223.74,Approved,None,2026-07-10
APP_004489,CLI_00769,BR_013,37328.97,Approved,None,2026-07-01
APP_004490,CLI_02626,BR_011,11485.1,Denied,High DTI,2026-08-30
APP_004491,CLI_03301,BR_016,1587.84,Approved,None,2026-08-18
APP_004492,CLI_04452,BR_025,37584.29,Denied,Thin File,2026-05-08
APP_004493,CLI_02533,BR_042,6651.38,Denied,Fraud Suspicion,2026-03-23
APP_004494,CLI_00651,BR_020,27300.95,Denied,High DTI,2026-08-27
APP_004495,CLI_04765,BR_001,49901.12,Denied,Low Score,2026-05-05
APP_004496,CLI_01199,BR_005,3122.48,Denied,High DTI,2026-07-01
APP_004497,CLI_04103,BR_020,29581.77,Denied,Low Score,2026-06-14
APP_004498,CLI_02336,BR_045,5337.69,Denied,Low Score,2026-08-25
APP_004499,CLI_04028,BR_033,45086.57,Denied,Low Score,2026-04-15
APP_004500,CLI_04200,BR_037,44377.36,Denied,Active Default,2026-07-18
APP_004501,CLI_00436,BR_006,16943.12,Denied,Low Score,2026-06-12
APP_004502,CLI_03236,BR_005,49515.34,Approved,None,2026-04-08
APP_004503,CLI_03156,BR_042,49964.17,Denied,Thin File,2026-06-10
APP_004504,CLI_00461,BR_014,31339.39,Denied,Active Default,2026-04-29
APP_004505,CLI_01121,BR_050,48792.67,Denied,Thin File,2026-08-19
APP_004506,CLI_03783,BR_016,11437.11,Denied,Low Score,2026-03-18
APP_004507,CLI_03518,BR_033,47375.55,Approved,None,2026-07-01
APP_004508,CLI_01068,BR_040,15299.28,Denied,Active Default,2026-05-02
APP_004509,CLI_00991,BR_018,12270.6,Approved,None,2026-05-04
APP_004510,CLI_01458,BR_024,14687.77,Approved,None,2026-05-17
APP_004511,CLI_03258,BR_040,22886.75,Approved,None,2026-08-28
APP_004512,CLI_00106,BR_019,30603.52,Approved,None,2026-04-27
APP_004513,CLI_02362,BR_001,47292.79,Denied,Thin File,2026-05-20
APP_004514,CLI_04113,BR_004,18438.22,Denied,Thin File,2026-05-11
APP_004515,CLI_03133,BR_035,42405.85,Approved,None,2026-07-05
APP_004516,CLI_02565,BR_032,37239.05,Denied,Thin File,2026-08-18
APP_004517,CLI_03766,BR_040,6349.17,Denied,Thin File,2026-08-31
APP_004518,CLI_04019,BR_028,40497.94,Denied,Low Score,2026-08-18
APP_004519,CLI_04502,BR_019,49427.81,Approved,None,2026-04-02
APP_004520,CLI_02201,BR_024,36564.72,Denied,Fraud Suspicion,2026-04-15
APP_004521,CLI_01379,BR_007,7460.28,Denied,Low Score,2026-08-09
APP_004522,CLI_03487,BR_012,6612.29,Approved,None,2026-03-29
APP_004523,CLI_00610,BR_024,38148.2,Approved,None,2026-08-09
APP_004524,CLI_04453,BR_035,38232.95,Denied,Low Score,2026-06-07
APP_004525,CLI_02693,BR_016,3234.96,Denied,Low Score,2026-06-10
APP_004526,CLI_01899,BR_026,22802.34,Denied,Low Score,2026-07-21
APP_004527,CLI_02408,BR_020,13781.97,Approved,None,2026-06-15
APP_004528,CLI_01358,BR_039,22504.69,Approved,None,2026-06-14
APP_004529,CLI_01606,BR_043,1242.87,Approved,None,2026-05-12
APP_004530,CLI_01911,BR_035,48179.16,Denied,Active Default,2026-05-16
APP_004531,CLI_02108,BR_004,12328.64,Denied,Low Score,2026-05-26
APP_004532,CLI_00905,BR_047,16847.83,Denied,Low Score,2026-05-10
APP_004533,CLI_00926,BR_034,20149.01,Approved,None,2026-03-18
APP_004534,CLI_01616,BR_042,36466.95,Denied,Thin File,2026-08-03
APP_004535,CLI_04670,BR_040,31959.22,Denied,Active Default,2026-08-03
APP_004536,CLI_00311,BR_023,45304.32,Denied,Thin File,2026-03-20
APP_004537,CLI_02016,BR_021,31088.37,Denied,Active Default,2026-03-25
APP_004538,CLI_03876,BR_023,18309.4,Denied,Low Score,2026-04-26
APP_004539,CLI_02378,BR_035,15802.17,Approved,None,2026-03-30
APP_004540,CLI_00280,BR_004,20677.79,Denied,Active Default,2026-04-12
APP_004541,CLI_04471,BR_017,49887.7,Approved,None,2026-05-04
APP_004542,CLI_00928,BR_014,39251.02,Denied,Active Default,2026-04-24
APP_004543,CLI_01062,BR_002,48101.47,Denied,High DTI,2026-03-14
APP_004544,CLI_00292,BR_022,8162.04,Denied,High DTI,2026-07-09
APP_004545,CLI_02296,BR_033,43215.22,Denied,Active Default,2026-05-31
APP_004546,CLI_02587,BR_046,21606.38,Denied,Thin File,2026-04-20
APP_004547,CLI_04489,BR_001,16840.57,Denied,Low Score,2026-05-11
APP_004548,CLI_00290,BR_025,47432.26,Approved,None,2026-04-13
APP_004549,CLI_04974,BR_011,41038.3,Denied,Low Score,2026-05-15
APP_004550,CLI_03822,BR_042,44117.85,Denied,Low Score,2026-03-31
APP_004551,CLI_02831,BR_023,42154.02,Denied,High DTI,2026-05-18
APP_004552,CLI_04953,BR_029,36828.29,Approved,None,2026-03-07
APP_004553,CLI_03738,BR_048,27389.16,Approved,None,2026-06-09
APP_004554,CLI_03351,BR_049,24882.45,Denied,Active Default,2026-06-07
APP_004555,CLI_00341,BR_030,17291.4,Denied,Low Score,2026-06-05
APP_004556,CLI_04963,BR_040,12442.97,Denied,Thin File,2026-06-24
APP_004557,CLI_00256,BR_036,43354.71,Approved,None,2026-06-08
APP_004558,CLI_03388,BR_037,47658.11,Denied,High DTI,2026-05-24
APP_004559,CLI_02032,BR_007,30081.85,Denied,Fraud Suspicion,2026-08-08
APP_004560,CLI_03982,BR_046,43244.16,Denied,Thin File,2026-06-27
APP_004561,CLI_04508,BR_046,46040.55,Approved,None,2026-04-14
APP_004562,CLI_04515,BR_029,42035.87,Denied,Fraud Suspicion,2026-04-14
APP_004563,CLI_04487,BR_027,15174.06,Denied,High DTI,2026-04-05
APP_004564,CLI_00884,BR_008,44665.98,Approved,None,2026-04-27
APP_004565,CLI_00319,BR_050,18041.03,Denied,High DTI,2026-08-22
APP_004566,CLI_04481,BR_030,29434.48,Approved,None,2026-06-23
APP_004567,CLI_04182,BR_021,15341.31,Approved,None,2026-08-08
APP_004568,CLI_03205,BR_012,28169.62,Approved,None,2026-04-13
APP_004569,CLI_01079,BR_028,21955.57,Denied,Low Score,2026-07-28
APP_004570,CLI_01164,BR_030,6087.26,Approved,None,2026-05-24
APP_004571,CLI_03095,BR_047,21779.4,Denied,Low Score,2026-03-21
APP_004572,CLI_02446,BR_020,1116.52,Denied,Low Score,2026-06-17
APP_004573,CLI_02912,BR_042,39378.01,Approved,None,2026-07-23
APP_004574,CLI_04979,BR_014,41233.71,Denied,Active Default,2026-08-18
APP_004575,CLI_01064,BR_048,16034.4,Denied,Thin File,2026-08-14
APP_004576,CLI_03505,BR_006,34832.58,Approved,None,2026-04-30
APP_004577,CLI_02864,BR_041,26911.56,Approved,None,2026-03-09
APP_004578,CLI_01309,BR_026,10432.03,Denied,Low Score,2026-03-19
APP_004579,CLI_00247,BR_008,33113.77,Approved,None,2026-06-05
APP_004580,CLI_00703,BR_011,44516.11,Denied,Active Default,2026-04-27
APP_004581,CLI_03456,BR_035,42814.38,Denied,Fraud Suspicion,2026-07-26
APP_004582,CLI_04769,BR_038,32241.5,Approved,None,2026-05-14
APP_004583,CLI_00480,BR_007,5431.64,Denied,Low Score,2026-04-15
APP_004584,CLI_02648,BR_024,47019.29,Denied,High DTI,2026-06-15
APP_004585,CLI_03455,BR_010,9616.54,Denied,Thin File,2026-03-12
APP_004586,CLI_01017,BR_027,2855.41,Denied,Active Default,2026-08-26
APP_004587,CLI_03793,BR_017,22819.41,Approved,None,2026-08-31
APP_004588,CLI_04651,BR_002,15358.56,Approved,None,2026-05-17
APP_004589,CLI_01943,BR_023,25768.43,Denied,Low Score,2026-06-13
APP_004590,CLI_00893,BR_020,31162.94,Denied,Fraud Suspicion,2026-03-10
APP_004591,CLI_03591,BR_045,2385.57,Denied,Thin File,2026-07-11
APP_004592,CLI_01594,BR_002,15057.24,Denied,Low Score,2026-04-08
APP_004593,CLI_04228,BR_049,21118.65,Denied,High DTI,2026-07-14
APP_004594,CLI_03477,BR_049,8236.08,Approved,None,2026-03-21
APP_004595,CLI_02091,BR_048,19618.15,Denied,High DTI,2026-07-27
APP_004596,CLI_00647,BR_011,25994.88,Denied,Low Score,2026-08-09
APP_004597,CLI_02540,BR_007,23443.74,Denied,Active Default,2026-03-30
APP_004598,CLI_03992,BR_037,7947.76,Denied,Low Score,2026-05-27
APP_004599,CLI_04532,BR_030,3424.55,Approved,None,2026-08-25
APP_004600,CLI_03705,BR_046,37475.8,Denied,Active Default,2026-05-26
APP_004601,CLI_00468,BR_005,19220.9,Denied,High DTI,2026-08-03
APP_004602,CLI_02549,BR_036,27876.37,Approved,None,2026-04-16
APP_004603,CLI_03047,BR_034,32335.14,Denied,High DTI,2026-06-09
APP_004604,CLI_00836,BR_038,3680.09,Denied,Thin File,2026-06-04
APP_004605,CLI_00494,BR_022,49394.52,Approved,None,2026-06-24
APP_004606,CLI_02101,BR_042,39138.48,Denied,Active Default,2026-03-10
APP_004607,CLI_00210,BR_033,8484.88,Approved,None,2026-03-14
APP_004608,CLI_04070,BR_017,7611.79,Approved,None,2026-04-15
APP_004609,CLI_03762,BR_006,41594.47,Approved,None,2026-05-25
APP_004610,CLI_03115,BR_034,2862.07,Denied,Active Default,2026-03-11
APP_004611,CLI_02372,BR_050,38955.44,Denied,Thin File,2026-05-11
APP_004612,CLI_02902,BR_030,13171.15,Denied,Thin File,2026-07-05
APP_004613,CLI_00498,BR_007,3518.58,Approved,None,2026-05-23
APP_004614,CLI_01541,BR_039,28321.11,Approved,None,2026-04-27
APP_004615,CLI_03665,BR_041,48276.24,Approved,None,2026-08-26
APP_004616,CLI_00564,BR_020,9390.26,Denied,High DTI,2026-07-10
APP_004617,CLI_02975,BR_013,21773.52,Denied,Thin File,2026-03-29
APP_004618,CLI_02634,BR_014,48157.85,Denied,Low Score,2026-06-07
APP_004619,CLI_03056,BR_039,30537.89,Approved,None,2026-05-18
APP_004620,CLI_01201,BR_040,2158.69,Denied,High DTI,2026-08-31
APP_004621,CLI_03712,BR_009,28515.91,Approved,None,2026-04-09
APP_004622,CLI_04547,BR_006,38403.46,Denied,Active Default,2026-06-15
APP_004623,CLI_04159,BR_009,36449.8,Approved,None,2026-03-08
APP_004624,CLI_03151,BR_050,15946.31,Denied,Active Default,2026-07-04
APP_004625,CLI_04860,BR_036,28906.48,Denied,Thin File,2026-04-18
APP_004626,CLI_04929,BR_016,42159.63,Approved,None,2026-06-16
APP_004627,CLI_01061,BR_046,40801.64,Approved,None,2026-04-13
APP_004628,CLI_01948,BR_011,21010.96,Approved,None,2026-04-07
APP_004629,CLI_01370,BR_030,41723.79,Denied,High DTI,2026-03-25
APP_004630,CLI_04368,BR_039,38516.01,Denied,Fraud Suspicion,2026-03-09
APP_004631,CLI_02810,BR_021,17105.67,Denied,Thin File,2026-08-15
APP_004632,CLI_03490,BR_032,25889.37,Approved,None,2026-06-25
APP_004633,CLI_03410,BR_044,30093.55,Denied,Active Default,2026-06-19
APP_004634,CLI_02620,BR_002,49837.31,Approved,None,2026-08-07
APP_004635,CLI_00515,BR_044,27279.35,Denied,High DTI,2026-03-14
APP_004636,CLI_03380,BR_048,12578.76,Approved,None,2026-07-05
APP_004637,CLI_03019,BR_010,13547.86,Denied,Active Default,2026-04-24
APP_004638,CLI_00648,BR_013,9843.28,Denied,High DTI,2026-06-01
APP_004639,CLI_03340,BR_016,11333.33,Denied,Low Score,2026-08-17
APP_004640,CLI_02826,BR_023,6398.94,Approved,None,2026-07-14
APP_004641,CLI_03945,BR_031,39614.96,Denied,Low Score,2026-06-24
APP_004642,CLI_04914,BR_014,8301.13,Denied,Low Score,2026-06-05
APP_004643,CLI_03443,BR_001,36187.23,Denied,Low Score,2026-08-06
APP_004644,CLI_01938,BR_036,11953.33,Approved,None,2026-07-21
APP_004645,CLI_02302,BR_015,49577.69,Approved,None,2026-07-04
APP_004646,CLI_04305,BR_028,8350.96,Approved,None,2026-04-15
APP_004647,CLI_03183,BR_020,25483.87,Denied,Thin File,2026-04-24
APP_004648,CLI_01774,BR_031,47234.21,Approved,None,2026-03-18
APP_004649,CLI_01186,BR_023,1926.14,Denied,Fraud Suspicion,2026-03-22
APP_004650,CLI_04501,BR_024,11300.31,Denied,Active Default,2026-05-12
APP_004651,CLI_00333,BR_032,12861.27,Denied,Low Score,2026-05-06
APP_004652,CLI_00953,BR_003,48956.2,Approved,None,2026-08-06
APP_004653,CLI_03464,BR_012,13171.08,Denied,Low Score,2026-04-08
APP_004654,CLI_04692,BR_049,30188.56,Denied,Thin File,2026-07-29
APP_004655,CLI_03398,BR_033,34684.38,Denied,Thin File,2026-08-14
APP_004656,CLI_02093,BR_039,35404.16,Denied,Thin File,2026-03-19
APP_004657,CLI_03217,BR_018,1171.85,Denied,Fraud Suspicion,2026-08-08
APP_004658,CLI_04757,BR_017,24137.41,Approved,None,2026-03-16
APP_004659,CLI_01894,BR_028,40310.9,Denied,High DTI,2026-07-19
APP_004660,CLI_01919,BR_010,15959.25,Denied,Low Score,2026-06-05
APP_004661,CLI_00770,BR_027,45677.52,Denied,Low Score,2026-04-05
APP_004662,CLI_04257,BR_048,2540.53,Denied,Active Default,2026-08-15
APP_004663,CLI_02224,BR_023,31510.16,Denied,Low Score,2026-07-19
APP_004664,CLI_00501,BR_007,4971.14,Denied,Low Score,2026-06-30
APP_004665,CLI_01985,BR_049,48443.6,Approved,None,2026-04-28
APP_004666,CLI_00933,BR_048,13919.35,Approved,None,2026-04-02
APP_004667,CLI_04648,BR_027,48324.92,Denied,High DTI,2026-08-18
APP_004668,CLI_03277,BR_003,5120.39,Denied,Thin File,2026-07-01
APP_004669,CLI_03854,BR_012,24056.93,Denied,Low Score,2026-04-21
APP_004670,CLI_02412,BR_040,29436.69,Denied,Low Score,2026-07-22
APP_004671,CLI_02001,BR_033,43817.4,Approved,None,2026-04-05
APP_004672,CLI_03077,BR_008,18578.23,Denied,Low Score,2026-07-05
APP_004673,CLI_03752,BR_007,11614.16,Approved,None,2026-06-11
APP_004674,CLI_01546,BR_004,45470.72,Denied,Active Default,2026-05-10
APP_004675,CLI_01013,BR_019,25328.7,Approved,None,2026-03-06
APP_004676,CLI_03103,BR_006,35158.91,Approved,None,2026-05-15
APP_004677,CLI_04091,BR_047,43463.95,Approved,None,2026-05-14
APP_004678,CLI_04605,BR_027,5918.95,Denied,Thin File,2026-07-26
APP_004679,CLI_03059,BR_020,2269.11,Approved,None,2026-05-09
APP_004680,CLI_00996,BR_008,41138.9,Approved,None,2026-04-08
APP_004681,CLI_03840,BR_049,17202.01,Denied,Thin File,2026-03-25
APP_004682,CLI_00706,BR_013,42725.99,Denied,High DTI,2026-05-29
APP_004683,CLI_01827,BR_031,14968.16,Denied,Low Score,2026-06-13
APP_004684,CLI_00259,BR_009,14787.48,Approved,None,2026-08-09
APP_004685,CLI_02140,BR_044,36960.99,Denied,Low Score,2026-07-25
APP_004686,CLI_01592,BR_001,49222.7,Approved,None,2026-03-05
APP_004687,CLI_04050,BR_008,41634.94,Denied,Low Score,2026-03-14
APP_004688,CLI_04637,BR_048,11591.48,Denied,Fraud Suspicion,2026-06-24
APP_004689,CLI_03778,BR_022,5257.61,Approved,None,2026-06-30
APP_004690,CLI_02922,BR_010,21306.17,Denied,Thin File,2026-08-29
APP_004691,CLI_04567,BR_002,16638.57,Denied,Low Score,2026-05-07
APP_004692,CLI_00743,BR_013,36444.85,Approved,None,2026-05-30
APP_004693,CLI_02563,BR_028,3941.27,Denied,High DTI,2026-04-10
APP_004694,CLI_02335,BR_027,30552.07,Approved,None,2026-06-20
APP_004695,CLI_00443,BR_038,7551.2,Denied,Low Score,2026-04-26
APP_004696,CLI_04451,BR_007,49557.96,Approved,None,2026-03-31
APP_004697,CLI_04571,BR_026,24694.21,Denied,Low Score,2026-06-07
APP_004698,CLI_04074,BR_017,2226.04,Denied,Low Score,2026-05-05
APP_004699,CLI_00191,BR_049,42936.54,Approved,None,2026-04-22
APP_004700,CLI_01119,BR_040,21330.35,Denied,High DTI,2026-07-23
APP_004701,CLI_04399,BR_016,45893.42,Denied,Thin File,2026-04-17
APP_004702,CLI_01908,BR_047,9339.61,Approved,None,2026-07-27
APP_004703,CLI_02897,BR_008,8271.65,Denied,Low Score,2026-07-15
APP_004704,CLI_02688,BR_003,37449.24,Denied,High DTI,2026-03-28
APP_004705,CLI_01125,BR_027,29499.07,Denied,High DTI,2026-04-13
APP_004706,CLI_04930,BR_044,3810.11,Approved,None,2026-04-02
APP_004707,CLI_03280,BR_014,5433.63,Approved,None,2026-04-22
APP_004708,CLI_00337,BR_029,6130.8,Approved,None,2026-03-10
APP_004709,CLI_02918,BR_009,22260.77,Approved,None,2026-06-01
APP_004710,CLI_02896,BR_027,24231.12,Approved,None,2026-08-01
APP_004711,CLI_01150,BR_035,25993.46,Denied,Active Default,2026-04-15
APP_004712,CLI_04351,BR_013,41129.08,Denied,High DTI,2026-06-24
APP_004713,CLI_00129,BR_049,3559.59,Approved,None,2026-04-08
APP_004714,CLI_03168,BR_028,13883.39,Denied,Low Score,2026-08-24
APP_004715,CLI_02050,BR_003,38196.33,Approved,None,2026-06-20
APP_004716,CLI_04296,BR_030,35954.77,Approved,None,2026-03-09
APP_004717,CLI_00197,BR_043,40997.87,Denied,Low Score,2026-03-30
APP_004718,CLI_01556,BR_050,44200.54,Denied,Low Score,2026-04-30
APP_004719,CLI_03544,BR_011,22165.63,Approved,None,2026-07-11
APP_004720,CLI_03116,BR_038,9556.18,Approved,None,2026-08-25
APP_004721,CLI_01033,BR_019,23730.59,Approved,None,2026-04-26
APP_004722,CLI_04621,BR_006,21863.13,Denied,High DTI,2026-08-30
APP_004723,CLI_02807,BR_009,7041.2,Denied,Low Score,2026-07-11
APP_004724,CLI_02409,BR_034,44713.62,Approved,None,2026-03-08
APP_004725,CLI_03391,BR_044,47371.45,Denied,Active Default,2026-07-08
APP_004726,CLI_01602,BR_011,43480.18,Denied,Low Score,2026-03-28
APP_004727,CLI_03337,BR_021,21421.27,Denied,Low Score,2026-08-01
APP_004728,CLI_00403,BR_002,2010.43,Denied,Active Default,2026-06-10
APP_004729,CLI_04414,BR_030,23908.33,Denied,Low Score,2026-03-14
APP_004730,CLI_01905,BR_035,49247.79,Denied,Low Score,2026-08-10
APP_004731,CLI_00538,BR_033,32122.41,Denied,Low Score,2026-03-18
APP_004732,CLI_04524,BR_033,1201.27,Denied,Active Default,2026-06-05
APP_004733,CLI_04587,BR_020,47000.68,Denied,Thin File,2026-08-13
APP_004734,CLI_00954,BR_018,13360.3,Approved,None,2026-07-09
APP_004735,CLI_01677,BR_013,21616.2,Denied,Active Default,2026-04-03
APP_004736,CLI_02610,BR_042,32522.13,Approved,None,2026-04-23
APP_004737,CLI_02812,BR_032,25236.73,Approved,None,2026-08-24
APP_004738,CLI_00906,BR_004,24125.72,Denied,Low Score,2026-04-06
APP_004739,CLI_02887,BR_033,17406.93,Denied,Low Score,2026-04-15
APP_004740,CLI_03610,BR_033,28193.52,Approved,None,2026-08-02
APP_004741,CLI_02841,BR_039,22879.86,Denied,Low Score,2026-05-01
APP_004742,CLI_03635,BR_026,10475.53,Denied,Low Score,2026-08-15
APP_004743,CLI_01615,BR_010,40664.34,Denied,Active Default,2026-03-15
APP_004744,CLI_02078,BR_049,6516.95,Approved,None,2026-05-14
APP_004745,CLI_02514,BR_042,40211.85,Approved,None,2026-05-09
APP_004746,CLI_00600,BR_024,6015.94,Denied,Thin File,2026-07-12
APP_004747,CLI_04703,BR_016,13630.59,Denied,High DTI,2026-08-12
APP_004748,CLI_04763,BR_031,38384.9,Approved,None,2026-06-28
APP_004749,CLI_00557,BR_027,27021.2,Approved,None,2026-07-24
APP_004750,CLI_04116,BR_046,6185.68,Denied,Low Score,2026-04-01
APP_004751,CLI_04944,BR_035,49293.8,Denied,Active Default,2026-05-05
APP_004752,CLI_00308,BR_046,45763.57,Approved,None,2026-07-06
APP_004753,CLI_01845,BR_032,8796.15,Denied,Active Default,2026-08-03
APP_004754,CLI_01780,BR_035,46114.45,Approved,None,2026-06-19
APP_004755,CLI_04791,BR_019,29358.48,Denied,High DTI,2026-03-20
APP_004756,CLI_02238,BR_042,26157.4,Approved,None,2026-03-27
APP_004757,CLI_02101,BR_004,1520.34,Denied,Fraud Suspicion,2026-04-27
APP_004758,CLI_01393,BR_028,12055.13,Approved,None,2026-03-08
APP_004759,CLI_04017,BR_047,33477.74,Approved,None,2026-07-30
APP_004760,CLI_03985,BR_005,42597.58,Denied,Low Score,2026-04-25
APP_004761,CLI_01855,BR_030,30858.4,Approved,None,2026-04-09
APP_004762,CLI_00132,BR_026,43162.06,Denied,Thin File,2026-08-18
APP_004763,CLI_04507,BR_002,49238.64,Denied,Active Default,2026-06-20
APP_004764,CLI_02677,BR_010,25772.61,Denied,Low Score,2026-05-13
APP_004765,CLI_04456,BR_014,33010.4,Denied,Low Score,2026-06-24
APP_004766,CLI_04339,BR_001,9248.65,Denied,Fraud Suspicion,2026-06-26
APP_004767,CLI_03641,BR_014,28658.74,Approved,None,2026-08-18
APP_004768,CLI_00291,BR_042,46773.51,Denied,Fraud Suspicion,2026-06-09
APP_004769,CLI_00513,BR_046,33814.77,Denied,Thin File,2026-06-15
APP_004770,CLI_00100,BR_045,25440.18,Approved,None,2026-04-07
APP_004771,CLI_02205,BR_011,4049.58,Approved,None,2026-05-08
APP_004772,CLI_01384,BR_021,8065.42,Denied,Active Default,2026-07-08
APP_004773,CLI_04425,BR_025,7515.34,Approved,None,2026-03-21
APP_004774,CLI_00634,BR_041,9736.25,Denied,Fraud Suspicion,2026-08-19
APP_004775,CLI_02387,BR_005,49438.35,Denied,Low Score,2026-07-31
APP_004776,CLI_04715,BR_040,24731.37,Approved,None,2026-08-31
APP_004777,CLI_04478,BR_050,46891.14,Approved,None,2026-05-11
APP_004778,CLI_02513,BR_026,9564.36,Denied,High DTI,2026-05-05
APP_004779,CLI_02629,BR_043,40608.19,Approved,None,2026-07-12
APP_004780,CLI_03213,BR_041,43715.96,Denied,Active Default,2026-04-09
APP_004781,CLI_02343,BR_024,45238.78,Approved,None,2026-07-15
APP_004782,CLI_03867,BR_015,26263.72,Denied,Active Default,2026-03-19
APP_004783,CLI_02984,BR_015,6357.34,Approved,None,2026-08-21
APP_004784,CLI_01904,BR_034,35519.3,Denied,Low Score,2026-08-03
APP_004785,CLI_04107,BR_003,49913.5,Approved,None,2026-08-11
APP_004786,CLI_03934,BR_019,13387.56,Approved,None,2026-08-27
APP_004787,CLI_00280,BR_048,4432.73,Approved,None,2026-07-02
APP_004788,CLI_03250,BR_038,15327.57,Approved,None,2026-04-05
APP_004789,CLI_03040,BR_005,12366.32,Denied,Thin File,2026-08-15
APP_004790,CLI_04543,BR_048,18598.51,Denied,Thin File,2026-05-30
APP_004791,CLI_03618,BR_013,4517.16,Denied,High DTI,2026-05-23
APP_004792,CLI_00470,BR_020,19307.15,Denied,High DTI,2026-06-11
APP_004793,CLI_02005,BR_020,39941.27,Denied,High DTI,2026-07-05
APP_004794,CLI_04039,BR_016,9686.98,Denied,Thin File,2026-03-17
APP_004795,CLI_02783,BR_011,36895.65,Denied,Active Default,2026-07-03
APP_004796,CLI_02943,BR_014,24739.81,Denied,Thin File,2026-07-25
APP_004797,CLI_03126,BR_014,22605.49,Denied,Low Score,2026-08-07
APP_004798,CLI_02678,BR_039,19351.22,Denied,Thin File,2026-04-30
APP_004799,CLI_01148,BR_025,42001.75,Denied,High DTI,2026-07-11
APP_004800,CLI_04340,BR_008,15111.8,Approved,None,2026-07-20
APP_004801,CLI_04957,BR_007,28512.74,Approved,None,2026-03-22
APP_004802,CLI_02422,BR_001,24364.46,Approved,None,2026-05-06
APP_004803,CLI_00112,BR_021,29505.91,Approved,None,2026-03-19
APP_004804,CLI_03269,BR_005,44325.27,Denied,Thin File,2026-06-23
APP_004805,CLI_02573,BR_018,8489.43,Denied,Low Score,2026-06-16
APP_004806,CLI_04325,BR_026,30181.14,Denied,High DTI,2026-03-30
APP_004807,CLI_04986,BR_008,39370.02,Denied,Thin File,2026-06-19
APP_004808,CLI_01759,BR_015,12023.52,Approved,None,2026-04-08
APP_004809,CLI_04418,BR_009,25708.43,Approved,None,2026-07-06
APP_004810,CLI_03650,BR_016,10998.88,Denied,High DTI,2026-04-24
APP_004811,CLI_04306,BR_021,40768.26,Denied,Active Default,2026-04-21
APP_004812,CLI_02012,BR_044,33081.98,Denied,High DTI,2026-03-07
APP_004813,CLI_00635,BR_003,40156.71,Denied,Thin File,2026-04-21
APP_004814,CLI_00608,BR_004,41695.37,Denied,Low Score,2026-06-07
APP_004815,CLI_02038,BR_031,33170.82,Denied,Low Score,2026-03-29
APP_004816,CLI_01921,BR_022,5750.83,Denied,Thin File,2026-03-14
APP_004817,CLI_00206,BR_027,43120.15,Denied,Thin File,2026-05-15
APP_004818,CLI_04433,BR_004,46492.13,Denied,Low Score,2026-06-28
APP_004819,CLI_02960,BR_012,36170.6,Approved,None,2026-08-20
APP_004820,CLI_02165,BR_043,33326.03,Approved,None,2026-07-05
APP_004821,CLI_01204,BR_017,30961.32,Approved,None,2026-04-14
APP_004822,CLI_02192,BR_031,14539.5,Approved,None,2026-04-01
APP_004823,CLI_04729,BR_004,20693.62,Approved,None,2026-08-01
APP_004824,CLI_00140,BR_040,4726.86,Denied,Low Score,2026-03-21
APP_004825,CLI_02063,BR_023,3909.41,Denied,Thin File,2026-08-19
APP_004826,CLI_04073,BR_008,26543.2,Approved,None,2026-04-24
APP_004827,CLI_00927,BR_001,9866.3,Denied,Thin File,2026-08-07
APP_004828,CLI_04784,BR_017,28121.59,Approved,None,2026-08-08
APP_004829,CLI_03654,BR_036,22594.14,Denied,Thin File,2026-05-13
APP_004830,CLI_04251,BR_021,34504.16,Denied,Thin File,2026-07-19
APP_004831,CLI_00399,BR_043,46695.08,Denied,Low Score,2026-08-08
APP_004832,CLI_00344,BR_029,32476.12,Denied,Low Score,2026-04-29
APP_004833,CLI_02149,BR_005,49546.79,Approved,None,2026-08-03
APP_004834,CLI_04234,BR_023,11316.14,Denied,Active Default,2026-05-05
APP_004835,CLI_00880,BR_010,15578.15,Approved,None,2026-03-07
APP_004836,CLI_00273,BR_007,8040.87,Approved,None,2026-08-08
APP_004837,CLI_02852,BR_015,23891.3,Denied,Active Default,2026-07-12
APP_004838,CLI_01730,BR_015,49301.99,Denied,Fraud Suspicion,2026-06-24
APP_004839,CLI_01962,BR_020,8579.57,Denied,High DTI,2026-05-08
APP_004840,CLI_04823,BR_027,21159.28,Denied,Active Default,2026-03-05
APP_004841,CLI_04571,BR_037,47937.39,Denied,Thin File,2026-03-26
APP_004842,CLI_01908,BR_040,34636.75,Approved,None,2026-03-16
APP_004843,CLI_01883,BR_046,27047.62,Denied,High DTI,2026-03-27
APP_004844,CLI_04237,BR_026,45889.86,Denied,Active Default,2026-03-08
APP_004845,CLI_03442,BR_013,24464.05,Denied,Low Score,2026-04-02
APP_004846,CLI_00596,BR_025,22540.77,Denied,Low Score,2026-06-14
APP_004847,CLI_03071,BR_006,22899.25,Approved,None,2026-06-30
APP_004848,CLI_04585,BR_033,8956.32,Denied,Thin File,2026-07-05
APP_004849,CLI_03593,BR_015,6739.27,Denied,Thin File,2026-03-21
APP_004850,CLI_01671,BR_041,28918.57,Denied,Active Default,2026-05-18
APP_004851,CLI_02213,BR_011,29488.31,Denied,Thin File,2026-06-23
APP_004852,CLI_03558,BR_039,41692.97,Denied,Low Score,2026-04-29
APP_004853,CLI_04099,BR_019,19346.27,Denied,Low Score,2026-03-21
APP_004854,CLI_01369,BR_027,30484.07,Approved,None,2026-06-30
APP_004855,CLI_03736,BR_006,12559.44,Denied,Low Score,2026-08-10
APP_004856,CLI_03685,BR_037,27046.14,Denied,Thin File,2026-03-12
APP_004857,CLI_04779,BR_037,49349.53,Approved,None,2026-08-17
APP_004858,CLI_04748,BR_014,40469.26,Denied,Low Score,2026-05-19
APP_004859,CLI_00376,BR_011,32974.17,Denied,Active Default,2026-07-07
APP_004860,CLI_00017,BR_049,35730.89,Approved,None,2026-07-12
APP_004861,CLI_03310,BR_031,40851.06,Denied,High DTI,2026-07-31
APP_004862,CLI_04512,BR_016,12270.9,Denied,Thin File,2026-03-20
APP_004863,CLI_03192,BR_018,23035.55,Denied,High DTI,2026-05-19
APP_004864,CLI_04517,BR_007,31895.68,Denied,Low Score,2026-06-04
APP_004865,CLI_01896,BR_014,44129.32,Denied,Low Score,2026-04-29
APP_004866,CLI_02239,BR_046,32895.73,Denied,High DTI,2026-06-05
APP_004867,CLI_02022,BR_042,23007.92,Denied,High DTI,2026-06-26
APP_004868,CLI_02889,BR_044,18159.89,Denied,Fraud Suspicion,2026-08-25
APP_004869,CLI_00963,BR_045,38406.18,Denied,Low Score,2026-06-07
APP_004870,CLI_01751,BR_032,22939.42,Denied,High DTI,2026-06-03
APP_004871,CLI_00606,BR_018,40359.74,Approved,None,2026-06-30
APP_004872,CLI_01178,BR_010,46435.42,Approved,None,2026-04-08
APP_004873,CLI_01497,BR_005,42219.38,Approved,None,2026-03-25
APP_004874,CLI_01617,BR_018,46402.93,Approved,None,2026-06-25
APP_004875,CLI_00588,BR_026,17029.19,Denied,Thin File,2026-08-02
APP_004876,CLI_01805,BR_006,1397.67,Denied,Thin File,2026-04-09
APP_004877,CLI_04240,BR_027,4638.0,Denied,Low Score,2026-04-29
APP_004878,CLI_02777,BR_035,24710.36,Denied,Active Default,2026-03-07
APP_004879,CLI_04513,BR_041,38654.53,Approved,None,2026-04-16
APP_004880,CLI_01185,BR_010,46455.72,Approved,None,2026-07-03
APP_004881,CLI_02518,BR_019,48283.85,Denied,High DTI,2026-05-04
APP_004882,CLI_00247,BR_022,24201.63,Approved,None,2026-06-26
APP_004883,CLI_02972,BR_038,13584.09,Denied,Active Default,2026-03-20
APP_004884,CLI_01797,BR_029,14526.13,Approved,None,2026-06-20
APP_004885,CLI_02361,BR_022,7227.59,Denied,Thin File,2026-05-31
APP_004886,CLI_02348,BR_019,9194.12,Denied,Low Score,2026-04-25
APP_004887,CLI_00494,BR_011,23081.68,Denied,Fraud Suspicion,2026-06-04
APP_004888,CLI_03451,BR_009,41651.37,Approved,None,2026-06-15
APP_004889,CLI_02234,BR_034,19074.05,Denied,Active Default,2026-05-25
APP_004890,CLI_01171,BR_023,19492.34,Denied,Thin File,2026-05-04
APP_004891,CLI_02376,BR_007,35140.26,Approved,None,2026-07-12
APP_004892,CLI_04707,BR_017,24659.22,Denied,Low Score,2026-07-25
APP_004893,CLI_03090,BR_032,48610.57,Denied,Low Score,2026-07-13
APP_004894,CLI_02145,BR_044,28558.48,Denied,Low Score,2026-07-28
APP_004895,CLI_00769,BR_011,5907.33,Denied,Thin File,2026-06-13
APP_004896,CLI_00084,BR_026,2973.82,Denied,Low Score,2026-05-20
APP_004897,CLI_02685,BR_046,6441.85,Approved,None,2026-07-09
APP_004898,CLI_00661,BR_040,36974.76,Denied,Thin File,2026-03-23
APP_004899,CLI_04916,BR_037,42744.93,Denied,Thin File,2026-06-04
APP_004900,CLI_03806,BR_004,10445.94,Approved,None,2026-03-12
APP_004901,CLI_01568,BR_025,31078.95,Approved,None,2026-08-28
APP_004902,CLI_01495,BR_049,34962.34,Approved,None,2026-06-04
APP_004903,CLI_00142,BR_014,23690.44,Denied,Low Score,2026-08-21
APP_004904,CLI_01210,BR_014,17378.35,Denied,Low Score,2026-04-01
APP_004905,CLI_00086,BR_021,26646.37,Denied,Low Score,2026-05-03
APP_004906,CLI_04665,BR_003,36427.03,Denied,Active Default,2026-04-24
APP_004907,CLI_04131,BR_032,14672.82,Approved,None,2026-04-29
APP_004908,CLI_04633,BR_046,6926.49,Approved,None,2026-07-31
APP_004909,CLI_03693,BR_028,23259.89,Denied,Low Score,2026-08-11
APP_004910,CLI_01016,BR_020,6577.9,Approved,None,2026-08-08
APP_004911,CLI_01738,BR_037,43691.28,Approved,None,2026-07-11
APP_004912,CLI_04703,BR_015,25531.9,Approved,None,2026-06-23
APP_004913,CLI_00522,BR_022,39498.75,Approved,None,2026-06-25
APP_004914,CLI_04422,BR_024,26576.4,Denied,Low Score,2026-05-20
APP_004915,CLI_00806,BR_004,9518.52,Approved,None,2026-08-30
APP_004916,CLI_04509,BR_021,34795.61,Denied,Thin File,2026-04-14
APP_004917,CLI_01800,BR_034,48800.67,Denied,Low Score,2026-04-22
APP_004918,CLI_02035,BR_044,16027.23,Approved,None,2026-05-05
APP_004919,CLI_01459,BR_014,24136.72,Approved,None,2026-03-28
APP_004920,CLI_03814,BR_050,19042.21,Denied,Active Default,2026-08-17
APP_004921,CLI_04151,BR_027,46566.92,Approved,None,2026-04-21
APP_004922,CLI_02313,BR_047,43288.79,Denied,Active Default,2026-07-19
APP_004923,CLI_01122,BR_045,3655.74,Denied,Active Default,2026-07-10
APP_004924,CLI_04274,BR_025,30972.89,Denied,Low Score,2026-04-21
APP_004925,CLI_01157,BR_028,46012.8,Denied,Active Default,2026-04-06
APP_004926,CLI_04165,BR_045,16683.92,Denied,Low Score,2026-07-30
APP_004927,CLI_01396,BR_005,16834.22,Denied,High DTI,2026-04-17
APP_004928,CLI_04567,BR_039,31667.24,Approved,None,2026-05-01
APP_004929,CLI_03675,BR_009,3965.81,Approved,None,2026-04-14
APP_004930,CLI_02998,BR_024,3834.91,Denied,Thin File,2026-04-26
APP_004931,CLI_01866,BR_034,24041.52,Approved,None,2026-08-05
APP_004932,CLI_03989,BR_025,44431.78,Denied,Active Default,2026-08-13
APP_004933,CLI_00086,BR_042,21103.47,Approved,None,2026-03-08
APP_004934,CLI_03292,BR_041,29522.64,Denied,Thin File,2026-03-18
APP_004935,CLI_04680,BR_008,11033.93,Denied,Thin File,2026-03-18
APP_004936,CLI_00810,BR_002,15688.78,Denied,Thin File,2026-08-10
APP_004937,CLI_00139,BR_036,20748.62,Approved,None,2026-06-24
APP_004938,CLI_00019,BR_031,21971.14,Denied,Low Score,2026-04-08
APP_004939,CLI_03925,BR_046,49265.81,Approved,None,2026-04-12
APP_004940,CLI_01956,BR_025,5612.64,Denied,Thin File,2026-03-12
APP_004941,CLI_04642,BR_044,45931.06,Approved,None,2026-03-27
APP_004942,CLI_00605,BR_040,26915.15,Denied,Active Default,2026-03-12
APP_004943,CLI_00203,BR_029,6437.35,Denied,High DTI,2026-06-05
APP_004944,CLI_00660,BR_027,7818.8,Denied,Thin File,2026-05-11
APP_004945,CLI_01561,BR_015,14958.79,Denied,Fraud Suspicion,2026-05-21
APP_004946,CLI_02576,BR_003,2085.48,Approved,None,2026-04-29
APP_004947,CLI_03064,BR_035,36047.13,Approved,None,2026-05-24
APP_004948,CLI_00884,BR_008,30904.8,Approved,None,2026-05-05
APP_004949,CLI_01546,BR_032,30262.96,Denied,Active Default,2026-05-28
APP_004950,CLI_04426,BR_049,38454.5,Denied,Low Score,2026-08-16
APP_004951,CLI_03494,BR_010,15107.98,Denied,Active Default,2026-07-30
APP_004952,CLI_02208,BR_014,11261.46,Denied,Thin File,2026-07-08
APP_004953,CLI_00052,BR_032,3584.79,Denied,Fraud Suspicion,2026-05-03
APP_004954,CLI_04640,BR_006,21101.33,Denied,Low Score,2026-08-19
APP_004955,CLI_01550,BR_032,45342.93,Denied,Thin File,2026-04-26
APP_004956,CLI_02474,BR_021,12110.28,Denied,High DTI,2026-05-22
APP_004957,CLI_04262,BR_046,15284.24,Denied,Low Score,2026-07-18
APP_004958,CLI_01289,BR_044,17245.92,Denied,High DTI,2026-07-19
APP_004959,CLI_01658,BR_043,15395.19,Denied,Thin File,2026-03-14
APP_004960,CLI_04314,BR_001,12551.58,Approved,None,2026-07-14
APP_004961,CLI_02601,BR_041,22638.5,Approved,None,2026-07-20
APP_004962,CLI_02462,BR_001,4567.79,Denied,Low Score,2026-07-03
APP_004963,CLI_02815,BR_020,46408.13,Denied,Low Score,2026-04-09
APP_004964,CLI_03518,BR_017,28576.28,Denied,High DTI,2026-08-06
APP_004965,CLI_04101,BR_046,25541.34,Approved,None,2026-04-06
APP_004966,CLI_03991,BR_044,18689.75,Denied,Thin File,2026-03-08
APP_004967,CLI_03981,BR_026,10029.01,Denied,Active Default,2026-08-05
APP_004968,CLI_03325,BR_047,16474.08,Denied,High DTI,2026-06-19
APP_004969,CLI_01284,BR_015,10345.16,Denied,Thin File,2026-08-29
APP_004970,CLI_02863,BR_023,35803.32,Denied,Active Default,2026-08-31
APP_004971,CLI_03229,BR_043,31017.37,Approved,None,2026-06-20
APP_004972,CLI_03557,BR_021,43556.7,Denied,Low Score,2026-04-03
APP_004973,CLI_02655,BR_027,23543.01,Approved,None,2026-07-19
APP_004974,CLI_00042,BR_007,4558.06,Denied,Low Score,2026-05-28
APP_004975,CLI_01647,BR_040,32273.81,Denied,High DTI,2026-06-17
APP_004976,CLI_01393,BR_039,42559.07,Denied,Active Default,2026-03-15
APP_004977,CLI_00285,BR_007,35962.72,Denied,Low Score,2026-07-25
APP_004978,CLI_04723,BR_029,46899.43,Denied,Active Default,2026-03-15
APP_004979,CLI_02309,BR_041,23072.29,Approved,None,2026-04-24
APP_004980,CLI_03899,BR_024,8350.51,Denied,Low Score,2026-04-20
APP_004981,CLI_00992,BR_041,37425.96,Denied,Thin File,2026-04-28
APP_004982,CLI_03161,BR_002,11382.93,Approved,None,2026-06-12
APP_004983,CLI_01614,BR_016,26947.46,Denied,Active Default,2026-08-09
APP_004984,CLI_03349,BR_025,20941.09,Denied,Active Default,2026-05-03
APP_004985,CLI_01197,BR_025,32976.93,Denied,High DTI,2026-06-24
APP_004986,CLI_04966,BR_022,1255.83,Approved,None,2026-04-24
APP_004987,CLI_03842,BR_011,16329.95,Denied,Active Default,2026-05-27
APP_004988,CLI_01621,BR_001,34759.74,Approved,None,2026-08-12
APP_004989,CLI_00889,BR_022,18532.03,Approved,None,2026-04-17
APP_004990,CLI_02364,BR_010,17400.52,Denied,Active Default,2026-07-01
APP_004991,CLI_03772,BR_046,49174.36,Approved,None,2026-04-05
APP_004992,CLI_02510,BR_035,26990.44,Approved,None,2026-03-18
APP_004993,CLI_04643,BR_029,14616.99,Denied,Low Score,2026-08-23
APP_004994,CLI_02694,BR_044,17474.46,Denied,Thin File,2026-06-26
APP_004995,CLI_00393,BR_015,39605.35,Denied,Thin File,2026-07-06
APP_004996,CLI_03008,BR_039,12518.49,Approved,None,2026-03-06
APP_004997,CLI_04121,BR_034,43105.43,Denied,Low Score,2026-08-21
APP_004998,CLI_00886,BR_013,40384.1,Denied,Thin File,2026-08-23
APP_004999,CLI_02645,BR_041,1847.38,Approved,None,2026-07-03
APP_005000,CLI_03757,BR_032,13437.63,Denied,Low Score,2026-04-03
APP_005001,CLI_03797,BR_021,42558.66,Approved,None,2026-05-04
APP_005002,CLI_04257,BR_016,30589.58,Approved,None,2026-05-18
APP_005003,CLI_02640,BR_008,1996.07,Approved,None,2026-06-06
APP_005004,CLI_04859,BR_015,38687.37,Approved,None,2026-08-02
APP_005005,CLI_03810,BR_031,8182.39,Approved,None,2026-03-29
APP_005006,CLI_01682,BR_009,2301.31,Denied,Low Score,2026-05-09
APP_005007,CLI_01167,BR_040,9050.44,Denied,Low Score,2026-03-22
APP_005008,CLI_01084,BR_011,19675.12,Denied,Active Default,2026-06-09
APP_005009,CLI_00438,BR_023,22378.01,Denied,Active Default,2026-05-31
APP_005010,CLI_02265,BR_001,26331.19,Denied,Low Score,2026-07-18
APP_005011,CLI_01968,BR_002,41434.33,Approved,None,2026-08-25
APP_005012,CLI_01501,BR_036,40590.6,Approved,None,2026-05-30
APP_005013,CLI_03148,BR_019,46550.24,Denied,Low Score,2026-08-12
APP_005014,CLI_02587,BR_036,6929.06,Denied,Low Score,2026-07-17
APP_005015,CLI_02953,BR_002,41802.71,Approved,None,2026-06-09
APP_005016,CLI_01243,BR_018,21587.83,Denied,Low Score,2026-05-28
APP_005017,CLI_00179,BR_024,39111.97,Approved,None,2026-04-07
APP_005018,CLI_03467,BR_001,7888.8,Denied,Low Score,2026-07-09
APP_005019,CLI_03306,BR_024,47633.22,Denied,Low Score,2026-06-17
APP_005020,CLI_03552,BR_020,28180.61,Denied,Low Score,2026-06-10
APP_005021,CLI_01733,BR_049,6197.27,Denied,Fraud Suspicion,2026-08-08
APP_005022,CLI_01210,BR_048,6392.5,Denied,Thin File,2026-07-18
APP_005023,CLI_04053,BR_033,45795.41,Denied,Active Default,2026-08-21
APP_005024,CLI_02707,BR_018,27055.73,Denied,Low Score,2026-06-17
APP_005025,CLI_00100,BR_004,2397.9,Approved,None,2026-06-10
APP_005026,CLI_02691,BR_018,37860.36,Approved,None,2026-03-13
APP_005027,CLI_02594,BR_023,21800.56,Approved,None,2026-07-21
APP_005028,CLI_03599,BR_047,3949.36,Approved,None,2026-07-06
APP_005029,CLI_02667,BR_014,40099.6,Approved,None,2026-04-01
APP_005030,CLI_04131,BR_032,25799.73,Denied,Low Score,2026-06-24
APP_005031,CLI_04390,BR_002,17261.85,Approved,None,2026-06-12
APP_005032,CLI_04357,BR_009,1063.5,Approved,None,2026-04-22
APP_005033,CLI_01417,BR_048,10824.78,Denied,High DTI,2026-08-03
APP_005034,CLI_00844,BR_040,48230.73,Denied,Thin File,2026-03-22
APP_005035,CLI_01701,BR_005,26875.75,Denied,Active Default,2026-08-10
APP_005036,CLI_04671,BR_018,46644.97,Denied,High DTI,2026-05-22
APP_005037,CLI_01169,BR_024,46654.3,Approved,None,2026-06-11
APP_005038,CLI_02844,BR_021,32139.84,Approved,None,2026-03-18
APP_005039,CLI_03334,BR_043,25282.88,Approved,None,2026-03-10
APP_005040,CLI_04866,BR_033,3927.8,Denied,Low Score,2026-04-08
APP_005041,CLI_00989,BR_039,2319.5,Denied,Low Score,2026-07-09
APP_005042,CLI_01679,BR_025,23527.64,Approved,None,2026-05-31
APP_005043,CLI_00408,BR_016,42459.49,Denied,Low Score,2026-06-27
APP_005044,CLI_01893,BR_022,14822.39,Approved,None,2026-05-14
APP_005045,CLI_02053,BR_009,47095.46,Denied,Active Default,2026-05-29
APP_005046,CLI_01887,BR_006,23405.98,Approved,None,2026-07-02
APP_005047,CLI_02842,BR_045,41812.91,Denied,Thin File,2026-03-24
APP_005048,CLI_03164,BR_015,13996.41,Denied,Thin File,2026-05-16
APP_005049,CLI_00855,BR_047,33615.25,Denied,Active Default,2026-08-26
APP_005050,CLI_03064,BR_025,19877.08,Denied,Low Score,2026-07-27
APP_005051,CLI_03987,BR_004,15801.63,Denied,Active Default,2026-03-13
APP_005052,CLI_00094,BR_009,39264.33,Denied,Low Score,2026-03-11
APP_005053,CLI_02104,BR_016,3286.97,Denied,Thin File,2026-06-14
APP_005054,CLI_03423,BR_008,25065.25,Approved,None,2026-08-11
APP_005055,CLI_04221,BR_045,4941.03,Denied,Low Score,2026-05-20
APP_005056,CLI_00348,BR_011,13146.43,Denied,Active Default,2026-05-14
APP_005057,CLI_04704,BR_001,10215.92,Denied,High DTI,2026-06-23
APP_005058,CLI_00991,BR_002,12495.57,Denied,High DTI,2026-03-22
APP_005059,CLI_03429,BR_005,48462.6,Denied,Thin File,2026-06-03
APP_005060,CLI_04710,BR_031,32982.82,Denied,High DTI,2026-04-18
APP_005061,CLI_01251,BR_002,33899.04,Denied,Low Score,2026-07-04
APP_005062,CLI_03292,BR_005,35343.52,Denied,Thin File,2026-03-28
APP_005063,CLI_02515,BR_034,11157.98,Denied,Low Score,2026-03-10
APP_005064,CLI_00665,BR_010,8470.65,Approved,None,2026-08-16
APP_005065,CLI_04525,BR_031,6166.27,Denied,Low Score,2026-05-26
APP_005066,CLI_04319,BR_018,39830.88,Denied,Low Score,2026-07-30
APP_005067,CLI_01255,BR_043,38783.49,Denied,Fraud Suspicion,2026-05-09
APP_005068,CLI_02721,BR_008,1031.79,Denied,Active Default,2026-07-22
APP_005069,CLI_03447,BR_019,48374.0,Denied,Low Score,2026-03-10
APP_005070,CLI_02889,BR_013,48338.42,Denied,Active Default,2026-03-20
APP_005071,CLI_03689,BR_039,30205.32,Denied,Low Score,2026-08-18
APP_005072,CLI_00878,BR_015,2944.85,Approved,None,2026-08-23
APP_005073,CLI_01321,BR_021,21378.48,Denied,High DTI,2026-03-10
APP_005074,CLI_02118,BR_030,30162.07,Denied,Low Score,2026-07-07
APP_005075,CLI_02592,BR_022,13604.56,Approved,None,2026-07-11
APP_005076,CLI_01570,BR_048,9947.47,Approved,None,2026-07-07
APP_005077,CLI_02623,BR_023,30078.95,Denied,Active Default,2026-04-08
APP_005078,CLI_00048,BR_040,32583.53,Denied,High DTI,2026-08-10
APP_005079,CLI_01207,BR_018,28763.12,Approved,None,2026-03-15
APP_005080,CLI_04690,BR_048,26532.15,Approved,None,2026-08-31
APP_005081,CLI_03781,BR_032,13573.52,Denied,Low Score,2026-03-16
APP_005082,CLI_00474,BR_023,31722.95,Approved,None,2026-03-12
APP_005083,CLI_04388,BR_011,10834.38,Approved,None,2026-04-04
APP_005084,CLI_04343,BR_036,1832.07,Denied,Low Score,2026-08-21
APP_005085,CLI_02199,BR_039,8776.31,Denied,Active Default,2026-08-16
APP_005086,CLI_04755,BR_019,47922.19,Denied,Low Score,2026-07-20
APP_005087,CLI_04821,BR_009,23843.16,Denied,Thin File,2026-06-29
APP_005088,CLI_03571,BR_025,10887.85,Approved,None,2026-05-03
APP_005089,CLI_04575,BR_037,26262.08,Denied,Active Default,2026-06-28
APP_005090,CLI_00958,BR_029,2396.74,Approved,None,2026-07-25
APP_005091,CLI_02556,BR_046,23220.25,Approved,None,2026-07-11
APP_005092,CLI_01343,BR_048,3986.33,Denied,Thin File,2026-03-07
APP_005093,CLI_02006,BR_005,6325.1,Denied,Low Score,2026-06-25
APP_005094,CLI_01824,BR_036,3022.86,Denied,Low Score,2026-05-15
APP_005095,CLI_03382,BR_050,36920.5,Approved,None,2026-06-29
APP_005096,CLI_01959,BR_033,16989.98,Approved,None,2026-07-03
APP_005097,CLI_03224,BR_047,21217.21,Approved,None,2026-07-17
APP_005098,CLI_00941,BR_050,46485.7,Approved,None,2026-05-06
APP_005099,CLI_02071,BR_009,20716.57,Approved,None,2026-06-23
APP_005100,CLI_02521,BR_013,48654.44,Denied,High DTI,2026-06-17
APP_005101,CLI_00260,BR_006,46763.92,Approved,None,2026-04-25
APP_005102,CLI_04078,BR_033,36864.39,Approved,None,2026-08-03
APP_005103,CLI_04996,BR_019,4594.92,Denied,Low Score,2026-06-07
APP_005104,CLI_03798,BR_025,28826.53,Denied,Thin File,2026-03-08
APP_005105,CLI_01313,BR_036,48624.96,Denied,Low Score,2026-08-13
APP_005106,CLI_03418,BR_015,17332.23,Denied,Fraud Suspicion,2026-06-22
APP_005107,CLI_00256,BR_009,11369.98,Denied,Low Score,2026-04-01
APP_005108,CLI_03553,BR_047,30623.38,Denied,Fraud Suspicion,2026-04-21
APP_005109,CLI_02451,BR_007,25945.06,Approved,None,2026-07-18
APP_005110,CLI_00874,BR_008,6344.76,Denied,Low Score,2026-06-05
APP_005111,CLI_04397,BR_010,8016.74,Denied,High DTI,2026-05-22
APP_005112,CLI_00126,BR_050,24930.31,Denied,Low Score,2026-08-21
APP_005113,CLI_03604,BR_035,23829.7,Denied,Active Default,2026-03-25
APP_005114,CLI_02389,BR_003,2055.88,Denied,Low Score,2026-04-12
APP_005115,CLI_01197,BR_019,27772.54,Approved,None,2026-07-30
APP_005116,CLI_03049,BR_023,17464.06,Approved,None,2026-04-30
APP_005117,CLI_00518,BR_014,11015.79,Denied,Thin File,2026-06-03
APP_005118,CLI_01753,BR_046,37998.02,Denied,Low Score,2026-06-21
APP_005119,CLI_02119,BR_026,46252.18,Denied,Low Score,2026-07-16
APP_005120,CLI_01421,BR_021,18521.46,Denied,Thin File,2026-03-27
APP_005121,CLI_01389,BR_041,29788.47,Approved,None,2026-06-21
APP_005122,CLI_01011,BR_007,1722.34,Denied,Thin File,2026-04-02
APP_005123,CLI_00610,BR_040,49277.11,Denied,Thin File,2026-07-07
APP_005124,CLI_04775,BR_014,24243.57,Denied,Thin File,2026-08-07
APP_005125,CLI_04327,BR_031,14208.9,Approved,None,2026-04-22
APP_005126,CLI_03493,BR_003,5292.97,Denied,Low Score,2026-06-28
APP_005127,CLI_01862,BR_038,23330.1,Denied,Low Score,2026-08-16
APP_005128,CLI_00889,BR_006,6110.41,Approved,None,2026-06-06
APP_005129,CLI_04303,BR_014,21965.85,Approved,None,2026-08-28
APP_005130,CLI_00121,BR_040,40982.63,Approved,None,2026-04-14
APP_005131,CLI_01730,BR_030,31508.63,Approved,None,2026-07-25
APP_005132,CLI_01778,BR_029,13363.8,Denied,Active Default,2026-03-09
APP_005133,CLI_01891,BR_002,5301.74,Denied,Active Default,2026-07-26
APP_005134,CLI_00047,BR_026,47201.61,Denied,Low Score,2026-06-25
APP_005135,CLI_00073,BR_037,33734.95,Denied,High DTI,2026-08-02
APP_005136,CLI_01544,BR_016,26338.89,Denied,High DTI,2026-04-12
APP_005137,CLI_01496,BR_027,48526.64,Approved,None,2026-03-10
APP_005138,CLI_00256,BR_012,22599.59,Denied,Thin File,2026-06-01
APP_005139,CLI_01447,BR_015,34718.5,Approved,None,2026-06-29
APP_005140,CLI_02883,BR_001,45166.75,Approved,None,2026-04-17
APP_005141,CLI_04964,BR_038,39599.77,Denied,Active Default,2026-04-07
APP_005142,CLI_00227,BR_007,34465.88,Approved,None,2026-07-14
APP_005143,CLI_02065,BR_005,48295.63,Approved,None,2026-08-30
APP_005144,CLI_02829,BR_035,44759.94,Denied,Active Default,2026-08-05
APP_005145,CLI_00068,BR_043,20030.12,Approved,None,2026-05-28
APP_005146,CLI_03139,BR_021,23673.6,Approved,None,2026-05-05
APP_005147,CLI_03059,BR_043,21810.55,Denied,Low Score,2026-08-04
APP_005148,CLI_01219,BR_001,33098.65,Denied,Active Default,2026-08-08
APP_005149,CLI_03989,BR_035,18916.25,Approved,None,2026-08-06
APP_005150,CLI_04176,BR_029,48926.65,Approved,None,2026-03-28
APP_005151,CLI_02937,BR_018,1548.34,Denied,Low Score,2026-05-13
APP_005152,CLI_03450,BR_019,1456.95,Approved,None,2026-04-03
APP_005153,CLI_00433,BR_050,5642.43,Denied,Low Score,2026-06-18
APP_005154,CLI_02958,BR_021,16498.91,Approved,None,2026-05-11
APP_005155,CLI_02245,BR_012,45493.57,Approved,None,2026-08-14
APP_005156,CLI_04732,BR_041,9569.33,Denied,Fraud Suspicion,2026-04-11
APP_005157,CLI_01804,BR_008,48041.59,Denied,High DTI,2026-06-22
APP_005158,CLI_04018,BR_003,48254.13,Denied,Active Default,2026-08-03
APP_005159,CLI_00677,BR_012,11923.4,Approved,None,2026-04-16
APP_005160,CLI_03392,BR_034,16105.29,Denied,High DTI,2026-07-11
APP_005161,CLI_01945,BR_041,49938.73,Approved,None,2026-06-01
APP_005162,CLI_04078,BR_043,4787.36,Denied,High DTI,2026-05-25
APP_005163,CLI_00036,BR_033,40957.36,Denied,Fraud Suspicion,2026-07-19
APP_005164,CLI_00404,BR_005,19189.17,Denied,High DTI,2026-04-08
APP_005165,CLI_02123,BR_046,39902.42,Denied,Low Score,2026-08-30
APP_005166,CLI_02229,BR_048,21336.65,Denied,High DTI,2026-08-30
APP_005167,CLI_02247,BR_037,48510.0,Denied,Low Score,2026-03-24
APP_005168,CLI_04957,BR_001,26808.23,Denied,Low Score,2026-08-09
APP_005169,CLI_04715,BR_026,8317.95,Denied,Low Score,2026-07-14
APP_005170,CLI_02669,BR_008,17330.18,Approved,None,2026-07-19
APP_005171,CLI_01931,BR_017,12668.72,Approved,None,2026-04-01
APP_005172,CLI_03584,BR_049,4940.85,Denied,Thin File,2026-07-19
APP_005173,CLI_04194,BR_015,43490.25,Denied,Low Score,2026-07-31
APP_005174,CLI_03151,BR_017,16275.16,Approved,None,2026-08-14
APP_005175,CLI_02165,BR_007,11096.89,Denied,Low Score,2026-04-29
APP_005176,CLI_01573,BR_037,46228.79,Denied,Low Score,2026-06-19
APP_005177,CLI_00092,BR_040,22285.47,Denied,Low Score,2026-03-11
APP_005178,CLI_04332,BR_010,27166.35,Denied,Low Score,2026-04-14
APP_005179,CLI_04046,BR_022,40328.37,Denied,Low Score,2026-04-05
APP_005180,CLI_02345,BR_005,42342.44,Denied,Low Score,2026-03-22
APP_005181,CLI_00538,BR_050,33355.85,Approved,None,2026-06-24
APP_005182,CLI_00975,BR_033,7228.56,Denied,High DTI,2026-08-10
APP_005183,CLI_00352,BR_036,36941.01,Denied,Active Default,2026-04-16
APP_005184,CLI_01883,BR_040,7094.14,Approved,None,2026-04-18
APP_005185,CLI_04730,BR_023,20222.17,Denied,Low Score,2026-03-20
APP_005186,CLI_00307,BR_021,47335.47,Denied,High DTI,2026-08-07
APP_005187,CLI_03399,BR_024,1304.37,Denied,Fraud Suspicion,2026-04-11
APP_005188,CLI_04702,BR_030,39425.02,Denied,Active Default,2026-07-25
APP_005189,CLI_00137,BR_013,34727.43,Approved,None,2026-07-11
APP_005190,CLI_00467,BR_003,47491.59,Approved,None,2026-05-13
APP_005191,CLI_02598,BR_008,5505.51,Approved,None,2026-06-01
APP_005192,CLI_01016,BR_015,30646.77,Denied,Low Score,2026-08-03
APP_005193,CLI_00369,BR_032,34393.55,Approved,None,2026-03-29
APP_005194,CLI_04614,BR_008,28289.94,Denied,High DTI,2026-05-15
APP_005195,CLI_03067,BR_041,2489.39,Denied,Low Score,2026-04-25
APP_005196,CLI_01072,BR_032,15372.22,Denied,Thin File,2026-08-15
APP_005197,CLI_04975,BR_014,15207.2,Approved,None,2026-04-02
APP_005198,CLI_04283,BR_033,6109.43,Approved,None,2026-06-07
APP_005199,CLI_03695,BR_010,11845.21,Denied,Active Default,2026-04-14
APP_005200,CLI_02260,BR_042,29525.85,Approved,None,2026-05-04
APP_005201,CLI_01253,BR_013,4505.91,Approved,None,2026-06-06
APP_005202,CLI_01667,BR_028,38258.93,Denied,Fraud Suspicion,2026-07-04
APP_005203,CLI_02907,BR_032,37738.24,Denied,Active Default,2026-08-31
APP_005204,CLI_02445,BR_036,8157.14,Denied,Low Score,2026-05-10
APP_005205,CLI_04000,BR_009,25797.1,Denied,Low Score,2026-05-01
APP_005206,CLI_03929,BR_023,11192.35,Denied,High DTI,2026-05-05
APP_005207,CLI_01796,BR_043,5239.94,Approved,None,2026-05-17
APP_005208,CLI_00117,BR_005,6778.64,Denied,Active Default,2026-08-09
APP_005209,CLI_04796,BR_003,44473.34,Approved,None,2026-03-31
APP_005210,CLI_00567,BR_043,16079.51,Denied,Active Default,2026-04-10
APP_005211,CLI_00474,BR_019,48533.21,Denied,Fraud Suspicion,2026-07-11
APP_005212,CLI_03755,BR_032,14432.89,Approved,None,2026-05-16
APP_005213,CLI_02265,BR_022,38807.98,Denied,Thin File,2026-03-21
APP_005214,CLI_03400,BR_009,40536.0,Approved,None,2026-06-07
APP_005215,CLI_03960,BR_001,9656.97,Denied,Thin File,2026-05-10
APP_005216,CLI_01482,BR_017,25065.55,Denied,Thin File,2026-03-13
APP_005217,CLI_00875,BR_010,23742.38,Denied,Low Score,2026-03-16
APP_005218,CLI_02654,BR_046,16910.37,Approved,None,2026-04-09
APP_005219,CLI_01618,BR_022,36297.29,Denied,Thin File,2026-05-15
APP_005220,CLI_01373,BR_048,2213.54,Approved,None,2026-04-07
APP_005221,CLI_03577,BR_025,2262.42,Approved,None,2026-04-18
APP_005222,CLI_01527,BR_006,19699.05,Denied,Thin File,2026-05-22
APP_005223,CLI_02103,BR_006,22032.19,Approved,None,2026-05-17
APP_005224,CLI_02708,BR_002,46617.51,Denied,Active Default,2026-03-19
APP_005225,CLI_00824,BR_048,27170.0,Approved,None,2026-06-25
APP_005226,CLI_01441,BR_048,18608.14,Approved,None,2026-07-05
APP_005227,CLI_00355,BR_050,48153.0,Denied,Thin File,2026-04-28
APP_005228,CLI_02987,BR_049,40285.23,Denied,Low Score,2026-05-19
APP_005229,CLI_01554,BR_038,2554.82,Denied,High DTI,2026-07-23
APP_005230,CLI_03898,BR_046,48763.85,Approved,None,2026-03-29
APP_005231,CLI_01206,BR_049,40650.91,Approved,None,2026-06-26
APP_005232,CLI_01575,BR_049,13787.65,Denied,Thin File,2026-08-27
APP_005233,CLI_04054,BR_044,9540.12,Denied,High DTI,2026-08-24
APP_005234,CLI_02014,BR_049,44887.67,Denied,Thin File,2026-07-29
APP_005235,CLI_01404,BR_014,17203.36,Denied,High DTI,2026-04-07
APP_005236,CLI_04773,BR_015,20401.82,Approved,None,2026-08-13
APP_005237,CLI_02335,BR_046,13251.18,Approved,None,2026-03-14
APP_005238,CLI_02665,BR_012,30742.98,Denied,Low Score,2026-06-27
APP_005239,CLI_02745,BR_002,8582.56,Approved,None,2026-06-22
APP_005240,CLI_04858,BR_030,16913.56,Denied,Thin File,2026-08-13
APP_005241,CLI_04141,BR_038,48693.62,Denied,Low Score,2026-05-03
APP_005242,CLI_03994,BR_015,39308.71,Denied,Low Score,2026-06-22
APP_005243,CLI_02207,BR_033,6023.96,Denied,Thin File,2026-05-26
APP_005244,CLI_02930,BR_040,35535.92,Approved,None,2026-06-07
APP_005245,CLI_03257,BR_020,5490.88,Approved,None,2026-07-24
APP_005246,CLI_02817,BR_034,21523.21,Denied,Low Score,2026-05-09
APP_005247,CLI_03675,BR_011,37907.25,Denied,Low Score,2026-05-22
APP_005248,CLI_03190,BR_005,9388.43,Denied,Active Default,2026-04-18
APP_005249,CLI_00859,BR_038,36198.53,Denied,Thin File,2026-05-03
APP_005250,CLI_02700,BR_048,29049.51,Denied,Active Default,2026-04-16
APP_005251,CLI_04215,BR_035,40681.52,Denied,Low Score,2026-08-10
APP_005252,CLI_00031,BR_036,3740.49,Denied,Thin File,2026-08-21
APP_005253,CLI_00792,BR_042,47090.0,Denied,Thin File,2026-05-11
APP_005254,CLI_01013,BR_017,24306.68,Approved,None,2026-07-12
APP_005255,CLI_01916,BR_041,21602.31,Denied,Low Score,2026-04-12
APP_005256,CLI_02857,BR_032,4036.43,Approved,None,2026-04-28
APP_005257,CLI_04389,BR_030,45988.21,Denied,Thin File,2026-08-06
APP_005258,CLI_02429,BR_034,41757.28,Denied,High DTI,2026-05-01
APP_005259,CLI_03220,BR_020,6450.85,Approved,None,2026-07-04
APP_005260,CLI_00505,BR_041,20685.16,Denied,Thin File,2026-03-25
APP_005261,CLI_04932,BR_016,26210.56,Denied,Low Score,2026-04-02
APP_005262,CLI_02714,BR_007,35635.1,Approved,None,2026-06-11
APP_005263,CLI_00400,BR_045,16050.36,Approved,None,2026-08-28
APP_005264,CLI_02274,BR_022,45957.7,Denied,High DTI,2026-08-19
APP_005265,CLI_02604,BR_036,11656.68,Denied,Active Default,2026-08-18
APP_005266,CLI_04120,BR_050,21285.93,Denied,Active Default,2026-03-06
APP_005267,CLI_00951,BR_033,27498.4,Denied,Thin File,2026-08-12
APP_005268,CLI_02277,BR_003,46168.81,Approved,None,2026-08-30
APP_005269,CLI_02602,BR_003,14716.02,Denied,Thin File,2026-03-29
APP_005270,CLI_03351,BR_017,8332.47,Denied,Low Score,2026-07-08
APP_005271,CLI_01378,BR_022,7208.25,Approved,None,2026-05-10
APP_005272,CLI_00809,BR_040,9638.63,Denied,Low Score,2026-07-24
APP_005273,CLI_00067,BR_010,22790.93,Denied,Low Score,2026-06-27
APP_005274,CLI_00956,BR_036,38170.59,Denied,Thin File,2026-03-07
APP_005275,CLI_00369,BR_003,14637.52,Denied,Low Score,2026-05-03
APP_005276,CLI_03728,BR_021,3216.34,Denied,Low Score,2026-03-15
APP_005277,CLI_02424,BR_034,13303.56,Denied,Low Score,2026-08-24
APP_005278,CLI_02292,BR_019,48752.47,Denied,Thin File,2026-06-10
APP_005279,CLI_02165,BR_043,26558.16,Approved,None,2026-06-29
APP_005280,CLI_01453,BR_028,3638.55,Denied,Thin File,2026-03-12
APP_005281,CLI_00779,BR_001,11650.49,Approved,None,2026-06-29
APP_005282,CLI_01602,BR_001,9167.71,Approved,None,2026-08-28
APP_005283,CLI_01006,BR_049,19458.55,Approved,None,2026-06-23
APP_005284,CLI_02134,BR_028,8290.43,Denied,Low Score,2026-05-17
APP_005285,CLI_01870,BR_044,4289.86,Approved,None,2026-06-21
APP_005286,CLI_04858,BR_043,25507.85,Approved,None,2026-04-26
APP_005287,CLI_00693,BR_042,18044.28,Denied,High DTI,2026-07-11
APP_005288,CLI_00428,BR_015,38102.47,Denied,Low Score,2026-04-06
APP_005289,CLI_04503,BR_004,21622.4,Denied,Thin File,2026-05-09
APP_005290,CLI_01581,BR_018,24374.6,Denied,High DTI,2026-07-02
APP_005291,CLI_02717,BR_041,8410.24,Denied,Active Default,2026-03-11
APP_005292,CLI_02917,BR_006,8165.49,Denied,Low Score,2026-08-26
APP_005293,CLI_00945,BR_034,19995.47,Approved,None,2026-04-07
APP_005294,CLI_00775,BR_038,20185.86,Approved,None,2026-07-04
APP_005295,CLI_04045,BR_006,2437.86,Denied,Low Score,2026-07-16
APP_005296,CLI_02416,BR_006,15140.89,Denied,Low Score,2026-04-21
APP_005297,CLI_03928,BR_049,8303.31,Approved,None,2026-05-18
APP_005298,CLI_03591,BR_048,39495.04,Denied,Thin File,2026-06-08
APP_005299,CLI_00286,BR_023,17577.5,Denied,Low Score,2026-03-22
APP_005300,CLI_03304,BR_032,18967.34,Approved,None,2026-04-07
APP_005301,CLI_03323,BR_045,6677.33,Approved,None,2026-04-22
APP_005302,CLI_04602,BR_008,13778.28,Denied,Fraud Suspicion,2026-04-07
APP_005303,CLI_04063,BR_017,30188.77,Denied,Fraud Suspicion,2026-05-19
APP_005304,CLI_01735,BR_025,46744.23,Approved,None,2026-03-19
APP_005305,CLI_03850,BR_043,35262.0,Denied,Low Score,2026-04-28
APP_005306,CLI_00253,BR_025,15942.31,Denied,Low Score,2026-07-26
APP_005307,CLI_00037,BR_033,30398.89,Approved,None,2026-07-23
APP_005308,CLI_00923,BR_009,33067.33,Denied,Low Score,2026-08-11
APP_005309,CLI_00999,BR_023,9545.79,Approved,None,2026-05-17
APP_005310,CLI_00131,BR_042,22110.61,Approved,None,2026-06-03
APP_005311,CLI_04295,BR_036,3321.36,Denied,Low Score,2026-05-21
APP_005312,CLI_00012,BR_050,5654.55,Approved,None,2026-06-28
APP_005313,CLI_04185,BR_023,47805.41,Approved,None,2026-06-02
APP_005314,CLI_03605,BR_036,47900.69,Approved,None,2026-03-15
APP_005315,CLI_00178,BR_042,32071.87,Approved,None,2026-03-23
APP_005316,CLI_00242,BR_029,45774.27,Approved,None,2026-07-02
APP_005317,CLI_02005,BR_004,1123.94,Denied,Active Default,2026-08-14
APP_005318,CLI_03785,BR_035,24142.51,Denied,Thin File,2026-05-30
APP_005319,CLI_02215,BR_006,27291.42,Approved,None,2026-07-06
APP_005320,CLI_00733,BR_050,10003.23,Approved,None,2026-08-12
APP_005321,CLI_04238,BR_034,5643.35,Approved,None,2026-07-15
APP_005322,CLI_00768,BR_005,39454.61,Denied,Low Score,2026-05-27
APP_005323,CLI_00086,BR_006,13361.35,Denied,Low Score,2026-03-26
APP_005324,CLI_04740,BR_041,21504.94,Denied,High DTI,2026-08-05
APP_005325,CLI_02852,BR_030,25153.17,Denied,Active Default,2026-08-25
APP_005326,CLI_01350,BR_015,22849.48,Approved,None,2026-07-31
APP_005327,CLI_04619,BR_045,4647.41,Denied,High DTI,2026-03-05
APP_005328,CLI_00968,BR_016,30320.55,Approved,None,2026-07-25
APP_005329,CLI_01020,BR_014,5621.9,Approved,None,2026-05-05
APP_005330,CLI_04731,BR_050,37303.67,Denied,Low Score,2026-03-24
APP_005331,CLI_01065,BR_022,45654.51,Denied,Thin File,2026-08-27
APP_005332,CLI_00699,BR_015,42906.71,Denied,Thin File,2026-04-29
APP_005333,CLI_03327,BR_017,27898.79,Approved,None,2026-06-08
APP_005334,CLI_03735,BR_026,17351.52,Denied,High DTI,2026-06-24
APP_005335,CLI_04975,BR_006,21909.47,Denied,Thin File,2026-07-18
APP_005336,CLI_01942,BR_046,3570.29,Denied,Low Score,2026-05-12
APP_005337,CLI_03287,BR_048,39068.6,Approved,None,2026-04-02
APP_005338,CLI_01029,BR_032,38349.72,Approved,None,2026-07-26
APP_005339,CLI_01069,BR_033,7372.81,Denied,High DTI,2026-07-21
APP_005340,CLI_00917,BR_024,10244.19,Denied,Low Score,2026-05-14
APP_005341,CLI_00621,BR_020,27508.94,Denied,Active Default,2026-08-25
APP_005342,CLI_03699,BR_049,25407.73,Approved,None,2026-05-26
APP_005343,CLI_01158,BR_014,19365.42,Approved,None,2026-05-22
APP_005344,CLI_04857,BR_015,38315.51,Denied,Thin File,2026-05-25
APP_005345,CLI_02824,BR_034,42489.75,Denied,Thin File,2026-05-02
APP_005346,CLI_04499,BR_047,32518.96,Denied,Thin File,2026-07-08
APP_005347,CLI_04178,BR_021,11922.5,Denied,Low Score,2026-06-04
APP_005348,CLI_04737,BR_019,45905.47,Approved,None,2026-08-24
APP_005349,CLI_00506,BR_029,49246.2,Approved,None,2026-08-20
APP_005350,CLI_02914,BR_006,24598.32,Denied,Active Default,2026-08-27
APP_005351,CLI_00088,BR_031,16524.12,Approved,None,2026-07-26
APP_005352,CLI_01073,BR_007,49904.86,Denied,Active Default,2026-07-08
APP_005353,CLI_03753,BR_020,19452.88,Denied,Low Score,2026-05-01
APP_005354,CLI_01132,BR_009,20702.78,Approved,None,2026-08-17
APP_005355,CLI_01597,BR_044,22352.65,Denied,Low Score,2026-08-29
APP_005356,CLI_04484,BR_012,22206.23,Approved,None,2026-05-14
APP_005357,CLI_03884,BR_013,18491.03,Approved,None,2026-04-07
APP_005358,CLI_00872,BR_045,16265.09,Approved,None,2026-04-23
APP_005359,CLI_01132,BR_039,14029.87,Denied,Active Default,2026-04-18
APP_005360,CLI_04012,BR_016,5801.54,Denied,Low Score,2026-07-19
APP_005361,CLI_00144,BR_048,33627.31,Denied,Fraud Suspicion,2026-04-17
APP_005362,CLI_04247,BR_018,6142.93,Denied,Fraud Suspicion,2026-05-14
APP_005363,CLI_01396,BR_039,41270.49,Denied,Thin File,2026-05-29
APP_005364,CLI_01145,BR_046,36016.67,Approved,None,2026-07-23
APP_005365,CLI_01581,BR_020,33019.51,Approved,None,2026-05-02
APP_005366,CLI_02628,BR_003,4239.05,Denied,Low Score,2026-08-29
APP_005367,CLI_01892,BR_016,22148.38,Approved,None,2026-03-06
APP_005368,CLI_01461,BR_028,38449.1,Denied,Active Default,2026-08-11
APP_005369,CLI_04935,BR_047,28036.96,Approved,None,2026-06-20
APP_005370,CLI_00934,BR_042,7397.02,Denied,High DTI,2026-04-09
APP_005371,CLI_04512,BR_021,14214.51,Denied,Low Score,2026-06-06
APP_005372,CLI_01279,BR_028,23162.51,Approved,None,2026-05-11
APP_005373,CLI_03006,BR_014,2530.67,Denied,High DTI,2026-03-08
APP_005374,CLI_02238,BR_025,22139.45,Approved,None,2026-08-30
APP_005375,CLI_00363,BR_012,3101.51,Denied,Active Default,2026-03-15
APP_005376,CLI_00422,BR_021,9162.19,Denied,Low Score,2026-04-26
APP_005377,CLI_03233,BR_049,15776.9,Approved,None,2026-08-13
APP_005378,CLI_01368,BR_010,30977.21,Denied,Active Default,2026-03-28
APP_005379,CLI_02201,BR_018,23228.46,Approved,None,2026-07-15
APP_005380,CLI_02615,BR_011,14643.55,Denied,Thin File,2026-07-11
APP_005381,CLI_02275,BR_017,32471.9,Denied,Low Score,2026-06-06
APP_005382,CLI_03493,BR_045,7475.74,Approved,None,2026-08-23
APP_005383,CLI_03129,BR_020,20529.05,Denied,Low Score,2026-07-16
APP_005384,CLI_00585,BR_013,30254.83,Approved,None,2026-08-03
APP_005385,CLI_02415,BR_006,21415.81,Approved,None,2026-05-16
APP_005386,CLI_02861,BR_031,31084.98,Denied,Active Default,2026-07-20
APP_005387,CLI_00722,BR_005,38829.66,Denied,Active Default,2026-06-27
APP_005388,CLI_00878,BR_021,21220.73,Approved,None,2026-08-08
APP_005389,CLI_01463,BR_021,8217.36,Approved,None,2026-07-19
APP_005390,CLI_01232,BR_011,33715.02,Denied,Active Default,2026-07-19
APP_005391,CLI_02018,BR_022,47168.3,Approved,None,2026-03-19
APP_005392,CLI_04647,BR_031,39169.57,Approved,None,2026-03-25
APP_005393,CLI_03418,BR_047,14992.85,Denied,Thin File,2026-07-04
APP_005394,CLI_02808,BR_038,37904.75,Approved,None,2026-05-24
APP_005395,CLI_04418,BR_038,47708.6,Denied,High DTI,2026-08-06
APP_005396,CLI_04776,BR_043,36665.55,Denied,Thin File,2026-08-31
APP_005397,CLI_02728,BR_004,35245.72,Denied,Active Default,2026-06-27
APP_005398,CLI_00397,BR_026,44375.3,Approved,None,2026-06-08
APP_005399,CLI_01877,BR_042,12500.65,Approved,None,2026-06-24
APP_005400,CLI_04994,BR_024,35043.22,Denied,Thin File,2026-04-18
APP_005401,CLI_02573,BR_047,12913.65,Approved,None,2026-06-06
APP_005402,CLI_00506,BR_038,6265.36,Approved,None,2026-06-19
APP_005403,CLI_00223,BR_049,25221.2,Approved,None,2026-04-24
APP_005404,CLI_00733,BR_028,19328.97,Denied,Fraud Suspicion,2026-08-25
APP_005405,CLI_04682,BR_034,49994.64,Approved,None,2026-06-03
APP_005406,CLI_01490,BR_022,29500.49,Approved,None,2026-07-14
APP_005407,CLI_03719,BR_002,4567.27,Approved,None,2026-08-11
APP_005408,CLI_00201,BR_021,6328.36,Approved,None,2026-04-16
APP_005409,CLI_04958,BR_008,14586.61,Approved,None,2026-06-28
APP_005410,CLI_00069,BR_010,7823.11,Approved,None,2026-07-14
APP_005411,CLI_01191,BR_045,37992.16,Denied,Active Default,2026-07-10
APP_005412,CLI_01515,BR_040,11301.2,Denied,High DTI,2026-06-18
APP_005413,CLI_04730,BR_031,15346.89,Denied,High DTI,2026-04-04
APP_005414,CLI_00596,BR_006,15421.32,Denied,Fraud Suspicion,2026-08-09
APP_005415,CLI_00263,BR_048,28141.49,Denied,Low Score,2026-03-08
APP_005416,CLI_01703,BR_048,38122.9,Denied,Low Score,2026-04-24
APP_005417,CLI_02656,BR_019,3017.64,Denied,Thin File,2026-08-14
APP_005418,CLI_01084,BR_031,24398.56,Denied,Fraud Suspicion,2026-03-19
APP_005419,CLI_00848,BR_050,17762.09,Denied,Active Default,2026-07-05
APP_005420,CLI_02173,BR_002,40286.75,Denied,Thin File,2026-04-16
APP_005421,CLI_00798,BR_024,12858.54,Approved,None,2026-05-04
APP_005422,CLI_00227,BR_026,5257.25,Denied,High DTI,2026-04-28
APP_005423,CLI_00020,BR_040,43255.76,Approved,None,2026-03-08
APP_005424,CLI_03963,BR_015,45350.62,Denied,High DTI,2026-06-14
APP_005425,CLI_02051,BR_016,30243.12,Approved,None,2026-03-10
APP_005426,CLI_02346,BR_011,41260.58,Denied,Low Score,2026-04-19
APP_005427,CLI_01452,BR_016,34912.28,Denied,High DTI,2026-04-29
APP_005428,CLI_02390,BR_017,26530.34,Denied,Thin File,2026-04-27
APP_005429,CLI_00571,BR_024,35722.36,Denied,Low Score,2026-04-15
APP_005430,CLI_02553,BR_022,40406.74,Denied,Low Score,2026-03-26
APP_005431,CLI_03067,BR_019,47178.98,Approved,None,2026-06-11
APP_005432,CLI_03801,BR_029,41958.85,Approved,None,2026-06-14
APP_005433,CLI_01857,BR_032,49825.93,Denied,Active Default,2026-05-02
APP_005434,CLI_01556,BR_027,40421.42,Denied,Fraud Suspicion,2026-04-13
APP_005435,CLI_00046,BR_037,22896.41,Denied,Active Default,2026-08-09
APP_005436,CLI_03555,BR_012,49609.08,Denied,High DTI,2026-08-30
APP_005437,CLI_00253,BR_028,42523.11,Denied,Thin File,2026-06-16
APP_005438,CLI_04664,BR_015,2925.19,Denied,Low Score,2026-08-06
APP_005439,CLI_03140,BR_014,33011.72,Denied,Thin File,2026-03-15
APP_005440,CLI_04995,BR_015,28664.19,Approved,None,2026-07-30
APP_005441,CLI_02368,BR_050,27985.88,Denied,Fraud Suspicion,2026-06-17
APP_005442,CLI_04201,BR_009,34195.45,Approved,None,2026-07-05
APP_005443,CLI_00222,BR_045,30314.44,Denied,Active Default,2026-04-03
APP_005444,CLI_00979,BR_010,33367.54,Denied,Thin File,2026-05-15
APP_005445,CLI_03407,BR_025,1714.75,Denied,Thin File,2026-07-12
APP_005446,CLI_00044,BR_034,30662.69,Approved,None,2026-05-14
APP_005447,CLI_01028,BR_013,15794.29,Denied,High DTI,2026-06-27
APP_005448,CLI_01389,BR_008,26245.17,Approved,None,2026-07-06
APP_005449,CLI_01789,BR_016,33742.38,Approved,None,2026-08-14
APP_005450,CLI_03062,BR_044,40418.24,Denied,Thin File,2026-07-09
APP_005451,CLI_01725,BR_037,48870.5,Denied,High DTI,2026-08-27
APP_005452,CLI_03621,BR_024,28384.69,Denied,Low Score,2026-06-05
APP_005453,CLI_01641,BR_027,32521.11,Approved,None,2026-05-19
APP_005454,CLI_03231,BR_028,44246.18,Denied,Low Score,2026-08-14
APP_005455,CLI_02165,BR_049,13376.91,Denied,Thin File,2026-07-24
APP_005456,CLI_03892,BR_001,40715.76,Denied,Thin File,2026-08-19
APP_005457,CLI_03911,BR_030,19051.39,Approved,None,2026-08-09
APP_005458,CLI_03463,BR_033,8216.15,Approved,None,2026-04-09
APP_005459,CLI_02214,BR_032,33450.1,Approved,None,2026-07-11
APP_005460,CLI_01041,BR_040,29892.99,Approved,None,2026-07-23
APP_005461,CLI_01206,BR_018,17045.48,Denied,High DTI,2026-03-07
APP_005462,CLI_03798,BR_045,42127.92,Approved,None,2026-08-26
APP_005463,CLI_03447,BR_047,39608.78,Denied,Low Score,2026-07-15
APP_005464,CLI_00463,BR_002,19320.83,Denied,Active Default,2026-05-08
APP_005465,CLI_01034,BR_001,20478.52,Approved,None,2026-08-30
APP_005466,CLI_00476,BR_044,20478.32,Denied,Active Default,2026-06-08
APP_005467,CLI_04849,BR_047,38883.0,Denied,Low Score,2026-05-14
APP_005468,CLI_01349,BR_041,6520.01,Denied,Fraud Suspicion,2026-05-29
APP_005469,CLI_04609,BR_001,15912.71,Denied,Fraud Suspicion,2026-07-17
APP_005470,CLI_02237,BR_037,18955.95,Approved,None,2026-08-04
APP_005471,CLI_01790,BR_013,26205.66,Denied,Thin File,2026-06-13
APP_005472,CLI_04988,BR_010,40051.45,Denied,Low Score,2026-07-03
APP_005473,CLI_04295,BR_047,32187.69,Approved,None,2026-04-03
APP_005474,CLI_01371,BR_006,26575.21,Approved,None,2026-05-17
APP_005475,CLI_04797,BR_029,38487.41,Denied,Active Default,2026-04-11
APP_005476,CLI_01734,BR_007,22508.02,Approved,None,2026-05-27
APP_005477,CLI_00309,BR_026,26150.69,Approved,None,2026-06-08
APP_005478,CLI_00900,BR_019,7268.98,Approved,None,2026-05-20
APP_005479,CLI_03885,BR_017,11166.72,Denied,High DTI,2026-03-09
APP_005480,CLI_01390,BR_049,35973.27,Denied,Active Default,2026-06-01
APP_005481,CLI_02180,BR_037,14834.78,Approved,None,2026-04-23
APP_005482,CLI_00249,BR_040,18409.9,Approved,None,2026-07-06
APP_005483,CLI_03705,BR_008,20275.0,Approved,None,2026-03-11
APP_005484,CLI_00501,BR_009,44425.34,Denied,Thin File,2026-03-13
APP_005485,CLI_00046,BR_040,35291.04,Denied,High DTI,2026-04-07
APP_005486,CLI_03569,BR_007,5549.45,Denied,High DTI,2026-04-30
APP_005487,CLI_03222,BR_013,24533.89,Approved,None,2026-08-06
APP_005488,CLI_04689,BR_041,26256.89,Approved,None,2026-03-21
APP_005489,CLI_02386,BR_012,13482.08,Denied,Low Score,2026-08-27
APP_005490,CLI_01433,BR_049,4287.29,Denied,Low Score,2026-08-08
APP_005491,CLI_00831,BR_017,7303.12,Approved,None,2026-06-04
APP_005492,CLI_02861,BR_047,12616.0,Approved,None,2026-03-08
APP_005493,CLI_04744,BR_050,2888.38,Denied,Thin File,2026-03-13
APP_005494,CLI_00773,BR_042,31539.0,Denied,Low Score,2026-05-23
APP_005495,CLI_01779,BR_030,47967.92,Denied,Low Score,2026-05-10
APP_005496,CLI_03577,BR_002,16846.26,Denied,Low Score,2026-07-28
APP_005497,CLI_01270,BR_010,32019.36,Approved,None,2026-04-26
APP_005498,CLI_02255,BR_032,22515.42,Denied,Thin File,2026-06-30
APP_005499,CLI_03997,BR_012,21781.5,Approved,None,2026-06-06
APP_005500,CLI_03530,BR_029,16821.65,Approved,None,2026-08-23
APP_005501,CLI_01884,BR_003,43579.0,Approved,None,2026-06-29
APP_005502,CLI_01659,BR_038,27695.78,Approved,None,2026-04-12
APP_005503,CLI_02983,BR_032,28927.9,Denied,High DTI,2026-08-04
APP_005504,CLI_00587,BR_042,23734.25,Approved,None,2026-07-24
APP_005505,CLI_03471,BR_015,5757.79,Denied,Low Score,2026-03-15
APP_005506,CLI_00391,BR_014,42550.55,Approved,None,2026-03-26
APP_005507,CLI_00004,BR_019,24139.39,Denied,Thin File,2026-06-25
APP_005508,CLI_01675,BR_031,29750.92,Approved,None,2026-04-29
APP_005509,CLI_02866,BR_012,7496.5,Approved,None,2026-06-08
APP_005510,CLI_04375,BR_017,32990.78,Approved,None,2026-08-16
APP_005511,CLI_03341,BR_040,10315.45,Approved,None,2026-03-12
APP_005512,CLI_00360,BR_036,44595.52,Denied,Low Score,2026-07-28
APP_005513,CLI_02114,BR_028,19334.5,Denied,Active Default,2026-08-13
APP_005514,CLI_02405,BR_009,45064.83,Approved,None,2026-08-03
APP_005515,CLI_01100,BR_028,42827.26,Approved,None,2026-06-11
APP_005516,CLI_04745,BR_024,49139.53,Approved,None,2026-07-16
APP_005517,CLI_02222,BR_041,39213.64,Denied,Active Default,2026-05-06
APP_005518,CLI_02830,BR_011,7022.47,Denied,Low Score,2026-06-05
APP_005519,CLI_01047,BR_005,1421.49,Approved,None,2026-08-25
APP_005520,CLI_03756,BR_033,44804.46,Denied,Thin File,2026-07-12
APP_005521,CLI_03961,BR_038,5006.21,Approved,None,2026-06-07
APP_005522,CLI_02160,BR_050,28611.3,Denied,Fraud Suspicion,2026-05-01
APP_005523,CLI_00644,BR_030,11374.15,Denied,Thin File,2026-03-16
APP_005524,CLI_01382,BR_013,21102.18,Denied,Active Default,2026-06-19
APP_005525,CLI_03740,BR_040,5133.2,Denied,Active Default,2026-08-02
APP_005526,CLI_01361,BR_036,46699.57,Approved,None,2026-04-25
APP_005527,CLI_04714,BR_018,44068.65,Approved,None,2026-06-30
APP_005528,CLI_02709,BR_047,4726.96,Approved,None,2026-07-17
APP_005529,CLI_02693,BR_001,22107.11,Denied,Thin File,2026-06-18
APP_005530,CLI_03736,BR_022,15500.08,Denied,Thin File,2026-05-07
APP_005531,CLI_04363,BR_047,45548.35,Denied,Thin File,2026-08-19
APP_005532,CLI_01712,BR_030,11758.1,Denied,Thin File,2026-07-09
APP_005533,CLI_00969,BR_013,38730.22,Denied,Low Score,2026-05-29
APP_005534,CLI_02348,BR_001,21759.25,Approved,None,2026-05-07
APP_005535,CLI_03757,BR_009,23356.57,Approved,None,2026-07-29
APP_005536,CLI_03258,BR_020,41197.2,Denied,Low Score,2026-03-19
APP_005537,CLI_02429,BR_024,2324.92,Denied,Thin File,2026-08-21
APP_005538,CLI_00737,BR_041,20138.74,Approved,None,2026-06-25
APP_005539,CLI_00453,BR_008,6903.69,Denied,Low Score,2026-04-10
APP_005540,CLI_02790,BR_049,37623.06,Denied,Low Score,2026-04-01
APP_005541,CLI_03733,BR_009,8510.68,Approved,None,2026-03-11
APP_005542,CLI_03607,BR_035,38576.43,Approved,None,2026-04-18
APP_005543,CLI_00820,BR_034,28671.72,Approved,None,2026-08-28
APP_005544,CLI_01429,BR_004,30693.53,Denied,High DTI,2026-06-17
APP_005545,CLI_03474,BR_012,18962.64,Denied,Thin File,2026-07-08
APP_005546,CLI_01512,BR_022,14465.87,Denied,Low Score,2026-04-27
APP_005547,CLI_00180,BR_045,38974.63,Approved,None,2026-03-31
APP_005548,CLI_03037,BR_022,31201.86,Approved,None,2026-03-09
APP_005549,CLI_04790,BR_023,5763.12,Denied,Active Default,2026-05-21
APP_005550,CLI_01651,BR_007,8454.63,Denied,Active Default,2026-05-27
APP_005551,CLI_04548,BR_043,12591.47,Denied,Low Score,2026-03-28
APP_005552,CLI_00596,BR_010,41821.55,Denied,Low Score,2026-05-31
APP_005553,CLI_03173,BR_038,4872.68,Approved,None,2026-04-06
APP_005554,CLI_00093,BR_032,19716.4,Denied,Low Score,2026-05-13
APP_005555,CLI_00983,BR_019,33726.87,Denied,High DTI,2026-04-21
APP_005556,CLI_02919,BR_019,19333.37,Denied,Low Score,2026-08-28
APP_005557,CLI_03544,BR_012,10991.98,Denied,Thin File,2026-04-10
APP_005558,CLI_02859,BR_019,27874.98,Denied,Low Score,2026-06-12
APP_005559,CLI_00586,BR_036,48251.3,Approved,None,2026-06-10
APP_005560,CLI_01652,BR_033,49674.07,Denied,High DTI,2026-06-27
APP_005561,CLI_02067,BR_006,20468.79,Denied,Low Score,2026-08-07
APP_005562,CLI_03326,BR_002,8153.13,Approved,None,2026-08-28
APP_005563,CLI_03358,BR_033,10599.16,Denied,Thin File,2026-03-12
APP_005564,CLI_01760,BR_027,27982.29,Approved,None,2026-08-04
APP_005565,CLI_02950,BR_023,43399.93,Denied,Active Default,2026-03-28
APP_005566,CLI_00066,BR_020,14299.39,Denied,Low Score,2026-08-27
APP_005567,CLI_04454,BR_050,2925.47,Denied,Low Score,2026-06-29
APP_005568,CLI_00762,BR_003,22583.48,Approved,None,2026-08-01
APP_005569,CLI_03575,BR_002,42710.69,Denied,Low Score,2026-07-07
APP_005570,CLI_02879,BR_039,47248.35,Approved,None,2026-07-17
APP_005571,CLI_01599,BR_015,14378.23,Denied,Thin File,2026-06-14
APP_005572,CLI_03131,BR_020,21253.44,Approved,None,2026-06-18
APP_005573,CLI_03230,BR_045,35588.23,Approved,None,2026-06-09
APP_005574,CLI_02406,BR_026,17860.03,Denied,Low Score,2026-05-27
APP_005575,CLI_03264,BR_018,38237.02,Approved,None,2026-07-01
APP_005576,CLI_02100,BR_023,36774.42,Approved,None,2026-04-05
APP_005577,CLI_02067,BR_005,35256.04,Denied,High DTI,2026-03-08
APP_005578,CLI_00987,BR_003,35515.53,Approved,None,2026-07-14
APP_005579,CLI_02170,BR_019,15717.14,Denied,Low Score,2026-07-28
APP_005580,CLI_00406,BR_039,28582.78,Approved,None,2026-03-22
APP_005581,CLI_02701,BR_008,18044.78,Approved,None,2026-03-16
APP_005582,CLI_02413,BR_035,3165.13,Approved,None,2026-03-07
APP_005583,CLI_01347,BR_045,32700.17,Approved,None,2026-06-01
APP_005584,CLI_03794,BR_047,37366.5,Denied,Low Score,2026-05-22
APP_005585,CLI_02346,BR_050,19118.2,Denied,Low Score,2026-05-23
APP_005586,CLI_04650,BR_026,45926.92,Denied,High DTI,2026-05-01
APP_005587,CLI_00289,BR_014,12912.48,Denied,Fraud Suspicion,2026-08-04
APP_005588,CLI_00204,BR_020,46718.21,Approved,None,2026-05-09
APP_005589,CLI_02960,BR_033,20567.0,Denied,Low Score,2026-03-12
APP_005590,CLI_00546,BR_046,22418.44,Denied,Low Score,2026-06-28
APP_005591,CLI_04206,BR_040,36543.17,Approved,None,2026-07-12
APP_005592,CLI_01823,BR_008,24447.21,Approved,None,2026-03-24
APP_005593,CLI_02128,BR_014,4594.12,Denied,Active Default,2026-03-31
APP_005594,CLI_01135,BR_031,11809.87,Denied,Low Score,2026-07-09
APP_005595,CLI_02706,BR_002,31666.82,Approved,None,2026-05-18
APP_005596,CLI_03798,BR_039,45378.28,Approved,None,2026-04-21
APP_005597,CLI_02120,BR_037,47602.09,Approved,None,2026-04-07
APP_005598,CLI_01109,BR_049,30109.52,Denied,Thin File,2026-04-11
APP_005599,CLI_02861,BR_006,18850.33,Denied,Active Default,2026-08-26
APP_005600,CLI_00341,BR_046,23868.8,Denied,Thin File,2026-03-28
APP_005601,CLI_02390,BR_006,29987.26,Approved,None,2026-03-18
APP_005602,CLI_00385,BR_016,35353.69,Denied,Low Score,2026-07-29
APP_005603,CLI_03724,BR_031,38082.2,Approved,None,2026-07-07
APP_005604,CLI_01789,BR_012,29141.34,Denied,Low Score,2026-08-28
APP_005605,CLI_02920,BR_048,32769.09,Approved,None,2026-07-05
APP_005606,CLI_03433,BR_009,34279.33,Denied,High DTI,2026-07-25
APP_005607,CLI_00308,BR_016,28121.46,Approved,None,2026-05-25
APP_005608,CLI_04807,BR_029,25389.83,Denied,High DTI,2026-03-11
APP_005609,CLI_02284,BR_039,32194.21,Approved,None,2026-05-24
APP_005610,CLI_02863,BR_031,39111.32,Denied,Fraud Suspicion,2026-05-06
APP_005611,CLI_02161,BR_021,31492.85,Denied,Active Default,2026-06-14
APP_005612,CLI_02848,BR_045,38379.32,Denied,Low Score,2026-04-04
APP_005613,CLI_03332,BR_005,14538.73,Denied,Active Default,2026-04-22
APP_005614,CLI_02727,BR_029,38387.01,Denied,Thin File,2026-08-22
APP_005615,CLI_04237,BR_024,22124.52,Denied,High DTI,2026-04-17
APP_005616,CLI_01466,BR_044,25968.53,Denied,Thin File,2026-08-11
APP_005617,CLI_03846,BR_008,32676.4,Approved,None,2026-04-25
APP_005618,CLI_02939,BR_041,24027.62,Approved,None,2026-05-21
APP_005619,CLI_02807,BR_042,25586.2,Denied,Thin File,2026-04-06
APP_005620,CLI_02148,BR_004,49790.08,Denied,Fraud Suspicion,2026-04-23
APP_005621,CLI_02110,BR_043,14259.81,Approved,None,2026-04-07
APP_005622,CLI_04110,BR_029,45472.99,Approved,None,2026-07-09
APP_005623,CLI_02349,BR_043,28913.93,Approved,None,2026-03-14
APP_005624,CLI_04164,BR_040,44926.23,Denied,High DTI,2026-06-01
APP_005625,CLI_02662,BR_047,16627.52,Denied,Fraud Suspicion,2026-06-01
APP_005626,CLI_04184,BR_049,26064.47,Approved,None,2026-04-13
APP_005627,CLI_02925,BR_007,20491.14,Approved,None,2026-03-26
APP_005628,CLI_03247,BR_050,27515.68,Approved,None,2026-05-07
APP_005629,CLI_02851,BR_028,7907.24,Denied,Fraud Suspicion,2026-08-22
APP_005630,CLI_02027,BR_022,37363.46,Denied,Active Default,2026-07-04
APP_005631,CLI_00356,BR_031,15016.46,Denied,Thin File,2026-05-04
APP_005632,CLI_03935,BR_017,7051.72,Denied,Thin File,2026-06-24
APP_005633,CLI_04911,BR_045,28439.65,Denied,High DTI,2026-05-06
APP_005634,CLI_03659,BR_022,9335.21,Approved,None,2026-06-15
APP_005635,CLI_01952,BR_049,47907.56,Denied,Thin File,2026-08-11
APP_005636,CLI_01010,BR_037,17700.82,Approved,None,2026-08-22
APP_005637,CLI_02649,BR_010,44140.24,Denied,Low Score,2026-06-25
APP_005638,CLI_02464,BR_012,21723.31,Approved,None,2026-03-12
APP_005639,CLI_03995,BR_009,34088.36,Denied,Low Score,2026-04-25
APP_005640,CLI_02218,BR_043,30299.08,Approved,None,2026-04-19
APP_005641,CLI_03538,BR_043,24550.14,Approved,None,2026-07-24
APP_005642,CLI_01586,BR_037,48887.18,Approved,None,2026-04-29
APP_005643,CLI_01811,BR_013,8845.85,Approved,None,2026-07-19
APP_005644,CLI_03207,BR_026,24593.35,Denied,Low Score,2026-06-04
APP_005645,CLI_00761,BR_031,40697.8,Approved,None,2026-03-21
APP_005646,CLI_04409,BR_033,19128.97,Approved,None,2026-05-25
APP_005647,CLI_04891,BR_046,38046.84,Denied,Low Score,2026-04-28
APP_005648,CLI_01141,BR_002,28987.28,Denied,Thin File,2026-07-03
APP_005649,CLI_00739,BR_018,43801.72,Denied,Active Default,2026-04-14
APP_005650,CLI_02727,BR_038,12962.92,Approved,None,2026-07-18
APP_005651,CLI_04056,BR_030,28766.59,Approved,None,2026-08-08
APP_005652,CLI_04515,BR_048,5811.59,Denied,Low Score,2026-08-15
APP_005653,CLI_02318,BR_042,2569.24,Denied,Low Score,2026-04-15
APP_005654,CLI_02979,BR_018,44102.56,Approved,None,2026-05-29
APP_005655,CLI_02097,BR_031,5164.93,Denied,Fraud Suspicion,2026-08-29
APP_005656,CLI_00428,BR_007,38420.18,Denied,Thin File,2026-08-05
APP_005657,CLI_03664,BR_035,23614.96,Approved,None,2026-06-06
APP_005658,CLI_03521,BR_010,14597.24,Denied,Thin File,2026-04-07
APP_005659,CLI_00736,BR_022,21176.17,Denied,Low Score,2026-03-20
APP_005660,CLI_04538,BR_032,8017.9,Denied,Thin File,2026-06-04
APP_005661,CLI_03738,BR_010,21760.05,Approved,None,2026-04-04
APP_005662,CLI_03135,BR_033,26037.4,Denied,Thin File,2026-04-13
APP_005663,CLI_00686,BR_049,34951.76,Approved,None,2026-07-04
APP_005664,CLI_04957,BR_023,12498.81,Approved,None,2026-05-08
APP_005665,CLI_01920,BR_026,35261.02,Denied,Fraud Suspicion,2026-04-18
APP_005666,CLI_01817,BR_033,13468.71,Denied,Low Score,2026-06-07
APP_005667,CLI_02869,BR_046,5681.74,Approved,None,2026-06-01
APP_005668,CLI_00612,BR_028,3291.47,Denied,Thin File,2026-07-31
APP_005669,CLI_04630,BR_004,45334.9,Denied,Thin File,2026-05-20
APP_005670,CLI_01523,BR_027,20329.49,Denied,Active Default,2026-07-20
APP_005671,CLI_02667,BR_001,42857.6,Approved,None,2026-07-06
APP_005672,CLI_04184,BR_022,35905.82,Approved,None,2026-04-22
APP_005673,CLI_02159,BR_010,38602.28,Approved,None,2026-03-24
APP_005674,CLI_01715,BR_020,17934.76,Denied,Thin File,2026-04-28
APP_005675,CLI_02899,BR_013,14363.79,Denied,Low Score,2026-05-08
APP_005676,CLI_01555,BR_024,27142.66,Approved,None,2026-07-10
APP_005677,CLI_00691,BR_033,40368.23,Approved,None,2026-08-07
APP_005678,CLI_01452,BR_037,17713.92,Denied,Low Score,2026-03-29
APP_005679,CLI_01176,BR_034,42107.62,Denied,Thin File,2026-08-09
APP_005680,CLI_04667,BR_026,36661.18,Denied,Low Score,2026-03-26
APP_005681,CLI_03693,BR_021,42067.63,Denied,Active Default,2026-07-31
APP_005682,CLI_04184,BR_048,18507.32,Denied,Fraud Suspicion,2026-04-27
APP_005683,CLI_01172,BR_049,39283.98,Denied,High DTI,2026-03-16
APP_005684,CLI_00852,BR_012,46779.23,Denied,High DTI,2026-03-29
APP_005685,CLI_01860,BR_031,21004.72,Approved,None,2026-08-29
APP_005686,CLI_02164,BR_002,31942.49,Approved,None,2026-08-27
APP_005687,CLI_03221,BR_002,15898.25,Denied,Thin File,2026-07-21
APP_005688,CLI_01852,BR_048,44819.54,Denied,Active Default,2026-08-01
APP_005689,CLI_01791,BR_005,43728.19,Denied,Thin File,2026-06-11
APP_005690,CLI_03238,BR_037,25523.13,Approved,None,2026-07-15
APP_005691,CLI_04025,BR_011,3208.06,Denied,Low Score,2026-04-24
APP_005692,CLI_03003,BR_031,24970.16,Denied,Low Score,2026-03-12
APP_005693,CLI_03500,BR_015,21226.44,Denied,Fraud Suspicion,2026-08-30
APP_005694,CLI_00387,BR_040,40142.24,Denied,Thin File,2026-04-16
APP_005695,CLI_04578,BR_012,47572.96,Denied,Low Score,2026-04-25
APP_005696,CLI_00984,BR_010,40177.25,Denied,Low Score,2026-05-08
APP_005697,CLI_00185,BR_046,4317.09,Approved,None,2026-06-21
APP_005698,CLI_00400,BR_047,11347.35,Approved,None,2026-06-24
APP_005699,CLI_04416,BR_018,43449.66,Denied,Thin File,2026-06-24
APP_005700,CLI_02090,BR_036,7667.48,Approved,None,2026-03-22
APP_005701,CLI_03276,BR_037,27817.82,Denied,Active Default,2026-06-10
APP_005702,CLI_01320,BR_002,18193.73,Denied,High DTI,2026-06-18
APP_005703,CLI_00453,BR_046,44971.48,Approved,None,2026-04-01
APP_005704,CLI_04968,BR_019,18249.92,Denied,Low Score,2026-08-20
APP_005705,CLI_04603,BR_046,33745.1,Denied,Thin File,2026-05-02
APP_005706,CLI_02546,BR_006,31656.49,Denied,Fraud Suspicion,2026-03-18
APP_005707,CLI_01460,BR_027,28291.1,Denied,Thin File,2026-05-31
APP_005708,CLI_04510,BR_033,31445.05,Denied,Low Score,2026-05-08
APP_005709,CLI_02460,BR_005,36286.86,Denied,Low Score,2026-07-10
APP_005710,CLI_00789,BR_022,38965.25,Denied,Thin File,2026-03-09
APP_005711,CLI_04601,BR_018,8330.36,Denied,Thin File,2026-04-01
APP_005712,CLI_02934,BR_040,9329.7,Approved,None,2026-05-20
APP_005713,CLI_00138,BR_029,24416.54,Denied,Low Score,2026-06-29
APP_005714,CLI_04994,BR_022,44514.51,Denied,Low Score,2026-05-29
APP_005715,CLI_01113,BR_030,27021.2,Approved,None,2026-06-19
APP_005716,CLI_04501,BR_043,33302.56,Approved,None,2026-03-24
APP_005717,CLI_02306,BR_047,24725.23,Approved,None,2026-04-22
APP_005718,CLI_03393,BR_004,2768.41,Denied,Fraud Suspicion,2026-03-06
APP_005719,CLI_03369,BR_001,33039.87,Denied,Fraud Suspicion,2026-07-07
APP_005720,CLI_02102,BR_045,1940.56,Denied,Low Score,2026-08-24
APP_005721,CLI_03381,BR_007,2671.77,Denied,High DTI,2026-04-06
APP_005722,CLI_03256,BR_018,37749.16,Approved,None,2026-05-20
APP_005723,CLI_02971,BR_026,26900.94,Denied,Low Score,2026-04-03
APP_005724,CLI_04302,BR_009,32667.25,Approved,None,2026-06-30
APP_005725,CLI_02250,BR_037,41983.96,Denied,Low Score,2026-06-27
APP_005726,CLI_03238,BR_035,31396.44,Approved,None,2026-06-11
APP_005727,CLI_02646,BR_027,31926.71,Denied,Fraud Suspicion,2026-08-23
APP_005728,CLI_01499,BR_018,10590.08,Approved,None,2026-07-06
APP_005729,CLI_01293,BR_030,8789.43,Approved,None,2026-03-05
APP_005730,CLI_00472,BR_038,19844.08,Approved,None,2026-07-18
APP_005731,CLI_00609,BR_042,7782.91,Denied,Low Score,2026-04-12
APP_005732,CLI_01508,BR_028,4422.73,Denied,Active Default,2026-08-11
APP_005733,CLI_02776,BR_004,4150.96,Approved,None,2026-04-03
APP_005734,CLI_00222,BR_019,9909.94,Denied,Fraud Suspicion,2026-07-13
APP_005735,CLI_04106,BR_006,8561.41,Approved,None,2026-04-13
APP_005736,CLI_00996,BR_001,28618.49,Denied,Low Score,2026-05-01
APP_005737,CLI_00612,BR_010,10047.08,Denied,Low Score,2026-07-02
APP_005738,CLI_01906,BR_009,44406.21,Approved,None,2026-05-25
APP_005739,CLI_04096,BR_005,19261.19,Denied,Thin File,2026-03-13
APP_005740,CLI_04008,BR_021,7832.78,Denied,Active Default,2026-03-24
APP_005741,CLI_00825,BR_010,41718.37,Denied,Thin File,2026-04-27
APP_005742,CLI_01877,BR_039,16408.2,Denied,Thin File,2026-07-28
APP_005743,CLI_04944,BR_019,2474.46,Denied,Active Default,2026-08-15
APP_005744,CLI_03260,BR_048,21339.59,Approved,None,2026-06-03
APP_005745,CLI_04272,BR_015,22486.33,Approved,None,2026-07-31
APP_005746,CLI_02749,BR_029,40264.19,Approved,None,2026-08-17
APP_005747,CLI_02854,BR_040,49066.57,Approved,None,2026-07-28
APP_005748,CLI_01646,BR_035,23409.38,Approved,None,2026-08-02
APP_005749,CLI_03657,BR_041,36539.42,Denied,Active Default,2026-05-30
APP_005750,CLI_02730,BR_003,38169.86,Approved,None,2026-04-27
APP_005751,CLI_04237,BR_031,23171.42,Approved,None,2026-04-06
APP_005752,CLI_03378,BR_009,36890.69,Approved,None,2026-08-25
APP_005753,CLI_02673,BR_031,12595.26,Approved,None,2026-04-16
APP_005754,CLI_00248,BR_033,7485.3,Denied,Active Default,2026-08-17
APP_005755,CLI_04817,BR_029,12045.6,Denied,High DTI,2026-08-11
APP_005756,CLI_04544,BR_047,37494.55,Approved,None,2026-03-23
APP_005757,CLI_03260,BR_004,29545.38,Approved,None,2026-08-15
APP_005758,CLI_04231,BR_042,21414.19,Approved,None,2026-06-24
APP_005759,CLI_01144,BR_014,36861.47,Denied,High DTI,2026-04-08
APP_005760,CLI_02517,BR_002,6401.65,Denied,Thin File,2026-03-18
APP_005761,CLI_01649,BR_030,30951.18,Denied,Low Score,2026-04-27
APP_005762,CLI_00854,BR_008,29317.2,Denied,Thin File,2026-06-17
APP_005763,CLI_01585,BR_048,48749.93,Denied,High DTI,2026-05-09
APP_005764,CLI_00026,BR_030,21674.22,Approved,None,2026-06-27
APP_005765,CLI_01742,BR_023,40455.13,Denied,Low Score,2026-05-11
APP_005766,CLI_00014,BR_026,26184.3,Approved,None,2026-08-13
APP_005767,CLI_02879,BR_019,35817.05,Approved,None,2026-04-27
APP_005768,CLI_02853,BR_021,17149.42,Denied,High DTI,2026-04-21
APP_005769,CLI_03495,BR_023,9186.39,Denied,Low Score,2026-07-10
APP_005770,CLI_01714,BR_022,44873.55,Denied,Low Score,2026-03-29
APP_005771,CLI_02169,BR_031,49332.64,Denied,Thin File,2026-04-19
APP_005772,CLI_02116,BR_006,31182.26,Approved,None,2026-04-17
APP_005773,CLI_04070,BR_029,5734.14,Denied,Active Default,2026-07-15
APP_005774,CLI_03973,BR_050,14616.32,Approved,None,2026-05-21
APP_005775,CLI_04721,BR_021,49760.45,Approved,None,2026-06-07
APP_005776,CLI_01305,BR_029,12828.89,Denied,Thin File,2026-04-11
APP_005777,CLI_02778,BR_040,47824.07,Approved,None,2026-03-22
APP_005778,CLI_04083,BR_032,14532.44,Denied,Low Score,2026-03-29
APP_005779,CLI_01618,BR_001,32973.92,Denied,Low Score,2026-04-30
APP_005780,CLI_04017,BR_020,30789.2,Denied,High DTI,2026-03-30
APP_005781,CLI_02608,BR_002,44422.68,Denied,Low Score,2026-04-30
APP_005782,CLI_04886,BR_017,2225.34,Approved,None,2026-07-11
APP_005783,CLI_02513,BR_024,43989.88,Denied,Low Score,2026-04-09
APP_005784,CLI_03063,BR_005,36196.67,Approved,None,2026-08-13
APP_005785,CLI_00635,BR_026,8463.57,Denied,Fraud Suspicion,2026-05-27
APP_005786,CLI_00953,BR_044,24485.71,Denied,Low Score,2026-07-05
APP_005787,CLI_00980,BR_036,4623.76,Denied,High DTI,2026-08-18
APP_005788,CLI_02424,BR_035,42210.07,Approved,None,2026-04-10
APP_005789,CLI_03568,BR_033,21545.85,Approved,None,2026-07-20
APP_005790,CLI_03553,BR_010,15551.2,Denied,Low Score,2026-08-20
APP_005791,CLI_00104,BR_038,38954.96,Denied,Thin File,2026-07-02
APP_005792,CLI_04714,BR_020,23875.55,Approved,None,2026-07-24
APP_005793,CLI_00194,BR_005,49384.47,Denied,High DTI,2026-03-06
APP_005794,CLI_02830,BR_009,19165.88,Denied,Low Score,2026-05-16
APP_005795,CLI_02337,BR_027,42881.64,Denied,Thin File,2026-08-23
APP_005796,CLI_01140,BR_013,23838.39,Denied,Thin File,2026-05-16
APP_005797,CLI_01628,BR_050,28883.82,Approved,None,2026-04-24
APP_005798,CLI_04856,BR_016,42071.4,Denied,Active Default,2026-06-30
APP_005799,CLI_03704,BR_038,6548.53,Denied,Low Score,2026-07-23
APP_005800,CLI_02116,BR_033,47315.16,Denied,Fraud Suspicion,2026-07-01
APP_005801,CLI_02749,BR_028,38995.34,Denied,High DTI,2026-06-12
APP_005802,CLI_04345,BR_010,26026.4,Denied,Active Default,2026-06-28
APP_005803,CLI_01678,BR_009,21093.15,Approved,None,2026-08-02
APP_005804,CLI_04811,BR_012,44202.58,Denied,Low Score,2026-05-06
APP_005805,CLI_04172,BR_014,14585.97,Denied,Thin File,2026-07-27
APP_005806,CLI_02621,BR_009,47186.88,Denied,Low Score,2026-08-09
APP_005807,CLI_04633,BR_040,35608.37,Approved,None,2026-07-20
APP_005808,CLI_00689,BR_007,47744.29,Approved,None,2026-04-26
APP_005809,CLI_02535,BR_018,46052.54,Approved,None,2026-05-25
APP_005810,CLI_02378,BR_009,43339.35,Denied,Active Default,2026-06-25
APP_005811,CLI_02919,BR_013,14546.01,Approved,None,2026-05-21
APP_005812,CLI_01213,BR_050,38602.37,Approved,None,2026-06-12
APP_005813,CLI_00218,BR_034,12059.2,Denied,High DTI,2026-05-08
APP_005814,CLI_02057,BR_046,10590.45,Approved,None,2026-05-31
APP_005815,CLI_02252,BR_003,39191.27,Denied,Thin File,2026-03-07
APP_005816,CLI_01033,BR_020,29169.73,Denied,Thin File,2026-05-07
APP_005817,CLI_04909,BR_043,48069.36,Denied,Thin File,2026-05-31
APP_005818,CLI_04234,BR_006,34504.9,Denied,Low Score,2026-08-26
APP_005819,CLI_00703,BR_027,4897.42,Approved,None,2026-08-07
APP_005820,CLI_02940,BR_045,36477.36,Denied,Thin File,2026-08-16
APP_005821,CLI_04510,BR_045,28390.49,Approved,None,2026-06-04
APP_005822,CLI_01805,BR_010,19634.65,Denied,Low Score,2026-08-18
APP_005823,CLI_04863,BR_032,35471.0,Denied,High DTI,2026-08-12
APP_005824,CLI_04975,BR_042,7501.85,Denied,Low Score,2026-04-12
APP_005825,CLI_00098,BR_039,8946.48,Denied,High DTI,2026-06-06
APP_005826,CLI_03648,BR_049,22331.29,Denied,High DTI,2026-05-03
APP_005827,CLI_00135,BR_014,20926.76,Approved,None,2026-07-14
APP_005828,CLI_03202,BR_002,36959.72,Denied,Active Default,2026-06-29
APP_005829,CLI_04112,BR_009,35389.29,Approved,None,2026-05-08
APP_005830,CLI_00007,BR_003,35402.95,Denied,Active Default,2026-05-04
APP_005831,CLI_00560,BR_009,46245.02,Approved,None,2026-08-03
APP_005832,CLI_01906,BR_039,27193.94,Denied,Low Score,2026-04-21
APP_005833,CLI_03679,BR_024,4619.27,Denied,Low Score,2026-08-26
APP_005834,CLI_01815,BR_048,38402.63,Denied,Low Score,2026-04-12
APP_005835,CLI_03108,BR_049,26774.03,Approved,None,2026-06-14
APP_005836,CLI_02552,BR_022,39602.24,Approved,None,2026-05-04
APP_005837,CLI_02367,BR_003,28954.13,Denied,Active Default,2026-06-21
APP_005838,CLI_04386,BR_048,10423.57,Denied,Low Score,2026-08-31
APP_005839,CLI_01619,BR_003,17247.19,Denied,Low Score,2026-06-27
APP_005840,CLI_03828,BR_030,18992.6,Denied,Fraud Suspicion,2026-04-24
APP_005841,CLI_00390,BR_004,18386.01,Approved,None,2026-08-20
APP_005842,CLI_00567,BR_033,38795.51,Denied,Active Default,2026-07-20
APP_005843,CLI_03839,BR_037,23861.14,Approved,None,2026-08-20
APP_005844,CLI_03445,BR_038,16350.68,Approved,None,2026-06-17
APP_005845,CLI_03109,BR_028,45422.38,Denied,Low Score,2026-04-25
APP_005846,CLI_02923,BR_014,42464.94,Denied,Low Score,2026-05-15
APP_005847,CLI_03751,BR_048,5632.44,Denied,High DTI,2026-05-25
APP_005848,CLI_04198,BR_001,33834.35,Denied,Thin File,2026-05-22
APP_005849,CLI_00416,BR_023,5233.9,Approved,None,2026-04-22
APP_005850,CLI_00662,BR_041,44239.33,Approved,None,2026-07-30
APP_005851,CLI_00575,BR_026,36928.53,Denied,Thin File,2026-03-06
APP_005852,CLI_01013,BR_032,47347.99,Denied,Low Score,2026-03-30
APP_005853,CLI_02898,BR_016,11564.85,Denied,Thin File,2026-07-19
APP_005854,CLI_02975,BR_016,17980.82,Approved,None,2026-05-23
APP_005855,CLI_01282,BR_049,29093.5,Denied,High DTI,2026-06-16
APP_005856,CLI_03295,BR_013,46907.32,Denied,Thin File,2026-07-06
APP_005857,CLI_01891,BR_048,1375.25,Denied,Active Default,2026-06-26
APP_005858,CLI_04796,BR_028,42273.09,Denied,Low Score,2026-04-11
APP_005859,CLI_00728,BR_014,37080.48,Denied,Low Score,2026-06-02
APP_005860,CLI_03965,BR_028,21208.03,Denied,High DTI,2026-06-07
APP_005861,CLI_04822,BR_038,42544.76,Approved,None,2026-08-25
APP_005862,CLI_01131,BR_009,2537.32,Approved,None,2026-06-11
APP_005863,CLI_02090,BR_006,7979.29,Approved,None,2026-04-06
APP_005864,CLI_03320,BR_036,7451.58,Denied,Low Score,2026-04-26
APP_005865,CLI_01973,BR_019,35617.72,Denied,High DTI,2026-06-26
APP_005866,CLI_03837,BR_036,1099.21,Approved,None,2026-06-22
APP_005867,CLI_04778,BR_005,23362.07,Approved,None,2026-05-26
APP_005868,CLI_01326,BR_030,9975.36,Denied,Thin File,2026-06-15
APP_005869,CLI_04927,BR_048,40285.62,Denied,Thin File,2026-03-31
APP_005870,CLI_04465,BR_003,21468.12,Denied,Active Default,2026-03-26
APP_005871,CLI_03751,BR_023,23168.87,Denied,High DTI,2026-05-05
APP_005872,CLI_03785,BR_027,30743.0,Approved,None,2026-08-05
APP_005873,CLI_03458,BR_015,7115.05,Approved,None,2026-06-22
APP_005874,CLI_02061,BR_039,31391.56,Approved,None,2026-05-13
APP_005875,CLI_02157,BR_020,5605.23,Approved,None,2026-04-25
APP_005876,CLI_03043,BR_034,26170.97,Denied,High DTI,2026-03-22
APP_005877,CLI_02205,BR_009,41717.85,Denied,High DTI,2026-08-31
APP_005878,CLI_01297,BR_030,46320.13,Approved,None,2026-05-19
APP_005879,CLI_00668,BR_002,31095.39,Approved,None,2026-08-27
APP_005880,CLI_03024,BR_007,45183.39,Denied,Low Score,2026-05-06
APP_005881,CLI_02002,BR_018,45162.72,Denied,Low Score,2026-05-29
APP_005882,CLI_04792,BR_022,39744.68,Approved,None,2026-05-18
APP_005883,CLI_00786,BR_023,9387.25,Denied,High DTI,2026-05-02
APP_005884,CLI_03434,BR_049,17174.62,Approved,None,2026-08-13
APP_005885,CLI_04149,BR_007,2685.46,Denied,High DTI,2026-04-10
APP_005886,CLI_00718,BR_019,6653.85,Denied,Low Score,2026-04-03
APP_005887,CLI_03812,BR_004,38339.05,Denied,Low Score,2026-04-15
APP_005888,CLI_02728,BR_034,47635.15,Denied,Low Score,2026-05-02
APP_005889,CLI_02342,BR_008,13135.05,Denied,Fraud Suspicion,2026-07-07
APP_005890,CLI_04803,BR_001,27799.31,Denied,Active Default,2026-08-01
APP_005891,CLI_00914,BR_003,5585.51,Denied,Low Score,2026-04-03
APP_005892,CLI_03327,BR_019,13077.76,Denied,High DTI,2026-05-02
APP_005893,CLI_03816,BR_039,30122.92,Approved,None,2026-06-20
APP_005894,CLI_02330,BR_021,23413.97,Denied,Low Score,2026-08-08
APP_005895,CLI_02005,BR_047,23691.0,Approved,None,2026-05-11
APP_005896,CLI_00345,BR_004,15739.08,Denied,High DTI,2026-04-12
APP_005897,CLI_03608,BR_005,7344.56,Denied,Low Score,2026-04-02
APP_005898,CLI_03639,BR_019,8948.42,Approved,None,2026-05-22
APP_005899,CLI_00113,BR_028,45580.64,Denied,Low Score,2026-08-02
APP_005900,CLI_00357,BR_043,40942.77,Denied,Fraud Suspicion,2026-05-25
APP_005901,CLI_02621,BR_015,12324.63,Approved,None,2026-05-06
APP_005902,CLI_03551,BR_029,44364.44,Denied,Low Score,2026-08-10
APP_005903,CLI_03468,BR_002,41756.62,Approved,None,2026-05-04
APP_005904,CLI_01237,BR_015,9143.41,Denied,Fraud Suspicion,2026-08-23
APP_005905,CLI_00073,BR_018,19096.05,Denied,High DTI,2026-03-29
APP_005906,CLI_02340,BR_049,1004.57,Denied,Active Default,2026-03-18
APP_005907,CLI_00969,BR_038,10342.29,Approved,None,2026-03-14
APP_005908,CLI_00195,BR_002,33720.04,Approved,None,2026-04-29
APP_005909,CLI_01232,BR_001,25366.52,Denied,Active Default,2026-03-25
APP_005910,CLI_03520,BR_003,5787.19,Approved,None,2026-07-08
APP_005911,CLI_00377,BR_029,44427.04,Approved,None,2026-08-16
APP_005912,CLI_02500,BR_002,6369.76,Approved,None,2026-06-18
APP_005913,CLI_00610,BR_031,37921.1,Approved,None,2026-07-24
APP_005914,CLI_02700,BR_014,6390.05,Denied,Low Score,2026-05-15
APP_005915,CLI_00950,BR_020,13428.61,Denied,Active Default,2026-08-02
APP_005916,CLI_01625,BR_014,13389.68,Approved,None,2026-08-27
APP_005917,CLI_01058,BR_043,3640.55,Denied,Thin File,2026-08-12
APP_005918,CLI_03739,BR_001,49925.21,Denied,Fraud Suspicion,2026-03-08
APP_005919,CLI_03830,BR_038,18215.29,Denied,Fraud Suspicion,2026-07-28
APP_005920,CLI_00170,BR_010,48992.58,Denied,Active Default,2026-07-09
APP_005921,CLI_00385,BR_044,4170.39,Denied,Low Score,2026-08-20
APP_005922,CLI_00238,BR_033,31298.97,Denied,Thin File,2026-07-20
APP_005923,CLI_03162,BR_031,26159.68,Denied,Thin File,2026-06-17
APP_005924,CLI_03050,BR_003,15238.83,Approved,None,2026-03-29
APP_005925,CLI_02032,BR_010,15473.5,Denied,High DTI,2026-05-23
APP_005926,CLI_01171,BR_004,43873.93,Denied,High DTI,2026-06-12
APP_005927,CLI_03634,BR_026,23475.83,Denied,Low Score,2026-03-15
APP_005928,CLI_02293,BR_012,45488.07,Denied,Low Score,2026-08-06
APP_005929,CLI_00730,BR_007,13561.51,Denied,Thin File,2026-08-11
APP_005930,CLI_03768,BR_037,44099.55,Approved,None,2026-05-31
APP_005931,CLI_04286,BR_004,29194.46,Approved,None,2026-05-20
APP_005932,CLI_00454,BR_018,19575.19,Approved,None,2026-05-20
APP_005933,CLI_01776,BR_036,4221.28,Approved,None,2026-04-28
APP_005934,CLI_04229,BR_012,33532.64,Approved,None,2026-04-07
APP_005935,CLI_00083,BR_020,47143.14,Denied,Active Default,2026-06-20
APP_005936,CLI_04475,BR_032,7715.62,Denied,Low Score,2026-06-16
APP_005937,CLI_04013,BR_023,37343.64,Denied,Active Default,2026-08-14
APP_005938,CLI_02089,BR_006,22939.39,Denied,Fraud Suspicion,2026-08-11
APP_005939,CLI_04338,BR_038,36825.86,Denied,Low Score,2026-03-24
APP_005940,CLI_02161,BR_008,16918.83,Denied,Active Default,2026-06-22
APP_005941,CLI_01415,BR_005,34076.76,Denied,Thin File,2026-04-20
APP_005942,CLI_03836,BR_011,49647.69,Denied,Low Score,2026-04-04
APP_005943,CLI_04265,BR_046,5447.89,Denied,Low Score,2026-04-18
APP_005944,CLI_00387,BR_009,28385.33,Approved,None,2026-08-04
APP_005945,CLI_04005,BR_008,47712.65,Denied,Active Default,2026-06-10
APP_005946,CLI_03030,BR_019,36881.13,Denied,Active Default,2026-07-11
APP_005947,CLI_04113,BR_030,49645.64,Approved,None,2026-06-09
APP_005948,CLI_01435,BR_032,3594.13,Denied,Thin File,2026-03-24
APP_005949,CLI_04888,BR_033,7924.22,Denied,Low Score,2026-06-09
APP_005950,CLI_04421,BR_011,30414.11,Approved,None,2026-03-28
APP_005951,CLI_04179,BR_045,46611.8,Approved,None,2026-08-19
APP_005952,CLI_01926,BR_012,25419.59,Denied,High DTI,2026-03-09
APP_005953,CLI_01603,BR_047,37139.62,Denied,Thin File,2026-05-07
APP_005954,CLI_03551,BR_025,8232.45,Approved,None,2026-06-09
APP_005955,CLI_00323,BR_022,29879.15,Denied,Low Score,2026-05-19
APP_005956,CLI_00506,BR_034,29595.05,Denied,Thin File,2026-03-12
APP_005957,CLI_03535,BR_033,41206.94,Denied,Thin File,2026-08-17
APP_005958,CLI_04297,BR_002,33835.45,Denied,Thin File,2026-08-23
APP_005959,CLI_01217,BR_047,45516.22,Denied,Thin File,2026-04-16
APP_005960,CLI_00317,BR_011,22311.58,Approved,None,2026-07-28
APP_005961,CLI_03954,BR_036,23588.86,Approved,None,2026-05-04
APP_005962,CLI_04552,BR_035,36280.43,Denied,Thin File,2026-04-05
APP_005963,CLI_04896,BR_004,11398.39,Denied,Low Score,2026-03-05
APP_005964,CLI_02900,BR_021,38503.61,Approved,None,2026-04-02
APP_005965,CLI_03065,BR_016,21455.32,Denied,Thin File,2026-07-29
APP_005966,CLI_02546,BR_004,47648.08,Approved,None,2026-05-05
APP_005967,CLI_03192,BR_018,23465.99,Denied,Low Score,2026-05-18
APP_005968,CLI_00238,BR_016,42757.22,Denied,High DTI,2026-03-12
APP_005969,CLI_00187,BR_035,29581.19,Denied,Active Default,2026-06-14
APP_005970,CLI_03389,BR_023,3911.71,Approved,None,2026-05-05
APP_005971,CLI_03970,BR_040,15256.6,Denied,Active Default,2026-07-23
APP_005972,CLI_00545,BR_043,36088.31,Denied,Low Score,2026-05-02
APP_005973,CLI_02524,BR_045,26050.97,Approved,None,2026-05-24
APP_005974,CLI_01957,BR_035,17114.75,Denied,Low Score,2026-05-31
APP_005975,CLI_00873,BR_038,41439.57,Approved,None,2026-05-07
APP_005976,CLI_00257,BR_035,39006.71,Denied,Fraud Suspicion,2026-08-13
APP_005977,CLI_04815,BR_003,15510.94,Approved,None,2026-05-15
APP_005978,CLI_04581,BR_015,6591.55,Denied,High DTI,2026-07-01
APP_005979,CLI_03955,BR_007,21649.07,Denied,Low Score,2026-04-29
APP_005980,CLI_01297,BR_013,34760.63,Approved,None,2026-06-14
APP_005981,CLI_00570,BR_001,33069.74,Denied,Thin File,2026-06-13
APP_005982,CLI_03651,BR_041,4590.05,Denied,Low Score,2026-07-01
APP_005983,CLI_02872,BR_032,20526.23,Approved,None,2026-06-14
APP_005984,CLI_02247,BR_042,20216.4,Approved,None,2026-04-25
APP_005985,CLI_00075,BR_012,22866.15,Approved,None,2026-04-20
APP_005986,CLI_04039,BR_036,9275.74,Denied,Thin File,2026-06-10
APP_005987,CLI_02234,BR_009,11618.05,Denied,Active Default,2026-07-20
APP_005988,CLI_02315,BR_031,10989.79,Denied,High DTI,2026-07-18
APP_005989,CLI_00034,BR_042,3174.82,Denied,Thin File,2026-03-06
APP_005990,CLI_01925,BR_008,45663.39,Approved,None,2026-05-10
APP_005991,CLI_01598,BR_024,43592.88,Denied,High DTI,2026-08-12
APP_005992,CLI_00116,BR_005,24472.03,Denied,Low Score,2026-08-19
APP_005993,CLI_01095,BR_016,23188.56,Denied,High DTI,2026-07-12
APP_005994,CLI_03200,BR_029,41961.84,Approved,None,2026-06-25
APP_005995,CLI_01993,BR_032,35084.03,Approved,None,2026-03-21
APP_005996,CLI_04614,BR_038,25390.6,Approved,None,2026-06-20
APP_005997,CLI_00445,BR_020,9364.6,Denied,High DTI,2026-06-22
APP_005998,CLI_00245,BR_044,42197.12,Approved,None,2026-07-26
APP_005999,CLI_03117,BR_044,37556.41,Approved,None,2026-08-07
APP_006000,CLI_04248,BR_050,12199.86,Denied,High DTI,2026-06-02
APP_006001,CLI_04188,BR_031,29620.08,Approved,None,2026-04-23
APP_006002,CLI_04781,BR_021,20715.95,Approved,None,2026-07-21
APP_006003,CLI_03759,BR_029,41367.58,Denied,Low Score,2026-08-15
APP_006004,CLI_03574,BR_025,6426.96,Approved,None,2026-07-24
APP_006005,CLI_04420,BR_020,7728.82,Denied,High DTI,2026-04-18
APP_006006,CLI_01824,BR_039,38681.72,Denied,Low Score,2026-06-25
APP_006007,CLI_04317,BR_037,16563.8,Approved,None,2026-05-10
APP_006008,CLI_03940,BR_041,38145.27,Denied,Low Score,2026-04-11
APP_006009,CLI_00666,BR_006,31965.2,Denied,Low Score,2026-08-03
APP_006010,CLI_03368,BR_031,31642.39,Denied,High DTI,2026-06-03
APP_006011,CLI_04834,BR_036,12694.31,Approved,None,2026-05-25
APP_006012,CLI_03339,BR_028,2338.82,Approved,None,2026-07-15
APP_006013,CLI_02103,BR_011,26871.2,Denied,Thin File,2026-04-10
APP_006014,CLI_04394,BR_025,42375.45,Denied,Thin File,2026-06-16
APP_006015,CLI_02164,BR_039,28100.57,Approved,None,2026-07-22
APP_006016,CLI_02974,BR_008,47527.04,Approved,None,2026-04-24
APP_006017,CLI_00955,BR_013,20718.29,Denied,High DTI,2026-08-14
APP_006018,CLI_03069,BR_040,37412.56,Approved,None,2026-04-30
APP_006019,CLI_01797,BR_029,36923.5,Denied,Thin File,2026-05-13
APP_006020,CLI_02212,BR_042,28885.25,Denied,Thin File,2026-03-26
APP_006021,CLI_03446,BR_006,23451.29,Denied,Fraud Suspicion,2026-03-17
APP_006022,CLI_03720,BR_044,20091.69,Approved,None,2026-05-06
APP_006023,CLI_04042,BR_004,17248.84,Approved,None,2026-08-13
APP_006024,CLI_03092,BR_003,28036.35,Denied,Active Default,2026-03-31
APP_006025,CLI_00804,BR_047,42333.37,Denied,Fraud Suspicion,2026-08-16
APP_006026,CLI_03684,BR_039,25138.75,Denied,Low Score,2026-04-30
APP_006027,CLI_02877,BR_027,17466.26,Denied,Low Score,2026-06-28
APP_006028,CLI_02160,BR_043,39655.48,Approved,None,2026-05-06
APP_006029,CLI_04474,BR_034,27638.34,Approved,None,2026-06-07
APP_006030,CLI_03117,BR_046,26726.34,Denied,High DTI,2026-03-11
APP_006031,CLI_04982,BR_006,1197.17,Denied,Thin File,2026-03-17
APP_006032,CLI_02774,BR_042,35884.49,Denied,Low Score,2026-03-26
APP_006033,CLI_00758,BR_049,12611.12,Approved,None,2026-07-04
APP_006034,CLI_03524,BR_001,16162.4,Denied,Fraud Suspicion,2026-04-14
APP_006035,CLI_03720,BR_050,47458.07,Denied,Thin File,2026-05-09
APP_006036,CLI_04077,BR_006,41593.08,Denied,Low Score,2026-06-14
APP_006037,CLI_04787,BR_005,3524.06,Approved,None,2026-03-11
APP_006038,CLI_04881,BR_002,28179.67,Denied,Low Score,2026-03-24
APP_006039,CLI_00168,BR_022,40008.85,Denied,Low Score,2026-08-20
APP_006040,CLI_04670,BR_042,22617.85,Approved,None,2026-06-14
APP_006041,CLI_02710,BR_007,43746.2,Approved,None,2026-05-19
APP_006042,CLI_00319,BR_002,41001.99,Approved,None,2026-03-12
APP_006043,CLI_04403,BR_025,6910.05,Denied,High DTI,2026-06-22
APP_006044,CLI_04873,BR_044,23362.02,Denied,Fraud Suspicion,2026-05-02
APP_006045,CLI_03133,BR_046,1216.42,Denied,Fraud Suspicion,2026-06-15
APP_006046,CLI_04554,BR_027,12167.63,Approved,None,2026-06-11
APP_006047,CLI_01611,BR_044,14216.67,Approved,None,2026-06-10
APP_006048,CLI_03195,BR_025,33090.06,Denied,Low Score,2026-04-07
APP_006049,CLI_01557,BR_049,34942.96,Approved,None,2026-08-03
APP_006050,CLI_00407,BR_005,23772.98,Denied,Low Score,2026-04-03
APP_006051,CLI_04647,BR_030,33549.35,Approved,None,2026-06-12
APP_006052,CLI_00783,BR_024,33418.18,Denied,Low Score,2026-08-21
APP_006053,CLI_01752,BR_046,46241.66,Approved,None,2026-05-27
APP_006054,CLI_00206,BR_041,33788.0,Denied,Active Default,2026-04-27
APP_006055,CLI_02730,BR_036,47918.16,Approved,None,2026-07-05
APP_006056,CLI_03094,BR_031,8907.51,Denied,Low Score,2026-07-19
APP_006057,CLI_02109,BR_025,36863.52,Approved,None,2026-07-08
APP_006058,CLI_04171,BR_025,41437.16,Approved,None,2026-06-21
APP_006059,CLI_00609,BR_023,7754.19,Denied,Active Default,2026-08-27
APP_006060,CLI_02405,BR_049,8438.89,Approved,None,2026-04-19
APP_006061,CLI_01447,BR_038,28647.65,Denied,Active Default,2026-06-15
APP_006062,CLI_00779,BR_045,23338.72,Denied,Low Score,2026-04-23
APP_006063,CLI_03253,BR_040,18059.32,Denied,Thin File,2026-06-28
APP_006064,CLI_01867,BR_029,5038.95,Approved,None,2026-07-23
APP_006065,CLI_02096,BR_003,17825.53,Denied,Low Score,2026-08-30
APP_006066,CLI_02776,BR_023,11265.18,Denied,Fraud Suspicion,2026-07-29
APP_006067,CLI_02299,BR_049,19146.75,Approved,None,2026-06-03
APP_006068,CLI_01643,BR_018,45191.29,Denied,Low Score,2026-04-22
APP_006069,CLI_04472,BR_031,34614.47,Approved,None,2026-03-10
APP_006070,CLI_04251,BR_014,20989.31,Denied,Low Score,2026-06-18
APP_006071,CLI_02945,BR_024,49131.03,Denied,High DTI,2026-04-05
APP_006072,CLI_03186,BR_036,4106.02,Denied,Low Score,2026-03-28
APP_006073,CLI_04869,BR_008,5249.22,Approved,None,2026-04-15
APP_006074,CLI_02450,BR_010,5718.5,Denied,Low Score,2026-06-20
APP_006075,CLI_03252,BR_037,10359.66,Approved,None,2026-08-03
APP_006076,CLI_02723,BR_007,14546.95,Denied,High DTI,2026-08-06
APP_006077,CLI_04173,BR_034,9300.3,Denied,Thin File,2026-03-20
APP_006078,CLI_04038,BR_021,26090.49,Denied,Low Score,2026-07-29
APP_006079,CLI_02707,BR_029,21807.34,Approved,None,2026-03-23
APP_006080,CLI_04862,BR_011,31757.07,Denied,Thin File,2026-06-28
APP_006081,CLI_00476,BR_024,8636.24,Denied,High DTI,2026-05-20
APP_006082,CLI_01297,BR_035,30540.43,Denied,Low Score,2026-04-09
APP_006083,CLI_00901,BR_030,48298.92,Denied,Active Default,2026-07-21
APP_006084,CLI_02536,BR_003,25242.03,Denied,Low Score,2026-06-02
APP_006085,CLI_00650,BR_014,19600.08,Denied,High DTI,2026-03-12
APP_006086,CLI_04079,BR_042,32554.87,Denied,Thin File,2026-04-17
APP_006087,CLI_00409,BR_025,16477.08,Approved,None,2026-06-27
APP_006088,CLI_04178,BR_038,35517.98,Denied,Thin File,2026-07-29
APP_006089,CLI_00988,BR_049,19802.6,Denied,Low Score,2026-07-03
APP_006090,CLI_01750,BR_026,27161.74,Denied,Thin File,2026-07-23
APP_006091,CLI_02454,BR_019,15329.22,Denied,Low Score,2026-07-02
APP_006092,CLI_00630,BR_020,37465.7,Denied,Low Score,2026-04-29
APP_006093,CLI_04680,BR_012,3796.58,Denied,Thin File,2026-03-27
APP_006094,CLI_03518,BR_015,47635.01,Approved,None,2026-05-25
APP_006095,CLI_04742,BR_029,48436.35,Denied,High DTI,2026-03-25
APP_006096,CLI_03466,BR_032,25110.15,Approved,None,2026-07-26
APP_006097,CLI_00473,BR_041,10987.74,Approved,None,2026-08-16
APP_006098,CLI_00890,BR_043,26077.49,Approved,None,2026-07-28
APP_006099,CLI_04006,BR_048,28142.13,Approved,None,2026-04-12
APP_006100,CLI_02518,BR_004,1466.2,Approved,None,2026-05-10
APP_006101,CLI_03103,BR_042,9984.87,Denied,Low Score,2026-04-11
APP_006102,CLI_02912,BR_016,12738.46,Approved,None,2026-07-31
APP_006103,CLI_01514,BR_003,26325.16,Approved,None,2026-08-31
APP_006104,CLI_03395,BR_050,4050.73,Denied,Low Score,2026-05-30
APP_006105,CLI_01136,BR_032,29834.5,Approved,None,2026-04-12
APP_006106,CLI_02047,BR_024,17662.58,Approved,None,2026-03-22
APP_006107,CLI_03876,BR_030,19950.96,Denied,Low Score,2026-07-04
APP_006108,CLI_02469,BR_021,35258.42,Approved,None,2026-08-20
APP_006109,CLI_03926,BR_033,45281.29,Denied,Active Default,2026-04-10
APP_006110,CLI_02353,BR_003,26405.45,Denied,High DTI,2026-03-17
APP_006111,CLI_00335,BR_017,34439.65,Denied,Active Default,2026-05-04
APP_006112,CLI_03071,BR_045,44957.45,Denied,High DTI,2026-03-17
APP_006113,CLI_00730,BR_041,1365.69,Approved,None,2026-03-17
APP_006114,CLI_04609,BR_039,16173.36,Denied,Low Score,2026-04-11
APP_006115,CLI_03505,BR_042,12993.3,Denied,Low Score,2026-03-06
APP_006116,CLI_01965,BR_009,37616.93,Approved,None,2026-03-18
APP_006117,CLI_02738,BR_037,40387.57,Approved,None,2026-07-15
APP_006118,CLI_01953,BR_044,25901.29,Approved,None,2026-06-23
APP_006119,CLI_04799,BR_037,3431.18,Denied,Active Default,2026-04-24
APP_006120,CLI_03797,BR_007,43444.67,Denied,Low Score,2026-07-15
APP_006121,CLI_00941,BR_028,29553.16,Denied,Fraud Suspicion,2026-06-13
APP_006122,CLI_00729,BR_002,37479.58,Denied,Active Default,2026-06-16
APP_006123,CLI_04258,BR_036,36779.02,Denied,Low Score,2026-04-07
APP_006124,CLI_01434,BR_003,38902.78,Denied,Thin File,2026-06-08
APP_006125,CLI_00375,BR_028,30537.98,Denied,Low Score,2026-08-12
APP_006126,CLI_04073,BR_007,11846.02,Approved,None,2026-08-10
APP_006127,CLI_03979,BR_047,37820.17,Denied,Low Score,2026-08-05
APP_006128,CLI_04615,BR_043,16567.01,Approved,None,2026-03-29
APP_006129,CLI_03814,BR_045,38901.18,Denied,Active Default,2026-06-23
APP_006130,CLI_02330,BR_028,5335.49,Denied,Low Score,2026-05-12
APP_006131,CLI_02089,BR_037,34099.68,Approved,None,2026-08-18
APP_006132,CLI_03942,BR_025,27550.75,Denied,High DTI,2026-07-22
APP_006133,CLI_04029,BR_008,34796.93,Denied,Thin File,2026-08-29
APP_006134,CLI_02859,BR_021,37636.46,Denied,Low Score,2026-06-30
APP_006135,CLI_02249,BR_013,23460.79,Approved,None,2026-06-04
APP_006136,CLI_00400,BR_016,33005.21,Approved,None,2026-03-08
APP_006137,CLI_00329,BR_012,37526.05,Denied,Fraud Suspicion,2026-06-15
APP_006138,CLI_02005,BR_003,47089.33,Approved,None,2026-06-29
APP_006139,CLI_03119,BR_003,47323.72,Approved,None,2026-05-06
APP_006140,CLI_03462,BR_007,35458.53,Approved,None,2026-06-11
APP_006141,CLI_02051,BR_038,26293.42,Denied,High DTI,2026-06-01
APP_006142,CLI_00661,BR_001,46822.0,Denied,Low Score,2026-03-13
APP_006143,CLI_01174,BR_049,31712.26,Denied,High DTI,2026-03-24
APP_006144,CLI_04032,BR_047,23352.91,Approved,None,2026-05-06
APP_006145,CLI_03474,BR_036,17598.84,Approved,None,2026-04-29
APP_006146,CLI_04609,BR_049,16965.52,Denied,Thin File,2026-08-15
APP_006147,CLI_00027,BR_016,17123.52,Approved,None,2026-06-06
APP_006148,CLI_00567,BR_050,3360.86,Approved,None,2026-07-02
APP_006149,CLI_03966,BR_049,32974.56,Approved,None,2026-05-02
APP_006150,CLI_01092,BR_015,34063.61,Denied,High DTI,2026-07-24
APP_006151,CLI_02100,BR_017,32349.04,Denied,Thin File,2026-04-14
APP_006152,CLI_00405,BR_039,41050.38,Denied,Low Score,2026-03-08
APP_006153,CLI_01585,BR_032,22898.3,Denied,Thin File,2026-04-10
APP_006154,CLI_04047,BR_036,39112.02,Denied,Low Score,2026-06-23
APP_006155,CLI_01116,BR_011,32143.92,Denied,Thin File,2026-04-08
APP_006156,CLI_00264,BR_019,2559.34,Denied,High DTI,2026-04-01
APP_006157,CLI_02410,BR_007,34958.36,Approved,None,2026-06-27
APP_006158,CLI_04513,BR_010,48590.52,Denied,High DTI,2026-08-19
APP_006159,CLI_04902,BR_024,12038.37,Approved,None,2026-08-18
APP_006160,CLI_04870,BR_042,7274.71,Approved,None,2026-08-23
APP_006161,CLI_04500,BR_021,47442.14,Denied,Thin File,2026-05-01
APP_006162,CLI_00710,BR_021,8722.59,Approved,None,2026-08-17
APP_006163,CLI_00100,BR_022,18155.16,Denied,Low Score,2026-05-15
APP_006164,CLI_02882,BR_039,40342.98,Denied,Low Score,2026-05-07
APP_006165,CLI_04438,BR_046,4540.16,Approved,None,2026-04-20
APP_006166,CLI_04308,BR_037,11810.88,Approved,None,2026-03-28
APP_006167,CLI_03355,BR_037,24583.06,Denied,Fraud Suspicion,2026-08-07
APP_006168,CLI_02551,BR_039,47835.68,Approved,None,2026-05-04
APP_006169,CLI_01242,BR_020,2273.66,Approved,None,2026-07-29
APP_006170,CLI_03588,BR_029,42579.98,Denied,Thin File,2026-04-24
APP_006171,CLI_02860,BR_037,43446.19,Denied,Low Score,2026-05-07
APP_006172,CLI_00529,BR_014,24035.31,Denied,Low Score,2026-06-29
APP_006173,CLI_04386,BR_007,9213.56,Denied,Active Default,2026-07-23
APP_006174,CLI_03710,BR_040,17893.43,Denied,Low Score,2026-05-06
APP_006175,CLI_01567,BR_031,38883.37,Denied,Thin File,2026-05-17
APP_006176,CLI_03330,BR_013,21874.07,Denied,Low Score,2026-06-07
APP_006177,CLI_01148,BR_038,49591.8,Denied,Active Default,2026-08-29
APP_006178,CLI_02631,BR_022,16653.12,Approved,None,2026-04-01
APP_006179,CLI_04618,BR_042,41020.18,Denied,Low Score,2026-07-21
APP_006180,CLI_02265,BR_005,27162.25,Approved,None,2026-08-08
APP_006181,CLI_01053,BR_011,16713.58,Denied,Low Score,2026-08-28
APP_006182,CLI_03158,BR_045,16178.41,Approved,None,2026-04-12
APP_006183,CLI_00422,BR_005,5034.04,Denied,High DTI,2026-04-06
APP_006184,CLI_02218,BR_024,4501.32,Denied,Thin File,2026-08-27
APP_006185,CLI_03330,BR_045,43908.61,Denied,Thin File,2026-04-22
APP_006186,CLI_03661,BR_009,1896.95,Denied,Thin File,2026-05-08
APP_006187,CLI_01954,BR_037,48020.35,Approved,None,2026-03-23
APP_006188,CLI_00173,BR_003,47896.07,Denied,Low Score,2026-07-03
APP_006189,CLI_03767,BR_046,49821.52,Approved,None,2026-03-15
APP_006190,CLI_00343,BR_027,29880.84,Denied,Low Score,2026-04-26
APP_006191,CLI_02422,BR_039,45086.53,Denied,Low Score,2026-03-05
APP_006192,CLI_01027,BR_017,8041.74,Denied,Thin File,2026-04-30
APP_006193,CLI_02940,BR_016,7935.01,Approved,None,2026-07-07
APP_006194,CLI_00045,BR_009,45105.61,Approved,None,2026-07-10
APP_006195,CLI_04445,BR_036,41257.58,Denied,High DTI,2026-06-06
APP_006196,CLI_00491,BR_040,39582.99,Approved,None,2026-08-27
APP_006197,CLI_02013,BR_045,34759.47,Denied,High DTI,2026-04-11
APP_006198,CLI_01004,BR_024,46574.34,Denied,Low Score,2026-07-12
APP_006199,CLI_03489,BR_033,22820.44,Approved,None,2026-06-23
APP_006200,CLI_01073,BR_020,28598.69,Approved,None,2026-07-20
APP_006201,CLI_04813,BR_003,37913.08,Denied,Low Score,2026-07-30
APP_006202,CLI_04576,BR_035,24683.6,Denied,Low Score,2026-05-17
APP_006203,CLI_04452,BR_031,41054.73,Denied,High DTI,2026-07-10
APP_006204,CLI_01502,BR_003,17181.91,Approved,None,2026-03-24
APP_006205,CLI_03326,BR_039,39382.0,Denied,High DTI,2026-06-14
APP_006206,CLI_03942,BR_021,30739.66,Denied,Fraud Suspicion,2026-08-04
APP_006207,CLI_02134,BR_038,17663.19,Approved,None,2026-06-30
APP_006208,CLI_01628,BR_024,39296.84,Denied,Thin File,2026-08-11
APP_006209,CLI_03933,BR_013,39503.13,Denied,High DTI,2026-04-23
APP_006210,CLI_00888,BR_014,48626.04,Approved,None,2026-04-25
APP_006211,CLI_02421,BR_003,18332.66,Denied,High DTI,2026-08-21
APP_006212,CLI_04607,BR_001,19827.34,Denied,Fraud Suspicion,2026-05-11
APP_006213,CLI_03083,BR_002,10497.39,Denied,High DTI,2026-03-19
APP_006214,CLI_03847,BR_025,19378.68,Approved,None,2026-07-18
APP_006215,CLI_01497,BR_037,43149.09,Denied,Active Default,2026-06-18
APP_006216,CLI_04166,BR_031,2225.16,Denied,High DTI,2026-03-23
APP_006217,CLI_03912,BR_046,37290.25,Denied,High DTI,2026-04-08
APP_006218,CLI_02271,BR_005,27415.1,Denied,Low Score,2026-07-25
APP_006219,CLI_02448,BR_029,41201.8,Approved,None,2026-05-20
APP_006220,CLI_00083,BR_015,39928.94,Approved,None,2026-05-03
APP_006221,CLI_02873,BR_041,28514.78,Denied,Thin File,2026-07-15
APP_006222,CLI_00694,BR_004,26661.68,Denied,High DTI,2026-07-02
APP_006223,CLI_00864,BR_004,9605.89,Denied,Thin File,2026-08-06
APP_006224,CLI_02903,BR_003,45579.82,Approved,None,2026-08-24
APP_006225,CLI_02337,BR_035,30605.35,Approved,None,2026-08-10
APP_006226,CLI_01339,BR_014,43430.89,Denied,Low Score,2026-05-19
APP_006227,CLI_03736,BR_043,41524.74,Approved,None,2026-07-14
APP_006228,CLI_01795,BR_016,24131.79,Denied,High DTI,2026-07-20
APP_006229,CLI_00638,BR_018,8329.64,Approved,None,2026-07-22
APP_006230,CLI_04375,BR_040,5514.05,Approved,None,2026-04-27
APP_006231,CLI_00082,BR_006,39891.9,Denied,Thin File,2026-07-17
APP_006232,CLI_04115,BR_029,1395.69,Denied,Fraud Suspicion,2026-05-28
APP_006233,CLI_01271,BR_044,7189.0,Denied,Active Default,2026-08-16
APP_006234,CLI_03858,BR_002,6048.03,Approved,None,2026-06-24
APP_006235,CLI_01808,BR_012,46624.06,Approved,None,2026-04-20
APP_006236,CLI_02248,BR_025,18173.33,Denied,Thin File,2026-05-18
APP_006237,CLI_01983,BR_010,24244.34,Approved,None,2026-03-26
APP_006238,CLI_01942,BR_010,1437.22,Approved,None,2026-03-29
APP_006239,CLI_00945,BR_023,3990.77,Approved,None,2026-05-18
APP_006240,CLI_02867,BR_048,11047.51,Denied,Thin File,2026-08-28
APP_006241,CLI_02651,BR_030,46210.64,Denied,Fraud Suspicion,2026-03-10
APP_006242,CLI_02231,BR_028,30892.67,Denied,Low Score,2026-08-17
APP_006243,CLI_03948,BR_045,13727.5,Denied,High DTI,2026-03-06
APP_006244,CLI_00676,BR_043,41238.62,Approved,None,2026-08-04
APP_006245,CLI_00429,BR_019,10040.7,Denied,High DTI,2026-08-05
APP_006246,CLI_01059,BR_041,20308.18,Approved,None,2026-05-24
APP_006247,CLI_02573,BR_006,28680.69,Approved,None,2026-04-06
APP_006248,CLI_03658,BR_002,7595.31,Denied,Low Score,2026-07-07
APP_006249,CLI_04157,BR_014,26697.93,Denied,Thin File,2026-04-08
APP_006250,CLI_03949,BR_012,13935.6,Approved,None,2026-07-22
APP_006251,CLI_00893,BR_019,30829.76,Approved,None,2026-07-07
APP_006252,CLI_00169,BR_043,2155.37,Approved,None,2026-06-07
APP_006253,CLI_01288,BR_030,21024.86,Denied,High DTI,2026-05-18
APP_006254,CLI_03202,BR_037,23594.97,Approved,None,2026-07-19
APP_006255,CLI_03649,BR_031,41644.09,Denied,Low Score,2026-05-16
APP_006256,CLI_01859,BR_025,39494.64,Approved,None,2026-07-14
APP_006257,CLI_02063,BR_037,49297.6,Denied,Low Score,2026-07-25
APP_006258,CLI_00436,BR_002,8019.51,Denied,Low Score,2026-03-23
APP_006259,CLI_04012,BR_049,39758.4,Denied,Active Default,2026-04-15
APP_006260,CLI_00570,BR_028,34888.76,Approved,None,2026-06-10
APP_006261,CLI_03205,BR_024,2005.68,Denied,Active Default,2026-08-13
APP_006262,CLI_01986,BR_038,41313.73,Denied,Low Score,2026-04-09
APP_006263,CLI_00171,BR_024,6291.54,Denied,Low Score,2026-05-04
APP_006264,CLI_00798,BR_048,38039.73,Denied,High DTI,2026-04-21
APP_006265,CLI_03896,BR_027,3607.01,Denied,Thin File,2026-08-27
APP_006266,CLI_00645,BR_027,8619.58,Denied,Low Score,2026-07-16
APP_006267,CLI_02625,BR_020,29058.61,Denied,Thin File,2026-07-02
APP_006268,CLI_05000,BR_028,21941.05,Denied,Active Default,2026-07-20
APP_006269,CLI_01300,BR_028,20010.62,Denied,High DTI,2026-08-15
APP_006270,CLI_03550,BR_015,8838.49,Denied,Fraud Suspicion,2026-03-31
APP_006271,CLI_01503,BR_027,18455.33,Denied,Active Default,2026-04-27
APP_006272,CLI_00184,BR_029,3739.09,Approved,None,2026-08-24
APP_006273,CLI_01883,BR_033,27451.64,Denied,Active Default,2026-05-30
APP_006274,CLI_02964,BR_037,7463.82,Denied,Low Score,2026-03-20
APP_006275,CLI_01973,BR_015,46066.4,Denied,High DTI,2026-06-27
APP_006276,CLI_00756,BR_005,27789.94,Denied,Fraud Suspicion,2026-04-12
APP_006277,CLI_04475,BR_044,31233.22,Approved,None,2026-05-01
APP_006278,CLI_00304,BR_050,4754.21,Approved,None,2026-03-20
APP_006279,CLI_01031,BR_036,38845.45,Denied,Thin File,2026-07-31
APP_006280,CLI_01719,BR_037,23467.53,Denied,Low Score,2026-05-13
APP_006281,CLI_00265,BR_045,37613.02,Approved,None,2026-04-17
APP_006282,CLI_02911,BR_006,35526.8,Denied,Thin File,2026-03-11
APP_006283,CLI_04259,BR_045,29534.27,Denied,Active Default,2026-08-26
APP_006284,CLI_00416,BR_020,30650.23,Denied,Low Score,2026-04-24
APP_006285,CLI_04492,BR_044,35318.59,Denied,Low Score,2026-08-23
APP_006286,CLI_03955,BR_007,9734.83,Denied,Active Default,2026-03-24
APP_006287,CLI_02892,BR_032,4486.21,Denied,Low Score,2026-04-12
APP_006288,CLI_04466,BR_003,7405.4,Denied,Thin File,2026-05-28
APP_006289,CLI_04354,BR_029,10208.59,Denied,Fraud Suspicion,2026-07-04
APP_006290,CLI_03125,BR_050,3940.33,Approved,None,2026-08-15
APP_006291,CLI_01811,BR_042,1765.25,Denied,Thin File,2026-03-11
APP_006292,CLI_03364,BR_011,41101.01,Denied,Active Default,2026-03-28
APP_006293,CLI_00245,BR_038,26865.09,Approved,None,2026-06-02
APP_006294,CLI_04110,BR_014,20675.65,Denied,High DTI,2026-03-11
APP_006295,CLI_01975,BR_015,1645.82,Denied,Low Score,2026-07-20
APP_006296,CLI_03127,BR_002,48469.44,Denied,Thin File,2026-05-17
APP_006297,CLI_02466,BR_005,45713.68,Denied,Low Score,2026-04-18
APP_006298,CLI_04011,BR_033,25414.36,Approved,None,2026-07-11
APP_006299,CLI_00741,BR_037,34179.56,Approved,None,2026-05-12
APP_006300,CLI_02409,BR_029,14446.57,Approved,None,2026-07-12
APP_006301,CLI_04182,BR_036,29659.32,Approved,None,2026-03-14
APP_006302,CLI_04348,BR_023,6164.42,Approved,None,2026-06-29
APP_006303,CLI_02656,BR_020,7670.29,Denied,Thin File,2026-08-15
APP_006304,CLI_00122,BR_042,22793.11,Approved,None,2026-06-08
APP_006305,CLI_00878,BR_040,39821.08,Approved,None,2026-04-19
APP_006306,CLI_00646,BR_040,5291.02,Denied,Low Score,2026-06-05
APP_006307,CLI_01953,BR_048,34678.04,Approved,None,2026-08-05
APP_006308,CLI_02350,BR_047,21914.15,Approved,None,2026-08-21
APP_006309,CLI_02097,BR_015,6468.36,Approved,None,2026-03-08
APP_006310,CLI_02197,BR_041,20331.03,Approved,None,2026-05-04
APP_006311,CLI_01271,BR_022,25997.98,Denied,High DTI,2026-05-31
APP_006312,CLI_03740,BR_020,24083.84,Denied,Fraud Suspicion,2026-06-07
APP_006313,CLI_02925,BR_011,34785.51,Approved,None,2026-07-28
APP_006314,CLI_02337,BR_013,10304.35,Denied,High DTI,2026-07-02
APP_006315,CLI_03765,BR_033,9344.69,Approved,None,2026-03-12
APP_006316,CLI_02804,BR_006,40295.07,Approved,None,2026-07-27
APP_006317,CLI_02689,BR_039,11043.6,Approved,None,2026-07-30
APP_006318,CLI_04034,BR_038,37478.99,Denied,Thin File,2026-05-09
APP_006319,CLI_00985,BR_042,49104.27,Denied,Thin File,2026-05-12
APP_006320,CLI_02994,BR_028,36784.14,Approved,None,2026-05-18
APP_006321,CLI_02313,BR_019,10384.77,Denied,Low Score,2026-05-14
APP_006322,CLI_00907,BR_040,46310.03,Denied,Thin File,2026-05-15
APP_006323,CLI_01366,BR_045,46167.73,Approved,None,2026-04-24
APP_006324,CLI_04258,BR_050,8273.43,Denied,High DTI,2026-07-17
APP_006325,CLI_02603,BR_010,23193.61,Approved,None,2026-03-31
APP_006326,CLI_02498,BR_044,47309.5,Approved,None,2026-08-11
APP_006327,CLI_04109,BR_036,28176.78,Denied,High DTI,2026-04-29
APP_006328,CLI_02797,BR_038,17779.98,Approved,None,2026-08-07
APP_006329,CLI_00977,BR_033,34750.55,Approved,None,2026-03-28
APP_006330,CLI_03016,BR_025,32255.93,Denied,Low Score,2026-06-15
APP_006331,CLI_02136,BR_019,38699.2,Denied,High DTI,2026-03-29
APP_006332,CLI_00439,BR_020,1100.55,Denied,Fraud Suspicion,2026-06-13
APP_006333,CLI_04741,BR_049,40545.04,Denied,High DTI,2026-03-23
APP_006334,CLI_04097,BR_034,34955.16,Approved,None,2026-05-05
APP_006335,CLI_03271,BR_029,1566.87,Denied,Active Default,2026-08-10
APP_006336,CLI_04450,BR_017,17972.57,Denied,High DTI,2026-04-05
APP_006337,CLI_00090,BR_009,24171.48,Approved,None,2026-07-18
APP_006338,CLI_03595,BR_010,32401.47,Denied,Fraud Suspicion,2026-05-17
APP_006339,CLI_00753,BR_010,24886.43,Approved,None,2026-07-03
APP_006340,CLI_00475,BR_037,27896.81,Denied,Thin File,2026-08-24
APP_006341,CLI_03761,BR_032,25103.68,Denied,Low Score,2026-08-11
APP_006342,CLI_01623,BR_041,19786.34,Approved,None,2026-06-07
APP_006343,CLI_00941,BR_021,45634.23,Approved,None,2026-04-01
APP_006344,CLI_04714,BR_008,20144.23,Approved,None,2026-05-07
APP_006345,CLI_02773,BR_021,32156.46,Approved,None,2026-04-13
APP_006346,CLI_01139,BR_002,39458.07,Denied,Thin File,2026-03-29
APP_006347,CLI_01144,BR_002,30501.24,Approved,None,2026-07-08
APP_006348,CLI_00366,BR_002,44730.53,Approved,None,2026-08-27
APP_006349,CLI_00989,BR_037,42705.92,Denied,Active Default,2026-04-14
APP_006350,CLI_03170,BR_003,28844.26,Approved,None,2026-03-15
APP_006351,CLI_02616,BR_024,4037.85,Approved,None,2026-04-13
APP_006352,CLI_00189,BR_035,47453.07,Denied,Low Score,2026-08-20
APP_006353,CLI_02565,BR_050,41037.96,Denied,Low Score,2026-05-15
APP_006354,CLI_03753,BR_013,43151.97,Denied,Low Score,2026-06-07
APP_006355,CLI_04595,BR_028,43798.2,Denied,Low Score,2026-07-27
APP_006356,CLI_04624,BR_008,1612.24,Approved,None,2026-08-26
APP_006357,CLI_01902,BR_034,40685.46,Denied,Thin File,2026-07-27
APP_006358,CLI_04011,BR_047,25567.42,Denied,High DTI,2026-07-04
APP_006359,CLI_00771,BR_034,44630.43,Denied,Low Score,2026-05-30
APP_006360,CLI_04113,BR_044,33266.78,Denied,Low Score,2026-07-02
APP_006361,CLI_03572,BR_035,28708.67,Denied,Thin File,2026-05-12
APP_006362,CLI_02458,BR_013,34848.53,Approved,None,2026-04-21
APP_006363,CLI_03724,BR_008,2343.53,Denied,Thin File,2026-07-29
APP_006364,CLI_03734,BR_005,37993.4,Denied,Fraud Suspicion,2026-05-01
APP_006365,CLI_01705,BR_017,37923.92,Denied,Low Score,2026-08-10
APP_006366,CLI_03316,BR_011,41233.06,Denied,Thin File,2026-05-09
APP_006367,CLI_04824,BR_016,26666.37,Approved,None,2026-04-22
APP_006368,CLI_02931,BR_032,19836.08,Approved,None,2026-06-26
APP_006369,CLI_03417,BR_042,1220.54,Approved,None,2026-04-19
APP_006370,CLI_00793,BR_018,49180.64,Denied,Low Score,2026-06-17
APP_006371,CLI_02034,BR_043,33889.83,Denied,Low Score,2026-05-12
APP_006372,CLI_02114,BR_026,18378.73,Denied,Low Score,2026-08-22
APP_006373,CLI_04124,BR_005,33479.61,Denied,Active Default,2026-06-12
APP_006374,CLI_03566,BR_038,44262.38,Denied,Low Score,2026-04-01
APP_006375,CLI_01811,BR_015,2536.16,Denied,Low Score,2026-07-28
APP_006376,CLI_02353,BR_046,38815.7,Denied,Fraud Suspicion,2026-06-07
APP_006377,CLI_01149,BR_032,34249.83,Approved,None,2026-05-13
APP_006378,CLI_00776,BR_011,25763.28,Denied,Low Score,2026-03-07
APP_006379,CLI_00430,BR_030,18419.96,Approved,None,2026-06-16
APP_006380,CLI_02188,BR_050,14701.17,Approved,None,2026-08-06
APP_006381,CLI_02289,BR_035,36468.62,Denied,Low Score,2026-06-19
APP_006382,CLI_00284,BR_041,11437.18,Approved,None,2026-06-21
APP_006383,CLI_00672,BR_043,28379.02,Denied,Active Default,2026-06-21
APP_006384,CLI_00756,BR_038,49184.34,Denied,Thin File,2026-06-09
APP_006385,CLI_02288,BR_021,37294.11,Denied,Low Score,2026-06-14
APP_006386,CLI_02418,BR_006,35975.18,Approved,None,2026-03-18
APP_006387,CLI_04066,BR_044,6661.36,Approved,None,2026-05-22
APP_006388,CLI_00598,BR_028,40829.39,Approved,None,2026-03-25
APP_006389,CLI_03338,BR_032,18339.71,Denied,Thin File,2026-03-07
APP_006390,CLI_03533,BR_034,3600.42,Denied,Low Score,2026-07-09
APP_006391,CLI_04145,BR_034,36484.49,Approved,None,2026-03-13
APP_006392,CLI_03402,BR_018,3281.87,Denied,Low Score,2026-04-28
APP_006393,CLI_02329,BR_030,4886.1,Denied,Low Score,2026-04-04
APP_006394,CLI_00413,BR_003,1451.17,Approved,None,2026-05-20
APP_006395,CLI_02836,BR_014,23675.78,Approved,None,2026-03-21
APP_006396,CLI_02035,BR_022,24907.62,Approved,None,2026-08-01
APP_006397,CLI_00148,BR_030,33900.12,Approved,None,2026-08-31
APP_006398,CLI_01665,BR_039,44974.93,Denied,Low Score,2026-04-12
APP_006399,CLI_04283,BR_046,43497.98,Approved,None,2026-05-29
APP_006400,CLI_01277,BR_010,5982.64,Approved,None,2026-04-15
APP_006401,CLI_03292,BR_014,35369.27,Approved,None,2026-04-20
APP_006402,CLI_02112,BR_038,7076.46,Approved,None,2026-05-20
APP_006403,CLI_04318,BR_003,13733.61,Denied,Low Score,2026-05-23
APP_006404,CLI_02142,BR_045,28916.15,Approved,None,2026-04-17
APP_006405,CLI_01399,BR_037,22896.04,Denied,Low Score,2026-03-11
APP_006406,CLI_00470,BR_032,1171.91,Approved,None,2026-05-30
APP_006407,CLI_02170,BR_047,32902.95,Approved,None,2026-04-02
APP_006408,CLI_04111,BR_034,20288.0,Approved,None,2026-07-11
APP_006409,CLI_01313,BR_049,22491.33,Approved,None,2026-08-12
APP_006410,CLI_02405,BR_031,20027.31,Approved,None,2026-07-30
APP_006411,CLI_01310,BR_013,26254.2,Denied,Low Score,2026-07-02
APP_006412,CLI_00718,BR_012,4325.64,Approved,None,2026-08-14
APP_006413,CLI_04240,BR_034,2762.71,Denied,Thin File,2026-06-17
APP_006414,CLI_03922,BR_050,2543.16,Denied,Thin File,2026-07-08
APP_006415,CLI_01630,BR_038,28315.8,Denied,Low Score,2026-07-14
APP_006416,CLI_02660,BR_020,27696.83,Approved,None,2026-06-15
APP_006417,CLI_03993,BR_047,17596.78,Denied,Thin File,2026-05-23
APP_006418,CLI_00518,BR_041,5102.01,Denied,Thin File,2026-03-29
APP_006419,CLI_00730,BR_037,27294.88,Denied,High DTI,2026-05-02
APP_006420,CLI_04944,BR_029,10871.05,Denied,Active Default,2026-06-04
APP_006421,CLI_01615,BR_039,6667.88,Approved,None,2026-03-11
APP_006422,CLI_02473,BR_007,43533.16,Denied,Thin File,2026-06-25
APP_006423,CLI_00210,BR_037,24451.17,Approved,None,2026-05-25
APP_006424,CLI_00176,BR_031,45139.11,Approved,None,2026-04-04
APP_006425,CLI_01743,BR_038,22038.36,Approved,None,2026-03-11
APP_006426,CLI_03013,BR_019,14472.0,Approved,None,2026-06-26
APP_006427,CLI_01372,BR_007,33263.82,Approved,None,2026-06-30
APP_006428,CLI_01624,BR_011,49947.48,Denied,Active Default,2026-06-05
APP_006429,CLI_01256,BR_042,17404.08,Denied,Thin File,2026-08-12
APP_006430,CLI_00099,BR_006,47109.46,Denied,High DTI,2026-07-05
APP_006431,CLI_01786,BR_037,35873.08,Denied,Thin File,2026-07-04
APP_006432,CLI_00338,BR_012,41372.78,Approved,None,2026-07-17
APP_006433,CLI_03911,BR_026,22650.19,Denied,Thin File,2026-08-04
APP_006434,CLI_03624,BR_031,1403.19,Approved,None,2026-03-12
APP_006435,CLI_01194,BR_012,27876.32,Denied,Low Score,2026-07-06
APP_006436,CLI_03578,BR_009,6106.9,Approved,None,2026-03-19
APP_006437,CLI_02627,BR_026,16341.71,Approved,None,2026-08-02
APP_006438,CLI_00790,BR_013,24314.04,Denied,Thin File,2026-04-21
APP_006439,CLI_01613,BR_014,18655.54,Approved,None,2026-07-28
APP_006440,CLI_00586,BR_034,29023.78,Approved,None,2026-07-29
APP_006441,CLI_01178,BR_046,19208.24,Denied,High DTI,2026-08-23
APP_006442,CLI_00515,BR_036,24588.13,Denied,Low Score,2026-03-24
APP_006443,CLI_02726,BR_003,21845.5,Approved,None,2026-03-22
APP_006444,CLI_02916,BR_026,8837.63,Denied,Fraud Suspicion,2026-08-24
APP_006445,CLI_01473,BR_043,49585.32,Approved,None,2026-07-16
APP_006446,CLI_04562,BR_016,17188.54,Approved,None,2026-03-09
APP_006447,CLI_02194,BR_040,30440.75,Approved,None,2026-03-30
APP_006448,CLI_02617,BR_022,7059.34,Approved,None,2026-05-05
APP_006449,CLI_04824,BR_032,38196.33,Denied,High DTI,2026-03-19
APP_006450,CLI_01841,BR_029,7935.59,Denied,Thin File,2026-07-26
APP_006451,CLI_04831,BR_013,48871.91,Denied,Active Default,2026-06-14
APP_006452,CLI_04216,BR_018,15302.0,Approved,None,2026-08-04
APP_006453,CLI_01065,BR_031,29607.03,Denied,Thin File,2026-04-16
APP_006454,CLI_02408,BR_036,7379.49,Approved,None,2026-07-20
APP_006455,CLI_01357,BR_025,12745.61,Approved,None,2026-03-27
APP_006456,CLI_01510,BR_041,16041.83,Denied,Thin File,2026-05-24
APP_006457,CLI_02362,BR_008,40362.09,Denied,Active Default,2026-08-03
APP_006458,CLI_03451,BR_026,31014.7,Denied,Low Score,2026-06-16
APP_006459,CLI_04121,BR_047,38938.21,Denied,High DTI,2026-06-03
APP_006460,CLI_03992,BR_002,47879.19,Approved,None,2026-04-03
APP_006461,CLI_01747,BR_004,47572.52,Denied,Thin File,2026-07-23
APP_006462,CLI_00071,BR_015,17715.36,Denied,Active Default,2026-06-03
APP_006463,CLI_01773,BR_018,35818.52,Approved,None,2026-07-26
APP_006464,CLI_02182,BR_011,5286.58,Approved,None,2026-08-10
APP_006465,CLI_04617,BR_028,35978.0,Denied,Low Score,2026-07-17
APP_006466,CLI_01823,BR_044,31339.92,Denied,Low Score,2026-08-24
APP_006467,CLI_04062,BR_026,3427.87,Denied,Thin File,2026-03-28
APP_006468,CLI_03590,BR_006,28138.61,Approved,None,2026-03-23
APP_006469,CLI_00037,BR_037,48470.95,Approved,None,2026-08-24
APP_006470,CLI_03809,BR_036,43361.77,Denied,Low Score,2026-04-15
APP_006471,CLI_02042,BR_049,20354.24,Denied,Low Score,2026-07-19
APP_006472,CLI_00372,BR_028,5553.44,Denied,Low Score,2026-04-05
APP_006473,CLI_01419,BR_026,46064.04,Denied,Active Default,2026-05-09
APP_006474,CLI_04437,BR_012,10385.66,Denied,Active Default,2026-06-01
APP_006475,CLI_03160,BR_019,25748.49,Denied,Low Score,2026-03-15
APP_006476,CLI_04151,BR_008,1468.27,Denied,High DTI,2026-08-24
APP_006477,CLI_02610,BR_049,4694.47,Denied,Active Default,2026-04-21
APP_006478,CLI_01555,BR_048,45226.51,Denied,Active Default,2026-08-18
APP_006479,CLI_00104,BR_018,29788.3,Approved,None,2026-05-14
APP_006480,CLI_02848,BR_042,34330.54,Denied,Low Score,2026-05-12
APP_006481,CLI_02873,BR_005,45707.75,Approved,None,2026-03-23
APP_006482,CLI_04720,BR_001,14384.3,Approved,None,2026-04-23
APP_006483,CLI_02241,BR_024,28619.29,Denied,Low Score,2026-08-02
APP_006484,CLI_00975,BR_030,43777.07,Denied,Thin File,2026-06-02
APP_006485,CLI_01909,BR_037,21635.15,Approved,None,2026-06-10
APP_006486,CLI_02570,BR_030,38571.59,Denied,Active Default,2026-04-09
APP_006487,CLI_02387,BR_050,47701.66,Approved,None,2026-05-14
APP_006488,CLI_02555,BR_011,28619.56,Approved,None,2026-07-01
APP_006489,CLI_01529,BR_001,12926.93,Approved,None,2026-06-28
APP_006490,CLI_04410,BR_043,25260.01,Denied,Low Score,2026-05-24
APP_006491,CLI_02808,BR_016,49199.07,Denied,Thin File,2026-03-16
APP_006492,CLI_00456,BR_005,21214.64,Denied,Low Score,2026-06-08
APP_006493,CLI_01685,BR_018,28040.46,Approved,None,2026-06-18
APP_006494,CLI_00140,BR_023,37371.51,Denied,Active Default,2026-03-14
APP_006495,CLI_04311,BR_044,21599.28,Denied,Low Score,2026-05-26
APP_006496,CLI_01453,BR_043,24761.74,Denied,Active Default,2026-07-31
APP_006497,CLI_02790,BR_036,23163.59,Denied,Low Score,2026-06-05
APP_006498,CLI_00388,BR_005,11845.68,Denied,Thin File,2026-08-21
APP_006499,CLI_03323,BR_020,35402.54,Denied,Thin File,2026-08-15
APP_006500,CLI_04066,BR_041,35267.04,Denied,High DTI,2026-08-04
APP_006501,CLI_04559,BR_017,27954.52,Denied,Fraud Suspicion,2026-06-19
APP_006502,CLI_02868,BR_037,18095.37,Approved,None,2026-08-13
APP_006503,CLI_03108,BR_027,18174.21,Denied,Thin File,2026-05-03
APP_006504,CLI_04030,BR_046,44104.8,Approved,None,2026-07-30
APP_006505,CLI_00575,BR_047,36780.14,Approved,None,2026-07-29
APP_006506,CLI_01589,BR_050,42906.9,Denied,Low Score,2026-06-14
APP_006507,CLI_00410,BR_003,47354.3,Denied,High DTI,2026-03-24
APP_006508,CLI_02726,BR_023,33962.74,Approved,None,2026-08-19
APP_006509,CLI_03427,BR_020,5146.45,Denied,Thin File,2026-04-14
APP_006510,CLI_00500,BR_002,47483.98,Approved,None,2026-05-30
APP_006511,CLI_04266,BR_045,36124.55,Denied,Low Score,2026-06-30
APP_006512,CLI_01624,BR_048,11589.69,Approved,None,2026-04-30
APP_006513,CLI_04714,BR_021,29294.69,Denied,Low Score,2026-03-28
APP_006514,CLI_04694,BR_001,23582.55,Denied,Thin File,2026-03-13
APP_006515,CLI_03352,BR_020,38298.98,Approved,None,2026-06-17
APP_006516,CLI_03985,BR_034,12092.92,Denied,Fraud Suspicion,2026-03-08
APP_006517,CLI_01280,BR_015,39738.29,Approved,None,2026-04-17
APP_006518,CLI_02038,BR_039,30684.49,Denied,Fraud Suspicion,2026-06-01
APP_006519,CLI_00678,BR_012,42569.52,Denied,Thin File,2026-05-11
APP_006520,CLI_02249,BR_016,30877.0,Denied,Low Score,2026-04-01
APP_006521,CLI_04868,BR_050,45194.97,Denied,Low Score,2026-04-16
APP_006522,CLI_03674,BR_005,18761.74,Denied,High DTI,2026-05-13
APP_006523,CLI_03929,BR_021,13850.1,Denied,Low Score,2026-06-26
APP_006524,CLI_00591,BR_008,16533.96,Denied,Thin File,2026-07-02
APP_006525,CLI_03524,BR_017,3129.81,Denied,Active Default,2026-04-05
APP_006526,CLI_03347,BR_023,43041.66,Approved,None,2026-03-07
APP_006527,CLI_02252,BR_021,21433.22,Denied,Thin File,2026-04-05
APP_006528,CLI_00001,BR_006,17356.7,Denied,Active Default,2026-06-02
APP_006529,CLI_01941,BR_018,11352.83,Approved,None,2026-06-01
APP_006530,CLI_03892,BR_016,39479.34,Denied,Low Score,2026-06-08
APP_006531,CLI_03415,BR_024,26508.67,Approved,None,2026-07-30
APP_006532,CLI_00853,BR_040,43999.81,Denied,Low Score,2026-06-16
APP_006533,CLI_03533,BR_031,48572.29,Approved,None,2026-08-29
APP_006534,CLI_04903,BR_041,28419.45,Approved,None,2026-04-15
APP_006535,CLI_00433,BR_003,10816.92,Approved,None,2026-03-22
APP_006536,CLI_02929,BR_028,6659.55,Denied,Low Score,2026-08-28
APP_006537,CLI_03059,BR_009,1434.79,Approved,None,2026-04-19
APP_006538,CLI_00896,BR_033,41339.37,Denied,Thin File,2026-07-28
APP_006539,CLI_03811,BR_003,39956.28,Approved,None,2026-03-10
APP_006540,CLI_00259,BR_009,17652.06,Denied,Active Default,2026-06-29
APP_006541,CLI_02153,BR_004,4167.96,Denied,Low Score,2026-07-17
APP_006542,CLI_02315,BR_005,39683.15,Approved,None,2026-05-18
APP_006543,CLI_01173,BR_032,34183.35,Approved,None,2026-08-19
APP_006544,CLI_01508,BR_047,43813.97,Approved,None,2026-06-29
APP_006545,CLI_04518,BR_038,22667.94,Denied,Thin File,2026-04-26
APP_006546,CLI_02852,BR_007,30738.23,Denied,High DTI,2026-08-05
APP_006547,CLI_00619,BR_034,37041.39,Denied,Low Score,2026-04-27
APP_006548,CLI_03833,BR_044,29610.42,Approved,None,2026-06-04
APP_006549,CLI_04324,BR_021,10102.26,Approved,None,2026-04-15
APP_006550,CLI_01860,BR_012,8417.08,Denied,Low Score,2026-04-09
APP_006551,CLI_02770,BR_009,9036.19,Approved,None,2026-04-12
APP_006552,CLI_02049,BR_017,45503.59,Denied,Low Score,2026-06-21
APP_006553,CLI_02189,BR_050,48343.02,Approved,None,2026-03-10
APP_006554,CLI_04487,BR_014,4988.09,Denied,Low Score,2026-04-24
APP_006555,CLI_00589,BR_001,33932.94,Approved,None,2026-05-13
APP_006556,CLI_01652,BR_040,30626.53,Denied,Active Default,2026-07-01
APP_006557,CLI_03283,BR_028,10982.71,Approved,None,2026-07-08
APP_006558,CLI_04743,BR_028,23591.8,Denied,Low Score,2026-08-30
APP_006559,CLI_04190,BR_022,1938.27,Denied,Low Score,2026-03-17
APP_006560,CLI_04633,BR_048,19940.09,Approved,None,2026-07-15
APP_006561,CLI_02289,BR_001,44370.46,Denied,Thin File,2026-04-13
APP_006562,CLI_01081,BR_020,38335.58,Denied,Active Default,2026-08-08
APP_006563,CLI_04943,BR_022,21475.25,Approved,None,2026-06-09
APP_006564,CLI_02230,BR_030,18484.51,Denied,Active Default,2026-05-29
APP_006565,CLI_02145,BR_046,34840.77,Approved,None,2026-08-11
APP_006566,CLI_00858,BR_025,6740.67,Denied,Low Score,2026-04-19
APP_006567,CLI_02980,BR_024,46296.92,Approved,None,2026-06-09
APP_006568,CLI_04977,BR_031,35296.38,Approved,None,2026-03-21
APP_006569,CLI_02101,BR_031,15338.81,Denied,Active Default,2026-08-27
APP_006570,CLI_00425,BR_043,4656.57,Denied,High DTI,2026-08-04
APP_006571,CLI_03525,BR_010,40852.86,Denied,High DTI,2026-08-14
APP_006572,CLI_02092,BR_048,36674.2,Denied,Low Score,2026-05-13
APP_006573,CLI_03896,BR_024,13808.39,Approved,None,2026-04-25
APP_006574,CLI_04603,BR_034,19899.85,Denied,Fraud Suspicion,2026-07-17
APP_006575,CLI_01020,BR_034,30007.62,Approved,None,2026-07-28
APP_006576,CLI_01828,BR_009,25104.69,Denied,High DTI,2026-06-28
APP_006577,CLI_03644,BR_029,31405.99,Denied,Active Default,2026-07-25
APP_006578,CLI_00955,BR_013,48544.35,Approved,None,2026-08-06
APP_006579,CLI_04371,BR_034,10102.85,Denied,Low Score,2026-08-19
APP_006580,CLI_02067,BR_026,16483.66,Approved,None,2026-06-26
APP_006581,CLI_03814,BR_010,47585.49,Approved,None,2026-06-05
APP_006582,CLI_02351,BR_002,9368.04,Denied,Thin File,2026-07-05
APP_006583,CLI_03904,BR_012,10322.39,Denied,Thin File,2026-06-15
APP_006584,CLI_03569,BR_016,24690.95,Denied,Active Default,2026-03-08
APP_006585,CLI_01860,BR_037,19996.19,Approved,None,2026-05-09
APP_006586,CLI_03639,BR_048,47121.28,Denied,Low Score,2026-05-25
APP_006587,CLI_04449,BR_050,25454.46,Denied,Low Score,2026-06-26
APP_006588,CLI_00543,BR_019,34829.45,Denied,High DTI,2026-07-07
APP_006589,CLI_03675,BR_014,4980.51,Denied,Low Score,2026-04-24
APP_006590,CLI_02702,BR_043,42681.04,Denied,Low Score,2026-05-04
APP_006591,CLI_01776,BR_046,23922.93,Approved,None,2026-08-17
APP_006592,CLI_04211,BR_026,25092.46,Approved,None,2026-06-05
APP_006593,CLI_01811,BR_002,4480.07,Denied,Active Default,2026-07-01
APP_006594,CLI_03507,BR_029,48925.67,Denied,Low Score,2026-06-24
APP_006595,CLI_00953,BR_010,16531.42,Denied,High DTI,2026-08-17
APP_006596,CLI_04838,BR_003,1504.65,Denied,Fraud Suspicion,2026-06-14
APP_006597,CLI_03312,BR_035,47284.43,Denied,High DTI,2026-08-18
APP_006598,CLI_02979,BR_049,37797.7,Approved,None,2026-08-20
APP_006599,CLI_00336,BR_035,32054.14,Approved,None,2026-06-25
APP_006600,CLI_04333,BR_021,34881.53,Approved,None,2026-06-17
APP_006601,CLI_03395,BR_023,26230.36,Denied,High DTI,2026-08-16
APP_006602,CLI_01577,BR_016,22574.12,Denied,Fraud Suspicion,2026-07-08
APP_006603,CLI_01380,BR_003,46398.86,Approved,None,2026-08-04
APP_006604,CLI_04621,BR_004,21637.67,Denied,High DTI,2026-07-04
APP_006605,CLI_02524,BR_042,37543.06,Approved,None,2026-06-16
APP_006606,CLI_03603,BR_041,7641.19,Approved,None,2026-05-13
APP_006607,CLI_00228,BR_012,35974.37,Denied,Fraud Suspicion,2026-04-17
APP_006608,CLI_02346,BR_013,33108.74,Denied,Low Score,2026-08-16
APP_006609,CLI_01668,BR_045,13791.58,Denied,Active Default,2026-08-04
APP_006610,CLI_01921,BR_021,14259.42,Denied,Active Default,2026-08-05
APP_006611,CLI_00592,BR_017,14717.86,Approved,None,2026-03-11
APP_006612,CLI_03643,BR_026,28125.05,Denied,Fraud Suspicion,2026-05-28
APP_006613,CLI_00327,BR_045,35056.03,Denied,Thin File,2026-06-05
APP_006614,CLI_01024,BR_021,5945.51,Approved,None,2026-07-29
APP_006615,CLI_01886,BR_029,17684.05,Denied,Active Default,2026-08-04
APP_006616,CLI_01257,BR_010,41696.84,Approved,None,2026-06-10
APP_006617,CLI_00041,BR_031,31243.33,Denied,Low Score,2026-07-19
APP_006618,CLI_01675,BR_046,40875.52,Denied,Active Default,2026-05-20
APP_006619,CLI_03865,BR_050,24128.27,Approved,None,2026-03-28
APP_006620,CLI_03986,BR_038,25434.72,Approved,None,2026-06-05
APP_006621,CLI_00252,BR_004,9809.51,Approved,None,2026-08-19
APP_006622,CLI_02500,BR_003,2382.47,Denied,Low Score,2026-06-20
APP_006623,CLI_04754,BR_009,8819.37,Approved,None,2026-03-14
APP_006624,CLI_01051,BR_019,23619.71,Approved,None,2026-05-14
APP_006625,CLI_03342,BR_030,41771.36,Denied,Thin File,2026-04-07
APP_006626,CLI_01941,BR_049,39075.25,Approved,None,2026-03-27
APP_006627,CLI_03758,BR_010,18824.72,Approved,None,2026-06-05
APP_006628,CLI_02420,BR_031,23985.48,Approved,None,2026-08-27
APP_006629,CLI_04215,BR_003,34240.21,Denied,Active Default,2026-04-01
APP_006630,CLI_03552,BR_005,9146.75,Denied,Thin File,2026-04-24
APP_006631,CLI_02390,BR_035,9764.22,Denied,Low Score,2026-03-26
APP_006632,CLI_00301,BR_009,21513.22,Approved,None,2026-04-06
APP_006633,CLI_03015,BR_012,32210.38,Denied,Active Default,2026-03-18
APP_006634,CLI_02253,BR_041,48209.85,Denied,Fraud Suspicion,2026-08-03
APP_006635,CLI_00107,BR_033,49723.9,Denied,High DTI,2026-07-23
APP_006636,CLI_03761,BR_020,43593.87,Denied,Active Default,2026-06-21
APP_006637,CLI_00628,BR_038,15838.65,Approved,None,2026-05-15
APP_006638,CLI_03362,BR_043,41127.0,Approved,None,2026-04-15
APP_006639,CLI_00424,BR_022,11511.58,Denied,Thin File,2026-06-03
APP_006640,CLI_02864,BR_040,18256.99,Denied,High DTI,2026-04-01
APP_006641,CLI_03941,BR_018,48512.51,Denied,Active Default,2026-05-01
APP_006642,CLI_01804,BR_050,27561.3,Approved,None,2026-08-12
APP_006643,CLI_04248,BR_014,45665.98,Denied,Low Score,2026-07-21
APP_006644,CLI_01050,BR_010,35652.05,Denied,Low Score,2026-05-27
APP_006645,CLI_01559,BR_041,32181.58,Approved,None,2026-07-22
APP_006646,CLI_04739,BR_043,42398.92,Approved,None,2026-07-12
APP_006647,CLI_03249,BR_008,24445.06,Denied,Thin File,2026-05-01
APP_006648,CLI_02416,BR_008,1025.86,Approved,None,2026-06-21
APP_006649,CLI_02772,BR_005,26942.7,Denied,Active Default,2026-03-13
APP_006650,CLI_01199,BR_044,38315.47,Denied,Active Default,2026-06-10
APP_006651,CLI_01164,BR_036,20148.68,Denied,High DTI,2026-04-29
APP_006652,CLI_02479,BR_037,22107.22,Denied,Active Default,2026-06-24
APP_006653,CLI_00510,BR_030,44156.91,Approved,None,2026-07-21
APP_006654,CLI_01510,BR_036,7000.5,Denied,Low Score,2026-05-10
APP_006655,CLI_01415,BR_002,1266.95,Denied,Thin File,2026-06-30
APP_006656,CLI_04651,BR_037,5093.83,Denied,High DTI,2026-07-11
APP_006657,CLI_04850,BR_014,41960.91,Approved,None,2026-06-13
APP_006658,CLI_02982,BR_039,8221.45,Denied,Thin File,2026-03-16
APP_006659,CLI_03975,BR_012,14702.43,Denied,High DTI,2026-04-05
APP_006660,CLI_03653,BR_007,10762.16,Approved,None,2026-07-26
APP_006661,CLI_00513,BR_007,15105.63,Approved,None,2026-04-30
APP_006662,CLI_03615,BR_007,26483.35,Denied,Active Default,2026-08-25
APP_006663,CLI_01977,BR_050,41060.55,Denied,Fraud Suspicion,2026-06-22
APP_006664,CLI_03794,BR_043,5870.15,Approved,None,2026-04-29
APP_006665,CLI_00412,BR_049,27706.64,Approved,None,2026-08-29
APP_006666,CLI_01348,BR_016,2444.4,Denied,High DTI,2026-03-25
APP_006667,CLI_04452,BR_027,21258.99,Approved,None,2026-05-06
APP_006668,CLI_02821,BR_003,36927.79,Approved,None,2026-04-08
APP_006669,CLI_00802,BR_030,28593.9,Approved,None,2026-05-07
APP_006670,CLI_00577,BR_041,41586.13,Denied,High DTI,2026-03-05
APP_006671,CLI_02129,BR_041,23593.01,Approved,None,2026-03-07
APP_006672,CLI_00740,BR_017,7059.33,Approved,None,2026-06-11
APP_006673,CLI_00755,BR_007,40985.78,Denied,Thin File,2026-06-03
APP_006674,CLI_04884,BR_007,27144.59,Approved,None,2026-06-18
APP_006675,CLI_00393,BR_029,7256.84,Approved,None,2026-03-19
APP_006676,CLI_02201,BR_011,30013.92,Denied,Thin File,2026-03-15
APP_006677,CLI_03747,BR_046,28564.82,Approved,None,2026-05-26
APP_006678,CLI_02673,BR_022,7354.88,Approved,None,2026-06-01
APP_006679,CLI_03331,BR_046,12753.25,Approved,None,2026-06-27
APP_006680,CLI_03826,BR_025,14155.24,Approved,None,2026-07-24
APP_006681,CLI_00303,BR_022,14862.71,Approved,None,2026-07-06
APP_006682,CLI_02647,BR_012,17177.38,Approved,None,2026-05-10
APP_006683,CLI_02911,BR_019,19460.49,Approved,None,2026-05-01
APP_006684,CLI_02550,BR_013,40829.82,Denied,High DTI,2026-03-14
APP_006685,CLI_02069,BR_011,20424.02,Denied,Thin File,2026-05-17
APP_006686,CLI_02993,BR_045,19615.54,Approved,None,2026-08-02
APP_006687,CLI_03403,BR_019,12301.48,Approved,None,2026-04-22
APP_006688,CLI_02897,BR_011,35125.97,Denied,Thin File,2026-05-13
APP_006689,CLI_01367,BR_036,31005.56,Denied,High DTI,2026-03-19
APP_006690,CLI_03512,BR_037,6404.34,Denied,Thin File,2026-04-09
APP_006691,CLI_01758,BR_032,44828.96,Approved,None,2026-05-22
APP_006692,CLI_03386,BR_013,28994.38,Denied,Active Default,2026-08-31
APP_006693,CLI_02305,BR_023,30337.16,Approved,None,2026-07-02
APP_006694,CLI_02038,BR_018,18985.59,Denied,Active Default,2026-03-23
APP_006695,CLI_04117,BR_041,9417.49,Approved,None,2026-04-06
APP_006696,CLI_00633,BR_005,31526.19,Denied,High DTI,2026-04-01
APP_006697,CLI_04244,BR_028,47288.52,Denied,Active Default,2026-07-13
APP_006698,CLI_04513,BR_003,33895.31,Denied,Low Score,2026-04-04
APP_006699,CLI_02051,BR_005,21353.79,Denied,Low Score,2026-06-17
APP_006700,CLI_02820,BR_035,8986.72,Denied,Low Score,2026-07-06
APP_006701,CLI_04296,BR_023,29468.52,Approved,None,2026-03-19
APP_006702,CLI_02925,BR_027,30490.77,Denied,Low Score,2026-04-16
APP_006703,CLI_03290,BR_028,9555.67,Denied,Thin File,2026-05-10
APP_006704,CLI_00707,BR_036,32702.27,Denied,Thin File,2026-08-13
APP_006705,CLI_04293,BR_039,36955.02,Approved,None,2026-03-30
APP_006706,CLI_01011,BR_041,5673.56,Denied,Low Score,2026-06-06
APP_006707,CLI_01440,BR_017,4687.92,Approved,None,2026-08-04
APP_006708,CLI_00248,BR_022,15305.79,Approved,None,2026-05-22
APP_006709,CLI_02261,BR_039,31412.02,Denied,Active Default,2026-03-31
APP_006710,CLI_03203,BR_002,44385.09,Approved,None,2026-08-03
APP_006711,CLI_03342,BR_025,2766.62,Denied,High DTI,2026-04-08
APP_006712,CLI_01005,BR_019,22401.68,Approved,None,2026-07-29
APP_006713,CLI_03403,BR_001,31499.88,Approved,None,2026-03-31
APP_006714,CLI_03069,BR_009,6515.77,Approved,None,2026-07-14
APP_006715,CLI_04743,BR_049,9460.02,Denied,Active Default,2026-05-14
APP_006716,CLI_01637,BR_028,6603.76,Approved,None,2026-08-22
APP_006717,CLI_00054,BR_005,32430.44,Denied,Low Score,2026-07-30
APP_006718,CLI_02027,BR_025,11515.12,Denied,Fraud Suspicion,2026-07-12
APP_006719,CLI_01714,BR_013,6867.73,Approved,None,2026-03-13
APP_006720,CLI_04254,BR_025,44594.05,Denied,Active Default,2026-07-30
APP_006721,CLI_02996,BR_047,32385.9,Approved,None,2026-05-09
APP_006722,CLI_01592,BR_035,35635.67,Approved,None,2026-04-04
APP_006723,CLI_04204,BR_022,18518.84,Denied,Thin File,2026-08-27
APP_006724,CLI_04725,BR_021,3311.52,Denied,Active Default,2026-03-20
APP_006725,CLI_02102,BR_026,30379.16,Approved,None,2026-03-27
APP_006726,CLI_00427,BR_027,12592.0,Denied,Low Score,2026-05-04
APP_006727,CLI_02770,BR_026,40020.11,Denied,Thin File,2026-07-03
APP_006728,CLI_00396,BR_016,37820.74,Approved,None,2026-04-05
APP_006729,CLI_03005,BR_013,2685.14,Denied,High DTI,2026-07-10
APP_006730,CLI_02049,BR_047,5444.44,Denied,Low Score,2026-08-19
APP_006731,CLI_02171,BR_043,28861.33,Denied,Low Score,2026-06-17
APP_006732,CLI_04432,BR_047,36361.39,Denied,Thin File,2026-06-12
APP_006733,CLI_01998,BR_001,44439.39,Denied,Low Score,2026-07-10
APP_006734,CLI_04700,BR_038,20247.63,Denied,Low Score,2026-05-01
APP_006735,CLI_04785,BR_023,25146.78,Denied,Thin File,2026-05-02
APP_006736,CLI_02415,BR_020,44571.75,Approved,None,2026-07-10
APP_006737,CLI_03583,BR_005,15605.9,Approved,None,2026-08-02
APP_006738,CLI_03167,BR_036,49414.68,Denied,High DTI,2026-06-14
APP_006739,CLI_03116,BR_049,42763.32,Denied,Thin File,2026-05-03
APP_006740,CLI_01599,BR_020,31905.64,Denied,Low Score,2026-05-07
APP_006741,CLI_02165,BR_046,22840.45,Approved,None,2026-03-20
APP_006742,CLI_01808,BR_034,35448.59,Denied,Low Score,2026-05-29
APP_006743,CLI_00292,BR_030,39222.55,Approved,None,2026-06-03
APP_006744,CLI_02436,BR_009,10454.78,Denied,Low Score,2026-04-07
APP_006745,CLI_01136,BR_050,2606.66,Approved,None,2026-03-06
APP_006746,CLI_03504,BR_006,10232.92,Approved,None,2026-05-17
APP_006747,CLI_03059,BR_016,17582.4,Approved,None,2026-07-11
APP_006748,CLI_03551,BR_005,5915.22,Approved,None,2026-06-12
APP_006749,CLI_01681,BR_039,34039.87,Denied,High DTI,2026-03-16
APP_006750,CLI_04917,BR_033,23112.57,Approved,None,2026-08-07
APP_006751,CLI_02895,BR_035,41557.02,Approved,None,2026-07-04
APP_006752,CLI_03344,BR_021,47012.48,Approved,None,2026-06-13
APP_006753,CLI_02187,BR_008,11405.92,Approved,None,2026-05-03
APP_006754,CLI_02412,BR_015,3705.78,Denied,Low Score,2026-07-25
APP_006755,CLI_02137,BR_039,45441.97,Denied,High DTI,2026-04-24
APP_006756,CLI_00337,BR_044,15992.17,Approved,None,2026-08-22
APP_006757,CLI_01501,BR_040,9582.4,Approved,None,2026-06-23
APP_006758,CLI_01993,BR_038,48167.09,Denied,Active Default,2026-06-22
APP_006759,CLI_04241,BR_045,41603.94,Denied,High DTI,2026-04-11
APP_006760,CLI_03609,BR_006,28105.19,Denied,Low Score,2026-08-04
APP_006761,CLI_03295,BR_036,5594.06,Denied,Low Score,2026-05-16
APP_006762,CLI_04875,BR_028,44487.27,Approved,None,2026-07-23
APP_006763,CLI_00679,BR_025,28764.78,Denied,Thin File,2026-04-22
APP_006764,CLI_02124,BR_005,40220.62,Denied,Low Score,2026-08-21
APP_006765,CLI_03736,BR_022,43673.01,Denied,Thin File,2026-04-20
APP_006766,CLI_03788,BR_024,11064.34,Approved,None,2026-08-14
APP_006767,CLI_04319,BR_002,29614.18,Denied,Low Score,2026-07-29
APP_006768,CLI_04863,BR_015,48941.97,Denied,High DTI,2026-03-25
APP_006769,CLI_02783,BR_011,17462.53,Approved,None,2026-04-23
APP_006770,CLI_03205,BR_016,12832.97,Denied,Low Score,2026-07-07
APP_006771,CLI_02512,BR_015,18165.58,Denied,Thin File,2026-06-02
APP_006772,CLI_02767,BR_049,42973.9,Denied,Thin File,2026-05-22
APP_006773,CLI_03349,BR_048,4876.36,Denied,Fraud Suspicion,2026-08-20
APP_006774,CLI_04938,BR_035,49807.19,Denied,Low Score,2026-03-26
APP_006775,CLI_02146,BR_011,19258.66,Denied,Thin File,2026-08-29
APP_006776,CLI_02742,BR_029,37972.53,Approved,None,2026-08-06
APP_006777,CLI_04031,BR_018,38180.4,Approved,None,2026-05-28
APP_006778,CLI_03121,BR_044,2884.29,Denied,Fraud Suspicion,2026-07-19
APP_006779,CLI_03193,BR_020,10749.27,Approved,None,2026-08-25
APP_006780,CLI_00489,BR_043,43595.54,Denied,Thin File,2026-06-29
APP_006781,CLI_01041,BR_039,5632.16,Approved,None,2026-05-25
APP_006782,CLI_00750,BR_039,22521.46,Denied,High DTI,2026-03-28
APP_006783,CLI_04874,BR_042,38089.6,Denied,Low Score,2026-08-30
APP_006784,CLI_02355,BR_029,39312.81,Denied,Fraud Suspicion,2026-03-23
APP_006785,CLI_01856,BR_007,6496.39,Denied,Low Score,2026-07-19
APP_006786,CLI_03201,BR_025,29099.47,Approved,None,2026-06-06
APP_006787,CLI_03466,BR_004,6549.89,Denied,Low Score,2026-04-24
APP_006788,CLI_00110,BR_024,32659.34,Denied,Thin File,2026-03-13
APP_006789,CLI_01052,BR_034,44394.97,Denied,Low Score,2026-04-26
APP_006790,CLI_04695,BR_009,37950.59,Approved,None,2026-03-30
APP_006791,CLI_01909,BR_003,6109.72,Approved,None,2026-07-13
APP_006792,CLI_02961,BR_048,33477.75,Approved,None,2026-03-25
APP_006793,CLI_02514,BR_002,33601.2,Denied,Active Default,2026-08-22
APP_006794,CLI_01433,BR_013,31002.17,Denied,Thin File,2026-06-20
APP_006795,CLI_01183,BR_019,14540.19,Denied,Thin File,2026-07-07
APP_006796,CLI_01836,BR_004,43307.03,Denied,Low Score,2026-05-02
APP_006797,CLI_02820,BR_020,16377.69,Denied,Low Score,2026-06-05
APP_006798,CLI_02257,BR_004,4034.1,Approved,None,2026-04-11
APP_006799,CLI_02672,BR_029,9096.26,Denied,Low Score,2026-05-23
APP_006800,CLI_02162,BR_006,49976.6,Approved,None,2026-05-13
APP_006801,CLI_01595,BR_027,13175.99,Denied,Low Score,2026-08-17
APP_006802,CLI_01639,BR_002,20932.94,Approved,None,2026-08-11
APP_006803,CLI_03572,BR_045,48791.85,Denied,Fraud Suspicion,2026-04-03
APP_006804,CLI_01341,BR_048,3253.97,Denied,Active Default,2026-06-02
APP_006805,CLI_04006,BR_010,22937.15,Approved,None,2026-04-13
APP_006806,CLI_01498,BR_023,30108.32,Denied,High DTI,2026-06-09
APP_006807,CLI_04303,BR_014,42603.36,Approved,None,2026-04-18
APP_006808,CLI_04822,BR_030,11461.05,Denied,Low Score,2026-08-22
APP_006809,CLI_00738,BR_004,31774.48,Approved,None,2026-07-27
APP_006810,CLI_01725,BR_039,7584.16,Approved,None,2026-06-17
APP_006811,CLI_00830,BR_036,49188.29,Denied,Low Score,2026-07-06
APP_006812,CLI_03076,BR_037,33917.29,Denied,Active Default,2026-03-16
APP_006813,CLI_01025,BR_006,4711.57,Denied,Active Default,2026-05-05
APP_006814,CLI_03197,BR_047,21215.64,Denied,Low Score,2026-05-21
APP_006815,CLI_04320,BR_011,15670.6,Approved,None,2026-05-05
APP_006816,CLI_03415,BR_034,11511.98,Approved,None,2026-03-30
APP_006817,CLI_03855,BR_007,18647.87,Denied,Thin File,2026-07-14
APP_006818,CLI_02465,BR_013,47799.89,Denied,Low Score,2026-07-26
APP_006819,CLI_03979,BR_001,32747.3,Denied,Active Default,2026-06-03
APP_006820,CLI_01823,BR_006,22941.62,Denied,Active Default,2026-03-05
APP_006821,CLI_03191,BR_010,36754.14,Approved,None,2026-04-28
APP_006822,CLI_00970,BR_041,42276.87,Denied,High DTI,2026-07-08
APP_006823,CLI_00386,BR_024,32692.29,Approved,None,2026-08-21
APP_006824,CLI_01807,BR_017,24249.71,Approved,None,2026-03-14
APP_006825,CLI_01601,BR_022,37657.0,Denied,Low Score,2026-07-30
APP_006826,CLI_04251,BR_043,36653.13,Denied,Low Score,2026-05-20
APP_006827,CLI_04815,BR_019,17863.28,Approved,None,2026-07-06
APP_006828,CLI_03962,BR_007,39698.95,Denied,Thin File,2026-05-26
APP_006829,CLI_03414,BR_018,11942.16,Denied,Active Default,2026-08-23
APP_006830,CLI_03379,BR_015,25063.37,Denied,Low Score,2026-07-19
APP_006831,CLI_03805,BR_045,20676.8,Approved,None,2026-05-10
APP_006832,CLI_01114,BR_007,12527.08,Denied,Low Score,2026-07-10
APP_006833,CLI_02869,BR_037,20292.34,Denied,Thin File,2026-06-26
APP_006834,CLI_02714,BR_024,40668.01,Denied,Thin File,2026-06-13
APP_006835,CLI_01114,BR_014,32759.08,Approved,None,2026-05-17
APP_006836,CLI_02840,BR_039,16377.31,Denied,High DTI,2026-04-30
APP_006837,CLI_04966,BR_038,39914.56,Denied,High DTI,2026-06-12
APP_006838,CLI_04317,BR_017,37523.76,Denied,Low Score,2026-03-29
APP_006839,CLI_01828,BR_045,19253.55,Approved,None,2026-03-11
APP_006840,CLI_01029,BR_027,33134.17,Denied,Low Score,2026-08-04
APP_006841,CLI_03187,BR_048,43691.43,Denied,Low Score,2026-04-22
APP_006842,CLI_01899,BR_030,4494.55,Denied,Low Score,2026-04-18
APP_006843,CLI_01390,BR_004,23735.41,Denied,Fraud Suspicion,2026-04-16
APP_006844,CLI_01538,BR_001,24220.76,Denied,Thin File,2026-03-07
APP_006845,CLI_04461,BR_049,42964.59,Approved,None,2026-04-03
APP_006846,CLI_00970,BR_015,48725.88,Approved,None,2026-06-22
APP_006847,CLI_02825,BR_042,45375.73,Denied,High DTI,2026-05-31
APP_006848,CLI_00629,BR_035,37603.26,Denied,Low Score,2026-06-04
APP_006849,CLI_04011,BR_037,15005.03,Approved,None,2026-05-17
APP_006850,CLI_03116,BR_002,17764.64,Denied,High DTI,2026-07-14
APP_006851,CLI_01795,BR_015,35968.87,Denied,Active Default,2026-03-21
APP_006852,CLI_04914,BR_018,22615.91,Denied,Active Default,2026-07-16
APP_006853,CLI_02457,BR_045,28766.0,Approved,None,2026-07-12
APP_006854,CLI_02137,BR_012,30783.76,Denied,Active Default,2026-06-05
APP_006855,CLI_01097,BR_045,3777.59,Denied,Low Score,2026-08-10
APP_006856,CLI_01266,BR_027,10418.28,Denied,High DTI,2026-05-08
APP_006857,CLI_02184,BR_001,16980.35,Denied,Active Default,2026-03-12
APP_006858,CLI_01815,BR_004,36386.22,Approved,None,2026-04-14
APP_006859,CLI_02794,BR_029,34878.72,Denied,Low Score,2026-08-05
APP_006860,CLI_01726,BR_022,30174.86,Denied,Active Default,2026-04-24
APP_006861,CLI_01383,BR_014,1435.89,Approved,None,2026-07-17
APP_006862,CLI_03991,BR_030,42652.06,Denied,Low Score,2026-03-28
APP_006863,CLI_00931,BR_021,12141.9,Denied,Low Score,2026-08-30
APP_006864,CLI_03653,BR_016,20296.72,Denied,Low Score,2026-06-10
APP_006865,CLI_00225,BR_035,19286.21,Approved,None,2026-03-05
APP_006866,CLI_01329,BR_050,39063.92,Approved,None,2026-07-05
APP_006867,CLI_00308,BR_050,7468.6,Denied,High DTI,2026-07-09
APP_006868,CLI_04048,BR_022,26004.77,Denied,Low Score,2026-03-23
APP_006869,CLI_02031,BR_025,44586.94,Approved,None,2026-05-20
APP_006870,CLI_03415,BR_018,39584.12,Approved,None,2026-07-27
APP_006871,CLI_04524,BR_049,15310.05,Approved,None,2026-07-24
APP_006872,CLI_00151,BR_025,32381.18,Approved,None,2026-05-14
APP_006873,CLI_00934,BR_042,41794.84,Denied,Low Score,2026-08-21
APP_006874,CLI_04999,BR_011,31202.84,Approved,None,2026-07-29
APP_006875,CLI_01012,BR_027,28995.79,Denied,Low Score,2026-04-21
APP_006876,CLI_01440,BR_041,12637.43,Denied,Low Score,2026-08-17
APP_006877,CLI_01462,BR_034,37064.74,Approved,None,2026-03-23
APP_006878,CLI_04827,BR_044,10086.69,Denied,Thin File,2026-07-23
APP_006879,CLI_04295,BR_038,41900.78,Denied,Thin File,2026-06-19
APP_006880,CLI_04042,BR_001,24229.68,Denied,Low Score,2026-06-10
APP_006881,CLI_00698,BR_001,38374.14,Approved,None,2026-08-16
APP_006882,CLI_01039,BR_029,23252.36,Denied,High DTI,2026-06-20
APP_006883,CLI_02302,BR_050,12389.19,Approved,None,2026-07-29
APP_006884,CLI_04424,BR_045,26514.15,Denied,Fraud Suspicion,2026-06-08
APP_006885,CLI_03316,BR_046,29689.23,Denied,Active Default,2026-03-05
APP_006886,CLI_01583,BR_023,8919.99,Denied,Thin File,2026-05-05
APP_006887,CLI_01756,BR_041,23452.66,Approved,None,2026-06-16
APP_006888,CLI_00370,BR_044,24338.68,Approved,None,2026-04-22
APP_006889,CLI_00466,BR_029,49512.28,Denied,Fraud Suspicion,2026-08-15
APP_006890,CLI_03464,BR_049,37350.18,Approved,None,2026-03-24
APP_006891,CLI_02405,BR_022,37090.73,Denied,Low Score,2026-05-28
APP_006892,CLI_01953,BR_031,47568.42,Approved,None,2026-07-25
APP_006893,CLI_00095,BR_016,12378.33,Approved,None,2026-07-10
APP_006894,CLI_03694,BR_029,12321.83,Approved,None,2026-03-24
APP_006895,CLI_00482,BR_050,27868.99,Approved,None,2026-06-15
APP_006896,CLI_03652,BR_023,16113.74,Approved,None,2026-06-20
APP_006897,CLI_03807,BR_029,35856.67,Denied,Fraud Suspicion,2026-07-24
APP_006898,CLI_03256,BR_003,46365.6,Approved,None,2026-07-04
APP_006899,CLI_04739,BR_002,7589.83,Denied,High DTI,2026-06-02
APP_006900,CLI_00609,BR_046,1945.38,Denied,Active Default,2026-08-28
APP_006901,CLI_02957,BR_026,31988.19,Approved,None,2026-06-20
APP_006902,CLI_02857,BR_034,27475.64,Denied,Low Score,2026-07-02
APP_006903,CLI_01183,BR_024,35072.74,Denied,Low Score,2026-03-28
APP_006904,CLI_03209,BR_037,45628.55,Denied,Thin File,2026-04-27
APP_006905,CLI_04870,BR_048,38487.29,Approved,None,2026-04-27
APP_006906,CLI_02555,BR_028,19140.26,Denied,Fraud Suspicion,2026-06-25
APP_006907,CLI_02105,BR_042,12487.75,Approved,None,2026-06-10
APP_006908,CLI_04535,BR_005,8482.93,Approved,None,2026-03-15
APP_006909,CLI_01568,BR_007,47514.69,Denied,High DTI,2026-07-11
APP_006910,CLI_02036,BR_013,34360.62,Approved,None,2026-03-10
APP_006911,CLI_04078,BR_037,18192.73,Approved,None,2026-07-04
APP_006912,CLI_01781,BR_016,9318.41,Denied,Active Default,2026-03-08
APP_006913,CLI_03814,BR_003,20779.33,Denied,Low Score,2026-04-24
APP_006914,CLI_02952,BR_033,42098.97,Denied,Low Score,2026-05-09
APP_006915,CLI_01776,BR_032,16477.56,Approved,None,2026-07-01
APP_006916,CLI_02031,BR_021,24348.27,Denied,Thin File,2026-08-06
APP_006917,CLI_01591,BR_016,26216.3,Denied,Thin File,2026-08-15
APP_006918,CLI_01051,BR_029,22972.02,Denied,Low Score,2026-06-17
APP_006919,CLI_04516,BR_036,25286.59,Approved,None,2026-07-29
APP_006920,CLI_01021,BR_049,5452.41,Denied,Active Default,2026-08-20
APP_006921,CLI_03474,BR_015,38168.27,Denied,Thin File,2026-05-15
APP_006922,CLI_02898,BR_031,43418.74,Approved,None,2026-07-19
APP_006923,CLI_04057,BR_019,1429.32,Approved,None,2026-03-28
APP_006924,CLI_04986,BR_035,8259.25,Denied,Thin File,2026-08-01
APP_006925,CLI_02811,BR_041,46008.56,Denied,Low Score,2026-08-23
APP_006926,CLI_02372,BR_017,32604.33,Denied,Low Score,2026-07-01
APP_006927,CLI_03559,BR_041,48112.39,Denied,High DTI,2026-07-12
APP_006928,CLI_02640,BR_006,30518.87,Approved,None,2026-07-18
APP_006929,CLI_04251,BR_032,13594.56,Denied,Low Score,2026-04-11
APP_006930,CLI_02750,BR_047,7225.48,Denied,High DTI,2026-08-07
APP_006931,CLI_02539,BR_027,16586.43,Approved,None,2026-07-13
APP_006932,CLI_04153,BR_047,31534.13,Denied,Low Score,2026-08-16
APP_006933,CLI_04068,BR_016,8962.07,Denied,Active Default,2026-06-26
APP_006934,CLI_01610,BR_022,10469.83,Denied,High DTI,2026-08-14
APP_006935,CLI_01552,BR_035,42228.88,Denied,Low Score,2026-05-01
APP_006936,CLI_04801,BR_034,32456.14,Approved,None,2026-07-16
APP_006937,CLI_00494,BR_030,33513.02,Approved,None,2026-05-04
APP_006938,CLI_03821,BR_040,48492.26,Denied,Low Score,2026-06-27
APP_006939,CLI_04866,BR_049,20606.8,Approved,None,2026-03-31
APP_006940,CLI_00528,BR_003,30948.98,Approved,None,2026-07-04
APP_006941,CLI_02080,BR_013,18004.3,Denied,Low Score,2026-05-31
APP_006942,CLI_03099,BR_029,11485.34,Approved,None,2026-04-30
APP_006943,CLI_02477,BR_032,6338.0,Approved,None,2026-07-25
APP_006944,CLI_02211,BR_044,12519.57,Denied,Thin File,2026-05-17
APP_006945,CLI_02000,BR_022,43770.75,Approved,None,2026-08-31
APP_006946,CLI_03012,BR_038,38051.14,Denied,High DTI,2026-03-05
APP_006947,CLI_03223,BR_007,34294.56,Denied,High DTI,2026-03-26
APP_006948,CLI_03766,BR_019,21448.91,Approved,None,2026-05-20
APP_006949,CLI_02896,BR_046,23273.8,Approved,None,2026-06-27
APP_006950,CLI_02291,BR_045,41899.71,Denied,Thin File,2026-05-24
APP_006951,CLI_03864,BR_034,25777.29,Denied,High DTI,2026-05-15
APP_006952,CLI_04504,BR_024,19838.81,Denied,Low Score,2026-06-15
APP_006953,CLI_01890,BR_004,11716.03,Denied,Low Score,2026-07-27
APP_006954,CLI_00567,BR_021,31150.62,Approved,None,2026-07-06
APP_006955,CLI_02103,BR_045,38432.53,Approved,None,2026-08-28
APP_006956,CLI_00915,BR_014,19292.08,Denied,High DTI,2026-06-09
APP_006957,CLI_03532,BR_045,36652.82,Approved,None,2026-06-22
APP_006958,CLI_01032,BR_006,10915.83,Approved,None,2026-08-04
APP_006959,CLI_03204,BR_010,48118.67,Approved,None,2026-06-26
APP_006960,CLI_01490,BR_044,17897.46,Denied,Low Score,2026-07-28
APP_006961,CLI_03639,BR_009,27756.67,Approved,None,2026-07-20
APP_006962,CLI_02418,BR_016,40669.92,Denied,Low Score,2026-04-09
APP_006963,CLI_00709,BR_012,25079.89,Approved,None,2026-06-16
APP_006964,CLI_04374,BR_022,2281.97,Denied,Thin File,2026-04-26
APP_006965,CLI_03314,BR_041,3281.63,Approved,None,2026-05-07
APP_006966,CLI_00012,BR_021,30536.82,Denied,Low Score,2026-03-12
APP_006967,CLI_03184,BR_013,7888.07,Approved,None,2026-08-14
APP_006968,CLI_02553,BR_010,25033.77,Approved,None,2026-07-15
APP_006969,CLI_01699,BR_011,39495.72,Approved,None,2026-03-15
APP_006970,CLI_00220,BR_020,1350.37,Denied,Low Score,2026-05-25
APP_006971,CLI_04230,BR_049,49303.24,Denied,Thin File,2026-08-15
APP_006972,CLI_03106,BR_018,31567.4,Denied,Active Default,2026-05-01
APP_006973,CLI_01340,BR_009,11606.19,Denied,High DTI,2026-05-21
APP_006974,CLI_02083,BR_046,32770.29,Denied,Thin File,2026-03-28
APP_006975,CLI_03568,BR_020,36800.68,Approved,None,2026-05-06
APP_006976,CLI_01735,BR_019,42769.56,Approved,None,2026-04-15
APP_006977,CLI_04017,BR_049,13608.52,Denied,Low Score,2026-04-14
APP_006978,CLI_04981,BR_026,1370.33,Denied,Thin File,2026-08-20
APP_006979,CLI_04943,BR_028,31788.25,Denied,Thin File,2026-04-18
APP_006980,CLI_02539,BR_026,5910.29,Approved,None,2026-05-29
APP_006981,CLI_01727,BR_045,36654.33,Denied,Thin File,2026-05-11
APP_006982,CLI_02963,BR_032,40095.51,Denied,Thin File,2026-06-25
APP_006983,CLI_02896,BR_024,3116.61,Approved,None,2026-06-07
APP_006984,CLI_01022,BR_021,16999.43,Approved,None,2026-04-27
APP_006985,CLI_03394,BR_027,3975.7,Approved,None,2026-03-31
APP_006986,CLI_04121,BR_038,17325.1,Approved,None,2026-08-07
APP_006987,CLI_04060,BR_022,10551.29,Denied,Low Score,2026-08-08
APP_006988,CLI_02632,BR_012,49810.42,Denied,Thin File,2026-06-25
APP_006989,CLI_00226,BR_035,24105.35,Approved,None,2026-07-09
APP_006990,CLI_02249,BR_018,17728.16,Denied,Fraud Suspicion,2026-03-17
APP_006991,CLI_01319,BR_013,29661.96,Denied,Fraud Suspicion,2026-04-23
APP_006992,CLI_04700,BR_028,30410.89,Denied,Active Default,2026-07-29
APP_006993,CLI_01986,BR_011,27153.06,Denied,Thin File,2026-04-29
APP_006994,CLI_02308,BR_010,2812.91,Denied,Fraud Suspicion,2026-06-05
APP_006995,CLI_03125,BR_008,16696.65,Denied,High DTI,2026-03-05
APP_006996,CLI_03095,BR_038,45495.24,Approved,None,2026-06-13
APP_006997,CLI_01188,BR_017,26544.16,Denied,Low Score,2026-08-31
APP_006998,CLI_03284,BR_026,42939.2,Denied,High DTI,2026-08-14
APP_006999,CLI_00621,BR_028,13142.63,Denied,Thin File,2026-08-04
APP_007000,CLI_02334,BR_022,39083.06,Denied,Low Score,2026-07-27
APP_007001,CLI_03282,BR_042,6713.97,Denied,Thin File,2026-04-03
APP_007002,CLI_04933,BR_037,35755.26,Denied,Low Score,2026-05-27
APP_007003,CLI_03471,BR_004,41824.8,Denied,Active Default,2026-03-08
APP_007004,CLI_04706,BR_011,17978.46,Denied,Low Score,2026-04-26
APP_007005,CLI_01333,BR_007,47896.28,Denied,Thin File,2026-04-02
APP_007006,CLI_01461,BR_037,25697.52,Approved,None,2026-04-14
APP_007007,CLI_01140,BR_027,27791.75,Denied,Active Default,2026-06-21
APP_007008,CLI_02809,BR_039,24961.15,Approved,None,2026-04-11
APP_007009,CLI_03592,BR_024,30596.38,Denied,Low Score,2026-03-15
APP_007010,CLI_00706,BR_044,44454.62,Denied,Low Score,2026-07-30
APP_007011,CLI_01849,BR_026,24533.32,Approved,None,2026-06-09
APP_007012,CLI_04034,BR_013,23884.05,Denied,High DTI,2026-06-10
APP_007013,CLI_03200,BR_019,25429.86,Denied,Low Score,2026-07-08
APP_007014,CLI_04247,BR_035,15566.3,Approved,None,2026-08-20
APP_007015,CLI_04686,BR_029,26959.34,Denied,Low Score,2026-06-29
APP_007016,CLI_04129,BR_020,40518.16,Approved,None,2026-03-22
APP_007017,CLI_04173,BR_015,19009.01,Denied,Thin File,2026-08-30
APP_007018,CLI_00436,BR_049,21810.94,Denied,High DTI,2026-03-14
APP_007019,CLI_04365,BR_014,4080.88,Approved,None,2026-06-26
APP_007020,CLI_03386,BR_046,42014.27,Denied,Thin File,2026-04-28
APP_007021,CLI_04027,BR_046,45351.94,Approved,None,2026-07-30
APP_007022,CLI_04662,BR_017,18830.74,Denied,Low Score,2026-08-28
APP_007023,CLI_04297,BR_048,9483.86,Approved,None,2026-06-20
APP_007024,CLI_01457,BR_029,7100.39,Approved,None,2026-08-07
APP_007025,CLI_04188,BR_010,33373.04,Approved,None,2026-06-10
APP_007026,CLI_02178,BR_025,9103.93,Approved,None,2026-06-27
APP_007027,CLI_04306,BR_029,5418.85,Denied,Fraud Suspicion,2026-06-22
APP_007028,CLI_04540,BR_006,46269.0,Denied,Thin File,2026-04-03
APP_007029,CLI_03481,BR_028,1782.21,Denied,High DTI,2026-05-31
APP_007030,CLI_00711,BR_036,33095.3,Approved,None,2026-07-08
APP_007031,CLI_01341,BR_045,30233.14,Denied,High DTI,2026-06-12
APP_007032,CLI_04211,BR_050,25868.89,Denied,High DTI,2026-08-09
APP_007033,CLI_04050,BR_033,35329.22,Denied,Low Score,2026-06-23
APP_007034,CLI_04867,BR_008,48180.64,Denied,Fraud Suspicion,2026-07-16
APP_007035,CLI_01257,BR_027,21320.0,Denied,High DTI,2026-04-03
APP_007036,CLI_02083,BR_017,20532.14,Denied,Thin File,2026-06-17
APP_007037,CLI_01302,BR_018,37988.15,Approved,None,2026-03-18
APP_007038,CLI_00118,BR_018,14604.22,Denied,High DTI,2026-08-15
APP_007039,CLI_01720,BR_001,21441.79,Approved,None,2026-04-01
APP_007040,CLI_01372,BR_032,11744.31,Denied,High DTI,2026-07-13
APP_007041,CLI_03477,BR_035,28730.46,Approved,None,2026-07-03
APP_007042,CLI_01860,BR_040,26426.01,Denied,Thin File,2026-04-05
APP_007043,CLI_01980,BR_011,41643.45,Denied,Fraud Suspicion,2026-03-14
APP_007044,CLI_04773,BR_013,43496.39,Denied,High DTI,2026-06-08
APP_007045,CLI_04632,BR_007,49659.09,Approved,None,2026-03-25
APP_007046,CLI_02906,BR_024,1783.61,Approved,None,2026-03-27
APP_007047,CLI_02820,BR_029,24707.36,Denied,Thin File,2026-07-30
APP_007048,CLI_01090,BR_020,48507.15,Denied,Low Score,2026-07-27
APP_007049,CLI_02933,BR_034,24446.75,Denied,Thin File,2026-04-08
APP_007050,CLI_04851,BR_017,31531.49,Approved,None,2026-03-15
APP_007051,CLI_04488,BR_012,8901.65,Approved,None,2026-04-06
APP_007052,CLI_00284,BR_022,32975.96,Denied,Low Score,2026-06-19
APP_007053,CLI_01378,BR_014,1570.94,Approved,None,2026-07-09
APP_007054,CLI_02367,BR_042,44869.87,Approved,None,2026-06-21
APP_007055,CLI_04103,BR_005,12883.7,Denied,Thin File,2026-08-02
APP_007056,CLI_00369,BR_012,9413.1,Denied,Active Default,2026-03-14
APP_007057,CLI_01171,BR_028,12865.52,Approved,None,2026-06-17
APP_007058,CLI_03814,BR_027,47787.34,Approved,None,2026-06-29
APP_007059,CLI_00503,BR_010,15424.59,Denied,Thin File,2026-06-11
APP_007060,CLI_02976,BR_043,32771.15,Denied,Low Score,2026-07-29
APP_007061,CLI_04499,BR_049,43334.86,Denied,High DTI,2026-04-16
APP_007062,CLI_00138,BR_010,40465.65,Denied,Low Score,2026-05-17
APP_007063,CLI_00421,BR_005,1186.86,Approved,None,2026-07-06
APP_007064,CLI_00720,BR_038,39510.83,Approved,None,2026-07-16
APP_007065,CLI_00180,BR_032,25603.3,Denied,Low Score,2026-05-22
APP_007066,CLI_04101,BR_050,24658.38,Approved,None,2026-04-29
APP_007067,CLI_03756,BR_048,41171.26,Approved,None,2026-04-16
APP_007068,CLI_03036,BR_029,24681.89,Denied,Thin File,2026-08-09
APP_007069,CLI_02839,BR_018,23602.2,Denied,High DTI,2026-04-24
APP_007070,CLI_03466,BR_016,7899.47,Denied,Active Default,2026-08-31
APP_007071,CLI_03041,BR_018,9879.92,Denied,Thin File,2026-08-21
APP_007072,CLI_04017,BR_036,11417.55,Approved,None,2026-08-11
APP_007073,CLI_00267,BR_006,42181.37,Denied,Low Score,2026-03-31
APP_007074,CLI_03252,BR_013,44844.11,Approved,None,2026-08-15
APP_007075,CLI_04777,BR_004,25247.8,Denied,Low Score,2026-03-24
APP_007076,CLI_02096,BR_043,7541.84,Denied,High DTI,2026-08-31
APP_007077,CLI_04960,BR_038,40601.35,Denied,Low Score,2026-06-25
APP_007078,CLI_01065,BR_005,23876.92,Denied,Thin File,2026-05-01
APP_007079,CLI_00752,BR_034,21958.75,Denied,Low Score,2026-07-20
APP_007080,CLI_00750,BR_033,20343.65,Denied,Low Score,2026-08-24
APP_007081,CLI_03602,BR_042,18249.54,Denied,Thin File,2026-03-07
APP_007082,CLI_00790,BR_047,7701.06,Denied,Low Score,2026-04-21
APP_007083,CLI_03758,BR_018,11760.75,Denied,Thin File,2026-08-15
APP_007084,CLI_00472,BR_033,28496.43,Denied,Low Score,2026-05-13
APP_007085,CLI_04744,BR_015,34998.22,Denied,Low Score,2026-07-06
APP_007086,CLI_00124,BR_033,31438.62,Denied,High DTI,2026-05-26
APP_007087,CLI_01085,BR_040,44173.71,Denied,Fraud Suspicion,2026-04-13
APP_007088,CLI_03910,BR_042,9214.57,Approved,None,2026-04-01
APP_007089,CLI_02347,BR_035,46170.13,Denied,Low Score,2026-04-02
APP_007090,CLI_01675,BR_034,19849.48,Approved,None,2026-08-27
APP_007091,CLI_01120,BR_039,2691.91,Approved,None,2026-05-25
APP_007092,CLI_02700,BR_010,37327.17,Denied,High DTI,2026-08-11
APP_007093,CLI_03759,BR_028,2703.61,Denied,Fraud Suspicion,2026-05-25
APP_007094,CLI_00425,BR_044,17030.14,Approved,None,2026-08-08
APP_007095,CLI_04153,BR_008,14071.77,Denied,Low Score,2026-04-09
APP_007096,CLI_00522,BR_027,25796.08,Denied,Thin File,2026-06-02
APP_007097,CLI_04545,BR_030,45212.35,Approved,None,2026-06-13
APP_007098,CLI_00522,BR_043,15628.62,Approved,None,2026-06-09
APP_007099,CLI_04197,BR_022,35679.76,Denied,Low Score,2026-06-05
APP_007100,CLI_02476,BR_029,39054.59,Denied,Low Score,2026-07-25
APP_007101,CLI_04678,BR_035,35315.55,Approved,None,2026-05-12
APP_007102,CLI_04275,BR_015,28401.45,Denied,Active Default,2026-05-09
APP_007103,CLI_02231,BR_030,19730.62,Approved,None,2026-06-10
APP_007104,CLI_03943,BR_037,14531.02,Denied,Fraud Suspicion,2026-03-05
APP_007105,CLI_01235,BR_020,23648.77,Denied,Active Default,2026-08-02
APP_007106,CLI_04239,BR_003,10316.99,Denied,Active Default,2026-03-08
APP_007107,CLI_04890,BR_011,46431.34,Denied,Active Default,2026-07-31
APP_007108,CLI_03246,BR_014,37589.06,Denied,Low Score,2026-04-22
APP_007109,CLI_00071,BR_039,24147.57,Approved,None,2026-05-23
APP_007110,CLI_00719,BR_018,17928.13,Denied,Active Default,2026-03-15
APP_007111,CLI_02542,BR_014,41648.29,Approved,None,2026-08-08
APP_007112,CLI_02335,BR_031,31124.24,Denied,Thin File,2026-03-22
APP_007113,CLI_03148,BR_044,11131.56,Approved,None,2026-04-08
APP_007114,CLI_00307,BR_040,35052.73,Approved,None,2026-06-12
APP_007115,CLI_00517,BR_044,34530.61,Denied,High DTI,2026-03-09
APP_007116,CLI_00028,BR_038,39854.95,Approved,None,2026-07-04
APP_007117,CLI_02376,BR_006,9374.46,Approved,None,2026-04-24
APP_007118,CLI_00770,BR_009,18582.42,Denied,Thin File,2026-08-24
APP_007119,CLI_02760,BR_012,13850.01,Approved,None,2026-04-10
APP_007120,CLI_02386,BR_037,37427.78,Denied,High DTI,2026-03-14
APP_007121,CLI_00323,BR_031,29969.17,Denied,Active Default,2026-08-27
APP_007122,CLI_04336,BR_028,8146.94,Denied,Low Score,2026-05-26
APP_007123,CLI_01337,BR_021,35874.14,Denied,Fraud Suspicion,2026-04-21
APP_007124,CLI_02811,BR_005,29138.7,Approved,None,2026-08-21
APP_007125,CLI_02787,BR_002,11538.19,Denied,High DTI,2026-03-27
APP_007126,CLI_00770,BR_027,14082.7,Approved,None,2026-03-10
APP_007127,CLI_00260,BR_045,32716.89,Approved,None,2026-07-17
APP_007128,CLI_01956,BR_018,25507.63,Denied,Thin File,2026-07-28
APP_007129,CLI_00334,BR_027,30575.12,Approved,None,2026-08-31
APP_007130,CLI_01164,BR_037,23443.88,Denied,High DTI,2026-05-12
APP_007131,CLI_03687,BR_044,8576.17,Denied,Low Score,2026-05-19
APP_007132,CLI_01355,BR_010,17607.75,Denied,Thin File,2026-06-10
APP_007133,CLI_03268,BR_044,20446.12,Approved,None,2026-04-19
APP_007134,CLI_02779,BR_040,15636.15,Denied,Active Default,2026-08-07
APP_007135,CLI_00350,BR_044,4418.53,Denied,Low Score,2026-06-02
APP_007136,CLI_01542,BR_006,14231.68,Denied,High DTI,2026-07-11
APP_007137,CLI_00209,BR_043,25343.11,Denied,Thin File,2026-06-19
APP_007138,CLI_03086,BR_047,24288.3,Approved,None,2026-04-08
APP_007139,CLI_04057,BR_030,30933.94,Approved,None,2026-08-02
APP_007140,CLI_00304,BR_038,22223.36,Approved,None,2026-04-10
APP_007141,CLI_04020,BR_023,24163.91,Denied,Low Score,2026-07-19
APP_007142,CLI_04210,BR_028,35361.12,Denied,High DTI,2026-07-09
APP_007143,CLI_01453,BR_018,35468.86,Approved,None,2026-07-02
APP_007144,CLI_03670,BR_009,9414.46,Denied,Thin File,2026-08-17
APP_007145,CLI_03714,BR_045,47976.44,Approved,None,2026-03-14
APP_007146,CLI_00764,BR_005,16900.89,Denied,Active Default,2026-08-25
APP_007147,CLI_01270,BR_034,6884.75,Approved,None,2026-03-29
APP_007148,CLI_00713,BR_032,38132.74,Denied,Thin File,2026-05-04
APP_007149,CLI_03837,BR_010,40087.97,Denied,Fraud Suspicion,2026-04-16
APP_007150,CLI_01253,BR_010,6947.83,Denied,Low Score,2026-05-09
APP_007151,CLI_00155,BR_022,5217.43,Denied,Thin File,2026-08-06
APP_007152,CLI_04504,BR_016,13785.59,Denied,Active Default,2026-03-25
APP_007153,CLI_04237,BR_020,49585.34,Denied,Low Score,2026-04-17
APP_007154,CLI_01243,BR_034,6172.22,Approved,None,2026-08-17
APP_007155,CLI_00864,BR_011,12763.95,Approved,None,2026-04-28
APP_007156,CLI_04716,BR_036,15422.63,Denied,Active Default,2026-03-08
APP_007157,CLI_04369,BR_010,36273.4,Approved,None,2026-04-29
APP_007158,CLI_04112,BR_040,40406.61,Approved,None,2026-08-06
APP_007159,CLI_04708,BR_027,43420.83,Denied,Thin File,2026-06-28
APP_007160,CLI_04272,BR_041,29911.61,Approved,None,2026-04-13
APP_007161,CLI_03361,BR_008,20859.32,Denied,Active Default,2026-08-16
APP_007162,CLI_01571,BR_027,6381.42,Denied,Active Default,2026-08-15
APP_007163,CLI_01612,BR_009,18384.49,Denied,Low Score,2026-08-07
APP_007164,CLI_04351,BR_020,41743.04,Denied,High DTI,2026-08-19
APP_007165,CLI_04304,BR_023,12111.64,Approved,None,2026-07-31
APP_007166,CLI_01963,BR_003,37768.67,Denied,Thin File,2026-06-27
APP_007167,CLI_00929,BR_036,10558.65,Approved,None,2026-07-28
APP_007168,CLI_02092,BR_034,21813.88,Denied,Active Default,2026-07-17
APP_007169,CLI_00994,BR_038,40627.75,Denied,Low Score,2026-04-22
APP_007170,CLI_00156,BR_035,34270.64,Approved,None,2026-03-16
APP_007171,CLI_00104,BR_036,21123.81,Denied,High DTI,2026-07-21
APP_007172,CLI_01253,BR_006,34912.46,Approved,None,2026-06-07
APP_007173,CLI_04823,BR_021,4277.69,Denied,Thin File,2026-06-24
APP_007174,CLI_00641,BR_003,24339.78,Denied,High DTI,2026-04-26
APP_007175,CLI_00471,BR_007,11010.1,Denied,Thin File,2026-04-14
APP_007176,CLI_03463,BR_013,43264.64,Approved,None,2026-06-26
APP_007177,CLI_02601,BR_034,24500.13,Denied,Active Default,2026-06-28
APP_007178,CLI_02031,BR_028,12905.92,Denied,Thin File,2026-03-25
APP_007179,CLI_01735,BR_047,25389.37,Denied,Low Score,2026-08-18
APP_007180,CLI_00001,BR_007,18184.77,Approved,None,2026-05-03
APP_007181,CLI_02543,BR_018,33440.15,Approved,None,2026-06-29
APP_007182,CLI_03396,BR_007,2285.22,Denied,High DTI,2026-06-15
APP_007183,CLI_04110,BR_038,28014.22,Denied,Low Score,2026-07-20
APP_007184,CLI_01951,BR_001,21219.23,Approved,None,2026-06-26
APP_007185,CLI_02011,BR_050,43652.25,Denied,Active Default,2026-06-21
APP_007186,CLI_04637,BR_011,48526.65,Denied,High DTI,2026-07-04
APP_007187,CLI_03923,BR_023,37274.5,Denied,Low Score,2026-05-28
APP_007188,CLI_00094,BR_001,47049.83,Denied,Thin File,2026-05-10
APP_007189,CLI_01469,BR_031,27942.13,Denied,Thin File,2026-07-02
APP_007190,CLI_04872,BR_029,7203.15,Denied,Low Score,2026-05-06
APP_007191,CLI_02527,BR_026,10308.29,Denied,Low Score,2026-05-20
APP_007192,CLI_01816,BR_045,18217.59,Denied,Low Score,2026-04-29
APP_007193,CLI_01619,BR_025,46001.66,Denied,Low Score,2026-04-10
APP_007194,CLI_00881,BR_032,13005.76,Approved,None,2026-06-11
APP_007195,CLI_02831,BR_019,35708.25,Denied,Thin File,2026-08-26
APP_007196,CLI_04619,BR_037,44461.11,Denied,Fraud Suspicion,2026-07-12
APP_007197,CLI_00088,BR_014,23576.81,Denied,Low Score,2026-08-15
APP_007198,CLI_04761,BR_007,18551.76,Denied,Active Default,2026-05-13
APP_007199,CLI_04430,BR_036,40930.25,Approved,None,2026-05-11
APP_007200,CLI_04677,BR_001,47188.42,Denied,Thin File,2026-06-11
APP_007201,CLI_04618,BR_042,29198.96,Denied,Active Default,2026-05-06
APP_007202,CLI_02857,BR_012,12914.11,Denied,Low Score,2026-03-30
APP_007203,CLI_01406,BR_002,36965.3,Denied,Fraud Suspicion,2026-03-19
APP_007204,CLI_02528,BR_030,23684.61,Denied,Thin File,2026-08-21
APP_007205,CLI_00339,BR_004,14121.68,Denied,Fraud Suspicion,2026-05-25
APP_007206,CLI_00246,BR_031,49553.22,Denied,High DTI,2026-04-29
APP_007207,CLI_00849,BR_010,45710.15,Approved,None,2026-06-14
APP_007208,CLI_00875,BR_025,32244.79,Approved,None,2026-07-12
APP_007209,CLI_02028,BR_037,20031.63,Approved,None,2026-03-30
APP_007210,CLI_04596,BR_029,35690.03,Approved,None,2026-03-23
APP_007211,CLI_03144,BR_014,26612.77,Denied,Thin File,2026-08-29
APP_007212,CLI_00761,BR_021,13427.27,Denied,Thin File,2026-07-13
APP_007213,CLI_00698,BR_019,22894.77,Denied,Fraud Suspicion,2026-07-27
APP_007214,CLI_02584,BR_006,25991.25,Denied,Low Score,2026-06-16
APP_007215,CLI_03830,BR_004,29695.63,Denied,Fraud Suspicion,2026-05-25
APP_007216,CLI_00075,BR_023,33374.08,Denied,Low Score,2026-03-28
APP_007217,CLI_04862,BR_017,45840.5,Approved,None,2026-04-20
APP_007218,CLI_02740,BR_023,13113.09,Denied,Low Score,2026-06-14
APP_007219,CLI_04166,BR_003,44241.03,Denied,Active Default,2026-04-04
APP_007220,CLI_03294,BR_001,12079.32,Denied,Low Score,2026-03-29
APP_007221,CLI_04915,BR_050,27107.53,Denied,Thin File,2026-08-04
APP_007222,CLI_00475,BR_013,10652.78,Denied,Thin File,2026-07-04
APP_007223,CLI_02157,BR_027,17821.47,Denied,Low Score,2026-03-30
APP_007224,CLI_00250,BR_028,30519.33,Denied,Active Default,2026-05-13
APP_007225,CLI_01725,BR_041,29332.13,Approved,None,2026-05-10
APP_007226,CLI_02579,BR_043,20566.82,Denied,Thin File,2026-04-19
APP_007227,CLI_00298,BR_042,12083.49,Denied,Thin File,2026-03-29
APP_007228,CLI_01118,BR_036,25231.34,Denied,High DTI,2026-08-23
APP_007229,CLI_02266,BR_037,41932.24,Denied,High DTI,2026-05-24
APP_007230,CLI_02363,BR_001,20054.14,Denied,Low Score,2026-06-09
APP_007231,CLI_02618,BR_038,37648.45,Approved,None,2026-07-19
APP_007232,CLI_04044,BR_027,18458.36,Denied,Low Score,2026-05-02
APP_007233,CLI_04390,BR_040,18418.83,Denied,Thin File,2026-06-03
APP_007234,CLI_02649,BR_036,29979.55,Approved,None,2026-03-31
APP_007235,CLI_02722,BR_013,43643.64,Approved,None,2026-03-18
APP_007236,CLI_04927,BR_043,22961.23,Approved,None,2026-04-16
APP_007237,CLI_00625,BR_019,44750.15,Approved,None,2026-04-25
APP_007238,CLI_03993,BR_043,39058.98,Denied,Thin File,2026-08-04
APP_007239,CLI_01048,BR_015,38984.14,Denied,Low Score,2026-06-15
APP_007240,CLI_04612,BR_007,45691.13,Denied,Thin File,2026-07-04
APP_007241,CLI_01550,BR_039,44490.49,Denied,Thin File,2026-05-16
APP_007242,CLI_02960,BR_046,20520.97,Approved,None,2026-05-05
APP_007243,CLI_03005,BR_002,14888.06,Approved,None,2026-04-19
APP_007244,CLI_03490,BR_046,49739.71,Denied,Active Default,2026-07-22
APP_007245,CLI_03382,BR_022,22547.17,Denied,Fraud Suspicion,2026-06-03
APP_007246,CLI_01479,BR_045,48053.44,Approved,None,2026-08-31
APP_007247,CLI_02240,BR_032,17294.14,Approved,None,2026-03-05
APP_007248,CLI_00551,BR_039,14483.18,Denied,Low Score,2026-07-22
APP_007249,CLI_04253,BR_009,9360.84,Approved,None,2026-08-29
APP_007250,CLI_01347,BR_036,8545.61,Denied,Active Default,2026-05-15
APP_007251,CLI_04975,BR_031,45225.5,Approved,None,2026-08-21
APP_007252,CLI_04662,BR_014,12150.24,Denied,Thin File,2026-05-24
APP_007253,CLI_03884,BR_019,1704.62,Approved,None,2026-05-30
APP_007254,CLI_00911,BR_047,31790.52,Approved,None,2026-06-07
APP_007255,CLI_04087,BR_037,7608.48,Denied,High DTI,2026-08-10
APP_007256,CLI_00125,BR_012,11351.17,Denied,Active Default,2026-04-26
APP_007257,CLI_03664,BR_015,30049.8,Denied,Active Default,2026-07-15
APP_007258,CLI_00808,BR_035,12079.98,Denied,Thin File,2026-03-25
APP_007259,CLI_02477,BR_037,28138.28,Denied,High DTI,2026-07-26
APP_007260,CLI_00136,BR_025,11934.44,Denied,Thin File,2026-05-06
APP_007261,CLI_03978,BR_032,44208.56,Denied,High DTI,2026-04-11
APP_007262,CLI_03671,BR_014,33143.18,Denied,Low Score,2026-04-06
APP_007263,CLI_01596,BR_012,27500.17,Denied,Active Default,2026-08-28
APP_007264,CLI_04878,BR_036,27138.05,Approved,None,2026-05-27
APP_007265,CLI_01402,BR_028,31507.6,Denied,High DTI,2026-07-03
APP_007266,CLI_00660,BR_028,23023.41,Approved,None,2026-08-05
APP_007267,CLI_02131,BR_039,12485.35,Denied,Thin File,2026-05-27
APP_007268,CLI_00229,BR_007,2076.36,Denied,Active Default,2026-06-29
APP_007269,CLI_03105,BR_011,11751.25,Denied,Low Score,2026-04-16
APP_007270,CLI_04244,BR_032,43010.84,Approved,None,2026-08-08
APP_007271,CLI_00556,BR_032,30788.76,Approved,None,2026-08-08
APP_007272,CLI_02901,BR_014,6279.06,Approved,None,2026-08-07
APP_007273,CLI_01049,BR_050,18490.24,Denied,Low Score,2026-04-14
APP_007274,CLI_04528,BR_035,16838.72,Approved,None,2026-05-12
APP_007275,CLI_03651,BR_043,5018.01,Denied,High DTI,2026-04-07
APP_007276,CLI_02704,BR_001,9442.05,Denied,Fraud Suspicion,2026-03-16
APP_007277,CLI_01171,BR_015,31313.77,Approved,None,2026-07-03
APP_007278,CLI_03492,BR_022,36095.37,Approved,None,2026-08-18
APP_007279,CLI_02640,BR_035,34596.87,Approved,None,2026-07-22
APP_007280,CLI_00165,BR_042,4408.79,Approved,None,2026-08-11
APP_007281,CLI_04573,BR_005,28134.84,Denied,High DTI,2026-03-18
APP_007282,CLI_03014,BR_029,41864.24,Denied,Active Default,2026-06-05
APP_007283,CLI_01561,BR_007,47771.63,Denied,Thin File,2026-05-18
APP_007284,CLI_01768,BR_041,12552.15,Approved,None,2026-03-06
APP_007285,CLI_03864,BR_027,22095.43,Denied,High DTI,2026-08-11
APP_007286,CLI_03811,BR_010,25855.99,Approved,None,2026-03-21
APP_007287,CLI_04598,BR_037,12289.09,Approved,None,2026-04-12
APP_007288,CLI_04896,BR_044,31573.35,Approved,None,2026-06-12
APP_007289,CLI_03416,BR_030,17067.45,Denied,Thin File,2026-05-23
APP_007290,CLI_02253,BR_039,10869.38,Approved,None,2026-03-10
APP_007291,CLI_00946,BR_040,37298.27,Approved,None,2026-05-12
APP_007292,CLI_01623,BR_016,40502.53,Approved,None,2026-03-30
APP_007293,CLI_03149,BR_011,8359.66,Denied,Fraud Suspicion,2026-03-26
APP_007294,CLI_03394,BR_024,38191.75,Denied,Low Score,2026-04-02
APP_007295,CLI_01683,BR_042,29494.35,Denied,High DTI,2026-04-10
APP_007296,CLI_00112,BR_041,44363.24,Denied,Fraud Suspicion,2026-06-07
APP_007297,CLI_00881,BR_040,46200.75,Approved,None,2026-06-25
APP_007298,CLI_03292,BR_014,29528.09,Denied,Fraud Suspicion,2026-08-19
APP_007299,CLI_02953,BR_022,22267.44,Denied,Active Default,2026-07-31
APP_007300,CLI_02201,BR_018,30713.27,Denied,Low Score,2026-04-26
APP_007301,CLI_03937,BR_006,38141.27,Denied,High DTI,2026-03-23
APP_007302,CLI_01184,BR_046,33508.47,Approved,None,2026-06-20
APP_007303,CLI_00344,BR_036,39607.48,Denied,Active Default,2026-03-27
APP_007304,CLI_02178,BR_049,30992.02,Denied,Thin File,2026-06-13
APP_007305,CLI_01237,BR_014,11989.93,Denied,Low Score,2026-08-30
APP_007306,CLI_01728,BR_025,49749.74,Denied,Active Default,2026-07-03
APP_007307,CLI_03237,BR_012,15618.05,Denied,Active Default,2026-03-29
APP_007308,CLI_03906,BR_028,18503.68,Denied,Low Score,2026-04-25
APP_007309,CLI_04301,BR_045,2604.54,Approved,None,2026-08-22
APP_007310,CLI_04933,BR_019,8072.79,Denied,Thin File,2026-04-07
APP_007311,CLI_04010,BR_006,32598.23,Denied,Low Score,2026-04-17
APP_007312,CLI_02001,BR_017,30542.5,Approved,None,2026-06-06
APP_007313,CLI_03267,BR_003,24807.26,Approved,None,2026-04-24
APP_007314,CLI_01457,BR_010,15695.4,Denied,Fraud Suspicion,2026-03-21
APP_007315,CLI_04181,BR_026,23328.18,Denied,Thin File,2026-06-04
APP_007316,CLI_00009,BR_045,46268.52,Denied,Thin File,2026-07-02
APP_007317,CLI_02698,BR_026,8399.01,Denied,Low Score,2026-07-14
APP_007318,CLI_02653,BR_009,49593.78,Approved,None,2026-08-21
APP_007319,CLI_02298,BR_025,31838.8,Denied,Low Score,2026-05-20
APP_007320,CLI_00137,BR_050,4904.96,Denied,Thin File,2026-06-04
APP_007321,CLI_00149,BR_006,3594.49,Approved,None,2026-08-28
APP_007322,CLI_03098,BR_001,40408.72,Denied,High DTI,2026-05-20
APP_007323,CLI_00712,BR_011,42507.4,Denied,High DTI,2026-08-09
APP_007324,CLI_04871,BR_031,35128.73,Approved,None,2026-05-25
APP_007325,CLI_00861,BR_039,40131.83,Approved,None,2026-07-29
APP_007326,CLI_04437,BR_029,7145.89,Denied,Active Default,2026-07-25
APP_007327,CLI_01809,BR_020,48658.31,Approved,None,2026-05-09
APP_007328,CLI_04679,BR_030,19158.28,Denied,Low Score,2026-07-19
APP_007329,CLI_04329,BR_048,4807.13,Denied,Low Score,2026-06-03
APP_007330,CLI_01895,BR_033,8341.01,Denied,Low Score,2026-05-16
APP_007331,CLI_00714,BR_042,44482.13,Denied,Low Score,2026-07-16
APP_007332,CLI_02228,BR_029,3702.09,Approved,None,2026-03-14
APP_007333,CLI_02432,BR_003,29170.81,Denied,Active Default,2026-08-22
APP_007334,CLI_01168,BR_005,38559.95,Denied,Low Score,2026-04-22
APP_007335,CLI_02675,BR_045,13203.07,Denied,Thin File,2026-05-08
APP_007336,CLI_04760,BR_024,43652.42,Denied,High DTI,2026-03-19
APP_007337,CLI_01350,BR_025,21906.54,Approved,None,2026-05-06
APP_007338,CLI_01477,BR_019,8174.0,Denied,Thin File,2026-08-30
APP_007339,CLI_04200,BR_004,38626.34,Approved,None,2026-05-04
APP_007340,CLI_00917,BR_030,4327.97,Approved,None,2026-04-26
APP_007341,CLI_00661,BR_018,45241.36,Denied,Low Score,2026-03-11
APP_007342,CLI_02733,BR_046,23071.27,Approved,None,2026-03-22
APP_007343,CLI_00920,BR_028,37047.64,Denied,Active Default,2026-05-12
APP_007344,CLI_03300,BR_050,15168.75,Approved,None,2026-03-14
APP_007345,CLI_04247,BR_033,33240.03,Approved,None,2026-04-28
APP_007346,CLI_02207,BR_044,28317.68,Denied,Low Score,2026-07-03
APP_007347,CLI_02163,BR_003,33013.97,Approved,None,2026-03-19
APP_007348,CLI_00844,BR_011,45313.12,Denied,Fraud Suspicion,2026-05-14
APP_007349,CLI_03632,BR_043,34076.97,Denied,Low Score,2026-06-05
APP_007350,CLI_00204,BR_029,19026.81,Approved,None,2026-05-28
APP_007351,CLI_04969,BR_008,47444.03,Approved,None,2026-08-07
APP_007352,CLI_00534,BR_009,2946.39,Denied,Low Score,2026-05-02
APP_007353,CLI_00374,BR_043,18777.96,Denied,High DTI,2026-08-24
APP_007354,CLI_04720,BR_042,46045.76,Denied,High DTI,2026-04-16
APP_007355,CLI_00531,BR_036,15116.23,Denied,Thin File,2026-07-21
APP_007356,CLI_00847,BR_049,3641.85,Approved,None,2026-06-07
APP_007357,CLI_01871,BR_020,16567.98,Denied,High DTI,2026-07-13
APP_007358,CLI_00859,BR_050,49255.62,Approved,None,2026-08-22
APP_007359,CLI_03683,BR_027,49490.47,Denied,Low Score,2026-05-11
APP_007360,CLI_02646,BR_006,32783.83,Approved,None,2026-06-26
APP_007361,CLI_00484,BR_048,43202.65,Approved,None,2026-06-10
APP_007362,CLI_00087,BR_019,22581.5,Approved,None,2026-03-19
APP_007363,CLI_00583,BR_021,16859.7,Denied,High DTI,2026-04-16
APP_007364,CLI_04237,BR_008,25050.06,Denied,Active Default,2026-03-17
APP_007365,CLI_01129,BR_004,48928.5,Denied,Low Score,2026-04-04
APP_007366,CLI_02055,BR_050,16955.97,Approved,None,2026-05-30
APP_007367,CLI_03853,BR_046,10919.77,Denied,Active Default,2026-06-04
APP_007368,CLI_00387,BR_019,47209.55,Denied,Low Score,2026-03-17
APP_007369,CLI_03220,BR_025,22194.4,Denied,High DTI,2026-05-10
APP_007370,CLI_01249,BR_003,44334.18,Denied,Low Score,2026-03-16
APP_007371,CLI_01172,BR_002,3669.36,Denied,Active Default,2026-04-22
APP_007372,CLI_01903,BR_027,12442.67,Approved,None,2026-06-04
APP_007373,CLI_01998,BR_046,26391.14,Approved,None,2026-04-11
APP_007374,CLI_00546,BR_044,7192.29,Approved,None,2026-05-20
APP_007375,CLI_04093,BR_044,28941.97,Approved,None,2026-07-18
APP_007376,CLI_02416,BR_031,12617.61,Denied,Low Score,2026-08-08
APP_007377,CLI_01458,BR_031,31913.94,Approved,None,2026-05-13
APP_007378,CLI_04775,BR_015,12823.98,Denied,Low Score,2026-03-21
APP_007379,CLI_02790,BR_026,47055.02,Denied,Thin File,2026-07-13
APP_007380,CLI_01081,BR_017,44980.17,Denied,Active Default,2026-07-29
APP_007381,CLI_04600,BR_018,48450.21,Approved,None,2026-05-29
APP_007382,CLI_04637,BR_035,46821.03,Denied,High DTI,2026-07-10
APP_007383,CLI_04533,BR_038,24576.43,Approved,None,2026-04-08
APP_007384,CLI_03907,BR_014,15883.33,Denied,Active Default,2026-04-01
APP_007385,CLI_03929,BR_007,41813.26,Approved,None,2026-04-14
APP_007386,CLI_01949,BR_014,45865.1,Approved,None,2026-03-06
APP_007387,CLI_02660,BR_026,49609.65,Approved,None,2026-07-26
APP_007388,CLI_03545,BR_007,27226.82,Denied,Active Default,2026-05-12
APP_007389,CLI_00341,BR_024,12913.32,Approved,None,2026-08-03
APP_007390,CLI_03835,BR_050,20218.68,Denied,High DTI,2026-03-13
APP_007391,CLI_03094,BR_008,9623.22,Denied,Active Default,2026-07-15
APP_007392,CLI_01924,BR_024,10561.28,Denied,Thin File,2026-04-20
APP_007393,CLI_02261,BR_024,40993.46,Denied,Active Default,2026-05-31
APP_007394,CLI_02293,BR_050,22989.01,Denied,Low Score,2026-03-24
APP_007395,CLI_00319,BR_014,46905.58,Denied,High DTI,2026-03-21
APP_007396,CLI_04705,BR_036,21699.25,Approved,None,2026-05-24
APP_007397,CLI_04962,BR_032,44896.42,Denied,Thin File,2026-08-02
APP_007398,CLI_01605,BR_038,24434.43,Denied,High DTI,2026-06-09
APP_007399,CLI_03014,BR_029,32675.75,Denied,Active Default,2026-04-08
APP_007400,CLI_00605,BR_012,34339.16,Approved,None,2026-04-10
APP_007401,CLI_01988,BR_031,33247.37,Denied,Active Default,2026-06-29
APP_007402,CLI_04718,BR_031,31015.4,Denied,Low Score,2026-05-12
APP_007403,CLI_03323,BR_013,49477.64,Approved,None,2026-08-27
APP_007404,CLI_01655,BR_049,30830.44,Approved,None,2026-06-09
APP_007405,CLI_00369,BR_033,29761.98,Approved,None,2026-03-05
APP_007406,CLI_01349,BR_025,11671.63,Denied,Low Score,2026-06-25
APP_007407,CLI_02312,BR_022,15949.62,Denied,Low Score,2026-07-07
APP_007408,CLI_04720,BR_048,2847.67,Approved,None,2026-06-25
APP_007409,CLI_03386,BR_049,49854.86,Approved,None,2026-05-18
APP_007410,CLI_00156,BR_017,28733.62,Approved,None,2026-05-14
APP_007411,CLI_03131,BR_033,37743.7,Denied,Active Default,2026-03-26
APP_007412,CLI_01631,BR_036,45611.68,Approved,None,2026-05-03
APP_007413,CLI_02507,BR_048,17926.29,Approved,None,2026-07-29
APP_007414,CLI_02661,BR_017,47680.74,Approved,None,2026-06-22
APP_007415,CLI_02850,BR_042,29540.4,Denied,Thin File,2026-04-08
APP_007416,CLI_04704,BR_025,35658.54,Denied,High DTI,2026-08-08
APP_007417,CLI_03782,BR_014,24926.79,Denied,High DTI,2026-07-09
APP_007418,CLI_01773,BR_016,31018.72,Denied,Active Default,2026-05-13
APP_007419,CLI_01718,BR_031,17325.55,Approved,None,2026-08-15
APP_007420,CLI_01828,BR_024,43668.72,Denied,Thin File,2026-04-16
APP_007421,CLI_02001,BR_037,40560.77,Denied,Low Score,2026-07-08
APP_007422,CLI_02132,BR_028,21793.67,Denied,Low Score,2026-07-13
APP_007423,CLI_03668,BR_002,20782.9,Denied,Low Score,2026-06-07
APP_007424,CLI_04836,BR_026,17936.95,Denied,Fraud Suspicion,2026-07-06
APP_007425,CLI_00783,BR_013,6812.39,Approved,None,2026-05-26
APP_007426,CLI_04968,BR_047,23753.33,Approved,None,2026-05-11
APP_007427,CLI_02483,BR_011,37088.22,Approved,None,2026-06-04
APP_007428,CLI_04605,BR_007,41317.82,Denied,Thin File,2026-06-24
APP_007429,CLI_04967,BR_027,34900.46,Approved,None,2026-06-24
APP_007430,CLI_01228,BR_003,20799.67,Denied,Thin File,2026-04-07
APP_007431,CLI_03422,BR_009,18320.75,Denied,Thin File,2026-05-08
APP_007432,CLI_00715,BR_022,49532.59,Denied,Thin File,2026-07-14
APP_007433,CLI_04847,BR_031,29297.28,Approved,None,2026-08-25
APP_007434,CLI_04615,BR_033,18480.41,Denied,Low Score,2026-03-23
APP_007435,CLI_01918,BR_004,35197.13,Approved,None,2026-04-29
APP_007436,CLI_00985,BR_046,39889.83,Denied,High DTI,2026-06-12
APP_007437,CLI_03645,BR_003,9349.15,Approved,None,2026-08-11
APP_007438,CLI_02498,BR_046,15799.52,Denied,Thin File,2026-06-28
APP_007439,CLI_02130,BR_035,18769.73,Denied,Low Score,2026-04-10
APP_007440,CLI_00936,BR_003,4129.32,Denied,Thin File,2026-06-02
APP_007441,CLI_03684,BR_015,15600.81,Approved,None,2026-07-26
APP_007442,CLI_01600,BR_021,33496.66,Denied,Low Score,2026-06-24
APP_007443,CLI_03669,BR_011,18079.98,Approved,None,2026-06-01
APP_007444,CLI_04462,BR_041,5603.1,Denied,Active Default,2026-07-26
APP_007445,CLI_02895,BR_043,49593.33,Approved,None,2026-05-19
APP_007446,CLI_00399,BR_047,22581.42,Approved,None,2026-08-28
APP_007447,CLI_03280,BR_041,32512.33,Approved,None,2026-08-25
APP_007448,CLI_01985,BR_018,14319.92,Approved,None,2026-03-29
APP_007449,CLI_04055,BR_046,43620.39,Denied,Low Score,2026-05-18
APP_007450,CLI_00772,BR_022,2088.12,Denied,Thin File,2026-03-06
APP_007451,CLI_02083,BR_028,38268.16,Approved,None,2026-03-25
APP_007452,CLI_04883,BR_045,36506.93,Approved,None,2026-05-14
APP_007453,CLI_00773,BR_002,23587.59,Approved,None,2026-05-05
APP_007454,CLI_01282,BR_036,40988.3,Denied,Active Default,2026-05-07
APP_007455,CLI_04047,BR_019,36128.98,Denied,Thin File,2026-05-16
APP_007456,CLI_04406,BR_031,6459.4,Denied,Low Score,2026-06-01
APP_007457,CLI_03297,BR_049,21688.08,Denied,Thin File,2026-06-21
APP_007458,CLI_03521,BR_036,33743.74,Approved,None,2026-06-09
APP_007459,CLI_04269,BR_001,20430.36,Denied,Low Score,2026-07-30
APP_007460,CLI_02960,BR_043,22397.09,Denied,Thin File,2026-04-25
APP_007461,CLI_01510,BR_016,20082.23,Denied,Low Score,2026-05-28
APP_007462,CLI_01274,BR_048,31809.99,Denied,Active Default,2026-04-04
APP_007463,CLI_04416,BR_035,44805.2,Approved,None,2026-08-06
APP_007464,CLI_01438,BR_037,28590.52,Approved,None,2026-08-02
APP_007465,CLI_04710,BR_004,35294.85,Approved,None,2026-05-28
APP_007466,CLI_03265,BR_014,10546.44,Approved,None,2026-08-11
APP_007467,CLI_01079,BR_013,32595.14,Approved,None,2026-08-10
APP_007468,CLI_01835,BR_025,23064.59,Denied,Low Score,2026-03-20
APP_007469,CLI_04380,BR_043,28013.18,Denied,Low Score,2026-05-09
APP_007470,CLI_02895,BR_010,19500.0,Approved,None,2026-08-08
APP_007471,CLI_00745,BR_039,23639.63,Denied,High DTI,2026-05-06
APP_007472,CLI_01884,BR_019,39810.61,Approved,None,2026-08-01
APP_007473,CLI_04129,BR_032,34471.12,Approved,None,2026-03-25
APP_007474,CLI_00208,BR_002,22573.05,Denied,Fraud Suspicion,2026-07-16
APP_007475,CLI_00052,BR_030,18526.86,Denied,Fraud Suspicion,2026-04-23
APP_007476,CLI_03711,BR_004,28984.58,Denied,Thin File,2026-04-24
APP_007477,CLI_01830,BR_027,33369.87,Approved,None,2026-03-30
APP_007478,CLI_02983,BR_014,15075.12,Approved,None,2026-06-30
APP_007479,CLI_02022,BR_020,19862.85,Approved,None,2026-04-20
APP_007480,CLI_03556,BR_023,40436.43,Approved,None,2026-03-24
APP_007481,CLI_00105,BR_013,37989.93,Denied,Thin File,2026-07-07
APP_007482,CLI_00984,BR_040,28371.44,Denied,Thin File,2026-08-10
APP_007483,CLI_01500,BR_011,48076.59,Denied,Thin File,2026-07-08
APP_007484,CLI_01615,BR_043,38739.22,Approved,None,2026-04-06
APP_007485,CLI_00376,BR_030,39098.92,Denied,High DTI,2026-07-17
APP_007486,CLI_00617,BR_022,6706.27,Denied,Low Score,2026-07-10
APP_007487,CLI_04812,BR_017,6642.43,Denied,Thin File,2026-06-30
APP_007488,CLI_03361,BR_018,1197.49,Denied,High DTI,2026-06-15
APP_007489,CLI_02554,BR_041,47923.13,Approved,None,2026-04-09
APP_007490,CLI_04769,BR_002,47988.12,Denied,High DTI,2026-06-15
APP_007491,CLI_01999,BR_008,27351.54,Approved,None,2026-03-16
APP_007492,CLI_01098,BR_040,38827.3,Denied,Fraud Suspicion,2026-05-15
APP_007493,CLI_02309,BR_016,28243.03,Approved,None,2026-07-01
APP_007494,CLI_02451,BR_033,27712.03,Denied,Active Default,2026-06-29
APP_007495,CLI_02858,BR_013,32108.86,Denied,Active Default,2026-05-16
APP_007496,CLI_02139,BR_021,24694.27,Approved,None,2026-08-15
APP_007497,CLI_04687,BR_036,4428.64,Approved,None,2026-06-22
APP_007498,CLI_00224,BR_045,38575.87,Denied,Low Score,2026-03-24
APP_007499,CLI_03859,BR_027,42470.6,Approved,None,2026-04-08
APP_007500,CLI_03478,BR_042,34461.78,Denied,Fraud Suspicion,2026-07-29
APP_007501,CLI_04620,BR_017,38600.07,Denied,Active Default,2026-04-24
APP_007502,CLI_02375,BR_012,12773.49,Denied,Active Default,2026-04-01
APP_007503,CLI_01541,BR_014,2011.94,Denied,Low Score,2026-07-11
APP_007504,CLI_03365,BR_035,26153.64,Approved,None,2026-05-25
APP_007505,CLI_00110,BR_017,42063.29,Denied,Active Default,2026-05-12
APP_007506,CLI_00466,BR_007,28536.1,Denied,High DTI,2026-04-27
APP_007507,CLI_02928,BR_031,29199.29,Denied,Active Default,2026-08-22
APP_007508,CLI_00427,BR_048,42860.47,Approved,None,2026-07-08
APP_007509,CLI_02795,BR_048,42412.04,Denied,Thin File,2026-06-06
APP_007510,CLI_00393,BR_032,17739.91,Approved,None,2026-08-30
APP_007511,CLI_04314,BR_040,49958.97,Denied,Thin File,2026-08-23
APP_007512,CLI_00491,BR_007,3274.17,Approved,None,2026-08-07
APP_007513,CLI_00399,BR_025,22034.02,Approved,None,2026-08-11
APP_007514,CLI_04669,BR_047,46980.4,Denied,Low Score,2026-06-17
APP_007515,CLI_04935,BR_038,8241.21,Denied,Low Score,2026-08-06
APP_007516,CLI_01174,BR_028,16401.97,Approved,None,2026-03-15
APP_007517,CLI_04339,BR_035,33790.04,Denied,Fraud Suspicion,2026-08-30
APP_007518,CLI_01132,BR_034,3027.29,Approved,None,2026-05-15
APP_007519,CLI_03218,BR_016,23434.98,Approved,None,2026-04-18
APP_007520,CLI_02842,BR_026,9888.21,Approved,None,2026-06-12
APP_007521,CLI_02183,BR_044,47288.15,Denied,High DTI,2026-05-11
APP_007522,CLI_01153,BR_015,17394.59,Denied,Active Default,2026-05-02
APP_007523,CLI_00487,BR_042,23018.12,Denied,High DTI,2026-03-06
APP_007524,CLI_03031,BR_029,37186.55,Denied,Active Default,2026-05-25
APP_007525,CLI_01871,BR_012,49004.21,Approved,None,2026-07-07
APP_007526,CLI_02558,BR_001,6184.72,Denied,High DTI,2026-07-02
APP_007527,CLI_03150,BR_009,7014.84,Approved,None,2026-03-12
APP_007528,CLI_01596,BR_018,31529.15,Denied,High DTI,2026-03-18
APP_007529,CLI_00233,BR_006,22156.94,Denied,High DTI,2026-07-28
APP_007530,CLI_01651,BR_038,32748.37,Approved,None,2026-06-13
APP_007531,CLI_02302,BR_034,21512.54,Denied,Thin File,2026-07-28
APP_007532,CLI_03380,BR_026,37681.27,Denied,Fraud Suspicion,2026-07-06
APP_007533,CLI_03438,BR_027,4181.94,Denied,High DTI,2026-07-19
APP_007534,CLI_00852,BR_023,39625.36,Denied,Thin File,2026-06-07
APP_007535,CLI_02904,BR_021,43857.65,Approved,None,2026-03-20
APP_007536,CLI_00692,BR_026,49571.93,Approved,None,2026-04-07
APP_007537,CLI_02145,BR_037,30534.31,Denied,Low Score,2026-04-07
APP_007538,CLI_00236,BR_047,13512.38,Denied,Thin File,2026-03-14
APP_007539,CLI_02110,BR_022,48450.87,Approved,None,2026-08-30
APP_007540,CLI_01574,BR_017,4279.81,Denied,Thin File,2026-04-13
APP_007541,CLI_03179,BR_014,38992.78,Approved,None,2026-05-27
APP_007542,CLI_00887,BR_041,47525.12,Denied,Active Default,2026-08-29
APP_007543,CLI_04394,BR_022,21673.13,Denied,Low Score,2026-04-13
APP_007544,CLI_04079,BR_046,17526.93,Approved,None,2026-07-16
APP_007545,CLI_01653,BR_011,22222.72,Approved,None,2026-06-22
APP_007546,CLI_02308,BR_010,29583.99,Approved,None,2026-06-07
APP_007547,CLI_04476,BR_033,16892.42,Approved,None,2026-03-27
APP_007548,CLI_03268,BR_007,35786.64,Denied,Low Score,2026-06-23
APP_007549,CLI_03445,BR_015,47520.08,Approved,None,2026-03-25
APP_007550,CLI_00198,BR_002,23398.73,Approved,None,2026-06-17
APP_007551,CLI_01094,BR_037,30135.53,Approved,None,2026-05-09
APP_007552,CLI_04851,BR_044,15555.61,Approved,None,2026-07-02
APP_007553,CLI_03285,BR_028,22398.17,Approved,None,2026-07-10
APP_007554,CLI_00814,BR_017,38320.44,Approved,None,2026-03-30
APP_007555,CLI_00679,BR_035,33155.1,Approved,None,2026-08-05
APP_007556,CLI_04165,BR_045,29339.1,Approved,None,2026-07-13
APP_007557,CLI_00967,BR_006,5506.19,Approved,None,2026-06-02
APP_007558,CLI_03284,BR_040,40338.38,Approved,None,2026-05-19
APP_007559,CLI_00330,BR_037,12410.83,Denied,Low Score,2026-06-29
APP_007560,CLI_01830,BR_021,4251.41,Approved,None,2026-05-23
APP_007561,CLI_03265,BR_038,46514.48,Approved,None,2026-07-04
APP_007562,CLI_03294,BR_024,40299.52,Denied,Low Score,2026-05-24
APP_007563,CLI_04336,BR_034,8370.85,Denied,Thin File,2026-07-20
APP_007564,CLI_04509,BR_026,13171.31,Denied,Active Default,2026-03-05
APP_007565,CLI_00969,BR_032,23970.55,Denied,High DTI,2026-07-04
APP_007566,CLI_00120,BR_050,4491.84,Denied,Low Score,2026-03-06
APP_007567,CLI_03317,BR_041,9896.02,Approved,None,2026-06-20
APP_007568,CLI_04021,BR_040,14315.18,Denied,Low Score,2026-05-22
APP_007569,CLI_00275,BR_019,26350.96,Denied,Active Default,2026-07-10
APP_007570,CLI_04272,BR_016,37027.9,Approved,None,2026-08-14
APP_007571,CLI_01175,BR_026,4767.42,Approved,None,2026-05-26
APP_007572,CLI_00846,BR_020,9878.25,Denied,Thin File,2026-06-11
APP_007573,CLI_01057,BR_012,22278.62,Approved,None,2026-05-25
APP_007574,CLI_04428,BR_021,43633.06,Approved,None,2026-03-25
APP_007575,CLI_03927,BR_006,36949.11,Denied,Thin File,2026-05-25
APP_007576,CLI_02054,BR_039,3458.81,Denied,High DTI,2026-04-15
APP_007577,CLI_01707,BR_010,28629.15,Approved,None,2026-05-29
APP_007578,CLI_02050,BR_010,42372.79,Approved,None,2026-05-13
APP_007579,CLI_01977,BR_006,15186.18,Denied,High DTI,2026-07-09
APP_007580,CLI_04307,BR_026,46086.06,Denied,High DTI,2026-04-15
APP_007581,CLI_01023,BR_029,41439.62,Approved,None,2026-07-27
APP_007582,CLI_01465,BR_048,36694.21,Approved,None,2026-04-12
APP_007583,CLI_01842,BR_037,31644.14,Approved,None,2026-06-24
APP_007584,CLI_04450,BR_001,16251.63,Denied,Low Score,2026-05-12
APP_007585,CLI_00225,BR_031,34000.18,Denied,Low Score,2026-08-24
APP_007586,CLI_04278,BR_026,1802.04,Approved,None,2026-05-28
APP_007587,CLI_04363,BR_049,18472.63,Denied,Thin File,2026-04-24
APP_007588,CLI_00925,BR_042,41111.7,Denied,Low Score,2026-05-21
APP_007589,CLI_02114,BR_011,17353.15,Denied,Low Score,2026-08-10
APP_007590,CLI_01684,BR_003,31006.28,Approved,None,2026-08-18
APP_007591,CLI_01024,BR_003,21355.68,Approved,None,2026-08-28
APP_007592,CLI_03804,BR_019,26440.62,Denied,Thin File,2026-03-22
APP_007593,CLI_01999,BR_046,19359.18,Denied,Low Score,2026-04-05
APP_007594,CLI_03305,BR_034,30855.8,Denied,Thin File,2026-07-22
APP_007595,CLI_04417,BR_022,44662.5,Approved,None,2026-08-10
APP_007596,CLI_00581,BR_030,9832.82,Approved,None,2026-08-21
APP_007597,CLI_02604,BR_029,9487.97,Approved,None,2026-06-03
APP_007598,CLI_01316,BR_005,33834.42,Denied,High DTI,2026-07-20
APP_007599,CLI_01577,BR_005,6358.57,Denied,Thin File,2026-05-04
APP_007600,CLI_03266,BR_031,10335.17,Denied,Low Score,2026-05-16
APP_007601,CLI_01500,BR_011,45384.01,Denied,Low Score,2026-03-26
APP_007602,CLI_01673,BR_016,17788.21,Denied,High DTI,2026-07-02
APP_007603,CLI_04397,BR_042,5870.15,Denied,Thin File,2026-06-03
APP_007604,CLI_04710,BR_007,2707.49,Denied,Low Score,2026-05-01
APP_007605,CLI_02847,BR_019,44239.5,Approved,None,2026-07-15
APP_007606,CLI_03261,BR_019,22036.92,Denied,Thin File,2026-03-24
APP_007607,CLI_00689,BR_036,48706.2,Denied,High DTI,2026-07-09
APP_007608,CLI_00586,BR_010,42647.09,Approved,None,2026-03-13
APP_007609,CLI_01123,BR_021,34063.86,Approved,None,2026-04-19
APP_007610,CLI_00457,BR_047,47866.32,Denied,Thin File,2026-06-09
APP_007611,CLI_00365,BR_039,46107.59,Approved,None,2026-04-09
APP_007612,CLI_01577,BR_018,21296.03,Denied,Low Score,2026-04-21
APP_007613,CLI_03282,BR_001,7463.97,Denied,Thin File,2026-06-03
APP_007614,CLI_02132,BR_032,25182.6,Approved,None,2026-04-03
APP_007615,CLI_01959,BR_048,3583.97,Denied,Low Score,2026-03-25
APP_007616,CLI_04275,BR_027,40374.01,Denied,Fraud Suspicion,2026-05-08
APP_007617,CLI_04765,BR_048,30253.72,Denied,Thin File,2026-07-11
APP_007618,CLI_00212,BR_002,40846.72,Denied,Low Score,2026-07-09
APP_007619,CLI_02577,BR_028,6149.1,Denied,High DTI,2026-08-04
APP_007620,CLI_04181,BR_005,28458.44,Denied,High DTI,2026-07-11
APP_007621,CLI_01547,BR_042,34197.74,Denied,Active Default,2026-04-23
APP_007622,CLI_00529,BR_016,22695.39,Approved,None,2026-07-23
APP_007623,CLI_04854,BR_047,19667.4,Denied,High DTI,2026-04-22
APP_007624,CLI_04145,BR_015,28827.32,Denied,Active Default,2026-04-09
APP_007625,CLI_00668,BR_032,16392.99,Approved,None,2026-06-01
APP_007626,CLI_03623,BR_050,23577.99,Denied,Low Score,2026-07-10
APP_007627,CLI_01556,BR_039,7869.09,Approved,None,2026-07-01
APP_007628,CLI_03027,BR_049,29019.99,Denied,High DTI,2026-04-29
APP_007629,CLI_03848,BR_024,47673.05,Approved,None,2026-07-08
APP_007630,CLI_04313,BR_014,27120.07,Approved,None,2026-06-04
APP_007631,CLI_03940,BR_002,21921.35,Approved,None,2026-03-25
APP_007632,CLI_00669,BR_003,48446.44,Approved,None,2026-08-09
APP_007633,CLI_01941,BR_016,37937.76,Denied,High DTI,2026-03-05
APP_007634,CLI_01036,BR_028,32621.37,Denied,Low Score,2026-04-28
APP_007635,CLI_00732,BR_018,21402.13,Approved,None,2026-05-31
APP_007636,CLI_02603,BR_022,34498.69,Denied,Fraud Suspicion,2026-06-16
APP_007637,CLI_00213,BR_001,8596.16,Approved,None,2026-08-08
APP_007638,CLI_03964,BR_014,31516.63,Approved,None,2026-08-11
APP_007639,CLI_01003,BR_019,6371.5,Denied,Low Score,2026-07-01
APP_007640,CLI_04407,BR_021,14384.97,Denied,Thin File,2026-04-10
APP_007641,CLI_04867,BR_006,44522.53,Approved,None,2026-07-20
APP_007642,CLI_04604,BR_020,14393.65,Approved,None,2026-07-24
APP_007643,CLI_03034,BR_043,13480.6,Denied,Low Score,2026-08-29
APP_007644,CLI_01131,BR_046,36773.39,Approved,None,2026-08-23
APP_007645,CLI_03185,BR_028,21243.13,Approved,None,2026-03-29
APP_007646,CLI_00862,BR_010,7841.16,Approved,None,2026-07-06
APP_007647,CLI_00571,BR_027,20389.97,Denied,Low Score,2026-07-05
APP_007648,CLI_02844,BR_039,11148.41,Denied,Low Score,2026-03-05
APP_007649,CLI_01384,BR_039,27083.34,Denied,Low Score,2026-07-20
APP_007650,CLI_00203,BR_003,46871.72,Denied,High DTI,2026-06-22
APP_007651,CLI_01075,BR_043,10972.98,Denied,Thin File,2026-04-21
APP_007652,CLI_04255,BR_047,21693.34,Denied,Low Score,2026-07-11
APP_007653,CLI_02295,BR_012,13590.21,Approved,None,2026-06-23
APP_007654,CLI_02890,BR_002,25400.81,Denied,Thin File,2026-04-11
APP_007655,CLI_04408,BR_035,23281.06,Denied,Active Default,2026-08-08
APP_007656,CLI_04846,BR_020,36871.64,Approved,None,2026-03-26
APP_007657,CLI_04489,BR_001,32570.9,Approved,None,2026-06-13
APP_007658,CLI_02950,BR_007,30430.9,Denied,Active Default,2026-08-11
APP_007659,CLI_04374,BR_003,49898.1,Approved,None,2026-06-04
APP_007660,CLI_00393,BR_037,37047.36,Approved,None,2026-05-22
APP_007661,CLI_00597,BR_049,28679.84,Denied,Low Score,2026-04-28
APP_007662,CLI_04683,BR_040,39491.36,Approved,None,2026-08-26
APP_007663,CLI_01331,BR_050,23737.98,Approved,None,2026-03-25
APP_007664,CLI_01424,BR_007,45766.4,Approved,None,2026-07-18
APP_007665,CLI_04480,BR_024,17973.8,Denied,Thin File,2026-06-08
APP_007666,CLI_04817,BR_011,34617.2,Approved,None,2026-07-15
APP_007667,CLI_03218,BR_043,40653.15,Approved,None,2026-07-20
APP_007668,CLI_03356,BR_009,42611.8,Approved,None,2026-08-05
APP_007669,CLI_02470,BR_047,27659.72,Denied,Low Score,2026-07-06
APP_007670,CLI_03318,BR_048,16649.18,Approved,None,2026-07-12
APP_007671,CLI_01100,BR_028,20262.29,Denied,High DTI,2026-06-21
APP_007672,CLI_00002,BR_008,49988.2,Denied,Thin File,2026-07-15
APP_007673,CLI_02105,BR_010,19079.02,Denied,Low Score,2026-06-25
APP_007674,CLI_01821,BR_013,48167.43,Approved,None,2026-05-17
APP_007675,CLI_01083,BR_003,41550.38,Denied,Low Score,2026-06-03
APP_007676,CLI_02364,BR_031,24135.41,Approved,None,2026-06-11
APP_007677,CLI_02877,BR_031,15296.95,Approved,None,2026-03-05
APP_007678,CLI_02993,BR_001,17009.73,Denied,Active Default,2026-05-20
APP_007679,CLI_02420,BR_009,29352.96,Approved,None,2026-06-19
APP_007680,CLI_00643,BR_018,41467.51,Denied,Fraud Suspicion,2026-04-18
APP_007681,CLI_04617,BR_017,5432.88,Approved,None,2026-06-26
APP_007682,CLI_03364,BR_033,6559.37,Denied,Low Score,2026-06-10
APP_007683,CLI_01791,BR_016,38359.24,Denied,High DTI,2026-03-29
APP_007684,CLI_03590,BR_016,21156.05,Denied,Fraud Suspicion,2026-05-11
APP_007685,CLI_04552,BR_049,27203.02,Denied,Thin File,2026-07-15
APP_007686,CLI_02658,BR_030,8054.53,Denied,Low Score,2026-03-29
APP_007687,CLI_02944,BR_001,25013.43,Denied,Low Score,2026-08-29
APP_007688,CLI_04869,BR_043,15301.06,Approved,None,2026-07-28
APP_007689,CLI_02776,BR_036,44253.13,Denied,Low Score,2026-08-07
APP_007690,CLI_01161,BR_038,9129.18,Approved,None,2026-08-10
APP_007691,CLI_00489,BR_023,20258.8,Denied,Low Score,2026-05-03
APP_007692,CLI_04988,BR_005,30042.28,Approved,None,2026-07-01
APP_007693,CLI_01181,BR_013,16401.74,Approved,None,2026-05-24
APP_007694,CLI_03531,BR_039,40158.99,Denied,Thin File,2026-08-14
APP_007695,CLI_02276,BR_032,25853.14,Denied,High DTI,2026-07-30
APP_007696,CLI_00534,BR_044,32735.81,Denied,Thin File,2026-03-11
APP_007697,CLI_00930,BR_043,25810.14,Approved,None,2026-08-23
APP_007698,CLI_03157,BR_015,43968.82,Approved,None,2026-06-12
APP_007699,CLI_03899,BR_040,37757.05,Denied,Low Score,2026-05-24
APP_007700,CLI_04666,BR_037,4196.46,Denied,Active Default,2026-04-29
APP_007701,CLI_00825,BR_032,28793.02,Approved,None,2026-08-20
APP_007702,CLI_00191,BR_020,26700.92,Approved,None,2026-05-08
APP_007703,CLI_03295,BR_016,46223.96,Approved,None,2026-07-21
APP_007704,CLI_01157,BR_048,7795.14,Approved,None,2026-03-22
APP_007705,CLI_00054,BR_043,17180.26,Approved,None,2026-05-15
APP_007706,CLI_02776,BR_022,23483.35,Denied,High DTI,2026-07-13
APP_007707,CLI_03289,BR_045,46914.7,Denied,Low Score,2026-05-07
APP_007708,CLI_04054,BR_030,44805.01,Approved,None,2026-07-16
APP_007709,CLI_02705,BR_020,35110.18,Approved,None,2026-07-13
APP_007710,CLI_03367,BR_031,38689.81,Denied,Low Score,2026-05-25
APP_007711,CLI_03424,BR_030,25055.37,Approved,None,2026-04-18
APP_007712,CLI_04219,BR_020,4256.38,Approved,None,2026-06-13
APP_007713,CLI_03544,BR_013,24593.79,Denied,Low Score,2026-08-12
APP_007714,CLI_03081,BR_016,45733.66,Denied,Low Score,2026-04-02
APP_007715,CLI_02174,BR_026,33081.91,Denied,Low Score,2026-04-03
APP_007716,CLI_03756,BR_003,44858.59,Approved,None,2026-05-16
APP_007717,CLI_03985,BR_030,12724.01,Approved,None,2026-03-12
APP_007718,CLI_00744,BR_023,39019.49,Approved,None,2026-07-12
APP_007719,CLI_04980,BR_034,21842.19,Denied,High DTI,2026-03-09
APP_007720,CLI_00362,BR_020,21387.0,Approved,None,2026-08-05
APP_007721,CLI_02275,BR_004,43943.06,Approved,None,2026-06-21
APP_007722,CLI_01665,BR_008,43696.89,Approved,None,2026-04-19
APP_007723,CLI_00439,BR_032,24903.54,Denied,Low Score,2026-06-24
APP_007724,CLI_04010,BR_024,5242.19,Denied,Active Default,2026-06-19
APP_007725,CLI_01683,BR_006,39546.07,Denied,High DTI,2026-05-21
APP_007726,CLI_04932,BR_031,28324.97,Denied,Low Score,2026-04-18
APP_007727,CLI_04601,BR_008,31930.24,Approved,None,2026-06-15
APP_007728,CLI_02859,BR_049,22952.29,Approved,None,2026-06-12
APP_007729,CLI_00866,BR_009,46412.36,Denied,Fraud Suspicion,2026-08-05
APP_007730,CLI_01756,BR_004,38802.81,Approved,None,2026-03-28
APP_007731,CLI_03264,BR_016,15308.7,Approved,None,2026-05-23
APP_007732,CLI_04625,BR_019,19037.04,Denied,Active Default,2026-08-12
APP_007733,CLI_03049,BR_047,36776.06,Denied,High DTI,2026-06-30
APP_007734,CLI_02368,BR_013,45545.11,Approved,None,2026-05-18
APP_007735,CLI_04938,BR_050,20286.97,Approved,None,2026-04-24
APP_007736,CLI_00829,BR_002,24956.58,Approved,None,2026-06-12
APP_007737,CLI_00376,BR_032,11052.68,Denied,Thin File,2026-08-18
APP_007738,CLI_00886,BR_018,6215.83,Approved,None,2026-05-08
APP_007739,CLI_02662,BR_011,33691.2,Approved,None,2026-07-04
APP_007740,CLI_02820,BR_021,43062.25,Denied,Thin File,2026-04-19
APP_007741,CLI_03212,BR_037,17119.13,Denied,Active Default,2026-04-11
APP_007742,CLI_02640,BR_048,2067.17,Denied,Thin File,2026-08-27
APP_007743,CLI_03056,BR_002,36938.86,Approved,None,2026-08-11
APP_007744,CLI_00225,BR_038,19126.02,Approved,None,2026-06-06
APP_007745,CLI_00136,BR_030,8465.14,Denied,Low Score,2026-05-29
APP_007746,CLI_03930,BR_043,7651.23,Approved,None,2026-03-05
APP_007747,CLI_00922,BR_002,13086.75,Denied,Thin File,2026-05-21
APP_007748,CLI_02066,BR_015,45873.34,Denied,Active Default,2026-07-18
APP_007749,CLI_00211,BR_030,12050.81,Denied,Low Score,2026-04-10
APP_007750,CLI_03826,BR_049,15860.5,Denied,Thin File,2026-06-13
APP_007751,CLI_01350,BR_002,17133.96,Denied,Low Score,2026-06-03
APP_007752,CLI_03477,BR_021,17108.94,Denied,Thin File,2026-03-20
APP_007753,CLI_02243,BR_026,3331.08,Denied,Low Score,2026-06-30
APP_007754,CLI_04277,BR_047,36655.59,Denied,Thin File,2026-06-02
APP_007755,CLI_03202,BR_011,44829.67,Denied,High DTI,2026-03-20
APP_007756,CLI_03429,BR_001,4656.15,Denied,Thin File,2026-07-30
APP_007757,CLI_04105,BR_031,28812.58,Denied,Fraud Suspicion,2026-07-18
APP_007758,CLI_02970,BR_005,28678.6,Denied,Active Default,2026-08-02
APP_007759,CLI_03904,BR_038,49609.63,Approved,None,2026-07-24
APP_007760,CLI_00551,BR_002,47923.06,Approved,None,2026-05-28
APP_007761,CLI_04303,BR_019,4060.98,Denied,Active Default,2026-07-07
APP_007762,CLI_02220,BR_036,7097.6,Approved,None,2026-07-21
APP_007763,CLI_04596,BR_033,39836.7,Denied,Thin File,2026-03-10
APP_007764,CLI_01421,BR_045,3212.1,Denied,Low Score,2026-05-25
APP_007765,CLI_04090,BR_004,13906.43,Denied,Active Default,2026-08-12
APP_007766,CLI_03897,BR_044,47607.19,Approved,None,2026-08-12
APP_007767,CLI_02438,BR_021,38968.51,Approved,None,2026-07-14
APP_007768,CLI_03083,BR_024,21713.37,Denied,High DTI,2026-08-04
APP_007769,CLI_02072,BR_013,8482.02,Denied,High DTI,2026-03-20
APP_007770,CLI_00050,BR_024,24760.16,Denied,Active Default,2026-07-28
APP_007771,CLI_01461,BR_046,29900.05,Denied,Low Score,2026-04-28
APP_007772,CLI_01029,BR_019,36325.98,Denied,High DTI,2026-08-25
APP_007773,CLI_03401,BR_020,16037.19,Approved,None,2026-07-04
APP_007774,CLI_04136,BR_022,37855.32,Denied,Active Default,2026-08-25
APP_007775,CLI_00788,BR_037,27281.82,Denied,Active Default,2026-04-08
APP_007776,CLI_02885,BR_015,10616.25,Denied,Low Score,2026-04-27
APP_007777,CLI_03502,BR_008,35625.2,Approved,None,2026-04-02
APP_007778,CLI_00279,BR_015,3576.98,Approved,None,2026-05-26
APP_007779,CLI_04527,BR_008,29731.64,Denied,Low Score,2026-03-11
APP_007780,CLI_04970,BR_045,42372.18,Denied,Low Score,2026-03-15
APP_007781,CLI_03295,BR_041,43961.66,Denied,Low Score,2026-06-08
APP_007782,CLI_02602,BR_003,18081.15,Approved,None,2026-07-10
APP_007783,CLI_03525,BR_014,25225.6,Denied,Low Score,2026-08-14
APP_007784,CLI_00286,BR_046,14788.8,Approved,None,2026-08-13
APP_007785,CLI_04212,BR_046,43656.38,Approved,None,2026-05-03
APP_007786,CLI_02534,BR_015,37810.97,Approved,None,2026-05-29
APP_007787,CLI_04921,BR_025,19532.91,Approved,None,2026-07-09
APP_007788,CLI_02580,BR_041,33385.77,Approved,None,2026-04-08
APP_007789,CLI_03802,BR_021,38193.62,Approved,None,2026-03-29
APP_007790,CLI_01840,BR_017,37410.0,Denied,High DTI,2026-07-11
APP_007791,CLI_04683,BR_047,2468.47,Denied,Low Score,2026-08-12
APP_007792,CLI_04762,BR_038,25892.88,Denied,Thin File,2026-08-14
APP_007793,CLI_00322,BR_037,39570.58,Approved,None,2026-05-16
APP_007794,CLI_03581,BR_016,34260.89,Denied,Low Score,2026-08-23
APP_007795,CLI_00121,BR_046,18944.86,Approved,None,2026-04-06
APP_007796,CLI_04865,BR_019,6227.19,Approved,None,2026-07-09
APP_007797,CLI_04223,BR_011,47702.49,Approved,None,2026-08-12
APP_007798,CLI_02748,BR_025,17918.14,Approved,None,2026-08-26
APP_007799,CLI_02063,BR_033,13247.03,Approved,None,2026-03-14
APP_007800,CLI_01570,BR_003,37735.35,Denied,Low Score,2026-08-16
APP_007801,CLI_03891,BR_013,46443.82,Denied,High DTI,2026-04-23
APP_007802,CLI_01838,BR_021,39347.01,Denied,Low Score,2026-04-09
APP_007803,CLI_00837,BR_011,14537.18,Denied,Thin File,2026-04-03
APP_007804,CLI_03207,BR_049,29673.17,Denied,Thin File,2026-05-19
APP_007805,CLI_03142,BR_032,48337.98,Approved,None,2026-06-27
APP_007806,CLI_04779,BR_028,13089.75,Approved,None,2026-03-19
APP_007807,CLI_04809,BR_045,18405.65,Approved,None,2026-06-03
APP_007808,CLI_01527,BR_017,1647.51,Approved,None,2026-05-03
APP_007809,CLI_01899,BR_024,49116.11,Approved,None,2026-03-05
APP_007810,CLI_03530,BR_038,22282.25,Denied,Low Score,2026-04-20
APP_007811,CLI_04483,BR_042,38217.06,Approved,None,2026-06-05
APP_007812,CLI_03643,BR_036,22422.23,Denied,Active Default,2026-08-18
APP_007813,CLI_01940,BR_029,1480.38,Denied,Low Score,2026-06-23
APP_007814,CLI_02783,BR_001,29657.49,Denied,Active Default,2026-07-19
APP_007815,CLI_04554,BR_026,19181.87,Approved,None,2026-07-01
APP_007816,CLI_02864,BR_036,28630.42,Approved,None,2026-03-16
APP_007817,CLI_04321,BR_014,48680.34,Approved,None,2026-05-05
APP_007818,CLI_03356,BR_029,41759.22,Denied,Active Default,2026-05-06
APP_007819,CLI_01442,BR_027,11720.95,Approved,None,2026-08-06
APP_007820,CLI_02838,BR_036,44304.52,Denied,Low Score,2026-05-23
APP_007821,CLI_02386,BR_040,42345.44,Denied,Low Score,2026-05-10
APP_007822,CLI_03379,BR_033,13456.61,Denied,Thin File,2026-04-09
APP_007823,CLI_04774,BR_043,40494.67,Approved,None,2026-07-26
APP_007824,CLI_01954,BR_016,44447.96,Denied,Thin File,2026-03-11
APP_007825,CLI_04878,BR_038,46348.66,Denied,Low Score,2026-06-16
APP_007826,CLI_01188,BR_019,12545.05,Approved,None,2026-06-11
APP_007827,CLI_00512,BR_003,32661.4,Denied,Low Score,2026-08-03
APP_007828,CLI_03039,BR_032,24435.37,Denied,Active Default,2026-05-24
APP_007829,CLI_03226,BR_009,7462.88,Approved,None,2026-07-24
APP_007830,CLI_03304,BR_016,25248.47,Approved,None,2026-04-15
APP_007831,CLI_04498,BR_014,17924.49,Denied,Thin File,2026-04-29
APP_007832,CLI_03288,BR_032,25604.76,Denied,Low Score,2026-08-14
APP_007833,CLI_03754,BR_047,4624.19,Approved,None,2026-03-20
APP_007834,CLI_01264,BR_014,37442.46,Denied,Active Default,2026-06-14
APP_007835,CLI_04770,BR_034,44794.35,Denied,Low Score,2026-04-02
APP_007836,CLI_01228,BR_038,48744.12,Approved,None,2026-05-14
APP_007837,CLI_02491,BR_025,29546.86,Denied,Low Score,2026-04-23
APP_007838,CLI_02527,BR_019,36400.56,Approved,None,2026-05-25
APP_007839,CLI_04114,BR_036,43843.52,Denied,Thin File,2026-07-03
APP_007840,CLI_04598,BR_042,29350.26,Denied,Thin File,2026-04-03
APP_007841,CLI_03472,BR_017,29615.68,Approved,None,2026-05-02
APP_007842,CLI_02395,BR_020,34501.98,Denied,Low Score,2026-07-01
APP_007843,CLI_00099,BR_024,28212.02,Denied,Fraud Suspicion,2026-06-05
APP_007844,CLI_00585,BR_045,28270.87,Denied,Fraud Suspicion,2026-08-16
APP_007845,CLI_02415,BR_013,37375.66,Denied,Thin File,2026-06-03
APP_007846,CLI_02578,BR_007,25682.81,Denied,Low Score,2026-07-31
APP_007847,CLI_02938,BR_032,1985.79,Approved,None,2026-08-18
APP_007848,CLI_04785,BR_030,20712.51,Denied,Thin File,2026-04-02
APP_007849,CLI_01786,BR_049,5416.87,Denied,Thin File,2026-08-08
APP_007850,CLI_02378,BR_010,27769.84,Approved,None,2026-05-22
APP_007851,CLI_02790,BR_032,9869.67,Denied,Low Score,2026-03-10
APP_007852,CLI_01671,BR_005,10358.18,Denied,Active Default,2026-03-17
APP_007853,CLI_00100,BR_019,4653.78,Denied,Thin File,2026-04-13
APP_007854,CLI_02328,BR_023,32280.62,Denied,Active Default,2026-03-24
APP_007855,CLI_01070,BR_016,11884.39,Denied,High DTI,2026-06-11
APP_007856,CLI_00427,BR_030,28971.96,Denied,Fraud Suspicion,2026-06-19
APP_007857,CLI_02908,BR_038,34791.23,Approved,None,2026-04-15
APP_007858,CLI_04374,BR_041,1762.06,Denied,Low Score,2026-06-03
APP_007859,CLI_00738,BR_037,15613.39,Approved,None,2026-05-30
APP_007860,CLI_00945,BR_035,6322.7,Denied,Low Score,2026-06-23
APP_007861,CLI_03631,BR_041,39586.2,Approved,None,2026-04-09
APP_007862,CLI_04881,BR_006,25597.12,Denied,High DTI,2026-08-06
APP_007863,CLI_02691,BR_005,29827.79,Approved,None,2026-06-13
APP_007864,CLI_00091,BR_021,12273.81,Denied,High DTI,2026-06-17
APP_007865,CLI_01258,BR_046,49644.55,Approved,None,2026-06-04
APP_007866,CLI_01553,BR_021,49982.83,Denied,High DTI,2026-07-06
APP_007867,CLI_03437,BR_045,20393.49,Approved,None,2026-05-14
APP_007868,CLI_02860,BR_006,24307.65,Denied,Fraud Suspicion,2026-05-06
APP_007869,CLI_04653,BR_002,47811.0,Denied,Low Score,2026-07-31
APP_007870,CLI_03421,BR_008,34544.57,Denied,High DTI,2026-03-20
APP_007871,CLI_00526,BR_022,22386.3,Denied,Thin File,2026-07-28
APP_007872,CLI_03168,BR_041,20770.93,Approved,None,2026-03-26
APP_007873,CLI_03816,BR_019,49284.91,Approved,None,2026-08-06
APP_007874,CLI_03431,BR_047,29422.17,Approved,None,2026-05-15
APP_007875,CLI_03330,BR_034,22751.35,Denied,Low Score,2026-04-06
APP_007876,CLI_01189,BR_031,20408.7,Denied,Low Score,2026-08-13
APP_007877,CLI_01622,BR_013,20509.17,Denied,Thin File,2026-03-19
APP_007878,CLI_00810,BR_014,21973.55,Denied,Thin File,2026-05-10
APP_007879,CLI_03892,BR_033,49476.54,Approved,None,2026-08-15
APP_007880,CLI_02842,BR_030,1125.48,Denied,Thin File,2026-03-06
APP_007881,CLI_02098,BR_002,33700.16,Denied,Thin File,2026-06-19
APP_007882,CLI_02987,BR_010,43967.48,Denied,Low Score,2026-06-04
APP_007883,CLI_02449,BR_007,44084.42,Denied,Thin File,2026-04-03
APP_007884,CLI_00932,BR_044,21377.9,Denied,Low Score,2026-07-10
APP_007885,CLI_00770,BR_011,35637.0,Denied,Thin File,2026-08-28
APP_007886,CLI_02196,BR_045,48696.91,Approved,None,2026-05-25
APP_007887,CLI_01411,BR_002,15427.01,Approved,None,2026-07-02
APP_007888,CLI_02826,BR_012,11196.78,Approved,None,2026-04-07
APP_007889,CLI_02745,BR_021,32184.84,Denied,High DTI,2026-06-11
APP_007890,CLI_00659,BR_020,12332.67,Denied,High DTI,2026-03-31
APP_007891,CLI_03785,BR_042,8378.41,Denied,Thin File,2026-03-07
APP_007892,CLI_01055,BR_047,30270.51,Approved,None,2026-04-26
APP_007893,CLI_04555,BR_041,35086.15,Denied,Active Default,2026-03-25
APP_007894,CLI_03909,BR_041,27140.92,Denied,Low Score,2026-05-09
APP_007895,CLI_04397,BR_040,27217.56,Approved,None,2026-04-19
APP_007896,CLI_03380,BR_032,38089.1,Denied,Active Default,2026-07-13
APP_007897,CLI_04093,BR_050,29100.11,Approved,None,2026-04-20
APP_007898,CLI_00213,BR_039,27377.32,Denied,High DTI,2026-03-25
APP_007899,CLI_01215,BR_023,21817.97,Denied,Low Score,2026-08-21
APP_007900,CLI_03868,BR_010,30358.21,Denied,Low Score,2026-04-09
APP_007901,CLI_02441,BR_014,38704.52,Denied,Active Default,2026-06-24
APP_007902,CLI_04203,BR_003,35296.86,Approved,None,2026-04-14
APP_007903,CLI_02198,BR_031,22899.73,Denied,Thin File,2026-04-10
APP_007904,CLI_02511,BR_023,13710.93,Denied,High DTI,2026-06-09
APP_007905,CLI_01241,BR_045,45150.38,Approved,None,2026-03-24
APP_007906,CLI_00899,BR_007,7828.59,Approved,None,2026-03-26
APP_007907,CLI_02482,BR_029,49934.59,Denied,Low Score,2026-08-11
APP_007908,CLI_01089,BR_026,19795.84,Denied,Thin File,2026-05-14
APP_007909,CLI_00113,BR_045,15713.34,Denied,Thin File,2026-04-22
APP_007910,CLI_02358,BR_023,22234.21,Approved,None,2026-03-13
APP_007911,CLI_04094,BR_022,49724.62,Denied,Fraud Suspicion,2026-03-19
APP_007912,CLI_04663,BR_036,1239.74,Approved,None,2026-07-19
APP_007913,CLI_00816,BR_043,45605.7,Approved,None,2026-07-04
APP_007914,CLI_03656,BR_027,37091.01,Denied,High DTI,2026-03-22
APP_007915,CLI_02760,BR_049,33201.08,Denied,Active Default,2026-07-13
APP_007916,CLI_04042,BR_039,36162.88,Denied,Active Default,2026-08-19
APP_007917,CLI_00554,BR_003,12434.14,Denied,High DTI,2026-07-25
APP_007918,CLI_03390,BR_028,4889.85,Denied,Low Score,2026-08-08
APP_007919,CLI_02834,BR_033,7379.2,Approved,None,2026-03-17
APP_007920,CLI_02422,BR_048,6118.31,Denied,Fraud Suspicion,2026-03-06
APP_007921,CLI_04714,BR_014,41915.56,Approved,None,2026-03-06
APP_007922,CLI_04806,BR_049,9493.33,Denied,Active Default,2026-07-15
APP_007923,CLI_04813,BR_045,42842.83,Denied,Low Score,2026-05-27
APP_007924,CLI_04897,BR_039,12261.28,Approved,None,2026-07-09
APP_007925,CLI_01702,BR_047,5963.5,Denied,Fraud Suspicion,2026-05-23
APP_007926,CLI_04411,BR_023,35605.79,Approved,None,2026-07-12
APP_007927,CLI_01316,BR_013,7045.15,Denied,Active Default,2026-04-26
APP_007928,CLI_02868,BR_012,25186.67,Denied,Active Default,2026-04-05
APP_007929,CLI_02268,BR_031,39239.9,Denied,Low Score,2026-04-22
APP_007930,CLI_02683,BR_044,7117.74,Denied,Low Score,2026-06-03
APP_007931,CLI_01928,BR_048,13578.44,Denied,Fraud Suspicion,2026-03-21
APP_007932,CLI_02761,BR_017,10487.5,Denied,Thin File,2026-08-08
APP_007933,CLI_03946,BR_031,22223.07,Denied,Thin File,2026-07-02
APP_007934,CLI_01568,BR_006,29586.7,Denied,Low Score,2026-06-20
APP_007935,CLI_01438,BR_012,1124.57,Approved,None,2026-03-26
APP_007936,CLI_00067,BR_044,15015.33,Approved,None,2026-05-09
APP_007937,CLI_00260,BR_002,9583.56,Denied,Low Score,2026-05-29
APP_007938,CLI_01443,BR_017,20653.3,Denied,Low Score,2026-03-06
APP_007939,CLI_04228,BR_043,40818.6,Denied,Low Score,2026-06-03
APP_007940,CLI_02483,BR_042,15168.04,Approved,None,2026-07-15
APP_007941,CLI_01256,BR_041,37038.32,Denied,Low Score,2026-08-24
APP_007942,CLI_01976,BR_047,36976.46,Denied,Active Default,2026-05-13
APP_007943,CLI_01088,BR_036,23813.2,Denied,Thin File,2026-06-04
APP_007944,CLI_01516,BR_018,21374.82,Denied,Fraud Suspicion,2026-03-21
APP_007945,CLI_00221,BR_006,26665.89,Denied,Fraud Suspicion,2026-05-10
APP_007946,CLI_04269,BR_048,31795.13,Approved,None,2026-04-30
APP_007947,CLI_02697,BR_031,48642.29,Denied,Thin File,2026-05-03
APP_007948,CLI_02109,BR_050,29382.84,Approved,None,2026-04-28
APP_007949,CLI_00589,BR_029,27194.35,Denied,Low Score,2026-03-29
APP_007950,CLI_02657,BR_040,37846.01,Approved,None,2026-08-20
APP_007951,CLI_01135,BR_005,30615.0,Approved,None,2026-05-03
APP_007952,CLI_03136,BR_023,23744.61,Denied,High DTI,2026-06-28
APP_007953,CLI_00169,BR_027,16211.19,Approved,None,2026-06-18
APP_007954,CLI_03746,BR_032,11297.84,Denied,Thin File,2026-03-23
APP_007955,CLI_04411,BR_046,10440.2,Denied,Thin File,2026-07-23
APP_007956,CLI_01185,BR_015,20547.32,Approved,None,2026-04-23
APP_007957,CLI_04161,BR_033,26644.71,Approved,None,2026-03-05
APP_007958,CLI_04045,BR_026,49707.27,Denied,Fraud Suspicion,2026-05-21
APP_007959,CLI_02385,BR_032,47022.15,Denied,High DTI,2026-03-09
APP_007960,CLI_04704,BR_013,38787.4,Denied,High DTI,2026-03-08
APP_007961,CLI_02346,BR_044,32767.52,Denied,High DTI,2026-04-03
APP_007962,CLI_03243,BR_036,12362.81,Denied,Low Score,2026-06-17
APP_007963,CLI_02346,BR_046,21840.36,Approved,None,2026-07-30
APP_007964,CLI_04062,BR_039,27525.19,Denied,Low Score,2026-03-26
APP_007965,CLI_02321,BR_005,27730.06,Denied,High DTI,2026-08-22
APP_007966,CLI_04774,BR_020,21403.64,Approved,None,2026-03-16
APP_007967,CLI_04916,BR_014,42316.42,Denied,Thin File,2026-06-19
APP_007968,CLI_03746,BR_029,22026.31,Approved,None,2026-04-13
APP_007969,CLI_02531,BR_014,23085.75,Approved,None,2026-06-25
APP_007970,CLI_04113,BR_029,49154.29,Denied,Low Score,2026-04-14
APP_007971,CLI_04194,BR_009,42681.03,Denied,Thin File,2026-03-10
APP_007972,CLI_04534,BR_016,14751.24,Approved,None,2026-04-01
APP_007973,CLI_02422,BR_020,5084.45,Denied,Thin File,2026-03-24
APP_007974,CLI_03368,BR_008,13151.88,Denied,Low Score,2026-03-14
APP_007975,CLI_00812,BR_030,40058.06,Approved,None,2026-08-20
APP_007976,CLI_01933,BR_049,15108.94,Denied,High DTI,2026-05-23
APP_007977,CLI_03602,BR_025,13627.33,Denied,High DTI,2026-05-06
APP_007978,CLI_02322,BR_001,41043.13,Denied,Low Score,2026-06-05
APP_007979,CLI_00922,BR_049,14750.36,Approved,None,2026-07-25
APP_007980,CLI_03129,BR_044,43512.65,Denied,Active Default,2026-08-09
APP_007981,CLI_00437,BR_044,1242.34,Denied,Low Score,2026-08-11
APP_007982,CLI_00468,BR_013,47075.87,Denied,High DTI,2026-06-17
APP_007983,CLI_03935,BR_027,14959.94,Approved,None,2026-05-30
APP_007984,CLI_01910,BR_015,22443.84,Approved,None,2026-06-23
APP_007985,CLI_01805,BR_038,43020.78,Approved,None,2026-04-05
APP_007986,CLI_01795,BR_021,32987.34,Denied,Thin File,2026-08-20
APP_007987,CLI_00886,BR_005,4867.87,Approved,None,2026-06-02
APP_007988,CLI_02545,BR_005,19928.49,Denied,High DTI,2026-04-20
APP_007989,CLI_00084,BR_048,47495.32,Approved,None,2026-07-16
APP_007990,CLI_01787,BR_033,16105.46,Approved,None,2026-07-24
APP_007991,CLI_02231,BR_044,22001.55,Approved,None,2026-06-16
APP_007992,CLI_00357,BR_005,31250.28,Denied,Low Score,2026-04-23
APP_007993,CLI_02312,BR_003,16942.43,Denied,Thin File,2026-03-12
APP_007994,CLI_04105,BR_016,1828.24,Denied,Low Score,2026-03-07
APP_007995,CLI_02530,BR_024,32355.83,Approved,None,2026-08-27
APP_007996,CLI_04812,BR_039,30934.36,Approved,None,2026-05-04
APP_007997,CLI_04055,BR_037,10453.47,Approved,None,2026-05-20
APP_007998,CLI_04773,BR_009,20684.64,Denied,Low Score,2026-03-20
APP_007999,CLI_00231,BR_048,22747.41,Denied,Low Score,2026-08-29
APP_008000,CLI_01373,BR_014,39330.38,Denied,High DTI,2026-05-15
